query,cik,company_name,form_type,file_date,accession_no,adsh,file_name
"""AI partnership""",0001830214,"Ginkgo Bioworks Holdings, Inc.  (DNA, DNA-WT)  (CIK 0001830214)",8-K,2023-11-08,0001628280-23-037916:ex-991q32023earnings.htm,0001628280-23-037916,
"""AI partnership""",0001830214,"Ginkgo Bioworks Holdings, Inc.  (DNA, DNA-WT)  (CIK 0001830214)",8-K,2023-08-29,0000950170-23-044892:dna-ex99_1.htm,0000950170-23-044892,
"""AI partnership""",0001830214,"Ginkgo Bioworks Holdings, Inc.  (DNA, DNA-WT)  (CIK 0001830214)",8-K,2023-08-29,0000950170-23-044892:dna-20230829.htm,0000950170-23-044892,
"""AI partnership""",0001570585,"Liberty Global Ltd.  (LBTYA, LBTYB, LBTYK)  (CIK 0001570585)",8-K,2026-02-03,0001570585-26-000004:ex991lgandgooglecloudannou.htm,0001570585-26-000004,
"""AI partnership""",0001824502,"Archer Aviation Inc.  (ACHR, ACHR-WT)  (CIK 0001824502)",8-K,2025-05-12,0001628280-25-024657:archershareholderletter-.htm,0001628280-25-024657,
"""AI partnership""",0001824502,"Archer Aviation Inc.  (ACHR, ACHR-WT)  (CIK 0001824502)",8-K,2025-05-12,0001628280-25-024657:archerq125earningspressr.htm,0001628280-25-024657,
"""AI partnership""",0001388658,"iRhythm Technologies, Inc.  (IRTC)  (CIK 0001388658)",8-K,2025-07-31,0001388658-25-000194:irtcq22025ex991pressrelease.htm,0001388658-25-000194,
"""AI partnership""",0001837254,Functional Brands Inc.  (MEHA)  (CIK 0001837254),8-K,2026-05-18,0001213900-26-058120:ea029125801ex99-1.htm,0001213900-26-058120,
"""AI partnership""",0001388658,"iRhythm Technologies, Inc.  (IRTC)  (CIK 0001388658)",8-K,2025-11-12,0001388658-25-000219:irtc2025off-seasonproxyo.htm,0001388658-25-000219,
"""AI partnership""",0001885998,"Roth CH Acquisition V Co.  (ROCL, ROCLU, ROCLW)  (CIK 0001885998)",8-K,2024-11-12,0001104659-24-116487:tm2428033d1_ex99-2.htm,0001104659-24-116487,
"""AI partnership""",0001853044,"Aeries Technology, Inc.  (AERT, AERTW)  (CIK 0001853044)",8-K,2025-11-10,0001829126-25-008939:aeriestech_ex99-1.htm,0001829126-25-008939,
"""AI partnership""",0001804176,"Butterfly Network, Inc.  (BFLY, BFLY-WT)  (CIK 0001804176)",8-K,2025-02-28,0001628280-25-008868:bfly-20250228xexx991.htm,0001628280-25-008868,
"""AI partnership""",0000029989,OMNICOM GROUP INC.  (OMC)  (CIK 0000029989),8-K,2023-04-18,0000029989-23-000010:a2023q1investorpresentat.htm,0000029989-23-000010,
"""AI partnership""",0000064463,"Soluna Holdings, Inc  (SLNH, SLNHP)  (CIK 0000064463)",8-K,2026-05-18,0001493152-26-024060:ex99-1.htm,0001493152-26-024060,
"""AI partnership""",0001462056,"Backblaze, Inc.  (BLZE)  (CIK 0001462056)",8-K,2025-05-07,0001628280-25-023132:ex991blze20250331earningsp.htm,0001628280-25-023132,
"""AI partnership""",0001734722,"UiPath, Inc.  (PATH)  (CIK 0001734722)",8-K,2025-05-29,0001734722-25-000026:path-20250430xex991.htm,0001734722-25-000026,
"""AI partnership""",0001657573,"Xometry, Inc.  (XMTR)  (CIK 0001657573)",8-K,2023-11-09,0000950170-23-061534:xmtr-ex99_1.htm,0000950170-23-061534,
"""AI partnership""",0001373715,"ServiceNow, Inc.  (NOW)  (CIK 0001373715)",8-K,2023-07-26,0001373715-23-000323:erq2fy23.htm,0001373715-23-000323,
"""AI partnership""",0001372612,"BOX INC  (BOX, BXNCP)  (CIK 0001372612)",8-K,2024-12-03,0000950170-24-132766:box-ex99_1.htm,0000950170-24-132766,
"""AI partnership""",0001764046,CLARIVATE Plc  (CLVT)  (CIK 0001764046),8-K,2023-08-03,0001764046-23-000086:ex992q22023supplementald.htm,0001764046-23-000086,
"""AI partnership""",0000753308,"NEXTERA ENERGY INC  (NEE, NEE-PN, NEE-PS, NEE-PT, NEE-PU, NEE-PV, NEE-PW)  (CIK 0000753308)",8-K,2026-05-18,0001104659-26-063001:tm2614888d1_ex99-2.htm,0001104659-26-063001,
"""AI partnership""",0000715957,"DOMINION ENERGY, INC  (D)  (CIK 0000715957)",8-K,2026-05-18,0001193125-26-227930:d158175dex992.htm,0001193125-26-227930,
"""generative AI""",0001843714,"Andretti Acquisition Corp.  (ZPTA, ZPTAW)  (CIK 0001843714)",8-K,2023-09-06,0001193125-23-229092:d539142dex993.htm,0001193125-23-229092,
"""generative AI""",0001843714,"Andretti Acquisition Corp.  (ZPTA, ZPTAW)  (CIK 0001843714)",8-K,2023-09-06,0001193125-23-229092:d539142dex992.htm,0001193125-23-229092,
"""generative AI""",0001907982,"D-Wave Quantum Inc.  (QBTS, QBTS-WT)  (CIK 0001907982)",8-K,2024-07-08,0001907982-24-000081:exh_9911.htm,0001907982-24-000081,
"""generative AI""",0001577526,"C3.ai, Inc.  (AI)  (CIK 0001577526)",8-K,2023-12-06,0001628280-23-040913:ex991-fy24xq2earnings.htm,0001628280-23-040913,
"""generative AI""",0001907982,"D-Wave Quantum Inc.  (QBTS, QBTS-WT)  (CIK 0001907982)",8-K,2024-02-08,0001907982-24-000015:d-wavezapataaixpressrele.htm,0001907982-24-000015,
"""generative AI""",0001805521,"FARADAY FUTURE INTELLIGENT ELECTRIC INC.  (FFIE, FFIEW)  (CIK 0001805521)",8-K,2023-05-02,0001213900-23-035687:ea177898ex99-1_faraday.htm,0001213900-23-035687,
"""generative AI""",0000903651,INNODATA INC  (INOD)  (CIK 0000903651),8-K,2023-11-02,0001104659-23-113873:tm2329020d1_ex99-1.htm,0001104659-23-113873,
"""generative AI""",0001577526,"C3.ai, Inc.  (AI)  (CIK 0001577526)",8-K,2023-09-06,0001628280-23-031546:ex991-fy24xq1earnings.htm,0001628280-23-031546,
"""generative AI""",0001413447,NXP Semiconductors N.V.  (NXPI)  (CIK 0001413447),8-K,2025-02-10,0001413447-25-000015:projectkaratepressrelease.htm,0001413447-25-000015,
"""generative AI""",0001577526,"C3.ai, Inc.  (AI)  (CIK 0001577526)",8-K,2024-02-28,0001628280-24-007584:ex991-fy24xq3earnings.htm,0001628280-24-007584,
"""generative AI""",0001843714,"Andretti Acquisition Corp.  (ZPTA, ZPTAW)  (CIK 0001843714)",8-K,2023-09-06,0001193125-23-229092:d539142dex991.htm,0001193125-23-229092,
"""generative AI""",0001843714,"Zapata Computing Holdings Inc.  (ZPTA, ZPTAW)  (CIK 0001843714)",8-K,2024-05-13,0001193125-24-137298:d810168dex991.htm,0001193125-24-137298,
"""generative AI""",0001045810,NVIDIA CORP  (NVDA)  (CIK 0001045810),8-K,2024-05-22,0001045810-24-000113:q1fy25pr.htm,0001045810-24-000113,
"""generative AI""",0001045810,NVIDIA CORP  (NVDA)  (CIK 0001045810),8-K,2023-08-23,0001045810-23-000171:q2fy24pr.htm,0001045810-23-000171,
"""generative AI""",0001577526,"C3.ai, Inc.  (AI)  (CIK 0001577526)",8-K,2024-12-09,0001628280-24-050446:ex991-fy25xq2earnings.htm,0001628280-24-050446,
"""generative AI""",0001672688,Absci Corp  (ABSI)  (CIK 0001672688),8-K,2023-03-30,0001628280-23-009897:exhibit991-2022q410xkpr.htm,0001628280-23-009897,
"""generative AI""",0001672688,Absci Corp  (ABSI)  (CIK 0001672688),8-K,2023-05-15,0001628280-23-018159:exhibit991-2023q110xqpr.htm,0001628280-23-018159,
"""generative AI""",0001843714,"Zapata Computing Holdings Inc.  (ZPTA, ZPTAW)  (CIK 0001843714)",8-K,2024-05-15,0001193125-24-138880:d839718dex991.htm,0001193125-24-138880,
"""generative AI""",0001577526,"C3.ai, Inc.  (AI)  (CIK 0001577526)",8-K,2025-09-03,0001577526-25-000021:ex991-fy26xq1earnings.htm,0001577526-25-000021,
"""generative AI""",0001577526,"C3.ai, Inc.  (AI)  (CIK 0001577526)",8-K,2025-05-28,0001628280-25-028158:ex991-fy25xq4earnings.htm,0001628280-25-028158,
"""generative AI""",0001577526,"C3.ai, Inc.  (AI)  (CIK 0001577526)",8-K,2025-02-26,0001628280-25-008139:ex991-fy25xq3earnings.htm,0001628280-25-008139,
"""generative AI""",0001577526,"C3.ai, Inc.  (AI)  (CIK 0001577526)",8-K,2024-09-04,0001628280-24-039310:ex991-fy25xq1earnings.htm,0001628280-24-039310,
"""generative AI""",0001173489,CEVA INC  (CEVA)  (CIK 0001173489),8-K,2023-08-09,0001437749-23-022624:ex_556522.htm,0001437749-23-022624,
"""generative AI""",0001018724,AMAZON COM INC  (AMZN)  (CIK 0001018724),8-K,2023-10-26,0001018724-23-000016:amzn-20230930xex991.htm,0001018724-23-000016,
"""generative AI""",0000051143,INTERNATIONAL BUSINESS MACHINES CORP  (IBM)  (CIK 0000051143),8-K,2023-10-26,0000051143-23-000028:ibm-3q23xearningsxprepar.htm,0000051143-23-000028,
"""generative AI""",0001873722,Bubblr Inc.  (BBLR)  (CIK 0001873722),8-K,2025-05-05,0001641172-25-008631:ex99-1.htm,0001641172-25-008631,
"""generative AI""",0001973047,MARKY CORP.  (MRKY)  (CIK 0001973047),8-K,2025-05-30,0001973047-25-000011:ex99_1.htm,0001973047-25-000011,
"""generative AI""",0001689923,"Alteryx, Inc.  (CIK 0001689923)",8-K,2023-08-07,0001689923-23-000053:ayxex99206302023.htm,0001689923-23-000053,
"""generative AI""",0000903651,INNODATA INC  (INOD)  (CIK 0000903651),8-K,2023-08-10,0001104659-23-089860:tm2322427d1_ex99-1.htm,0001104659-23-089860,
"""generative AI""",0000071691,NEW YORK TIMES CO  (NYT)  (CIK 0000071691),8-K,2026-05-06,0000071691-26-000023:pressrelease3312026.htm,0000071691-26-000023,
"""generative AI""",0001667313,"Zedge, Inc.  (ZDGE)  (CIK 0001667313)",8-K,2023-10-26,0001013762-23-006950:ea187339ex99-1_zedgeinc.htm,0001013762-23-006950,
"""generative AI""",0000071691,NEW YORK TIMES CO  (NYT)  (CIK 0000071691),8-K,2026-02-04,0000071691-26-000008:pressrelease12312025.htm,0000071691-26-000008,
"""generative AI""",0001473490,"Global AI, Inc.  (GLAI)  (CIK 0001473490)",8-K,2024-12-30,0001493152-24-052406:ex99-1.htm,0001493152-24-052406,
"""generative AI""",0000051143,INTERNATIONAL BUSINESS MACHINES CORP  (IBM)  (CIK 0000051143),8-K,2024-07-25,0000051143-24-000035:a2q24-ex991.htm,0000051143-24-000035,
"""generative AI""",0001577526,"C3.ai, Inc.  (AI)  (CIK 0001577526)",8-K,2023-05-31,0001628280-23-020351:ex991-fy23xq4earnings.htm,0001628280-23-020351,
"""generative AI""",0001665300,"Phunware, Inc.  (PHUN)  (CIK 0001665300)",8-K,2024-10-16,0000950170-24-114883:phun-ex99_1.htm,0000950170-24-114883,
"""generative AI""",0001577526,"C3.ai, Inc.  (AI)  (CIK 0001577526)",8-K,2024-05-29,0001628280-24-025609:ex991-fy24xq4earnings.htm,0001628280-24-025609,
"""generative AI""",0001672688,Absci Corp  (ABSI)  (CIK 0001672688),8-K,2023-12-04,0001628280-23-040546:exhibit991-8xkx23x11x29.htm,0001628280-23-040546,
"""generative AI""",0001045810,NVIDIA CORP  (NVDA)  (CIK 0001045810),8-K,2023-05-24,0001045810-23-000087:q1fy24pr.htm,0001045810-23-000087,
"""generative AI""",0000071691,NEW YORK TIMES CO  (NYT)  (CIK 0000071691),8-K,2025-05-07,0000071691-25-000098:pressrelease03312025.htm,0000071691-25-000098,
"""generative AI""",0001018724,AMAZON COM INC  (AMZN)  (CIK 0001018724),8-K,2024-04-30,0001018724-24-000081:amzn-20240331xex991.htm,0001018724-24-000081,
"""generative AI""",0001045810,NVIDIA CORP  (NVDA)  (CIK 0001045810),8-K,2024-08-28,0001045810-24-000262:q2fy25pr.htm,0001045810-24-000262,
"""generative AI""",0000071691,NEW YORK TIMES CO  (NYT)  (CIK 0000071691),8-K,2025-11-05,0000071691-25-000124:pressrelease09302025.htm,0000071691-25-000124,
"""generative AI""",0001549346,"Shutterstock, Inc.  (SSTK)  (CIK 0001549346)",8-K,2023-02-28,0001549346-23-000013:investorday2023final.htm,0001549346-23-000013,
"""generative AI""",0001840856,"SOUNDHOUND AI, INC.  (SOUN, SOUNW)  (CIK 0001840856)",8-K,2023-08-08,0001840856-23-000042:soun-20230808ex991.htm,0001840856-23-000042,
"""generative AI""",0001843714,"Andretti Acquisition Corp.  (ZPTA, ZPTAW)  (CIK 0001843714)",8-K,2024-03-18,0000950142-24-000730:eh240458671_ex9901.htm,0000950142-24-000730,
"""generative AI""",0000903651,INNODATA INC  (INOD)  (CIK 0000903651),8-K,2024-05-07,0001104659-24-058055:tm2412945d1_ex99-1.htm,0001104659-24-058055,
"""generative AI""",0000071691,NEW YORK TIMES CO  (NYT)  (CIK 0000071691),8-K,2024-08-07,0000071691-24-000130:pressrelease06302024.htm,0000071691-24-000130,
"""generative AI""",0001898496,"Getty Images Holdings, Inc.  (GETY)  (CIK 0001898496)",8-K,2024-05-28,0001104659-24-065365:tm2415646d1_ex99-1.htm,0001104659-24-065365,
"""generative AI""",0000903651,INNODATA INC  (INOD)  (CIK 0000903651),8-K,2024-02-22,0001104659-24-026596:tm245623d1_ex99-1.htm,0001104659-24-026596,
"""generative AI""",0001045810,NVIDIA CORP  (NVDA)  (CIK 0001045810),8-K,2024-02-21,0001045810-24-000028:q4fy24pr.htm,0001045810-24-000028,
"""generative AI""",0001018724,AMAZON COM INC  (AMZN)  (CIK 0001018724),8-K,2023-08-03,0001018724-23-000010:amzn-20230630xex991.htm,0001018724-23-000010,
"""generative AI""",0001689923,"Alteryx, Inc.  (CIK 0001689923)",8-K,2023-11-06,0001689923-23-000076:ayxex99209302023.htm,0001689923-23-000076,
"""generative AI""",0001018724,AMAZON COM INC  (AMZN)  (CIK 0001018724),8-K,2024-02-01,0001018724-24-000006:amzn-20231231xex991.htm,0001018724-24-000006,
"""generative AI""",0001373715,"ServiceNow, Inc.  (NOW)  (CIK 0001373715)",8-K,2023-10-25,0001373715-23-000417:erq3fy23.htm,0001373715-23-000417,
"""generative AI""",0001672688,Absci Corp  (ABSI)  (CIK 0001672688),8-K,2024-08-14,0001628280-24-037183:generalcorporatepresenta.htm,0001628280-24-037183,
"""generative AI""",0000051143,INTERNATIONAL BUSINESS MACHINES CORP  (IBM)  (CIK 0000051143),8-K,2024-10-24,0000051143-24-000045:ex-991.htm,0000051143-24-000045,
"""generative AI""",0001045810,NVIDIA CORP  (NVDA)  (CIK 0001045810),8-K,2023-02-22,0001045810-23-000014:q4fy23pr.htm,0001045810-23-000014,
"""generative AI""",0001859199,reAlpha Tech Corp.  (AIRE)  (CIK 0001859199),8-K,2024-08-20,0001213900-24-070890:ea021184801ex99-1_realph.htm,0001213900-24-070890,
"""generative AI""",0000903651,INNODATA INC  (INOD)  (CIK 0000903651),8-K,2024-11-07,0001104659-24-115337:tm2426973d1_ex99-1.htm,0001104659-24-115337,
"""generative AI""",0000790526,"RadNet, Inc.  (RDNT)  (CIK 0000790526)",8-K,2025-03-05,0001683168-25-001349:radnet_ex9901.htm,0001683168-25-001349,
"""generative AI""",0000713425,AMERICAN SOFTWARE INC  (AMSWA)  (CIK 0000713425),8-K,2023-09-07,0001157523-23-001401:a53550258_ex991.htm,0001157523-23-001401,
"""generative AI""",0000903651,INNODATA INC  (INOD)  (CIK 0000903651),8-K,2025-11-07,0001104659-25-108168:tm2530546d1_ex99-1.htm,0001104659-25-108168,
"""generative AI""",0001864531,"VSEE HEALTH, INC.  (VSEE, VSEEW)  (CIK 0001864531)",8-K,2024-10-11,0001104659-24-108087:tm2426034d1_ex99-2.htm,0001104659-24-108087,
"""generative AI""",0001672688,Absci Corp  (ABSI)  (CIK 0001672688),8-K,2024-11-12,0001628280-24-046856:generalcorporatepresenta.htm,0001628280-24-046856,
"""generative AI""",0000071691,NEW YORK TIMES CO  (NYT)  (CIK 0000071691),8-K,2025-08-06,0000071691-25-000117:pressrelease06302025.htm,0000071691-25-000117,
"""generative AI""",0000051143,INTERNATIONAL BUSINESS MACHINES CORP  (IBM)  (CIK 0000051143),8-K,2024-01-25,0000051143-24-000007:ex991.htm,0000051143-24-000007,
"""generative AI""",0000071691,NEW YORK TIMES CO  (NYT)  (CIK 0000071691),8-K,2025-02-05,0000071691-25-000021:pressrelease12312024.htm,0000071691-25-000021,
"""generative AI""",0001364954,"CHEGG, INC  (CHGG)  (CIK 0001364954)",8-K,2024-11-12,0001364954-24-000084:a9901-financialresultsq320.htm,0001364954-24-000084,
"""generative AI""",0000790526,"RadNet, Inc.  (RDNT)  (CIK 0000790526)",8-K,2024-05-13,0001683168-24-003246:radnet_ex9901.htm,0001683168-24-003246,
"""generative AI""",0001907982,"D-Wave Quantum Inc.  (QBTS, QBTS-WT)  (CIK 0001907982)",8-K,2024-07-29,0001907982-24-000088:exh991.htm,0001907982-24-000088,
"""generative AI""",0001498148,Artificial Intelligence Technology Solutions Inc.  (AITX)  (CIK 0001498148),8-K,2025-12-03,0001062993-25-017149:exhibit99-1.htm,0001062993-25-017149,
"""generative AI""",0001549346,"Shutterstock, Inc.  (SSTK)  (CIK 0001549346)",8-K,2024-02-21,0001549346-24-000004:shutterstock2027_long-ra.htm,0001549346-24-000004,
"""generative AI""",0001840856,"SOUNDHOUND AI, INC.  (SOUN, SOUNW)  (CIK 0001840856)",8-K,2024-02-29,0001213900-24-018500:ea0200947ex99-1_sound.htm,0001213900-24-018500,
"""generative AI""",0001601830,"RECURSION PHARMACEUTICALS, INC.  (RXRX)  (CIK 0001601830)",8-K,2023-07-12,0001601830-23-000050:ex991-rxrxxnvidiapr.htm,0001601830-23-000050,
"""generative AI""",0001058290,COGNIZANT TECHNOLOGY SOLUTIONS CORP  (CTSH)  (CIK 0001058290),8-K,2024-02-06,0001058290-24-000013:exhibit99112312023.htm,0001058290-24-000013,
"""generative AI""",0001651562,"Coursera, Inc.  (COUR)  (CIK 0001651562)",8-K,2024-07-25,0001651562-24-000046:cour-20240630xexx991.htm,0001651562-24-000046,
"""generative AI""",0000064463,"Soluna Holdings, Inc  (SLNH, SLNHP)  (CIK 0000064463)",8-K,2024-06-24,0001493152-24-024848:ex99-1.htm,0001493152-24-024848,
"""generative AI""",0000071691,NEW YORK TIMES CO  (NYT)  (CIK 0000071691),8-K,2024-11-04,0000071691-24-000158:pressrelease09302024.htm,0000071691-24-000158,
"""generative AI""",0001045810,NVIDIA CORP  (NVDA)  (CIK 0001045810),8-K,2023-11-21,0001045810-23-000225:q3fy24pr.htm,0001045810-23-000225,
"""generative AI""",0000071691,NEW YORK TIMES CO  (NYT)  (CIK 0000071691),8-K,2024-05-08,0000071691-24-000103:pressrelease03312024.htm,0000071691-24-000103,
"""generative AI""",0001819404,Nerdy Inc.  (NRDY)  (CIK 0001819404),8-K,2023-05-09,0001193125-23-139405:d469463dex991.htm,0001193125-23-139405,
"""generative AI""",0001805526,Janover Inc.  (JNVR)  (CIK 0001805526),8-K,2024-01-11,0001213900-24-002825:ea191508ex99-1_janover.htm,0001213900-24-002825,
"""generative AI""",0001840856,"SOUNDHOUND AI, INC.  (SOUN, SOUNW)  (CIK 0001840856)",8-K,2023-11-09,0001840856-23-000054:soun-20231109ex9911.htm,0001840856-23-000054,
"""generative AI""",0001768267,Cerence Inc.  (CRNC)  (CIK 0001768267),8-K,2024-07-02,0001193125-24-174406:d860175dex991.htm,0001193125-24-174406,
"""generative AI""",0001805521,"FARADAY FUTURE INTELLIGENT ELECTRIC INC.  (FFIE, FFIEW)  (CIK 0001805521)",8-K,2023-05-24,0001213900-23-042515:ea179171ex99-1_faraday.htm,0001213900-23-042515,
"""generative AI""",0001859199,reAlpha Tech Corp.  (AIRE)  (CIK 0001859199),8-K,2024-08-15,0001213900-24-069319:ea021150801ex99-1_realpha.htm,0001213900-24-069319,
"""generative AI""",0000903651,INNODATA INC  (INOD)  (CIK 0000903651),8-K,2024-08-08,0001104659-24-087302:tm2420199d1_ex99-1.htm,0001104659-24-087302,
"""generative AI""",0001672688,Absci Corp  (ABSI)  (CIK 0001672688),8-K,2023-11-14,0001628280-23-038977:exhibit992-2023x11x13almir.htm,0001628280-23-038977,
"""generative AI""",0000051143,INTERNATIONAL BUSINESS MACHINES CORP  (IBM)  (CIK 0000051143),8-K,2025-01-30,0000051143-25-000007:ibm_ex99x1.htm,0000051143-25-000007,
"""generative AI""",0000790526,"RadNet, Inc.  (RDNT)  (CIK 0000790526)",8-K,2024-08-09,0001683168-24-005428:radnet_ex9901.htm,0001683168-24-005428,
"""generative AI""",0000790526,"RadNet, Inc.  (RDNT)  (CIK 0000790526)",8-K,2024-03-05,0001683168-24-001310:radnet_ex9901.htm,0001683168-24-001310,
"""generative AI""",0001805521,"FARADAY FUTURE INTELLIGENT ELECTRIC INC.  (FFIE, FFIEW)  (CIK 0001805521)",8-K,2023-05-12,0001213900-23-038689:ea178438ex99-3_faraday.htm,0001213900-23-038689,
"""generative AI""",0001577526,"C3.ai, Inc.  (AI)  (CIK 0001577526)",8-K,2023-05-15,0001628280-23-017993:may15announcement.htm,0001628280-23-017993,
"""generative AI""",0001083301,TERAWULF INC.  (WULF)  (CIK 0001083301),8-K,2024-01-03,0001083301-24-000007:wulfdec23opsreport01-03x.htm,0001083301-24-000007,
"""generative AI""",0001735438,MeiraGTx Holdings plc  (MGTX)  (CIK 0001735438),8-K,2025-03-13,0001558370-25-002859:mgtx-20250309xex99d1.htm,0001558370-25-002859,
"""generative AI""",0001843714,"Andretti Acquisition Corp.  (ZPTA, ZPTAW)  (CIK 0001843714)",8-K,2023-07-06,0000950142-23-001944:eh230377044_ex9901.htm,0000950142-23-001944,
"""generative AI""",0001582961,"DigitalOcean Holdings, Inc.  (DOCN)  (CIK 0001582961)",8-K,2024-06-17,0001582961-24-000095:exhibit991-cptoannouncement.htm,0001582961-24-000095,
"""generative AI""",0001805521,"FARADAY FUTURE INTELLIGENT ELECTRIC INC.  (FFIE, FFIEW)  (CIK 0001805521)",8-K,2023-12-04,0001213900-23-092288:ea189442ex99-1_faraday.htm,0001213900-23-092288,
"""generative AI""",0001058290,COGNIZANT TECHNOLOGY SOLUTIONS CORP  (CTSH)  (CIK 0001058290),8-K,2024-05-01,0001058290-24-000115:exhibit9913312024.htm,0001058290-24-000115,
"""generative AI""",0001768267,Cerence Inc.  (CRNC)  (CIK 0001768267),8-K,2024-05-09,0001193125-24-135028:d819939dex993.htm,0001193125-24-135028,
"""generative AI""",0001083301,TERAWULF INC.  (WULF)  (CIK 0001083301),8-K,2023-12-28,0001083301-23-000066:terawulfincpressrelease1.htm,0001083301-23-000066,
"""generative AI""",0001768267,Cerence Inc.  (CRNC)  (CIK 0001768267),8-K,2024-10-07,0001193125-24-233891:d869370dex991.htm,0001193125-24-233891,
"""generative AI""",0001907982,"D-Wave Quantum Inc.  (QBTS, QBTS-WT)  (CIK 0001907982)",8-K,2024-05-13,0001907982-24-000059:q1investordeckv4.htm,0001907982-24-000059,
"""generative AI""",0001768267,Cerence Inc.  (CRNC)  (CIK 0001768267),8-K,2023-08-08,0000950170-23-039351:crnc-ex99_2.htm,0000950170-23-039351,
"""generative AI""",0001679688,"DigitalBridge Group, Inc.  (DBRG, DBRG-PH, DBRG-PI, DBRG-PJ)  (CIK 0001679688)",8-K,2023-08-04,0001679688-23-000084:digitalbridge2q2023earni.htm,0001679688-23-000084,
"""generative AI""",0001801417,"byNordic Acquisition Corp  (BYNO, BYNOU, BYNOW)  (CIK 0001801417)",8-K,2024-08-06,0001213900-24-065754:ea021074202ex99-1_bynordic.htm,0001213900-24-065754,
"""generative AI""",0000790526,"RadNet, Inc.  (RDNT)  (CIK 0000790526)",8-K,2026-03-02,0001683168-26-001385:radnet_ex9901.htm,0001683168-26-001385,
"""generative AI""",0000064463,"Soluna Holdings, Inc  (SLNH, SLNHP)  (CIK 0000064463)",8-K,2024-11-15,0001493152-24-046349:ex99-1.htm,0001493152-24-046349,
"""generative AI""",0001577526,"C3.ai, Inc.  (AI)  (CIK 0001577526)",8-K,2025-12-03,0001577526-25-000052:ex991-fy26xq2earnings.htm,0001577526-25-000052,
"""generative AI""",0000051143,INTERNATIONAL BUSINESS MACHINES CORP  (IBM)  (CIK 0000051143),8-K,2025-02-04,0000051143-25-000010:ibm-ex99_1.htm,0000051143-25-000010,
"""generative AI""",0001420720,"iBio, Inc.  (IBIO)  (CIK 0001420720)",8-K,2024-06-03,0001558370-24-008860:ibio-20240603xex99d1.htm,0001558370-24-008860,
"""generative AI""",0001420720,"iBio, Inc.  (IBIO)  (CIK 0001420720)",8-K,2024-10-23,0001420720-24-000049:ibio-20241023xex99d1.htm,0001420720-24-000049,
"""generative AI""",0001823466,"FiscalNote Holdings, Inc.  (NOTE, NOTE-WT)  (CIK 0001823466)",8-K,2024-05-09,0000950170-24-056244:note-ex99_3.htm,0000950170-24-056244,
"""generative AI""",0001297989,"ExlService Holdings, Inc.  (EXLS)  (CIK 0001297989)",8-K,2025-07-29,0001297989-25-000012:exlq225pressrelease.htm,0001297989-25-000012,
"""generative AI""",0001843714,"Andretti Acquisition Corp.  (ZPTA, ZPTAW)  (CIK 0001843714)",8-K,2024-01-29,0000950142-24-000233:eh240443255_ex9901.htm,0000950142-24-000233,
"""generative AI""",0001378590,"Bridgeline Digital, Inc.  (BLIN)  (CIK 0001378590)",8-K,2025-02-18,0001437749-25-004209:ex_778424.htm,0001437749-25-004209,
"""generative AI""",0000903651,INNODATA INC  (INOD)  (CIK 0000903651),8-K,2025-05-08,0001104659-25-046237:tm2513400d1_ex99-1.htm,0001104659-25-046237,
"""generative AI""",0000790526,"RadNet, Inc.  (RDNT)  (CIK 0000790526)",8-K,2025-08-11,0001683168-25-005844:radnet_ex9901.htm,0001683168-25-005844,
"""generative AI""",0000746838,UNISYS CORP  (UIS)  (CIK 0000746838),8-K,2023-06-15,0001308179-23-000887:uis4211221-ex991.htm,0001308179-23-000887,
"""generative AI""",0000051143,INTERNATIONAL BUSINESS MACHINES CORP  (IBM)  (CIK 0000051143),8-K,2024-04-25,0000051143-24-000021:a1q24-ex99x1.htm,0000051143-24-000021,
"""generative AI""",0000064463,"Soluna Holdings, Inc  (SLNH, SLNHP)  (CIK 0000064463)",8-K,2024-08-08,0001493152-24-030785:ex99-1.htm,0001493152-24-030785,
"""generative AI""",0001840856,"SOUNDHOUND AI, INC.  (SOUN, SOUNW)  (CIK 0001840856)",8-K,2025-02-27,0001840856-25-000008:soun-20250227ex991earnings.htm,0001840856-25-000008,
"""generative AI""",0001120970,Comstock Inc.  (LODE)  (CIK 0001120970),8-K,2024-04-30,0001120970-24-000048:exhibit991-2024x4x29genmat.htm,0001120970-24-000048,
"""generative AI""",0001665300,"Phunware, Inc.  (PHUN)  (CIK 0001665300)",8-K,2024-10-16,0000950170-24-115076:phun-ex99_1.htm,0000950170-24-115076,
"""generative AI""",0001630212,Avalon GloboCare Corp.  (ALBT)  (CIK 0001630212),8-K,2026-04-21,0001213900-26-045891:ea028710201ex99-1.htm,0001213900-26-045891,
"""generative AI""",0000064463,"Soluna Holdings, Inc  (SLNH, SLNHP)  (CIK 0000064463)",8-K,2024-07-10,0001493152-24-026806:ex99-1.htm,0001493152-24-026806,
"""generative AI""",0000790526,"RadNet, Inc.  (RDNT)  (CIK 0000790526)",8-K,2026-05-11,0001683168-26-003624:radnet_ex9901.htm,0001683168-26-003624,
"""generative AI""",0000790526,"RadNet, Inc.  (RDNT)  (CIK 0000790526)",8-K,2025-05-12,0001683168-25-003385:radnet_ex9901.htm,0001683168-25-003385,
"""generative AI""",0000790526,"RadNet, Inc.  (RDNT)  (CIK 0000790526)",8-K,2024-11-12,0001683168-24-007907:radnet_ex9901.htm,0001683168-24-007907,
"""generative AI""",0001549346,"Shutterstock, Inc.  (SSTK)  (CIK 0001549346)",8-K,2023-05-23,0001140361-23-026154:brhc20053362_ex99-1.htm,0001140361-23-026154,
"""generative AI""",0001364954,"CHEGG, INC  (CHGG)  (CIK 0001364954)",8-K,2025-02-24,0001364954-25-000011:a9901-financialresultsq420.htm,0001364954-25-000011,
"""generative AI""",0001665300,"Phunware, Inc.  (PHUN)  (CIK 0001665300)",8-K,2024-10-24,0000950170-24-116876:phun-ex99_1.htm,0000950170-24-116876,
"""generative AI""",0000051143,INTERNATIONAL BUSINESS MACHINES CORP  (IBM)  (CIK 0000051143),8-K,2025-04-24,0000051143-25-000031:ibmex99-1.htm,0000051143-25-000031,
"""generative AI""",0001873722,Bubblr Inc.  (BBLR)  (CIK 0001873722),8-K,2023-11-14,0001493152-23-041180:ex99-1.htm,0001493152-23-041180,
"""generative AI""",0001672688,Absci Corp  (ABSI)  (CIK 0001672688),8-K,2023-12-20,0001628280-23-042078:exhibit991-8xkx23x12x20.htm,0001628280-23-042078,
"""generative AI""",0001859199,reAlpha Tech Corp.  (AIRE)  (CIK 0001859199),8-K,2023-11-01,0001213900-23-081931:ea187563ex99-1_realphatech.htm,0001213900-23-081931,
"""generative AI""",0001672688,Absci Corp  (ABSI)  (CIK 0001672688),8-K,2024-01-08,0001628280-24-000763:jpm2024presentation.htm,0001628280-24-000763,
"""generative AI""",0001907982,"D-Wave Quantum Inc.  (QBTS, QBTS-WT)  (CIK 0001907982)",8-K,2025-03-31,0001907982-25-000070:japantobaccoandd-waveannou.htm,0001907982-25-000070,
"""generative AI""",0000829323,"Inuvo, Inc.  (INUV)  (CIK 0000829323)",8-K,2023-05-04,0000829323-23-000020:q12023finalpr.htm,0000829323-23-000020,
"""generative AI""",0000790526,"RadNet, Inc.  (RDNT)  (CIK 0000790526)",8-K,2025-11-10,0001683168-25-008100:radnet_ex9901.htm,0001683168-25-008100,
"""generative AI""",0001326801,"Meta Platforms, Inc.  (META)  (CIK 0001326801)",8-K,2026-05-29,0001628280-26-039193:meta-20260527.htm,0001628280-26-039193,
"""generative AI""",0001577526,"C3.ai, Inc.  (AI)  (CIK 0001577526)",8-K,2023-03-02,0001628280-23-006047:ex991-fy23xq3earnings.htm,0001628280-23-006047,
"""generative AI""",0001672688,Absci Corp  (ABSI)  (CIK 0001672688),8-K,2023-08-14,0001628280-23-029198:exhibit992-zjonassonappoin.htm,0001628280-23-029198,
"""generative AI""",0000903651,INNODATA INC  (INOD)  (CIK 0000903651),8-K,2026-06-17,0001104659-26-075184:tm2617967d1_ex99-1.htm,0001104659-26-075184,
"""generative AI""",0001601830,"RECURSION PHARMACEUTICALS, INC.  (RXRX)  (CIK 0001601830)",8-K,2023-08-08,0001601830-23-000056:exhibit991-q0223.htm,0001601830-23-000056,
"""generative AI""",0001805521,"FARADAY FUTURE INTELLIGENT ELECTRIC INC.  (FFAI, FFAIW)  (CIK 0001805521)",8-K,2025-05-23,0001213900-25-047030:ea024333901ex99-1_faraday.htm,0001213900-25-047030,
"""generative AI""",0001481646,"Accolade, Inc.  (ACCD)  (CIK 0001481646)",8-K,2025-01-08,0001140361-25-000544:ny20041213x1_ex99-1.htm,0001140361-25-000544,
"""generative AI""",0001627475,"UPWORK, INC  (UPWK)  (CIK 0001627475)",8-K,2023-08-02,0001627475-23-000048:updated_finalxq223upwork.htm,0001627475-23-000048,
"""generative AI""",0001859199,reAlpha Tech Corp.  (AIRE)  (CIK 0001859199),8-K,2024-09-09,0001213900-24-076696:ea021386501ex99-1_realpha.htm,0001213900-24-076696,
"""generative AI""",0001859199,reAlpha Tech Corp.  (AIRE)  (CIK 0001859199),8-K,2024-07-29,0001013762-24-001780:ea021013701ex99-1_realpha.htm,0001013762-24-001780,
"""generative AI""",0001144879,Applied Digital Corp.  (APLD)  (CIK 0001144879),8-K,2023-08-21,0001144879-23-000191:applieddigital-companyov.htm,0001144879-23-000191,
"""generative AI""",0001630212,Avalon GloboCare Corp.  (ALBT)  (CIK 0001630212),8-K,2026-01-12,0001213900-26-003178:ea027252201ex99-1_avalon.htm,0001213900-26-003178,
"""generative AI""",0001805521,"FARADAY FUTURE INTELLIGENT ELECTRIC INC.  (FFIE, FFIEW)  (CIK 0001805521)",8-K,2023-07-18,0001213900-23-057573:ea181904ex99-1_faraday.htm,0001213900-23-057573,
"""generative AI""",0001840856,"SOUNDHOUND AI, INC.  (SOUN, SOUNW)  (CIK 0001840856)",8-K,2023-05-11,0001840856-23-000025:soun-20230331ex991.htm,0001840856-23-000025,
"""generative AI""",0001838163,"Brand Engagement Network Inc.  (BNAI, BNAIW)  (CIK 0001838163)",8-K,2024-10-30,0001493152-24-043006:ex99-1.htm,0001493152-24-043006,
"""generative AI""",0001768267,Cerence Inc.  (CRNC)  (CIK 0001768267),8-K,2025-02-06,0000950170-25-015394:crnc-ex99_1.htm,0000950170-25-015394,
"""generative AI""",0001630212,Avalon GloboCare Corp.  (ALBT)  (CIK 0001630212),8-K,2026-01-20,0001213900-26-005682:ea027334501ex99-1_avalon.htm,0001213900-26-005682,
"""generative AI""",0001617553,"ZIPRECRUITER, INC.  (ZIP)  (CIK 0001617553)",8-K,2026-05-07,0001617553-26-000030:q12026shareholderletter-.htm,0001617553-26-000030,
"""generative AI""",0001577526,"C3.ai, Inc.  (AI)  (CIK 0001577526)",8-K,2026-02-25,0001577526-26-000013:ex991-fy26xq3earnings.htm,0001577526-26-000013,
"""generative AI""",0001577526,"C3.ai, Inc.  (AI)  (CIK 0001577526)",8-K,2024-10-09,0001628280-24-042601:exhibit991-pressrelease.htm,0001628280-24-042601,
"""generative AI""",0001840856,"SOUNDHOUND AI, INC.  (SOUN, SOUNW)  (CIK 0001840856)",8-K,2024-05-09,0001213900-24-041376:ea020567501ex99-1_sound.htm,0001213900-24-041376,
"""generative AI""",0001326801,"Meta Platforms, Inc.  (META)  (CIK 0001326801)",8-K,2024-05-31,0001326801-24-000057:meta-20240529.htm,0001326801-24-000057,
"""generative AI""",0001843714,"Zapata Computing Holdings Inc.  (ZPTA, ZPTAW)  (CIK 0001843714)",8-K,2024-04-03,0001193125-24-085161:d13242dex993.htm,0001193125-24-085161,
"""generative AI""",0001672688,Absci Corp  (ABSI)  (CIK 0001672688),8-K,2023-11-14,0001628280-23-038977:exhibit991-2023q310xqpr.htm,0001628280-23-038977,
"""generative AI""",0001898496,"Getty Images Holdings, Inc.  (GETY)  (CIK 0001898496)",8-K,2024-08-09,0001628280-24-036345:gety-20240630xex991.htm,0001628280-24-036345,
"""generative AI""",0001672688,Absci Corp  (ABSI)  (CIK 0001672688),8-K,2025-01-15,0001628280-25-001612:final-jpm2025presentatio.htm,0001628280-25-001612,
"""generative AI""",0001577526,"C3.ai, Inc.  (AI)  (CIK 0001577526)",8-K,2025-07-24,0001628280-25-035846:exhibit991pressreleasedate.htm,0001628280-25-035846,
"""generative AI""",0001898496,"Getty Images Holdings, Inc.  (GETY)  (CIK 0001898496)",8-K,2024-05-09,0001628280-24-022221:gety-20240331xex991.htm,0001628280-24-022221,
"""generative AI""",0001577526,"C3.ai, Inc.  (AI)  (CIK 0001577526)",8-K,2024-04-11,0001628280-24-015673:exhibit991.htm,0001628280-24-015673,
"""generative AI""",0001768267,Cerence Inc.  (CRNC)  (CIK 0001768267),8-K,2024-08-08,0000950170-24-093306:crnc-ex99_1.htm,0000950170-24-093306,
"""generative AI""",0001907982,"D-Wave Quantum Inc.  (QBTS, QBTS-WT)  (CIK 0001907982)",8-K,2024-08-08,0001907982-24-000094:d-waveq22024investorpres.htm,0001907982-24-000094,
"""generative AI""",0001571996,Dell Technologies Inc.  (DELL)  (CIK 0001571996),8-K,2023-08-31,0001571996-23-000029:exhibit991earnings8kq2fy24.htm,0001571996-23-000029,
"""generative AI""",0001672688,Absci Corp  (ABSI)  (CIK 0001672688),8-K,2023-08-14,0001628280-23-029198:exhibit991-2023q210xqpr.htm,0001628280-23-029198,
"""generative AI""",0001843714,"Zapata Computing Holdings Inc.  (ZPTA, ZPTAW)  (CIK 0001843714)",8-K,2024-08-14,0000950170-24-096659:ck0001843714-ex99_1.htm,0000950170-24-096659,
"""generative AI""",0001023313,"FORRESTER RESEARCH, INC.  (FORR)  (CIK 0001023313)",8-K,2025-10-30,0001193125-25-258506:forr-ex99_1.htm,0001193125-25-258506,
"""generative AI""",0000051143,INTERNATIONAL BUSINESS MACHINES CORP  (IBM)  (CIK 0000051143),8-K,2025-04-23,0000051143-25-000026:ibm-20250423xex991.htm,0000051143-25-000026,
"""generative AI""",0001577526,"C3.ai, Inc.  (AI)  (CIK 0001577526)",8-K,2025-11-13,0001577526-25-000048:pressrelease-ex991.htm,0001577526-25-000048,
"""generative AI""",0001320760,"TSS, Inc.  (TSSI)  (CIK 0001320760)",8-K,2024-06-27,0001437749-24-021333:ex_693185.htm,0001437749-24-021333,
"""generative AI""",0001840856,"SOUNDHOUND AI, INC.  (SOUN, SOUNW)  (CIK 0001840856)",8-K,2023-03-07,0001840856-23-000014:soun-20230307ex9911.htm,0001840856-23-000014,
"""generative AI""",0000903651,INNODATA INC  (INOD)  (CIK 0000903651),8-K,2025-07-31,0001104659-25-072724:tm2521272d1_ex99-1.htm,0001104659-25-072724,
"""generative AI""",0001058290,COGNIZANT TECHNOLOGY SOLUTIONS CORP  (CTSH)  (CIK 0001058290),8-K,2026-02-04,0001058290-26-000003:exhibit99112312025.htm,0001058290-26-000003,
"""generative AI""",0001404655,HUBSPOT INC  (HUBS)  (CIK 0001404655),8-K,2025-11-05,0001193125-25-267023:hubs-ex99_2.htm,0001193125-25-267023,
"""generative AI""",0000051143,INTERNATIONAL BUSINESS MACHINES CORP  (IBM)  (CIK 0000051143),8-K,2024-07-25,0000051143-24-000035:a2q24-ex992.htm,0000051143-24-000035,
"""generative AI""",0001018724,AMAZON COM INC  (AMZN)  (CIK 0001018724),8-K,2024-10-31,0001018724-24-000158:amzn-20240930xex991.htm,0001018724-24-000158,
"""generative AI""",0001627475,"UPWORK, INC  (UPWK)  (CIK 0001627475)",8-K,2023-05-03,0001627475-23-000030:final_q123upworksharehol.htm,0001627475-23-000030,
"""generative AI""",0001907982,"D-Wave Quantum Inc.  (QBTS, QBTS-WT)  (CIK 0001907982)",8-K,2024-03-28,0001907982-24-000046:d-wavequantumincq4invest.htm,0001907982-24-000046,
"""generative AI""",0000713425,AMERICAN SOFTWARE INC  (AMSWA)  (CIK 0000713425),8-K,2023-09-19,0001157523-23-001428:a53557812ex99_1.htm,0001157523-23-001428,
"""generative AI""",0001851003,Zeta Global Holdings Corp.  (ZETA)  (CIK 0001851003),8-K,2024-09-04,0000950170-24-103550:zeta-ex99_1.htm,0000950170-24-103550,
"""generative AI""",0001058290,COGNIZANT TECHNOLOGY SOLUTIONS CORP  (CTSH)  (CIK 0001058290),8-K,2024-07-31,0001058290-24-000241:exhibit9916302024.htm,0001058290-24-000241,
"""generative AI""",0001144879,Applied Digital Corp.  (APLD)  (CIK 0001144879),8-K,2023-10-12,0001144879-23-000216:technicaloverview1012202.htm,0001144879-23-000216,
"""generative AI""",0000903651,INNODATA INC  (INOD)  (CIK 0000903651),8-K,2025-11-06,0001104659-25-107811:tm2529621d1_ex99-1.htm,0001104659-25-107811,
"""generative AI""",0001627475,"UPWORK, INC  (UPWK)  (CIK 0001627475)",8-K,2023-11-07,0001627475-23-000055:final_q323upworksharehol.htm,0001627475-23-000055,
"""generative AI""",0001672688,Absci Corp  (ABSI)  (CIK 0001672688),8-K,2024-05-14,0001628280-24-023060:exhibit991-2024q110xqpr.htm,0001628280-24-023060,
"""generative AI""",0001672688,Absci Corp  (ABSI)  (CIK 0001672688),8-K,2026-05-07,0001672688-26-000086:exhibit991-2026q110xqpr.htm,0001672688-26-000086,
"""generative AI""",0001437491,"RiskOn International, Inc.  (ROII)  (CIK 0001437491)",8-K,2024-02-22,0001214659-24-003292:ex10_3.htm,0001214659-24-003292,
"""generative AI""",0001672688,Absci Corp  (ABSI)  (CIK 0001672688),8-K,2024-11-12,0001628280-24-046856:exhibit991-2024q310xqpr.htm,0001628280-24-046856,
"""generative AI""",0001805284,"Rocket Companies, Inc.  (RKT)  (CIK 0001805284)",8-K,2024-02-01,0000950142-24-000254:eh230443815_ex9901.htm,0000950142-24-000254,
"""generative AI""",0000051143,INTERNATIONAL BUSINESS MACHINES CORP  (IBM)  (CIK 0000051143),8-K,2025-07-23,0000051143-25-000048:ibm-20250723xex991.htm,0000051143-25-000048,
"""generative AI""",0001630212,Avalon GloboCare Corp.  (ALBT)  (CIK 0001630212),8-K,2025-12-15,0001213900-25-121489:ea026962401ex99-1_avalon.htm,0001213900-25-121489,
"""generative AI""",0001102993,LIVEPERSON INC  (LPSN)  (CIK 0001102993),8-K,2023-07-12,0001213900-23-056490:ea181703ex99-1_liveperson.htm,0001213900-23-056490,
"""generative AI""",0001828852,"Mondee Holdings, Inc.  (MOND)  (CIK 0001828852)",8-K,2023-11-17,0001828852-23-000184:purplegridsrelease-37x.htm,0001828852-23-000184,
"""generative AI""",0001907982,"D-Wave Quantum Inc.  (QBTS, QBTS-WT)  (CIK 0001907982)",8-K,2024-07-08,0001907982-24-000081:qbts-20240708.htm,0001907982-24-000081,
"""generative AI""",0001672688,Absci Corp  (ABSI)  (CIK 0001672688),8-K,2024-08-14,0001628280-24-037183:exhibit991-2024q210xqpr.htm,0001628280-24-037183,
"""generative AI""",0001665300,"Phunware, Inc.  (PHUN)  (CIK 0001665300)",8-K,2025-03-20,0000950170-25-042745:phun-ex99_1.htm,0000950170-25-042745,
"""generative AI""",0001737995,"SkyAI, Inc.  (STSS, STSSW)  (CIK 0001737995)",8-K,2026-06-01,0001493152-26-026534:form8-k.htm,0001493152-26-026534,
"""generative AI""",0000064463,"Soluna Holdings, Inc  (SLNH, SLNHP)  (CIK 0000064463)",8-K,2025-03-05,0001493152-25-009152:ex99-1.htm,0001493152-25-009152,
"""generative AI""",0001819404,Nerdy Inc.  (NRDY)  (CIK 0001819404),8-K,2023-08-08,0001193125-23-206194:d502883dex991.htm,0001193125-23-206194,
"""generative AI""",0001905956,TREASURE GLOBAL INC  (TGL)  (CIK 0001905956),8-K,2026-01-02,0001213900-26-000442:ea0271520-8k_treasure.htm,0001213900-26-000442,
"""generative AI""",0000051143,INTERNATIONAL BUSINESS MACHINES CORP  (IBM)  (CIK 0000051143),8-K,2024-10-24,0000051143-24-000045:ex-992.htm,0000051143-24-000045,
"""generative AI""",0001672688,Absci Corp  (ABSI)  (CIK 0001672688),8-K,2025-07-25,0001193125-25-165466:d65613dex992.htm,0001193125-25-165466,
"""generative AI""",0001667313,"Zedge, Inc.  (ZDGE)  (CIK 0001667313)",8-K,2023-09-26,0001213900-23-079316:ea185794ex99-1_zedge.htm,0001213900-23-079316,
"""generative AI""",0001571996,Dell Technologies Inc.  (DELL)  (CIK 0001571996),8-K,2023-10-05,0001193125-23-251131:d541426dex991.htm,0001193125-23-251131,
"""generative AI""",0001707753,Elastic N.V.  (ESTC)  (CIK 0001707753),8-K,2023-12-11,0001707753-23-000062:exh991-pressreleasedecembe.htm,0001707753-23-000062,
"""generative AI""",0000874866,CORVEL CORP  (CRVL)  (CIK 0000874866),8-K,2023-08-01,0000950170-23-036073:crvl-ex99_1.htm,0000950170-23-036073,
"""generative AI""",0000051143,INTERNATIONAL BUSINESS MACHINES CORP  (IBM)  (CIK 0000051143),8-K,2023-07-20,0000051143-23-000015:ibm-2023x07x20xex991.htm,0000051143-23-000015,
"""generative AI""",0001672688,Absci Corp  (ABSI)  (CIK 0001672688),8-K,2025-03-18,0001628280-25-013455:exhibit991-2024q410xkpr.htm,0001628280-25-013455,
"""generative AI""",0001224133,MARCHEX INC  (MCHX)  (CIK 0001224133),8-K,2023-11-08,0000950170-23-061145:mchx-ex99_1.htm,0000950170-23-061145,
"""generative AI""",0001018724,AMAZON COM INC  (AMZN)  (CIK 0001018724),8-K,2023-04-13,0001104659-23-044715:tm233697d3_ex99-1.htm,0001104659-23-044715,
"""generative AI""",0001651562,"Coursera, Inc.  (COUR)  (CIK 0001651562)",8-K,2025-07-24,0001651562-25-000045:cour-20250630xshareholde.htm,0001651562-25-000045,
"""generative AI""",0001058290,COGNIZANT TECHNOLOGY SOLUTIONS CORP  (CTSH)  (CIK 0001058290),8-K,2025-02-05,0001058290-25-000007:exhibit99112312024.htm,0001058290-25-000007,
"""generative AI""",0001840856,"SOUNDHOUND AI, INC.  (SOUN, SOUNW)  (CIK 0001840856)",8-K,2024-11-12,0001840856-24-000039:soun-20241112ex991earnings.htm,0001840856-24-000039,
"""generative AI""",0001840856,"SOUNDHOUND AI, INC.  (SOUN, SOUNW)  (CIK 0001840856)",8-K,2024-08-08,0001840856-24-000026:soun-20240808ex991earnings.htm,0001840856-24-000026,
"""generative AI""",0001672688,Absci Corp  (ABSI)  (CIK 0001672688),8-K,2024-03-21,0001628280-24-012365:exhibit991-202310xkpr.htm,0001628280-24-012365,
"""generative AI""",0000107140,"JOHN WILEY & SONS, INC.  (WLY, WLYB)  (CIK 0000107140)",8-K,2024-01-25,0000107140-24-000022:exhibit992presentation.htm,0000107140-24-000022,
"""generative AI""",0001667313,"Zedge, Inc.  (ZDGE)  (CIK 0001667313)",8-K,2023-12-13,0001213900-23-095388:ea189975ex99-1_zedgeinc.htm,0001213900-23-095388,
"""generative AI""",0001564408,Snap Inc  (SNAP)  (CIK 0001564408),8-K,2023-10-24,0001564408-23-000050:q32023investorletter_vf.htm,0001564408-23-000050,
"""generative AI""",0001665300,"Phunware, Inc.  (PHUN)  (CIK 0001665300)",8-K,2025-07-17,0000950170-25-096670:phun-ex99_1.htm,0000950170-25-096670,
"""generative AI""",0001768267,Cerence Inc.  (CRNC)  (CIK 0001768267),8-K,2023-11-27,0000950170-23-066033:crnc-ex99_2.htm,0000950170-23-066033,
"""generative AI""",0001651562,"Coursera, Inc.  (COUR)  (CIK 0001651562)",8-K,2024-04-29,0001651562-24-000031:cour-20240331xexx991.htm,0001651562-24-000031,
"""generative AI""",0000874866,CORVEL CORP  (CRVL)  (CIK 0000874866),8-K,2023-05-25,0000950170-23-024016:crvl-ex99_1.htm,0000950170-23-024016,
"""generative AI""",0001892322,"HeartCore Enterprises, Inc.  (HTCR)  (CIK 0001892322)",8-K,2025-10-31,0001493152-25-020313:ex99-1.htm,0001493152-25-020313,
"""generative AI""",0001665300,"Phunware, Inc.  (PHUN)  (CIK 0001665300)",8-K,2025-03-04,0000950170-25-031937:phun-ex99_1.htm,0000950170-25-031937,
"""generative AI""",0001665300,"Phunware, Inc.  (PHUN)  (CIK 0001665300)",8-K,2026-03-20,0001193125-26-116810:phun-ex99_1.htm,0001193125-26-116810,
"""generative AI""",0000051143,INTERNATIONAL BUSINESS MACHINES CORP  (IBM)  (CIK 0000051143),8-K,2026-01-28,0000051143-26-000004:ibm-20260128xex991.htm,0000051143-26-000004,
"""generative AI""",0001607939,"Udemy, Inc.  (UDMY)  (CIK 0001607939)",8-K,2024-08-16,0001607939-24-000159:exhibit991-20240816form8xk.htm,0001607939-24-000159,
"""generative AI""",0002022308,"Classover Holdings, Inc.  (KIDZ, KIDZW)  (CIK 0002022308)",8-K,2026-05-22,0001477932-26-003412:class_ex991.htm,0001477932-26-003412,
"""generative AI""",0001630212,Avalon GloboCare Corp.  (ALBT)  (CIK 0001630212),8-K,2026-01-22,0001213900-26-006488:ea027367301ex99-1_avalon.htm,0001213900-26-006488,
"""generative AI""",0001116942,TTM TECHNOLOGIES INC  (TTMI)  (CIK 0001116942),8-K,2025-07-30,0001193125-25-169326:d942716dex992.htm,0001193125-25-169326,
"""generative AI""",0000876883,Stagwell Inc  (STGW)  (CIK 0000876883),8-K,2023-03-02,0000876883-23-000004:stagwell4q22earningspres.htm,0000876883-23-000004,
"""generative AI""",0001436229,BTCS Inc.  (BTCS)  (CIK 0001436229),8-K,2024-07-10,0001493152-24-026728:ex99-1.htm,0001493152-24-026728,
"""generative AI""",0001898496,"Getty Images Holdings, Inc.  (GETY)  (CIK 0001898496)",8-K,2025-01-07,0001104659-25-001735:tm252186d2_ex99-11.htm,0001104659-25-001735,
"""generative AI""",0001651562,"Coursera, Inc.  (COUR)  (CIK 0001651562)",8-K,2025-01-30,0001651562-25-000004:cour-20241231xexx991.htm,0001651562-25-000004,
"""generative AI""",0001768267,Cerence Inc.  (CRNC)  (CIK 0001768267),8-K,2024-12-03,0001193125-24-269993:d916053dex991.htm,0001193125-24-269993,
"""generative AI""",0001720671,"HashiCorp, Inc.  (HCP)  (CIK 0001720671)",8-K,2025-02-27,0001193125-25-037910:d898526dex991.htm,0001193125-25-037910,
"""generative AI""",0000024741,CORNING INC /NY  (GLW)  (CIK 0000024741),8-K,2024-07-30,0001437749-24-023825:ex_672532.htm,0001437749-24-023825,
"""generative AI""",0001651562,"Coursera, Inc.  (COUR)  (CIK 0001651562)",8-K,2024-02-01,0001651562-24-000004:cour-20231231xexx991.htm,0001651562-24-000004,
"""generative AI""",0001672688,Absci Corp  (ABSI)  (CIK 0001672688),8-K,2025-07-25,0001193125-25-165466:d65613dex991.htm,0001193125-25-165466,
"""generative AI""",0001907982,"D-Wave Quantum Inc.  (QBTS, QBTS-WT)  (CIK 0001907982)",8-K,2025-03-31,0001907982-25-000070:qbts-20250331.htm,0001907982-25-000070,
"""generative AI""",0001281984,"Decentral Life, Inc.  (WDLF)  (CIK 0001281984)",8-K,2024-01-09,0001493152-24-001754:ex99-1.htm,0001493152-24-001754,
"""generative AI""",0001636422,"Health Catalyst, Inc.  (HCAT)  (CIK 0001636422)",8-K,2025-01-13,0001636422-25-000010:healthcatalyst_jpmorganm.htm,0001636422-25-000010,
"""generative AI""",0001607939,"Udemy, Inc.  (UDMY)  (CIK 0001607939)",8-K,2024-12-03,0001607939-24-000202:udmy-directorappointmentxe.htm,0001607939-24-000202,
"""generative AI""",0001672688,Absci Corp  (ABSI)  (CIK 0001672688),8-K,2024-02-28,0001193125-24-050659:d768554dex992.htm,0001193125-24-050659,
"""generative AI""",0001630212,Avalon GloboCare Corp.  (ALBT)  (CIK 0001630212),8-K,2026-02-26,0001213900-26-020631:ea027823701ex99-1.htm,0001213900-26-020631,
"""generative AI""",0001735438,MeiraGTx Holdings plc  (MGTX)  (CIK 0001735438),8-K,2025-03-13,0001558370-25-002859:mgtx-20250309xex99d2.htm,0001558370-25-002859,
"""generative AI""",0001617553,"ZIPRECRUITER, INC.  (ZIP)  (CIK 0001617553)",8-K,2025-11-05,0001617553-25-000105:q32025shareholderletter-.htm,0001617553-25-000105,
"""generative AI""",0001768267,Cerence Inc.  (CRNC)  (CIK 0001768267),8-K,2024-11-21,0000950170-24-129486:crnc-ex99_1.htm,0000950170-24-129486,
"""generative AI""",0001831978,"Newbury Street Acquisition Corp  (NBST, NBSTU, NBSTW)  (CIK 0001831978)",8-K,2024-02-21,0001213900-24-015576:ea0200384ex99-1_newbury.htm,0001213900-24-015576,
"""generative AI""",0001976663,"Nexscient, Inc.  (NXNT)  (CIK 0001976663)",8-K,2025-02-05,0001477932-25-000732:nexscient_ex991.htm,0001477932-25-000732,
"""generative AI""",0001672688,Absci Corp  (ABSI)  (CIK 0001672688),8-K,2024-02-28,0001193125-24-050659:d768554dex991.htm,0001193125-24-050659,
"""generative AI""",0001976663,"Nexscient, Inc.  (NXNT)  (CIK 0001976663)",8-K,2025-02-14,0001477932-25-000982:nexscient_ex991.htm,0001477932-25-000982,
"""generative AI""",0001630212,Avalon GloboCare Corp.  (ALBT)  (CIK 0001630212),8-K,2026-02-18,0001213900-26-017682:ea027730301ex99-1_avalon.htm,0001213900-26-017682,
"""generative AI""",0001835681,"POWERSCHOOL HOLDINGS, INC.  (PWSC)  (CIK 0001835681)",8-K,2024-10-01,0001193125-24-230179:d94063dex991.htm,0001193125-24-230179,
"""generative AI""",0001689923,"Alteryx, Inc.  (CIK 0001689923)",8-K,2023-04-27,0001689923-23-000032:ayxex99203312023.htm,0001689923-23-000032,
"""generative AI""",0001846069,"Nextdoor Holdings, Inc.  (KIND)  (CIK 0001846069)",8-K,2024-02-27,0001846069-24-000045:exhibit991-8xkxshareholder.htm,0001846069-24-000045,
"""generative AI""",0001577526,"C3.ai, Inc.  (AI)  (CIK 0001577526)",8-K,2025-08-11,0001628280-25-039359:exhibit992-fy26q1salesands.htm,0001628280-25-039359,
"""generative AI""",0001577526,"C3.ai, Inc.  (AI)  (CIK 0001577526)",8-K,2025-09-05,0001577526-25-000026:pressreleaseregardingappoi.htm,0001577526-25-000026,
"""generative AI""",0001898496,"Getty Images Holdings, Inc.  (GETY)  (CIK 0001898496)",8-K,2025-01-07,0001104659-25-001735:tm252186d2_ex99-3.htm,0001104659-25-001735,
"""generative AI""",0001907982,"D-Wave Quantum Inc.  (QBTS, QBTS-WT)  (CIK 0001907982)",8-K,2024-03-18,0001907982-24-000042:a2024rothconference_d-wa.htm,0001907982-24-000042,
"""generative AI""",0001682149,Datavault AI Inc.  (DVLT)  (CIK 0001682149),8-K,2025-09-29,0001104659-25-094127:tm2527341d1_ex99-1.htm,0001104659-25-094127,
"""generative AI""",0001840502,"Taboola.com Ltd.  (TBLA, TBLAW)  (CIK 0001840502)",8-K,2023-08-09,0001140361-23-038678:brhc20056893_ex99-2.htm,0001140361-23-038678,
"""generative AI""",0001768267,Cerence Inc.  (CRNC)  (CIK 0001768267),8-K,2024-05-09,0000950170-24-056266:crnc-ex99_1.htm,0000950170-24-056266,
"""generative AI""",0001630212,Avalon GloboCare Corp.  (ALBT)  (CIK 0001630212),8-K,2026-03-02,0001213900-26-022022:ea027912401ex99-1.htm,0001213900-26-022022,
"""generative AI""",0001737523,BioNexus Gene Lab Corp  (BGLC)  (CIK 0001737523),8-K,2024-04-18,0001477932-24-002229:bglc_ex991.htm,0001477932-24-002229,
"""generative AI""",0001582982,"CareCloud, Inc.  (CCLD, CCLDO, CCLDP)  (CIK 0001582982)",8-K,2023-08-03,0001493152-23-026514:ex99-1.htm,0001493152-23-026514,
"""generative AI""",0001907982,"D-Wave Quantum Inc.  (QBTS, QBTS-WT)  (CIK 0001907982)",8-K,2024-11-14,0001907982-24-000159:d-waveq32024investorpres.htm,0001907982-24-000159,
"""generative AI""",0001768267,Cerence Inc.  (CRNC)  (CIK 0001768267),8-K,2024-12-23,0001193125-24-284230:d915960dex991.htm,0001193125-24-284230,
"""generative AI""",0001630212,Avalon GloboCare Corp.  (ALBT)  (CIK 0001630212),8-K,2026-03-02,0001213900-26-022022:ea027912401ex99-2.htm,0001213900-26-022022,
"""generative AI""",0000903651,INNODATA INC  (INOD)  (CIK 0000903651),8-K,2025-02-20,0001104659-25-015700:tm255624d1_ex99-1.htm,0001104659-25-015700,
"""generative AI""",0001840502,"Taboola.com Ltd.  (TBLA, TBLAW)  (CIK 0001840502)",8-K,2023-11-08,0001140361-23-051967:ef20014068_ex99-2.htm,0001140361-23-051967,
"""generative AI""",0001058290,COGNIZANT TECHNOLOGY SOLUTIONS CORP  (CTSH)  (CIK 0001058290),8-K,2023-11-01,0001058290-23-000329:exhibit9919302023.htm,0001058290-23-000329,
"""generative AI""",0001672688,Absci Corp  (ABSI)  (CIK 0001672688),8-K,2023-06-06,0001628280-23-021102:exhibit991-vanhoutenappoin.htm,0001628280-23-021102,
"""generative AI""",0001838163,"Brand Engagement Network Inc.  (BNAI, BNAIW)  (CIK 0001838163)",8-K,2025-12-29,0001493152-25-029157:ex99-1.htm,0001493152-25-029157,
"""generative AI""",0000051143,INTERNATIONAL BUSINESS MACHINES CORP  (IBM)  (CIK 0000051143),8-K,2025-01-30,0000051143-25-000007:ibm_ex99x2.htm,0000051143-25-000007,
"""generative AI""",0002042022,"WhiteFiber, Inc.  (WYFI)  (CIK 0002042022)",8-K,2025-12-18,0001213900-25-123321:ea026991801ex99-1_white.htm,0001213900-25-123321,
"""generative AI""",0000064463,"Soluna Holdings, Inc  (SLNH, SLNHP)  (CIK 0000064463)",8-K,2026-01-08,0001493152-26-000891:ex99-1.htm,0001493152-26-000891,
"""generative AI""",0001651562,"Coursera, Inc.  (COUR)  (CIK 0001651562)",8-K,2025-10-02,0001651562-25-000052:cour-20251002xexx991.htm,0001651562-25-000052,
"""generative AI""",0001844817,Armada Acquisition Corp. I  (CIK 0001844817),8-K,2024-08-15,0001193125-24-201374:d856033dex991.htm,0001193125-24-201374,
"""generative AI""",0001840856,"SOUNDHOUND AI, INC.  (SOUN, SOUNW)  (CIK 0001840856)",8-K,2023-12-07,0001213900-23-093913:ea189490ex99-1_soundhoun.htm,0001213900-23-093913,
"""generative AI""",0000903651,INNODATA INC  (INOD)  (CIK 0000903651),8-K,2023-02-23,0001104659-23-024789:tm237336d1_ex99-1.htm,0001104659-23-024789,
"""generative AI""",0001691421,"Lemonade, Inc.  (LMND, LMND-WT)  (CIK 0001691421)",8-K,2023-11-01,0001691421-23-000108:lmndshlq32023_final.htm,0001691421-23-000108,
"""generative AI""",0001443646,Booz Allen Hamilton Holding Corp  (BAH)  (CIK 0001443646),8-K,2023-10-10,0001443646-23-000220:investorpresentationocto.htm,0001443646-23-000220,
"""generative AI""",0000051143,INTERNATIONAL BUSINESS MACHINES CORP  (IBM)  (CIK 0000051143),8-K,2023-10-26,0000051143-23-000028:ibm-3q23xearningsxpresen.htm,0000051143-23-000028,
"""generative AI""",0001577526,"C3.ai, Inc.  (AI)  (CIK 0001577526)",8-K,2025-08-11,0001628280-25-039359:exhibit991-pressreleasedat.htm,0001628280-25-039359,
"""generative AI""",0001364954,"CHEGG, INC  (CHGG)  (CIK 0001364954)",8-K,2025-10-27,0001364954-25-000112:a9901-pressreleasecheggtor.htm,0001364954-25-000112,
"""generative AI""",0001774675,"Skillsoft Corp.  (SKIL, SKILW)  (CIK 0001774675)",8-K,2023-12-05,0001437749-23-033638:ex_569732.htm,0001437749-23-033638,
"""generative AI""",0001651562,"Coursera, Inc.  (COUR)  (CIK 0001651562)",8-K,2025-10-23,0001651562-25-000056:cour-20250930xshareholde.htm,0001651562-25-000056,
"""generative AI""",0000903651,INNODATA INC  (INOD)  (CIK 0000903651),8-K,2026-02-26,0001104659-26-020514:tm265812d1_ex99-1.htm,0001104659-26-020514,
"""generative AI""",0001607939,"Udemy, Inc.  (UDMY)  (CIK 0001607939)",8-K,2025-03-12,0001193125-25-052600:d901444dex991.htm,0001193125-25-052600,
"""generative AI""",0001859199,reAlpha Tech Corp.  (AIRE)  (CIK 0001859199),8-K,2025-02-24,0001213900-25-016325:ea023160601ex99-1_realpha.htm,0001213900-25-016325,
"""generative AI""",0001840502,"Taboola.com Ltd.  (TBLA, TBLAW)  (CIK 0001840502)",8-K,2023-11-08,0001140361-23-052118:ef20014376_ex99-2.htm,0001140361-23-052118,
"""generative AI""",0000051143,INTERNATIONAL BUSINESS MACHINES CORP  (IBM)  (CIK 0000051143),8-K,2025-04-23,0000051143-25-000026:ibm-20250423xex992.htm,0000051143-25-000026,
"""generative AI""",0001810806,Unity Software Inc.  (U)  (CIK 0001810806),8-K,2023-05-10,0001810806-23-000057:a2023q1shareholderletter.htm,0001810806-23-000057,
"""generative AI""",0001819394,"Matterport, Inc./DE  (MTTR)  (CIK 0001819394)",8-K,2023-07-11,0001819394-23-000038:exhibitto8k71123.htm,0001819394-23-000038,
"""generative AI""",0000051143,INTERNATIONAL BUSINESS MACHINES CORP  (IBM)  (CIK 0000051143),8-K,2025-07-23,0000051143-25-000048:ibm-20250723xex992.htm,0000051143-25-000048,
"""generative AI""",0001630212,Avalon GloboCare Corp.  (ALBT)  (CIK 0001630212),8-K,2025-12-30,0001213900-25-126354:ea0271238ex99-1_avalon.htm,0001213900-25-126354,
"""generative AI""",0000051143,INTERNATIONAL BUSINESS MACHINES CORP  (IBM)  (CIK 0000051143),8-K,2025-10-22,0000051143-25-000061:ibm-20251022xex992.htm,0000051143-25-000061,
"""generative AI""",0000051143,INTERNATIONAL BUSINESS MACHINES CORP  (IBM)  (CIK 0000051143),8-K,2025-02-04,0000051143-25-000010:ibminvestordaysupplemental.htm,0000051143-25-000010,
"""generative AI""",0000051143,INTERNATIONAL BUSINESS MACHINES CORP  (IBM)  (CIK 0000051143),8-K,2026-04-22,0000051143-26-000036:ibm-20260422xex992.htm,0000051143-26-000036,
"""generative AI""",0001577526,"C3.ai, Inc.  (AI)  (CIK 0001577526)",8-K,2026-05-12,0001193125-26-218253:d147244dex991.htm,0001193125-26-218253,
"""generative AI""",0001355848,"Kartoon Studios, Inc.  (TOON)  (CIK 0001355848)",8-K,2024-04-16,0001683168-24-002424:kartoon_ex9901.htm,0001683168-24-002424,
"""generative AI""",0001810806,Unity Software Inc.  (U)  (CIK 0001810806),8-K,2024-02-26,0001810806-24-000021:a2023_q4shareholderlette.htm,0001810806-24-000021,
"""generative AI""",0001859199,reAlpha Tech Corp.  (AIRE)  (CIK 0001859199),8-K,2024-08-19,0001213900-24-070401:ea021170201ex99-1_realpha.htm,0001213900-24-070401,
"""generative AI""",0001665300,"Phunware, Inc.  (PHUN)  (CIK 0001665300)",8-K,2026-05-18,0001193125-26-228281:phun-ex99_1.htm,0001193125-26-228281,
"""generative AI""",0000051143,INTERNATIONAL BUSINESS MACHINES CORP  (IBM)  (CIK 0000051143),8-K,2024-07-24,0000051143-24-000033:ibm-20240724xex992.htm,0000051143-24-000033,
"""generative AI""",0000051143,INTERNATIONAL BUSINESS MACHINES CORP  (IBM)  (CIK 0000051143),8-K,2026-01-28,0000051143-26-000004:ibm-20260128xex992.htm,0000051143-26-000004,
"""generative AI""",0001018724,AMAZON COM INC  (AMZN)  (CIK 0001018724),8-K,2026-02-27,0001104659-26-021050:tm267374d1_ex99-1.htm,0001104659-26-021050,
"""generative AI""",0001320760,"TSS, Inc.  (TSSI)  (CIK 0001320760)",8-K,2024-05-14,0001437749-24-016608:ex_673530.htm,0001437749-24-016608,
"""generative AI""",0000051143,INTERNATIONAL BUSINESS MACHINES CORP  (IBM)  (CIK 0000051143),8-K,2025-01-29,0000051143-25-000005:ibm-20250129xex992.htm,0000051143-25-000005,
"""generative AI""",0001124804,Veradigm Inc.  (MDRX)  (CIK 0001124804),8-K,2024-05-28,0001193125-24-147595:d813949dex992.htm,0001193125-24-147595,
"""generative AI""",0001078271,EXTREME NETWORKS INC  (EXTR)  (CIK 0001078271),8-K,2024-08-07,0000950170-24-092273:extr-ex99_1.htm,0000950170-24-092273,
"""generative AI""",0000051143,INTERNATIONAL BUSINESS MACHINES CORP  (IBM)  (CIK 0000051143),8-K,2024-10-23,0000051143-24-000043:ibm-20241023xex992.htm,0000051143-24-000043,
"""generative AI""",0000903651,INNODATA INC  (INOD)  (CIK 0000903651),8-K,2023-05-12,0001104659-23-059239:tm2313960d1_ex99-1.htm,0001104659-23-059239,
"""generative AI""",0000051143,INTERNATIONAL BUSINESS MACHINES CORP  (IBM)  (CIK 0000051143),8-K,2025-07-24,0000051143-25-000051:ibm-ex99x2.htm,0000051143-25-000051,
"""generative AI""",0000051143,INTERNATIONAL BUSINESS MACHINES CORP  (IBM)  (CIK 0000051143),8-K,2025-04-24,0000051143-25-000031:ibmex99-2.htm,0000051143-25-000031,
"""generative AI""",0001564708,"NEWS CORP  (NWS, NWSA)  (CIK 0001564708)",8-K,2023-11-15,0001564708-23-000557:exhibit991combined.htm,0001564708-23-000557,
"""generative AI""",0000064463,"Soluna Holdings, Inc  (SLNH, SLNHP)  (CIK 0000064463)",8-K,2026-04-02,0001493152-26-014800:ex99-1.htm,0001493152-26-014800,
"""generative AI""",0001373715,"ServiceNow, Inc.  (NOW)  (CIK 0001373715)",8-K,2024-01-24,0001373715-24-000009:erq4fy23.htm,0001373715-24-000009,
"""generative AI""",0001820144,Grindr Inc.  (GRND)  (CIK 0001820144),8-K,2025-07-31,0001820144-25-000030:exhibit991-pressrelease07x.htm,0001820144-25-000030,
"""generative AI""",0001820144,"Grindr Inc.  (GRND, GRND-WT)  (CIK 0001820144)",8-K,2024-06-26,0001820144-24-000028:exhibit991-2024investorday.htm,0001820144-24-000028,
"""generative AI""",0000051143,INTERNATIONAL BUSINESS MACHINES CORP  (IBM)  (CIK 0000051143),8-K,2025-10-22,0000051143-25-000061:ibm-20251022xex991.htm,0000051143-25-000061,
"""generative AI""",0001648960,"Myseum, Inc.  (MYSE, MYSEW)  (CIK 0001648960)",8-K,2025-10-08,0001213900-25-097432:ea026069601ex99-1_myseum.htm,0001213900-25-097432,
"""generative AI""",0001023313,"FORRESTER RESEARCH, INC.  (FORR)  (CIK 0001023313)",8-K,2025-07-31,0000950170-25-100883:forr-ex99_1.htm,0000950170-25-100883,
"""generative AI""",0001781174,"Acrivon Therapeutics, Inc.  (ACRV)  (CIK 0001781174)",8-K,2025-11-13,0001193125-25-280172:acrv-ex99_1.htm,0001193125-25-280172,
"""generative AI""",0001671941,"Angel Studios, Inc.  (CIK 0001671941)",8-K,2025-05-09,0001104659-25-046781:tm2514667d1_ex10-1.htm,0001104659-25-046781,
"""generative AI""",0001840502,"Taboola.com Ltd.  (TBLA, TBLAW)  (CIK 0001840502)",8-K,2023-08-09,0001140361-23-038678:brhc20056893_ex99-3.htm,0001140361-23-038678,
"""generative AI""",0001023313,"FORRESTER RESEARCH, INC.  (FORR)  (CIK 0001023313)",8-K,2024-04-30,0001193125-24-125080:d810346dex991.htm,0001193125-24-125080,
"""generative AI""",0001534154,authID Inc.  (AUID)  (CIK 0001534154),8-K,2025-03-13,0001213900-25-023726:ea023423201ex99-2_authid.htm,0001213900-25-023726,
"""generative AI""",0001898496,"Getty Images Holdings, Inc.  (GETY)  (CIK 0001898496)",8-K,2025-02-21,0001213900-25-016113:ea023179101ex99-1_getty.htm,0001213900-25-016113,
"""generative AI""",0001840502,"Taboola.com Ltd.  (TBLA, TBLAW)  (CIK 0001840502)",8-K,2023-05-10,0001140361-23-023785:brhc20052396_ex99-4.htm,0001140361-23-023785,
"""generative AI""",0001699838,"Confluent, Inc.  (CFLT)  (CIK 0001699838)",8-K,2024-05-07,0000950170-24-054470:cflt-ex99_1.htm,0000950170-24-054470,
"""generative AI""",0001764046,CLARIVATE Plc  (CLVT)  (CIK 0001764046),8-K,2023-06-06,0001764046-23-000073:clarivatepresenationwill.htm,0001764046-23-000073,
"""generative AI""",0001768267,Cerence Inc.  (CRNC)  (CIK 0001768267),8-K,2024-08-08,0000950170-24-093306:crnc-ex99_2.htm,0000950170-24-093306,
"""generative AI""",0000790526,"RadNet, Inc.  (RDNT)  (CIK 0000790526)",8-K,2023-08-09,0001683168-23-005434:radnet_ex9902.htm,0001683168-23-005434,
"""generative AI""",0001320760,"TSS, Inc.  (TSSI)  (CIK 0001320760)",8-K,2024-03-28,0001437749-24-009810:ex_646809.htm,0001437749-24-009810,
"""generative AI""",0001320760,"TSS, Inc.  (TSSI)  (CIK 0001320760)",8-K,2024-08-14,0001437749-24-026780:ex_714913.htm,0001437749-24-026780,
"""generative AI""",0001707753,Elastic N.V.  (ESTC)  (CIK 0001707753),8-K,2025-10-15,0001707753-25-000050:estc-20251013.htm,0001707753-25-000050,
"""generative AI""",0001422930,"PubMatic, Inc.  (PUBM)  (CIK 0001422930)",8-K,2024-11-12,0001422930-24-000045:q324pressrelease.htm,0001422930-24-000045,
"""generative AI""",0001846069,"Nextdoor Holdings, Inc.  (KIND)  (CIK 0001846069)",8-K,2023-05-09,0001846069-23-000027:exhibit991-8xkxshareholder.htm,0001846069-23-000027,
"""generative AI""",0000051143,INTERNATIONAL BUSINESS MACHINES CORP  (IBM)  (CIK 0000051143),8-K,2025-01-29,0000051143-25-000005:ibm-20250129xex991.htm,0000051143-25-000005,
"""generative AI""",0000024741,CORNING INC /NY  (GLW)  (CIK 0000024741),8-K,2024-07-08,0001206774-24-000650:glw4353151-ex991.htm,0001206774-24-000650,
"""generative AI""",0000051143,INTERNATIONAL BUSINESS MACHINES CORP  (IBM)  (CIK 0000051143),8-K,2024-10-23,0000051143-24-000043:ibm-20241023xex991.htm,0000051143-24-000043,
"""generative AI""",0001651562,"Coursera, Inc.  (COUR)  (CIK 0001651562)",8-K,2026-02-05,0001651562-26-000006:cour-20251231xshareholde.htm,0001651562-26-000006,
"""generative AI""",0001607939,"Udemy, Inc.  (UDMY)  (CIK 0001607939)",8-K,2024-05-02,0001607939-24-000072:q12024pressrelease.htm,0001607939-24-000072,
"""generative AI""",0001224133,MARCHEX INC  (MCHX)  (CIK 0001224133),8-K,2025-05-13,0000950170-25-070400:mchx-ex99_1.htm,0000950170-25-070400,
"""generative AI""",0001651562,"Coursera, Inc.  (COUR)  (CIK 0001651562)",8-K,2026-04-23,0001651562-26-000023:cour-20260331xshareholde.htm,0001651562-26-000023,
"""generative AI""",0001609711,GoDaddy Inc.  (GDDY)  (CIK 0001609711),8-K,2023-08-03,0001609711-23-000127:gddyex991-20230630xq2earni.htm,0001609711-23-000127,
"""generative AI""",0001364954,"CHEGG, INC  (CHGG)  (CIK 0001364954)",8-K,2023-08-07,0001364954-23-000119:a9901-financialresultsq220.htm,0001364954-23-000119,
"""generative AI""",0001665300,"Phunware, Inc.  (PHUN)  (CIK 0001665300)",8-K,2025-08-08,0000950170-25-105872:phun-ex99_1.htm,0000950170-25-105872,
"""generative AI""",0001110611,ON24 INC.  (ONTF)  (CIK 0001110611),8-K,2023-08-08,0001110611-23-000025:ontf-2023q2exx991.htm,0001110611-23-000025,
"""generative AI""",0001651562,"Coursera, Inc.  (COUR)  (CIK 0001651562)",8-K,2026-05-11,0001140361-26-020399:ef20072971_ex99-1.htm,0001140361-26-020399,
"""generative AI""",0001768267,Cerence Inc.  (CRNC)  (CIK 0001768267),8-K,2026-05-07,0001628280-26-032114:q2fy26cerenceaipressrele.htm,0001628280-26-032114,
"""generative AI""",0000024741,CORNING INC /NY  (GLW)  (CIK 0000024741),8-K,2024-09-19,0001206774-24-000907:glw4381481-ex991.htm,0001206774-24-000907,
"""generative AI""",0001441816,"MongoDB, Inc.  (MDB)  (CIK 0001441816)",8-K,2023-12-05,0001441816-23-000239:mdb-103123xex991xrelease.htm,0001441816-23-000239,
"""generative AI""",0001614178,"Yext, Inc.  (YEXT)  (CIK 0001614178)",8-K,2024-09-04,0001614178-24-000100:q2fy25shareholderletter.htm,0001614178-24-000100,
"""generative AI""",0001898496,"Getty Images Holdings, Inc.  (GETY)  (CIK 0001898496)",8-K,2025-01-07,0001104659-25-001735:tm252186d2_ex99-7.htm,0001104659-25-001735,
"""generative AI""",0001781174,"Acrivon Therapeutics, Inc.  (ACRV)  (CIK 0001781174)",8-K,2025-05-14,0000950170-25-071385:acrv-ex99_1.htm,0000950170-25-071385,
"""generative AI""",0001484778,ThredUp Inc.  (TDUP)  (CIK 0001484778),8-K,2024-03-07,0001628280-24-009647:transcript_4q23.htm,0001628280-24-009647,
"""generative AI""",0001617553,"ZIPRECRUITER, INC.  (ZIP)  (CIK 0001617553)",8-K,2025-08-11,0001617553-25-000086:q22025shareholderletter-.htm,0001617553-25-000086,
"""generative AI""",0001708599,"Serina Therapeutics, Inc.  (SER)  (CIK 0001708599)",8-K,2026-03-23,0001708599-26-000010:ex101_serina-pipesecuritie.htm,0001708599-26-000010,
"""generative AI""",0001665300,"Phunware, Inc.  (PHUN)  (CIK 0001665300)",8-K,2026-05-07,0001193125-26-212181:phun-ex99_1.htm,0001193125-26-212181,
"""generative AI""",0001665300,"Phunware, Inc.  (PHUN)  (CIK 0001665300)",8-K,2025-05-12,0000950170-25-069427:phun-ex99_1.htm,0000950170-25-069427,
"""generative AI""",0001781174,"Acrivon Therapeutics, Inc.  (ACRV)  (CIK 0001781174)",8-K,2026-05-13,0001193125-26-221626:acrv-ex99_1.htm,0001193125-26-221626,
"""generative AI""",0001083301,TERAWULF INC.  (WULF)  (CIK 0001083301),8-K,2024-03-19,0001083301-24-000066:exhibit992-wulfmarch24in.htm,0001083301-24-000066,
"""generative AI""",0001847064,"PSQ Holdings, Inc.  (PSQH, PSQH-WT)  (CIK 0001847064)",8-K,2025-11-10,0001104659-25-108776:tm2530674d1_ex10-1.htm,0001104659-25-108776,
"""generative AI""",0001289419,"Morningstar, Inc.  (MORN)  (CIK 0001289419)",8-K,2025-11-25,0001289419-25-000174:a112525investorquestions.htm,0001289419-25-000174,
"""generative AI""",0001820144,Grindr Inc.  (GRND)  (CIK 0001820144),8-K,2026-05-07,0001820144-26-000009:exhibit991-q12026pressrele.htm,0001820144-26-000009,
"""generative AI""",0001840502,"Taboola.com Ltd.  (TBLA, TBLAW)  (CIK 0001840502)",8-K,2023-11-08,0001140361-23-051967:ef20014068_ex99-1.htm,0001140361-23-051967,
"""generative AI""",0001441816,"MongoDB, Inc.  (MDB)  (CIK 0001441816)",8-K,2023-08-31,0001441816-23-000166:mdb-073123xex991xrelease.htm,0001441816-23-000166,
"""generative AI""",0001013237,FACTSET RESEARCH SYSTEMS INC  (FDS)  (CIK 0001013237),8-K,2024-03-21,0001013237-24-000036:fdsq22024earningsrelease.htm,0001013237-24-000036,
"""generative AI""",0000002488,ADVANCED MICRO DEVICES INC  (AMD)  (CIK 0000002488),8-K,2024-07-30,0000002488-24-000121:q22024991.htm,0000002488-24-000121,
"""generative AI""",0000829323,"Inuvo, Inc.  (INUV)  (CIK 0000829323)",8-K,2023-05-22,0000829323-23-000026:inuvoirdeck2023.htm,0000829323-23-000026,
"""generative AI""",0001964979,"ALLURION TECHNOLOGIES, INC.  (ALUR, ALUR-WT)  (CIK 0001964979)",8-K,2023-11-13,0000950170-23-062465:alur-ex99_1.htm,0000950170-23-062465,
"""generative AI""",0001768267,Cerence Inc.  (CRNC)  (CIK 0001768267),8-K,2024-02-06,0000950170-24-011536:crnc-ex99_1.htm,0000950170-24-011536,
"""generative AI""",0001907982,"D-Wave Quantum Inc.  (QBTS, QBTS-WT)  (CIK 0001907982)",8-K,2025-01-15,0001907982-25-000014:needhamconferencenyc_fin.htm,0001907982-25-000014,
"""generative AI""",0001699838,"Confluent, Inc.  (CFLT)  (CIK 0001699838)",8-K,2024-10-30,0000950170-24-118963:cflt-ex99_1.htm,0000950170-24-118963,
"""generative AI""",0001840502,"Taboola.com Ltd.  (TBLA, TBLAW)  (CIK 0001840502)",8-K,2023-11-08,0001140361-23-052118:ef20014376_ex99-1.htm,0001140361-23-052118,
"""generative AI""",0001937926,Brookfield Asset Management Ltd.  (BAM)  (CIK 0001937926),8-K,2025-06-26,0001171843-25-004151:exh_141.htm,0001171843-25-004151,
"""generative AI""",0001671941,"Angel Studios, Inc.  (CIK 0001671941)",8-K,2025-08-15,0001104659-25-079289:tm2523644d1_ex10-1.htm,0001104659-25-079289,
"""generative AI""",0001620280,Uniti Group Inc.  (UNIT)  (CIK 0001620280),8-K,2024-05-03,0000950103-24-006323:dp210423_ex9902.htm,0000950103-24-006323,
"""generative AI""",0001651562,"Coursera, Inc.  (COUR)  (CIK 0001651562)",8-K,2024-10-24,0001651562-24-000052:cour-20240930xexx991.htm,0001651562-24-000052,
"""generative AI""",0001672688,Absci Corp  (ABSI)  (CIK 0001672688),8-K,2025-11-12,0001672688-25-000082:exhibit991-2025q310xqpr.htm,0001672688-25-000082,
"""generative AI""",0000051143,INTERNATIONAL BUSINESS MACHINES CORP  (IBM)  (CIK 0000051143),8-K,2024-04-25,0000051143-24-000021:a1q24-ex99x2.htm,0000051143-24-000021,
"""generative AI""",0001699838,"Confluent, Inc.  (CFLT)  (CIK 0001699838)",8-K,2024-07-31,0000950170-24-088555:cflt-ex99_1.htm,0000950170-24-088555,
"""generative AI""",0001774675,"Skillsoft Corp.  (SKIL, SKILW)  (CIK 0001774675)",8-K,2023-06-06,0001437749-23-016748:ex_509056.htm,0001437749-23-016748,
"""generative AI""",0001734722,"UiPath, Inc.  (PATH)  (CIK 0001734722)",8-K,2023-09-06,0001734722-23-000054:path-20230731xex991.htm,0001734722-23-000054,
"""generative AI""",0001898496,"Getty Images Holdings, Inc.  (GETY)  (CIK 0001898496)",8-K,2025-01-07,0001104659-25-001735:tm252186d2_ex99-9.htm,0001104659-25-001735,
"""generative AI""",0001874097,Cyngn Inc.  (CYN)  (CIK 0001874097),8-K,2025-08-07,0001213900-25-073140:ea025217001ex99-1_cyngn.htm,0001213900-25-073140,
"""generative AI""",0001805521,"FARADAY FUTURE INTELLIGENT ELECTRIC INC.  (FFIE, FFIEW)  (CIK 0001805521)",8-K,2024-02-26,0001213900-24-016665:ea0200677ex99-2_faraday.htm,0001213900-24-016665,
"""generative AI""",0001582982,"CareCloud, Inc.  (CCLD, CCLDO, CCLDP)  (CIK 0001582982)",8-K,2024-08-13,0001493152-24-031462:ex99-1.htm,0001493152-24-031462,
"""generative AI""",0001672688,Absci Corp  (ABSI)  (CIK 0001672688),8-K,2026-03-24,0001672688-26-000066:exhibit991-2025q410xkpr.htm,0001672688-26-000066,
"""generative AI""",0001582982,"CareCloud, Inc.  (CCLD, CCLDO, CCLDP)  (CIK 0001582982)",8-K,2024-11-12,0001493152-24-044505:ex99-1.htm,0001493152-24-044505,
"""generative AI""",0001601830,"RECURSION PHARMACEUTICALS, INC.  (RXRX)  (CIK 0001601830)",8-K,2023-05-08,0001601830-23-000022:exhibit991-q0123.htm,0001601830-23-000022,
"""generative AI""",0001774675,"Skillsoft Corp.  (SKIL, SKILW)  (CIK 0001774675)",8-K,2023-09-11,0001437749-23-025591:ex_531958.htm,0001437749-23-025591,
"""generative AI""",0001691421,"Lemonade, Inc.  (LMND, LMND-WT)  (CIK 0001691421)",8-K,2023-05-03,0001691421-23-000051:lmndshareholderletterq12.htm,0001691421-23-000051,
"""generative AI""",0001636422,"Health Catalyst, Inc.  (HCAT)  (CIK 0001636422)",8-K,2024-01-08,0001636422-24-000004:jpm2024presentation.htm,0001636422-24-000004,
"""generative AI""",0001777921,"AvePoint, Inc.  (AVPT, AVPTW)  (CIK 0001777921)",8-K,2024-02-29,0001171843-24-001096:exh_991.htm,0001171843-24-001096,
"""generative AI""",0001820144,Grindr Inc.  (GRND)  (CIK 0001820144),8-K,2025-08-07,0001820144-25-000033:q22025supplementalaistra.htm,0001820144-25-000033,
"""generative AI""",0001840856,"SOUNDHOUND AI, INC.  (SOUN, SOUNW)  (CIK 0001840856)",8-K,2025-05-08,0001628280-25-023838:soun-20250508ex991earnings.htm,0001628280-25-023838,
"""generative AI""",0001769804,"Augmedix, Inc.  (AUGX)  (CIK 0001769804)",8-K,2023-11-06,0001213900-23-083869:ea187794ex99-1_augmedix.htm,0001213900-23-083869,
"""generative AI""",0001364954,"CHEGG, INC  (CHGG)  (CIK 0001364954)",8-K,2026-02-09,0001364954-26-000009:a9901-financialresultsq420.htm,0001364954-26-000009,
"""generative AI""",0001898496,"Getty Images Holdings, Inc.  (GETY)  (CIK 0001898496)",8-K,2023-11-14,0001104659-23-118147:tm2330744d1_ex99-1.htm,0001104659-23-118147,
"""generative AI""",0000002488,ADVANCED MICRO DEVICES INC  (AMD)  (CIK 0000002488),8-K,2024-01-30,0000002488-24-000009:amdq423earningsslides.htm,0000002488-24-000009,
"""generative AI""",0000063908,MCDONALDS CORP  (MCD)  (CIK 0000063908),8-K,2023-12-06,0000063908-23-000112:exhibit991-investorupdate2.htm,0000063908-23-000112,
"""generative AI""",0000002488,ADVANCED MICRO DEVICES INC  (AMD)  (CIK 0000002488),8-K,2024-01-30,0000002488-24-000009:q42023991final.htm,0000002488-24-000009,
"""generative AI""",0001583708,"SentinelOne, Inc.  (S)  (CIK 0001583708)",8-K,2025-08-28,0001583708-25-000146:s-q2fy26earningspresenta.htm,0001583708-25-000146,
"""generative AI""",0001665300,"Phunware, Inc.  (PHUN)  (CIK 0001665300)",8-K,2024-11-07,0000950170-24-123440:phun-ex99_1.htm,0000950170-24-123440,
"""generative AI""",0001820144,Grindr Inc.  (GRND)  (CIK 0001820144),8-K,2026-02-26,0001820144-26-000004:exhibit991-fy25earningsrel.htm,0001820144-26-000004,
"""generative AI""",0001868640,"Roadzen Inc.  (RDZN, RDZNW)  (CIK 0001868640)",8-K,2024-09-09,0000950170-24-104808:rdzn-ex99_1.htm,0000950170-24-104808,
"""generative AI""",0001720671,"HashiCorp, Inc.  (HCP)  (CIK 0001720671)",8-K,2024-04-25,0001193125-24-114310:d804229dex991.htm,0001193125-24-114310,
"""generative AI""",0001614178,"Yext, Inc.  (YEXT)  (CIK 0001614178)",8-K,2024-03-06,0001614178-24-000010:shareholderreportq4fy24.htm,0001614178-24-000010,
"""generative AI""",0001364954,"CHEGG, INC  (CHGG)  (CIK 0001364954)",8-K,2023-10-30,0001364954-23-000144:a9901-financialresultsq320.htm,0001364954-23-000144,
"""generative AI""",0001045810,NVIDIA CORP  (NVDA)  (CIK 0001045810),8-K,2023-05-24,0001045810-23-000087:q1fy24cfocommentary.htm,0001045810-23-000087,
"""generative AI""",0001667313,"Zedge, Inc.  (ZDGE)  (CIK 0001667313)",8-K,2023-03-15,0001213900-23-020317:ea175253ex99-1_zedge.htm,0001213900-23-020317,
"""generative AI""",0001601830,"RECURSION PHARMACEUTICALS, INC.  (RXRX)  (CIK 0001601830)",8-K,2024-06-24,0001601830-24-000085:downloadday2024_pdf.htm,0001601830-24-000085,
"""generative AI""",0001720116,"Red Violet, Inc.  (RDVT)  (CIK 0001720116)",8-K,2023-08-09,0000950170-23-040664:rdvt-ex99_2.htm,0000950170-23-040664,
"""generative AI""",0001840856,"SOUNDHOUND AI, INC.  (SOUN, SOUNW)  (CIK 0001840856)",8-K,2025-11-06,0001840856-25-000018:soun-20251006ex991earnings.htm,0001840856-25-000018,
"""generative AI""",0001859199,reAlpha Tech Corp.  (AIRE)  (CIK 0001859199),8-K,2024-08-15,0001213900-24-069189:ea0211290ex99-1_realpha.htm,0001213900-24-069189,
"""generative AI""",0000713425,AMERICAN SOFTWARE INC  (AMSWA)  (CIK 0000713425),8-K,2024-08-22,0001628280-24-038223:asiq1fy25pressrelease-dr.htm,0001628280-24-038223,
"""generative AI""",0001018724,AMAZON COM INC  (AMZN)  (CIK 0001018724),8-K,2024-04-11,0001104659-24-045915:tm246113d3_ex99-1.htm,0001104659-24-045915,
"""generative AI""",0001777921,"AvePoint, Inc.  (AVPT, AVPTW)  (CIK 0001777921)",8-K,2023-11-09,0001171843-23-006952:exh_991.htm,0001171843-23-006952,
"""generative AI""",0001564408,Snap Inc  (SNAP)  (CIK 0001564408),8-K,2024-08-01,0001564408-24-000047:a2024_q2xinvestorletter.htm,0001564408-24-000047,
"""generative AI""",0001289419,"Morningstar, Inc.  (MORN)  (CIK 0001289419)",8-K,2025-05-07,0001289419-25-000080:iq-may72025.htm,0001289419-25-000080,
"""generative AI""",0001829953,Corner Growth Acquisition Corp.  (CIK 0001829953),8-K,2023-05-04,0001193125-23-135097:d419280dex991.htm,0001193125-23-135097,
"""generative AI""",0001868640,"Vahanna Tech Edge Acquisition I Corp.  (RDZN, RDZNW)  (CIK 0001868640)",8-K,2023-08-10,0001193125-23-207755:d515292dex991.htm,0001193125-23-207755,
"""generative AI""",0001058290,COGNIZANT TECHNOLOGY SOLUTIONS CORP  (CTSH)  (CIK 0001058290),8-K,2023-11-01,0001058290-23-000329:exhibit9929302023.htm,0001058290-23-000329,
"""generative AI""",0001764046,CLARIVATE Plc  (CLVT)  (CIK 0001764046),8-K,2023-05-09,0001764046-23-000069:ex992q12023supplementald.htm,0001764046-23-000069,
"""generative AI""",0001898496,"Getty Images Holdings, Inc.  (GETY)  (CIK 0001898496)",8-K,2025-01-07,0001104659-25-001735:tm252186d2_ex99-5.htm,0001104659-25-001735,
"""generative AI""",0001689923,"Alteryx, Inc.  (CIK 0001689923)",8-K,2023-11-06,0001689923-23-000076:ayxex99109302023.htm,0001689923-23-000076,
"""generative AI""",0001058290,COGNIZANT TECHNOLOGY SOLUTIONS CORP  (CTSH)  (CIK 0001058290),8-K,2023-08-02,0001058290-23-000255:exhibit9926302023.htm,0001058290-23-000255,
"""generative AI""",0001868640,"Vahanna Tech Edge Acquisition I Corp.  (RDZN, RDZNW)  (CIK 0001868640)",8-K,2023-07-10,0001193125-23-184651:d522119dex991.htm,0001193125-23-184651,
"""generative AI""",0001898496,"Getty Images Holdings, Inc.  (GETY)  (CIK 0001898496)",8-K,2025-01-07,0001104659-25-001735:tm252186d2_ex99-1.htm,0001104659-25-001735,
"""generative AI""",0000051143,INTERNATIONAL BUSINESS MACHINES CORP  (IBM)  (CIK 0000051143),8-K,2025-10-23,0000051143-25-000063:ibm_ex991.htm,0000051143-25-000063,
"""generative AI""",0001618732,"Nutanix, Inc.  (NTNX)  (CIK 0001618732)",8-K,2024-05-29,0000950170-24-065921:ntnx-ex99_1.htm,0000950170-24-065921,
"""generative AI""",0001116942,TTM TECHNOLOGIES INC  (TTMI)  (CIK 0001116942),8-K,2026-02-04,0001193125-26-037560:d19660dex991.htm,0001193125-26-037560,
"""generative AI""",0001045810,NVIDIA CORP  (NVDA)  (CIK 0001045810),8-K,2025-02-26,0001045810-25-000021:q4fy25cfocommentary.htm,0001045810-25-000021,
"""generative AI""",0001583708,"SentinelOne, Inc.  (S)  (CIK 0001583708)",8-K,2025-12-04,0001583708-25-000157:s-q3fy26earningspresenta.htm,0001583708-25-000157,
"""generative AI""",0001066194,EGAIN Corp  (EGAN)  (CIK 0001066194),8-K,2025-05-14,0001558370-25-007732:egan-20250514xex99d1.htm,0001558370-25-007732,
"""generative AI""",0001667313,"Zedge, Inc.  (ZDGE)  (CIK 0001667313)",8-K,2023-06-12,0001213900-23-048152:ea180184ex99-1_zedge.htm,0001213900-23-048152,
"""generative AI""",0001819989,Cipher Mining Inc.  (CIFR)  (CIK 0001819989),8-K,2026-02-03,0000950103-26-001480:dp240991_ex9901.htm,0000950103-26-001480,
"""generative AI""",0001454938,Outbrain Inc.  (OB)  (CIK 0001454938),8-K,2025-02-03,0001140361-25-002909:ny20037354x6_ex99-3.htm,0001140361-25-002909,
"""generative AI""",0001611052,"PROCORE TECHNOLOGIES, INC.  (PCOR)  (CIK 0001611052)",8-K,2023-09-20,0001193125-23-238562:d536618dex991.htm,0001193125-23-238562,
"""generative AI""",0000087347,SCHLUMBERGER LIMITED/NV  (SLB)  (CIK 0000087347),8-K,2024-10-18,0001193125-24-239201:d837842dex99.htm,0001193125-24-239201,
"""generative AI""",0002042022,"WhiteFiber, Inc.  (WYFI)  (CIK 0002042022)",8-K,2025-08-08,0001213900-25-073717:ea025239101ex99-2_whitefiber.htm,0001213900-25-073717,
"""generative AI""",0001763950,Lantern Pharma Inc.  (LTRN)  (CIK 0001763950),8-K,2024-03-18,0001493152-24-010303:ex99-1.htm,0001493152-24-010303,
"""generative AI""",0001583708,"SentinelOne, Inc.  (S)  (CIK 0001583708)",8-K,2023-06-01,0001583708-23-000034:shareholderletterq1fy24-.htm,0001583708-23-000034,
"""generative AI""",0001941365,"MasterBrand, Inc.  (MBC)  (CIK 0001941365)",8-K,2024-06-10,0001140361-24-029580:ef20030890_ex99-1.htm,0001140361-24-029580,
"""generative AI""",0000051143,INTERNATIONAL BUSINESS MACHINES CORP  (IBM)  (CIK 0000051143),8-K,2024-04-24,0000051143-24-000018:ibm-20240424xex991.htm,0000051143-24-000018,
"""generative AI""",0001625641,"CS Disco, Inc.  (LAW)  (CIK 0001625641)",8-K,2024-11-06,0001625641-24-000153:q32024earningsrelease.htm,0001625641-24-000153,
"""generative AI""",0000829323,"Inuvo, Inc.  (INUV)  (CIK 0000829323)",8-K,2025-11-06,0001654954-25-012672:inuvo_ex992.htm,0001654954-25-012672,
"""generative AI""",0000024741,CORNING INC /NY  (GLW)  (CIK 0000024741),8-K,2024-10-29,0001437749-24-032360:ex_708020.htm,0001437749-24-032360,
"""generative AI""",0001577526,"C3.ai, Inc.  (AI)  (CIK 0001577526)",8-K,2025-05-27,0001628280-25-027907:exhibit991-pressrelease527.htm,0001628280-25-027907,
"""generative AI""",0001819394,"Matterport, Inc./DE  (MTTR)  (CIK 0001819394)",8-K,2023-08-08,0001819394-23-000042:mttr-20230808xexx991q223.htm,0001819394-23-000042,
"""generative AI""",0001898496,"Getty Images Holdings, Inc.  (GETY)  (CIK 0001898496)",8-K,2025-09-18,0001213900-25-089060:ea025750701ex99-1_getty.htm,0001213900-25-089060,
"""generative AI""",0001577526,"C3.ai, Inc.  (AI)  (CIK 0001577526)",8-K,2026-06-03,0001577526-26-000056:ex991-fy26xq4earnings.htm,0001577526-26-000056,
"""generative AI""",0001820144,"Grindr Inc.  (GRND, GRND-WT)  (CIK 0001820144)",8-K,2024-08-08,0001820144-24-000037:grindr_q22024xshlxvfx882.htm,0001820144-24-000037,
"""generative AI""",0001823466,"FiscalNote Holdings, Inc.  (NOTE, NOTE-WT)  (CIK 0001823466)",8-K,2024-05-09,0000950170-24-056244:note-ex99_2.htm,0000950170-24-056244,
"""generative AI""",0002042022,"WhiteFiber, Inc.  (WYFI)  (CIK 0002042022)",8-K,2025-09-03,0001213900-25-083731:ea025576301ex99-1_white.htm,0001213900-25-083731,
"""generative AI""",0001873722,Bubblr Inc.  (BBLR)  (CIK 0001873722),8-K,2025-05-05,0001641172-25-008631:form8-k.htm,0001641172-25-008631,
"""generative AI""",0001737523,BioNexus Gene Lab Corp  (BGLC)  (CIK 0001737523),8-K,2024-08-28,0001477932-24-005339:bglc_ex991.htm,0001477932-24-005339,
"""generative AI""",0001577526,"C3.ai, Inc.  (AI)  (CIK 0001577526)",8-K,2023-03-02,0001628280-23-006047:exhibit992.htm,0001628280-23-006047,
"""generative AI""",0001013857,PEGASYSTEMS INC  (PEGA)  (CIK 0001013857),8-K,2025-01-21,0001013857-25-000008:ex991to2025newdirector8-k.htm,0001013857-25-000008,
"""generative AI""",0001794515,ZoomInfo Technologies Inc.  (ZI)  (CIK 0001794515),8-K,2023-05-01,0001794515-23-000079:zi-8kex991x20230501.htm,0001794515-23-000079,
"""generative AI""",0001898496,"Getty Images Holdings, Inc.  (GETY)  (CIK 0001898496)",8-K,2025-01-07,0001104659-25-001732:tm252186d1_ex99-1.htm,0001104659-25-001732,
"""generative AI""",0001013237,FACTSET RESEARCH SYSTEMS INC  (FDS)  (CIK 0001013237),8-K,2024-03-21,0001013237-24-000036:fds-newboardappointmentxla.htm,0001013237-24-000036,
"""generative AI""",0001549346,"Shutterstock, Inc.  (SSTK)  (CIK 0001549346)",8-K,2025-01-07,0001140361-25-000468:ny20041185x1_ex99-1.htm,0001140361-25-000468,
"""generative AI""",0000064463,"Soluna Holdings, Inc  (SLNH, SLNHP)  (CIK 0000064463)",8-K,2024-04-03,0001493152-24-013008:ex99-1.htm,0001493152-24-013008,
"""generative AI""",0001058290,COGNIZANT TECHNOLOGY SOLUTIONS CORP  (CTSH)  (CIK 0001058290),8-K,2025-10-29,0001058290-25-000338:exhibit9929302025.htm,0001058290-25-000338,
"""generative AI""",0001651562,"Coursera, Inc.  (COUR)  (CIK 0001651562)",8-K,2025-11-17,0001140361-25-042425:ef20059091_ex99-1.htm,0001140361-25-042425,
"""generative AI""",0001667313,"Zedge, Inc.  (ZDGE)  (CIK 0001667313)",8-K,2025-10-14,0001213900-25-098302:ea026104501ex99-1_zedge.htm,0001213900-25-098302,
"""generative AI""",0001630212,Avalon GloboCare Corp.  (ALBT)  (CIK 0001630212),8-K,2026-04-21,0001213900-26-045891:ea0287102-8k_avalon.htm,0001213900-26-045891,
"""generative AI""",0001672688,Absci Corp  (ABSI)  (CIK 0001672688),8-K,2025-03-18,0001628280-25-013455:generalcorporatepresenta.htm,0001628280-25-013455,
"""generative AI""",0001807166,Amesite Inc.  (AMST)  (CIK 0001807166),8-K,2023-03-10,0001213900-23-019185:ea175024ex99-1_amesite.htm,0001213900-23-019185,
"""generative AI""",0001320760,"TSS, Inc.  (TSSI)  (CIK 0001320760)",8-K,2024-10-08,0001437749-24-030846:ex_730613.htm,0001437749-24-030846,
"""generative AI""",0001564708,"NEWS CORP  (NWS, NWSA)  (CIK 0001564708)",8-K,2025-03-25,0001564708-25-000144:a032525991-ctoresignation.htm,0001564708-25-000144,
"""generative AI""",0000815556,FASTENAL CO  (FAST)  (CIK 0000815556),8-K,2025-03-13,0000815556-25-000072:a2025_investordayxdeckxx.htm,0000815556-25-000072,
"""generative AI""",0001022079,QUEST DIAGNOSTICS INC  (DGX)  (CIK 0001022079),8-K,2024-05-21,0001022079-24-000138:dgx05162024ex991.htm,0001022079-24-000138,
"""generative AI""",0001582961,"DigitalOcean Holdings, Inc.  (DOCN)  (CIK 0001582961)",8-K,2024-07-22,0001582961-24-000113:exhibit991-croannouncement.htm,0001582961-24-000113,
"""generative AI""",0001438231,Digimarc CORP  (DMRC)  (CIK 0001438231),8-K,2024-01-09,0001193125-24-004808:d862282dex991.htm,0001193125-24-004808,
"""generative AI""",0001667313,"Zedge, Inc.  (ZDGE)  (CIK 0001667313)",8-K,2026-03-25,0001213900-26-033824:ea028325001ex99-1.htm,0001213900-26-033824,
"""generative AI""",0001768267,Cerence Inc.  (CRNC)  (CIK 0001768267),8-K,2025-03-20,0000950170-25-042711:crnc-ex99_1.htm,0000950170-25-042711,
"""generative AI""",0001607939,"Udemy, Inc.  (UDMY)  (CIK 0001607939)",8-K,2023-11-02,0001607939-23-000184:q32023pressrelease.htm,0001607939-23-000184,
"""generative AI""",0001320760,"TSS, Inc.  (TSSI)  (CIK 0001320760)",8-K,2024-06-10,0001437749-24-019812:ex_686152.htm,0001437749-24-019812,
"""generative AI""",0001497230,"SMC Entertainment, Inc.  (SMCE)  (CIK 0001497230)",8-K,2024-04-25,0001654954-24-005039:smc_ex991.htm,0001654954-24-005039,
"""generative AI""",0000064463,"Soluna Holdings, Inc  (SLNH, SLNHP)  (CIK 0000064463)",8-K,2024-07-17,0001493152-24-028109:ex99-1.htm,0001493152-24-028109,
"""generative AI""",0001898496,"Getty Images Holdings, Inc.  (GETY)  (CIK 0001898496)",8-K,2025-11-04,0001213900-25-106226:ea026402001ex99-1_getty.htm,0001213900-25-106226,
"""generative AI""",0001667313,"Zedge, Inc.  (ZDGE)  (CIK 0001667313)",8-K,2024-10-29,0001213900-24-091397:ea021881601ex99-1_zedgeinc.htm,0001213900-24-091397,
"""generative AI""",0001475115,"Eventbrite, Inc.  (EB)  (CIK 0001475115)",8-K,2023-08-03,0001475115-23-000123:newdirectorpressreleasedat.htm,0001475115-23-000123,
"""generative AI""",0000713425,AMERICAN SOFTWARE INC  (AMSWA)  (CIK 0000713425),8-K,2023-09-25,0001157523-23-001443:a53561169ex99_1.htm,0001157523-23-001443,
"""generative AI""",0001058290,COGNIZANT TECHNOLOGY SOLUTIONS CORP  (CTSH)  (CIK 0001058290),8-K,2024-02-06,0001058290-24-000013:exhibit992123123.htm,0001058290-24-000013,
"""generative AI""",0001564408,Snap Inc  (SNAP)  (CIK 0001564408),8-K,2025-11-05,0001564408-25-000063:q32025investorletter.htm,0001564408-25-000063,
"""generative AI""",0000064463,"Soluna Holdings, Inc  (SLNH, SLNHP)  (CIK 0000064463)",8-K,2026-05-01,0001493152-26-020814:ex99-1.htm,0001493152-26-020814,
"""generative AI""",0001568100,"PagerDuty, Inc.  (PD)  (CIK 0001568100)",8-K,2026-01-20,0001568100-26-000003:ex991-8xkxdirectorappointm.htm,0001568100-26-000003,
"""generative AI""",0001568100,"PagerDuty, Inc.  (PD)  (CIK 0001568100)",8-K,2024-12-05,0001568100-24-000142:exhibit991-12520248xk.htm,0001568100-24-000142,
"""generative AI""",0001564408,Snap Inc  (SNAP)  (CIK 0001564408),8-K,2023-07-25,0001564408-23-000036:q22023investorletter_vf.htm,0001564408-23-000036,
"""generative AI""",0001667313,"Zedge, Inc.  (ZDGE)  (CIK 0001667313)",8-K,2024-12-16,0001213900-24-109010:ea022485401ex99-1_zedge.htm,0001213900-24-109010,
"""generative AI""",0000829323,"Inuvo, Inc.  (INUV)  (CIK 0000829323)",8-K,2023-05-04,0000829323-23-000020:inuv-20230504.htm,0000829323-23-000020,
"""generative AI""",0001045810,NVIDIA CORP  (NVDA)  (CIK 0001045810),8-K,2025-02-26,0001045810-25-000021:q4fy25pr.htm,0001045810-25-000021,
"""generative AI""",0001840317,"Plum Acquisition Corp. I  (PLMI, PLMIU, PLMIW)  (CIK 0001840317)",8-K,2023-11-28,0001213900-23-090335:ea189129ex99-1_plumacq1.htm,0001213900-23-090335,
"""generative AI""",0001736297,"Astera Labs, Inc.  (ALAB)  (CIK 0001736297)",8-K,2024-06-24,0001736297-24-000009:june2024releaseforbethanym.htm,0001736297-24-000009,
"""generative AI""",0000064463,"Soluna Holdings, Inc  (SLNH, SLNHP)  (CIK 0000064463)",8-K,2024-12-13,0001493152-24-049909:ex99-1.htm,0001493152-24-049909,
"""generative AI""",0001356570,WNS (HOLDINGS) LTD  (WNS)  (CIK 0001356570),8-K,2025-07-07,0001193125-25-155862:d98718dex991.htm,0001193125-25-155862,
"""generative AI""",0001565687,"Intapp, Inc.  (INTA)  (CIK 0001565687)",8-K,2025-11-04,0001565687-25-000099:inta-20250930xex991.htm,0001565687-25-000099,
"""generative AI""",0001416090,BLUSKY AI INC.  (BSAI)  (CIK 0001416090),8-K,2025-07-23,0001096906-25-001173:bsai_ex99z1.htm,0001096906-25-001173,
"""generative AI""",0001373715,"ServiceNow, Inc.  (NOW)  (CIK 0001373715)",8-K,2024-10-23,0001373715-24-000342:prnewleadership.htm,0001373715-24-000342,
"""generative AI""",0001677703,CONDUENT Inc  (CNDT)  (CIK 0001677703),8-K,2026-05-20,0001677703-26-000066:exhibit991cndtnewdirectorpr.htm,0001677703-26-000066,
"""generative AI""",0001667011,"Arteris, Inc.  (AIP)  (CIK 0001667011)",8-K,2024-02-20,0001667011-24-000009:exhibit991fy238-k.htm,0001667011-24-000009,
"""generative AI""",0001364954,"CHEGG, INC  (CHGG)  (CIK 0001364954)",8-K,2025-05-12,0001364954-25-000049:a9901-financialresultsq120.htm,0001364954-25-000049,
"""generative AI""",0001325964,"Lightwave Logic, Inc.  (LWLG)  (CIK 0001325964)",8-K,2025-12-08,0001079973-25-001824:ex99x1.htm,0001079973-25-001824,
"""generative AI""",0000935036,"ACI WORLDWIDE, INC.  (ACIW)  (CIK 0000935036)",8-K,2024-02-29,0000935036-24-000005:aciw-20240229ex993.htm,0000935036-24-000005,
"""generative AI""",0001820953,"Affirm Holdings, Inc.  (AFRM)  (CIK 0001820953)",8-K,2025-08-28,0001820953-25-000078:affirmfq425designedshare.htm,0001820953-25-000078,
"""generative AI""",0001866368,"Clearwater Analytics Holdings, Inc.  (CWAN)  (CIK 0001866368)",8-K,2025-01-13,0001193125-25-004935:d921635dex992.htm,0001193125-25-004935,
"""generative AI""",0002042022,"WhiteFiber, Inc.  (WYFI)  (CIK 0002042022)",8-K,2025-08-28,0001213900-25-081421:ea025484401ex99-1_white.htm,0001213900-25-081421,
"""generative AI""",0001527613,CIMG Inc.  (IMG)  (CIK 0001527613),8-K,2025-10-02,0001493152-25-016692:ex99-1.htm,0001493152-25-016692,
"""generative AI""",0001898496,"Getty Images Holdings, Inc.  (GETY)  (CIK 0001898496)",8-K,2024-05-28,0001104659-24-065365:tm2415646d1_8k.htm,0001104659-24-065365,
"""generative AI""",0001320760,"TSS, Inc.  (TSSI)  (CIK 0001320760)",8-K,2024-11-12,0001437749-24-034534:ex_747027.htm,0001437749-24-034534,
"""generative AI""",0000002488,ADVANCED MICRO DEVICES INC  (AMD)  (CIK 0000002488),8-K,2024-04-30,0000002488-24-000054:amdq124earningsslides.htm,0000002488-24-000054,
"""generative AI""",0001805526,Janover Inc.  (JNVR)  (CIK 0001805526),8-K,2024-01-11,0001213900-24-002825:ea191508-8k_janover.htm,0001213900-24-002825,
"""generative AI""",0000064463,"Soluna Holdings, Inc  (SLNH, SLNHP)  (CIK 0000064463)",8-K,2024-09-16,0001493152-24-036350:ex99-1.htm,0001493152-24-036350,
"""generative AI""",0000713425,AMERICAN SOFTWARE INC  (AMSWA)  (CIK 0000713425),8-K,2024-06-06,0001628280-24-027032:asiq4fy24pressrelease-fi.htm,0001628280-24-027032,
"""generative AI""",0000064463,"Soluna Holdings, Inc  (SLNH, SLNHP)  (CIK 0000064463)",8-K,2024-05-22,0001493152-24-021002:ex99-4.htm,0001493152-24-021002,
"""generative AI""",0000064463,"Soluna Holdings, Inc  (SLNH, SLNHP)  (CIK 0000064463)",8-K,2025-10-06,0001493152-25-017009:ex99-1.htm,0001493152-25-017009,
"""generative AI""",0000001750,AAR CORP  (AIR)  (CIK 0000001750),8-K,2025-03-19,0001104659-25-025564:tm259566d1_ex99-1.htm,0001104659-25-025564,
"""generative AI""",0002042022,"WhiteFiber, Inc.  (WYFI)  (CIK 0002042022)",8-K,2025-08-08,0001213900-25-073717:ea025239101ex99-1_whitefiber.htm,0001213900-25-073717,
"""generative AI""",0001651562,"Coursera, Inc.  (COUR)  (CIK 0001651562)",8-K,2023-04-27,0001651562-23-000003:cour-20230331xexx991.htm,0001651562-23-000003,
"""generative AI""",0001665300,"Phunware, Inc.  (PHUN)  (CIK 0001665300)",8-K,2025-10-22,0001193125-25-245840:phun-ex99_1.htm,0001193125-25-245840,
"""generative AI""",0001607939,"Udemy, Inc.  (UDMY)  (CIK 0001607939)",8-K,2025-09-10,0001607939-25-000133:udmysharerepurchase925.htm,0001607939-25-000133,
"""generative AI""",0001905956,TREASURE GLOBAL INC  (TGL)  (CIK 0001905956),8-K,2024-11-01,0001213900-24-093589:ea0219539-8k_treasure.htm,0001213900-24-093589,
"""generative AI""",0001868912,"Enfusion, Inc.  (ENFN)  (CIK 0001868912)",8-K,2025-01-13,0001104659-25-002843:tm251420d1_ex99-2.htm,0001104659-25-002843,
"""generative AI""",0001667313,"Zedge, Inc.  (ZDGE)  (CIK 0001667313)",8-K,2025-01-21,0001213900-25-004803:ea022815601ex99-1_zedge.htm,0001213900-25-004803,
"""generative AI""",0001564408,Snap Inc  (SNAP)  (CIK 0001564408),8-K,2026-02-04,0001564408-26-000011:snapincq42025investorlet.htm,0001564408-26-000011,
"""generative AI""",0001973047,MARKY CORP.  (MRKY)  (CIK 0001973047),8-K,2025-05-30,0001973047-25-000011:mrky_8k.htm,0001973047-25-000011,
"""generative AI""",0000064463,"Soluna Holdings, Inc  (SLNH, SLNHP)  (CIK 0000064463)",8-K,2025-02-20,0001493152-25-007728:ex99-2.htm,0001493152-25-007728,
"""generative AI""",0000064463,"Soluna Holdings, Inc  (SLNH, SLNHP)  (CIK 0000064463)",8-K,2025-07-08,0001641172-25-018089:ex99-1.htm,0001641172-25-018089,
"""generative AI""",0000064463,"Soluna Holdings, Inc  (SLNH, SLNHP)  (CIK 0000064463)",8-K,2025-08-08,0001641172-25-022807:ex99-1.htm,0001641172-25-022807,
"""generative AI""",0001945619,Kinetic Seas Inc.  (ECGR)  (CIK 0001945619),8-K,2024-05-08,0001683168-24-003111:kinetic_ex9900.htm,0001683168-24-003111,
"""generative AI""",0001868640,"Roadzen Inc.  (RDZN, RDZNW)  (CIK 0001868640)",8-K,2024-07-31,0000950170-24-088252:rdzn-ex99_1.htm,0000950170-24-088252,
"""generative AI""",0001398659,Genpact LTD  (G)  (CIK 0001398659),8-K,2023-05-10,0001398659-23-000016:genpactltdexhibit99121.htm,0001398659-23-000016,
"""generative AI""",0001341439,ORACLE CORP  (ORCL)  (CIK 0001341439),8-K,2023-09-11,0000950170-23-047471:orcl-ex99_1.htm,0000950170-23-047471,
"""generative AI""",0001768267,Cerence Inc.  (CRNC)  (CIK 0001768267),8-K,2025-05-07,0000950170-25-065725:crnc-ex99_1.htm,0000950170-25-065725,
"""generative AI""",0000935036,"ACI WORLDWIDE, INC.  (ACIW)  (CIK 0000935036)",8-K,2024-03-13,0000935036-24-000011:aciw-20240312_ex991.htm,0000935036-24-000011,
"""generative AI""",0001505155,"Upland Software, Inc.  (UPLD)  (CIK 0001505155)",8-K,2024-11-07,0001505155-24-000101:q324991earningsrelease.htm,0001505155-24-000101,
"""generative AI""",0001058290,COGNIZANT TECHNOLOGY SOLUTIONS CORP  (CTSH)  (CIK 0001058290),8-K,2026-02-04,0001058290-26-000003:exhibit99212312025.htm,0001058290-26-000003,
"""generative AI""",0001699838,"Confluent, Inc.  (CFLT)  (CIK 0001699838)",8-K,2025-04-30,0000950170-25-061034:cflt-ex99_1.htm,0000950170-25-061034,
"""generative AI""",0000064463,"Soluna Holdings, Inc  (SLNH, SLNHP)  (CIK 0000064463)",8-K,2026-02-10,0001493152-26-005888:ex99-1.htm,0001493152-26-005888,
"""generative AI""",0001320760,"TSS, Inc.  (TSSI)  (CIK 0001320760)",8-K,2025-08-15,0001654954-25-009676:tssi_ex991.htm,0001654954-25-009676,
"""generative AI""",0000051143,INTERNATIONAL BUSINESS MACHINES CORP  (IBM)  (CIK 0000051143),8-K,2024-07-24,0000051143-24-000033:ibm-20240724xex991.htm,0000051143-24-000033,
"""generative AI""",0001615165,"Veritone, Inc.  (VERI)  (CIK 0001615165)",8-K,2024-05-07,0000950170-24-054647:veri-ex99_1.htm,0000950170-24-054647,
"""generative AI""",0001651562,"Coursera, Inc.  (COUR)  (CIK 0001651562)",8-K,2025-10-23,0001651562-25-000056:cour-20250930xexx991.htm,0001651562-25-000056,
"""generative AI""",0001607939,"Udemy, Inc.  (UDMY)  (CIK 0001607939)",8-K,2025-06-03,0001607939-25-000075:revolvingcreditfacilityprq.htm,0001607939-25-000075,
"""generative AI""",0001905956,TREASURE GLOBAL INC  (TGL)  (CIK 0001905956),8-K,2025-03-28,0001013762-25-004080:ea0236158-8k_treasure.htm,0001013762-25-004080,
"""generative AI""",0001059556,MOODYS CORP /DE/  (MCO)  (CIK 0001059556),8-K,2023-07-25,0001059556-23-000046:mco-20230725.htm,0001059556-23-000046,
"""generative AI""",0001807794,Credo Technology Group Holding Ltd  (CRDO)  (CIK 0001807794),8-K,2024-04-02,0001628280-24-014410:a8-kapril2024ex991.htm,0001628280-24-014410,
"""generative AI""",0001018724,AMAZON COM INC  (AMZN)  (CIK 0001018724),8-K,2023-04-27,0001018724-23-000006:amzn-20230331xex991.htm,0001018724-23-000006,
"""generative AI""",0001618732,"Nutanix, Inc.  (NTNX)  (CIK 0001618732)",8-K,2025-09-18,0001193125-25-207584:ntnx-ex99_1.htm,0001193125-25-207584,
"""generative AI""",0000836157,LINDSAY CORP  (LNN)  (CIK 0000836157),8-K,2025-09-15,0001193125-25-203644:lnn-ex99_1.htm,0001193125-25-203644,
"""generative AI""",0001124610,"VMWARE, INC.  (CIK 0001124610)",8-K,2023-08-31,0001124610-23-000059:pressreleasefinancials_831.htm,0001124610-23-000059,
"""generative AI""",0001416090,BLUSKY AI INC.  (BSAI)  (CIK 0001416090),8-K,2025-06-16,0001096906-25-000963:imii_ex99z1.htm,0001096906-25-000963,
"""generative AI""",0001607939,"Udemy, Inc.  (UDMY)  (CIK 0001607939)",8-K,2025-04-30,0001607939-25-000055:q12025pressrelease.htm,0001607939-25-000055,
"""generative AI""",0001805521,"FARADAY FUTURE INTELLIGENT ELECTRIC INC.  (FFIE, FFIEW)  (CIK 0001805521)",8-K,2023-08-21,0001213900-23-069404:ea183983ex99-3_faraday.htm,0001213900-23-069404,
"""generative AI""",0000064463,"Soluna Holdings, Inc  (SLNH, SLNHP)  (CIK 0000064463)",8-K,2025-02-25,0001493152-25-008139:ex99-1.htm,0001493152-25-008139,
"""generative AI""",0002042022,"WhiteFiber, Inc.  (WYFI)  (CIK 0002042022)",8-K,2026-05-21,0001213900-26-060135:ea029187601ex99-1.htm,0001213900-26-060135,
"""generative AI""",0001785279,"Metagenomi, Inc.  (MGX)  (CIK 0001785279)",8-K,2025-08-12,0000950170-25-107304:mgx-ex99_2.htm,0000950170-25-107304,
"""generative AI""",0001607939,"Udemy, Inc.  (UDMY)  (CIK 0001607939)",8-K,2023-11-02,0001607939-23-000181:exhibit991-xinstructorle.htm,0001607939-23-000181,
"""generative AI""",0000064463,"Soluna Holdings, Inc  (SLNH, SLNHP)  (CIK 0000064463)",8-K,2025-09-11,0001493152-25-013038:ex99-1.htm,0001493152-25-013038,
"""generative AI""",0001840856,"SOUNDHOUND AI, INC.  (SOUN, SOUNW)  (CIK 0001840856)",8-K,2023-07-25,0001213900-23-059417:ea182291ex99-1_soundhound.htm,0001213900-23-059417,
"""generative AI""",0001868640,"Roadzen Inc.  (RDZN, RDZNW)  (CIK 0001868640)",8-K,2024-12-12,0001493152-24-049752:ex99-1.htm,0001493152-24-049752,
"""generative AI""",0002074065,Brookfield Private Equity Fund LP  (CIK 0002074065),8-K,2025-10-06,0001104659-25-097128:tm2528079d1_8k.htm,0001104659-25-097128,
"""generative AI""",0000932696,INSIGHT ENTERPRISES INC  (NSIT)  (CIK 0000932696),8-K,2025-10-01,0000932696-25-000009:exhibit9911.htm,0000932696-25-000009,
"""generative AI""",0000064463,"Soluna Holdings, Inc  (SLNH, SLNHP)  (CIK 0000064463)",8-K,2025-06-24,0001641172-25-016231:ex99-1.htm,0001641172-25-016231,
"""generative AI""",0001737523,BioNexus Gene Lab Corp  (BGLC)  (CIK 0001737523),8-K,2024-08-26,0001477932-24-005269:bglc_8k.htm,0001477932-24-005269,
"""generative AI""",0001416090,BLUSKY AI INC.  (BSAI)  (CIK 0001416090),8-K,2025-06-26,0001096906-25-001036:bsai_ex99z1.htm,0001096906-25-001036,
"""generative AI""",0001672688,Absci Corp  (ABSI)  (CIK 0001672688),8-K,2026-01-14,0001672688-26-000003:finalabscijpm2026present.htm,0001672688-26-000003,
"""generative AI""",0001699838,"Confluent, Inc.  (CFLT)  (CIK 0001699838)",8-K,2025-07-30,0001699838-25-000004:cflt-20250630xexx991.htm,0001699838-25-000004,
"""generative AI""",0000051143,INTERNATIONAL BUSINESS MACHINES CORP  (IBM)  (CIK 0000051143),8-K,2024-01-24,0000051143-24-000004:ibm-20240124xex991.htm,0000051143-24-000004,
"""generative AI""",0001058290,COGNIZANT TECHNOLOGY SOLUTIONS CORP  (CTSH)  (CIK 0001058290),8-K,2025-02-05,0001058290-25-000007:exhibit99212312024.htm,0001058290-25-000007,
"""generative AI""",0001297989,"ExlService Holdings, Inc.  (EXLS)  (CIK 0001297989)",8-K,2024-02-29,0001297989-24-000002:exlq42023pressrelease.htm,0001297989-24-000002,
"""generative AI""",0001816233,"Sharecare, Inc.  (SHCR, SHCRW)  (CIK 0001816233)",8-K,2023-11-09,0001816233-23-000181:a992shcr-ceoexecchairxfinal.htm,0001816233-23-000181,
"""generative AI""",0001672688,Absci Corp  (ABSI)  (CIK 0001672688),8-K,2026-03-06,0001672688-26-000047:exhibit991-26x03x03pr.htm,0001672688-26-000047,
"""generative AI""",0001505155,"Upland Software, Inc.  (UPLD)  (CIK 0001505155)",8-K,2024-08-01,0001505155-24-000068:q224991earningsrelease.htm,0001505155-24-000068,
"""generative AI""",0001868640,"Roadzen Inc.  (RDZN, RDZNW)  (CIK 0001868640)",8-K,2025-01-06,0001493152-25-000996:ex99-2.htm,0001493152-25-000996,
"""generative AI""",0001895618,GAXOS.AI INC.  (GXAI)  (CIK 0001895618),8-K,2026-06-25,0001213900-26-072056:ea029589401ex99-1.htm,0001213900-26-072056,
"""generative AI""",0000064463,"Soluna Holdings, Inc  (SLNH, SLNHP)  (CIK 0000064463)",8-K,2024-10-03,0001493152-24-039310:ex99-1.htm,0001493152-24-039310,
"""generative AI""",0001530766,"BioSig Technologies, Inc.  (BSGM)  (CIK 0001530766)",8-K,2023-08-24,0001185185-23-000913:ex_564354.htm,0001185185-23-000913,
"""generative AI""",0000064463,"Soluna Holdings, Inc  (SLNH, SLNHP)  (CIK 0000064463)",8-K,2024-09-09,0001493152-24-035524:ex99-1.htm,0001493152-24-035524,
"""generative AI""",0000064463,"Soluna Holdings, Inc  (SLNH, SLNHP)  (CIK 0000064463)",8-K,2025-12-08,0001493152-25-026531:ex99-1.htm,0001493152-25-026531,
"""generative AI""",0001573221,"TheRealReal, Inc.  (REAL)  (CIK 0001573221)",8-K,2024-08-06,0001573221-24-000105:real-20240806xex991pressre.htm,0001573221-24-000105,
"""generative AI""",0002042022,"WhiteFiber, Inc.  (WYFI)  (CIK 0002042022)",8-K,2026-05-27,0001213900-26-061575:ea029228001ex99-1.htm,0001213900-26-061575,
"""generative AI""",0000896878,INTUIT INC.  (INTU)  (CIK 0000896878),8-K,2023-08-14,0000896878-23-000028:exhibitx.htm,0000896878-23-000028,
"""generative AI""",0001473490,"Global AI, Inc.  (GLAI)  (CIK 0001473490)",8-K,2025-01-07,0001493152-25-001227:ex99-1.htm,0001493152-25-001227,
"""generative AI""",0001868640,"Roadzen Inc.  (RDZN, RDZNW)  (CIK 0001868640)",8-K,2025-07-31,0001641172-25-021773:ex99-1.htm,0001641172-25-021773,
"""generative AI""",0001002047,"NetApp, Inc.  (NTAP)  (CIK 0001002047)",8-K,2024-11-21,0000950170-24-129714:ntap-ex99_1.htm,0000950170-24-129714,
"""generative AI""",0001607939,"Udemy, Inc.  (UDMY)  (CIK 0001607939)",8-K,2025-02-13,0001607939-25-000007:q42024pressrelease.htm,0001607939-25-000007,
"""generative AI""",0001768267,Cerence Inc.  (CRNC)  (CIK 0001768267),8-K,2026-02-04,0001628280-26-005491:q1fy26cerenceaipressrele.htm,0001628280-26-005491,
"""generative AI""",0001282631,NETLIST INC  (NLST)  (CIK 0001282631),8-K,2023-08-14,0001104659-23-090933:tm2323654d1_ex99-1.htm,0001104659-23-090933,
"""generative AI""",0001320760,"TSS, Inc.  (TSSI)  (CIK 0001320760)",8-K,2025-08-15,0001654954-25-009676:tssi_ex992.htm,0001654954-25-009676,
"""generative AI""",0000064463,"Soluna Holdings, Inc  (SLNH, SLNHP)  (CIK 0000064463)",8-K,2025-03-18,0001493152-25-010691:ex99-1.htm,0001493152-25-010691,
"""generative AI""",0001616707,Wayfair Inc.  (W)  (CIK 0001616707),8-K,2025-03-07,0001616707-25-000028:blogpost.htm,0001616707-25-000028,
"""generative AI""",0001549346,"Shutterstock, Inc.  (SSTK)  (CIK 0001549346)",8-K,2024-07-09,0001549346-24-000025:sstkappointsjaimeteevantob.htm,0001549346-24-000025,
"""generative AI""",0001651562,"Coursera, Inc.  (COUR)  (CIK 0001651562)",8-K,2023-07-27,0001651562-23-000010:cour-20230630xexx991.htm,0001651562-23-000010,
"""generative AI""",0001648960,"DatChat, Inc.  (DATS, DATSW)  (CIK 0001648960)",8-K,2024-11-04,0001213900-24-094213:ea021993201ex99-1_datchat.htm,0001213900-24-094213,
"""generative AI""",0001048695,"F5, INC.  (FFIV)  (CIK 0001048695)",8-K,2024-09-03,0001048695-24-000136:ex991-pressrelease8272024.htm,0001048695-24-000136,
"""generative AI""",0000064463,"Soluna Holdings, Inc  (SLNH, SLNHP)  (CIK 0000064463)",8-K,2025-10-21,0001493152-25-018719:ex99-1.htm,0001493152-25-018719,
"""generative AI""",0000874866,CORVEL CORP  (CRVL)  (CIK 0000874866),8-K,2024-01-30,0000950170-24-008469:crvl-ex99_1.htm,0000950170-24-008469,
"""generative AI""",0001823466,"FiscalNote Holdings, Inc.  (NOTE, NOTE-WT)  (CIK 0001823466)",8-K,2024-11-15,0000950170-24-127551:note-ex99_1.htm,0000950170-24-127551,
"""generative AI""",0001768267,Cerence Inc.  (CRNC)  (CIK 0001768267),8-K,2025-08-06,0001628280-25-038336:cerenceaiq3fy25pressrele.htm,0001628280-25-038336,
"""generative AI""",0000064463,"Soluna Holdings, Inc  (SLNH, SLNHP)  (CIK 0000064463)",8-K,2025-05-22,0001641172-25-011984:ex99-1.htm,0001641172-25-011984,
"""generative AI""",0001364954,"CHEGG, INC  (CHGG)  (CIK 0001364954)",8-K,2025-08-05,0001364954-25-000090:a9901-financialresultsq220.htm,0001364954-25-000090,
"""generative AI""",0001734722,"UiPath, Inc.  (PATH)  (CIK 0001734722)",8-K,2023-05-24,0001734722-23-000041:path-20230430xex991.htm,0001734722-23-000041,
"""generative AI""",0000064463,"Soluna Holdings, Inc  (SLNH, SLNHP)  (CIK 0000064463)",8-K,2025-04-17,0001641172-25-005160:ex99-1.htm,0001641172-25-005160,
"""generative AI""",0001320760,"TSS, Inc.  (TSSI)  (CIK 0001320760)",8-K,2025-11-13,0001654954-25-012990:tssi_ex992.htm,0001654954-25-012990,
"""generative AI""",0001102993,LIVEPERSON INC  (LPSN)  (CIK 0001102993),8-K,2023-05-09,0001102993-23-000046:ex991pressreleaseq12023.htm,0001102993-23-000046,
"""generative AI""",0000064463,"Soluna Holdings, Inc  (SLNH, SLNHP)  (CIK 0000064463)",8-K,2025-12-05,0001493152-25-026256:ex99-1.htm,0001493152-25-026256,
"""generative AI""",0001667313,"Zedge, Inc.  (ZDGE)  (CIK 0001667313)",8-K,2025-02-12,0001213900-25-012957:ea023089901ex99-1_zedge.htm,0001213900-25-012957,
"""generative AI""",0001785279,"Metagenomi, Inc.  (MGX)  (CIK 0001785279)",8-K,2025-05-13,0000950170-25-070448:mgx-ex99_2.htm,0000950170-25-070448,
"""generative AI""",0001420720,"iBio, Inc.  (IBIO)  (CIK 0001420720)",8-K,2025-06-24,0001420720-25-000029:ibio-20250624xex99d1.htm,0001420720-25-000029,
"""generative AI""",0001479419,"KALA BIO, Inc.  (KALA)  (CIK 0001479419)",8-K,2026-03-04,0001829126-26-001911:kalabio_ex99-1.htm,0001829126-26-001911,
"""generative AI""",0001422930,"PubMatic, Inc.  (PUBM)  (CIK 0001422930)",8-K,2025-02-27,0001422930-25-000009:fy24pressrelease.htm,0001422930-25-000009,
"""generative AI""",0001868640,"Roadzen Inc.  (RDZN, RDZNW)  (CIK 0001868640)",8-K,2025-01-06,0001493152-25-000996:ex99-1.htm,0001493152-25-000996,
"""generative AI""",0001573221,"TheRealReal, Inc.  (REAL)  (CIK 0001573221)",8-K,2025-08-21,0001193125-25-185300:d70429dex991.htm,0001193125-25-185300,
"""generative AI""",0001325964,"Lightwave Logic, Inc.  (LWLG)  (CIK 0001325964)",8-K,2025-12-17,0001079973-25-001867:ex99x1.htm,0001079973-25-001867,
"""generative AI""",0000064463,"Soluna Holdings, Inc  (SLNH, SLNHP)  (CIK 0000064463)",8-K,2026-04-21,0001493152-26-018192:ex99-1.htm,0001493152-26-018192,
"""generative AI""",0001582982,"CareCloud, Inc.  (CCLD, CCLDO, CCLDP)  (CIK 0001582982)",8-K,2025-01-27,0001493152-25-003806:ex99-1.htm,0001493152-25-003806,
"""generative AI""",0000064463,"Soluna Holdings, Inc  (SLNH, SLNHP)  (CIK 0000064463)",8-K,2026-05-20,0001493152-26-024511:ex99-1.htm,0001493152-26-024511,
"""generative AI""",0000064463,"Soluna Holdings, Inc  (SLNH, SLNHP)  (CIK 0000064463)",8-K,2025-06-05,0001641172-25-013708:ex99-1.htm,0001641172-25-013708,
"""generative AI""",0001768267,Cerence Inc.  (CRNC)  (CIK 0001768267),8-K,2024-11-21,0000950170-24-129486:crnc-ex99_2.htm,0000950170-24-129486,
"""generative AI""",0001327811,"Workday, Inc.  (WDAY)  (CIK 0001327811)",8-K,2024-05-23,0001327811-24-000089:wday-04302024x991.htm,0001327811-24-000089,
"""generative AI""",0001699838,"Confluent, Inc.  (CFLT)  (CIK 0001699838)",8-K,2025-10-27,0001699838-25-000011:cflt-20250930xexx991.htm,0001699838-25-000011,
"""generative AI""",0001325964,"Lightwave Logic, Inc.  (LWLG)  (CIK 0001325964)",8-K,2024-03-25,0001079973-24-000416:ex99x1.htm,0001079973-24-000416,
"""generative AI""",0001672688,Absci Corp  (ABSI)  (CIK 0001672688),8-K,2025-08-12,0001628280-25-039878:abscicorporatepresentati.htm,0001628280-25-039878,
"""generative AI""",0001868640,"Roadzen Inc.  (RDZN, RDZNW)  (CIK 0001868640)",8-K,2024-07-23,0000950170-24-085444:rdzn-ex99_1.htm,0000950170-24-085444,
"""generative AI""",0001320760,"TSS, Inc.  (TSSI)  (CIK 0001320760)",8-K,2025-01-07,0001654954-25-000152:tssi_ex991.htm,0001654954-25-000152,
"""generative AI""",0001416090,BLUSKY AI INC.  (BSAI)  (CIK 0001416090),8-K,2025-12-17,0001493152-25-028095:ex99-1.htm,0001493152-25-028095,
"""generative AI""",0001630212,Avalon GloboCare Corp.  (ALBT)  (CIK 0001630212),8-K,2026-02-02,0001213900-26-010568:ea027494001ex99-1_avalon.htm,0001213900-26-010568,
"""generative AI""",0001768267,Cerence Inc.  (CRNC)  (CIK 0001768267),8-K,2024-05-09,0000950170-24-056266:crnc-ex99_2.htm,0000950170-24-056266,
"""generative AI""",0001116942,TTM TECHNOLOGIES INC  (TTMI)  (CIK 0001116942),8-K,2025-02-05,0001193125-25-020820:d663986dex991.htm,0001193125-25-020820,
"""generative AI""",0000064463,"Soluna Holdings, Inc  (SLNH, SLNHP)  (CIK 0000064463)",8-K,2025-03-25,0001641172-25-000515:ex99-1.htm,0001641172-25-000515,
"""generative AI""",0000064463,"Soluna Holdings, Inc  (SLNH, SLNHP)  (CIK 0000064463)",8-K,2026-01-20,0001493152-26-002738:ex99-1.htm,0001493152-26-002738,
"""generative AI""",0000064463,"Soluna Holdings, Inc  (SLNH, SLNHP)  (CIK 0000064463)",8-K,2025-02-20,0001493152-25-007728:ex99-1.htm,0001493152-25-007728,
"""generative AI""",0000713425,AMERICAN SOFTWARE INC  (AMSWA)  (CIK 0000713425),8-K,2024-02-21,0001628280-24-005940:asijimedenfieldresignation.htm,0001628280-24-005940,
"""generative AI""",0001805521,"FARADAY FUTURE INTELLIGENT ELECTRIC INC.  (FFIE, FFIEW)  (CIK 0001805521)",8-K,2023-11-15,0001213900-23-087254:ea188475ex99-1_faraday.htm,0001213900-23-087254,
"""generative AI""",0001651562,"Coursera, Inc.  (COUR)  (CIK 0001651562)",8-K,2026-04-23,0001651562-26-000023:cour-20260331xexx991.htm,0001651562-26-000023,
"""generative AI""",0001462223,"Nixxy, Inc.  (NIXX, NIXXW)  (CIK 0001462223)",8-K,2025-02-21,0001654954-25-001736:nixx_ex992.htm,0001654954-25-001736,
"""generative AI""",0001561550,"Datadog, Inc.  (DDOG)  (CIK 0001561550)",8-K,2023-08-08,0001561550-23-000035:ex-991x20230630x8k.htm,0001561550-23-000035,
"""generative AI""",0001829864,"TaskUs, Inc.  (TASK)  (CIK 0001829864)",8-K,2023-08-09,0001829864-23-000100:earningsreleaseex991q22023.htm,0001829864-23-000100,
"""generative AI""",0001785279,"Metagenomi, Inc.  (MGX)  (CIK 0001785279)",8-K,2025-03-17,0000950170-25-040238:mgx-ex99_2.htm,0000950170-25-040238,
"""generative AI""",0000064463,"Soluna Holdings, Inc  (SLNH, SLNHP)  (CIK 0000064463)",8-K,2025-03-27,0001641172-25-000854:ex99-1.htm,0001641172-25-000854,
"""generative AI""",0001825452,"Onfolio Holdings, Inc  (ONFO, ONFOW)  (CIK 0001825452)",8-K,2024-01-04,0001654954-24-000162:onfo_ex991.htm,0001654954-24-000162,
"""generative AI""",0001868640,"Roadzen Inc.  (RDZN, RDZNW)  (CIK 0001868640)",8-K,2024-12-17,0001493152-24-050430:ex99-2.htm,0001493152-24-050430,
"""generative AI""",0001868640,"Roadzen Inc.  (RDZN, RDZNW)  (CIK 0001868640)",8-K,2026-05-05,0001493152-26-021341:ex99-1.htm,0001493152-26-021341,
"""generative AI""",0000064463,"Soluna Holdings, Inc  (SLNH, SLNHP)  (CIK 0000064463)",8-K,2026-02-03,0001493152-26-004831:ex99-1.htm,0001493152-26-004831,
"""generative AI""",0000064463,"Soluna Holdings, Inc  (SLNH, SLNHP)  (CIK 0000064463)",8-K,2025-04-08,0001641172-25-003132:ex99-1.htm,0001641172-25-003132,
"""generative AI""",0001672688,Absci Corp  (ABSI)  (CIK 0001672688),8-K,2026-06-24,0001193125-26-281143:d139233dex991.htm,0001193125-26-281143,
"""generative AI""",0001870600,"Solo Brands, Inc.  (DTC)  (CIK 0001870600)",8-K,2025-01-22,0001870600-25-000002:dtc-20250116.htm,0001870600-25-000002,
"""generative AI""",0000064463,"Soluna Holdings, Inc  (SLNH, SLNHP)  (CIK 0000064463)",8-K,2024-03-01,0001493152-24-008481:ex99-1.htm,0001493152-24-008481,
"""generative AI""",0001976663,"Nexscient, Inc.  (NXNT)  (CIK 0001976663)",8-K,2025-02-03,0001477932-25-000639:nexscient_ex991.htm,0001477932-25-000639,
"""generative AI""",0000829323,"Inuvo, Inc.  (INUV)  (CIK 0000829323)",8-K,2025-01-21,0001654954-25-000568:inuvo_ex991.htm,0001654954-25-000568,
"""generative AI""",0001066194,EGAIN Corp  (EGAN)  (CIK 0001066194),8-K,2024-11-21,0001558370-24-015894:egan-20241115xex99d1.htm,0001558370-24-015894,
"""generative AI""",0001849380,"OneMedNet Corp  (ONMD, ONMDW)  (CIK 0001849380)",8-K,2024-12-30,0001493152-24-052405:ex99-1.htm,0001493152-24-052405,
"""generative AI""",0000064463,"Soluna Holdings, Inc  (SLNH, SLNHP)  (CIK 0000064463)",8-K,2025-04-22,0001641172-25-005621:ex99-1.htm,0001641172-25-005621,
"""generative AI""",0001868640,"Roadzen Inc.  (RDZN, RDZNW)  (CIK 0001868640)",8-K,2024-12-17,0001493152-24-050430:ex99-1.htm,0001493152-24-050430,
"""generative AI""",0001636422,"Health Catalyst, Inc.  (HCAT)  (CIK 0001636422)",8-K,2024-11-06,0001636422-24-000148:a2024ex993-hcatsignsagreem.htm,0001636422-24-000148,
"""generative AI""",0001819142,"SES AI Corp  (SES, SES-WT)  (CIK 0001819142)",8-K,2024-07-29,0001819142-24-000030:ses-20240729xex99d1.htm,0001819142-24-000030,
"""generative AI""",0001085869,PERFICIENT INC  (PRFT)  (CIK 0001085869),8-K,2023-10-31,0001085869-23-000183:prfpressrelease_q32023.htm,0001085869-23-000183,
"""generative AI""",0001707753,Elastic N.V.  (ESTC)  (CIK 0001707753),8-K,2023-08-31,0001707753-23-000044:a24q1erex991.htm,0001707753-23-000044,
"""generative AI""",0001651562,"Coursera, Inc.  (COUR)  (CIK 0001651562)",8-K,2025-01-29,0001104659-25-007213:tm254798d1_ex99-1.htm,0001104659-25-007213,
"""generative AI""",0001325964,"Lightwave Logic, Inc.  (LWLG)  (CIK 0001325964)",8-K,2025-12-17,0001079973-25-001867:ex99x2.htm,0001079973-25-001867,
"""generative AI""",0000064463,"Soluna Holdings, Inc  (SLNH, SLNHP)  (CIK 0000064463)",8-K,2026-02-17,0001493152-26-006929:ex99-1.htm,0001493152-26-006929,
"""generative AI""",0001905956,TREASURE GLOBAL INC  (TGL)  (CIK 0001905956),8-K,2024-11-22,0001213900-24-101694:ea0222046-8ka1_treasure.htm,0001213900-24-101694,
"""generative AI""",0001066194,EGAIN Corp  (EGAN)  (CIK 0001066194),8-K,2025-09-04,0001066194-25-000011:egan-20250903xex99d1.htm,0001066194-25-000011,
"""generative AI""",0000064463,"Soluna Holdings, Inc  (SLNH, SLNHP)  (CIK 0000064463)",8-K,2024-12-09,0001493152-24-049255:ex99-1.htm,0001493152-24-049255,
"""generative AI""",0001794515,ZoomInfo Technologies Inc.  (ZI)  (CIK 0001794515),8-K,2024-08-05,0001794515-24-000132:zi-8kex991x20240805.htm,0001794515-24-000132,
"""generative AI""",0001422930,"PubMatic, Inc.  (PUBM)  (CIK 0001422930)",8-K,2026-02-26,0001422930-26-000008:fy25pressrelease.htm,0001422930-26-000008,
"""generative AI""",0000107140,"JOHN WILEY & SONS, INC.  (WLY, WLYB)  (CIK 0000107140)",8-K,2023-06-15,0000107140-23-000083:q423earningspresentation.htm,0000107140-23-000083,
"""generative AI""",0000064463,"Soluna Holdings, Inc  (SLNH, SLNHP)  (CIK 0000064463)",8-K,2026-04-28,0001493152-26-019241:ex99-1.htm,0001493152-26-019241,
"""generative AI""",0001366561,SMARTSHEET INC  (SMAR)  (CIK 0001366561),8-K,2023-09-07,0001366561-23-000099:q22024smarearnings.htm,0001366561-23-000099,
"""generative AI""",0001616707,Wayfair Inc.  (W)  (CIK 0001616707),8-K,2025-10-28,0001616707-25-000125:a2025-09x30ex991.htm,0001616707-25-000125,
"""generative AI""",0000064463,"Soluna Holdings, Inc  (SLNH, SLNHP)  (CIK 0000064463)",8-K,2025-07-14,0001641172-25-018890:ex99-1.htm,0001641172-25-018890,
"""generative AI""",0001710350,"Bit Digital, Inc  (BTBT)  (CIK 0001710350)",8-K,2025-04-15,0001213900-25-032132:ea023804201ex99-1_bitdigital.htm,0001213900-25-032132,
"""generative AI""",0001805526,Janover Inc.  (JNVR)  (CIK 0001805526),8-K,2023-09-05,0001575872-23-001404:cm409_ex99-1.htm,0001575872-23-001404,
"""generative AI""",0001672688,Absci Corp  (ABSI)  (CIK 0001672688),8-K,2025-08-12,0001628280-25-039959:abscicorporatepresentati.htm,0001628280-25-039959,
"""generative AI""",0000064463,"Soluna Holdings, Inc  (SLNH, SLNHP)  (CIK 0000064463)",8-K,2025-11-13,0001493152-25-022111:ex99-1.htm,0001493152-25-022111,
"""generative AI""",0001976663,"Nexscient, Inc.  (NXNT)  (CIK 0001976663)",8-K,2026-01-14,0001477932-26-000196:nexscient_ex991.htm,0001477932-26-000196,
"""generative AI""",0001707753,Elastic N.V.  (ESTC)  (CIK 0001707753),8-K,2025-02-27,0001707753-25-000008:a25q3erex991.htm,0001707753-25-000008,
"""generative AI""",0000064463,"Soluna Holdings, Inc  (SLNH, SLNHP)  (CIK 0000064463)",8-K,2025-07-17,0001641172-25-020082:ex99-1.htm,0001641172-25-020082,
"""generative AI""",0001895618,GAXOS.AI INC.  (GXAI)  (CIK 0001895618),8-K,2026-06-25,0001213900-26-072056:ea029589401ex99-2.htm,0001213900-26-072056,
"""generative AI""",0000064463,"Soluna Holdings, Inc  (SLNH, SLNHP)  (CIK 0000064463)",8-K,2025-08-26,0001641172-25-025468:ex99-1.htm,0001641172-25-025468,
"""generative AI""",0001840502,"Taboola.com Ltd.  (TBLA, TBLAW)  (CIK 0001840502)",8-K,2024-02-28,0001140361-24-009863:ef20022363_ex99-1.htm,0001140361-24-009863,
"""generative AI""",0001820144,"Grindr Inc.  (GRND, GRND-WT)  (CIK 0001820144)",8-K,2024-11-07,0001820144-24-000052:grindr_q32024xshlxvfinal.htm,0001820144-24-000052,
"""generative AI""",0001851003,Zeta Global Holdings Corp.  (ZETA)  (CIK 0001851003),8-K,2023-05-04,0000950170-23-017834:zeta-ex99_1.htm,0000950170-23-017834,
"""generative AI""",0000064463,"Soluna Holdings, Inc  (SLNH, SLNHP)  (CIK 0000064463)",8-K,2024-10-09,0001493152-24-040576:ex99-1.htm,0001493152-24-040576,
"""generative AI""",0001707753,Elastic N.V.  (ESTC)  (CIK 0001707753),8-K,2023-11-30,0001707753-23-000055:a24q2erex991.htm,0001707753-23-000055,
"""generative AI""",0001871638,"Blaize Holdings, Inc.  (BZAI, BZAIW)  (CIK 0001871638)",8-K,2025-02-11,0001193125-25-023793:d906523dex992.htm,0001193125-25-023793,
"""generative AI""",0001320760,"TSS, Inc.  (TSSI)  (CIK 0001320760)",8-K,2025-08-15,0001654954-25-009676:tssi_ex993.htm,0001654954-25-009676,
"""generative AI""",0001462056,"Backblaze, Inc.  (BLZE)  (CIK 0001462056)",8-K,2026-05-04,0001628280-26-029795:ex991blze20260331earningsp.htm,0001628280-26-029795,
"""generative AI""",0001058290,COGNIZANT TECHNOLOGY SOLUTIONS CORP  (CTSH)  (CIK 0001058290),8-K,2026-05-18,0001058290-26-000018:exhibit99151726.htm,0001058290-26-000018,
"""generative AI""",0001568100,"PagerDuty, Inc.  (PD)  (CIK 0001568100)",8-K,2023-08-31,0001568100-23-000042:pagerdutyq2fy24earningspre.htm,0001568100-23-000042,
"""generative AI""",0000051143,INTERNATIONAL BUSINESS MACHINES CORP  (IBM)  (CIK 0000051143),8-K,2024-01-25,0000051143-24-000007:ex992.htm,0000051143-24-000007,
"""generative AI""",0001851003,Zeta Global Holdings Corp.  (ZETA)  (CIK 0001851003),8-K,2024-02-27,0000950170-24-021097:zeta-ex99_1.htm,0000950170-24-021097,
"""generative AI""",0001368514,"ADMA BIOLOGICS, INC.  (ADMA)  (CIK 0001368514)",8-K,2024-02-21,0001140361-24-008680:ef20022054_ex99-1.htm,0001140361-24-008680,
"""generative AI""",0000064463,"Soluna Holdings, Inc  (SLNH, SLNHP)  (CIK 0000064463)",8-K,2025-06-18,0001641172-25-015513:ex99-1.htm,0001641172-25-015513,
"""generative AI""",0001607939,"Udemy, Inc.  (UDMY)  (CIK 0001607939)",8-K,2024-02-14,0001607939-24-000010:q42023pressrelease.htm,0001607939-24-000010,
"""generative AI""",0001720671,"HashiCorp, Inc.  (HCP)  (CIK 0001720671)",8-K,2023-12-07,0001628280-23-041058:hcp-q3fy24xex991.htm,0001628280-23-041058,
"""generative AI""",0001420720,"iBio, Inc.  (IBIO)  (CIK 0001420720)",8-K,2026-03-09,0001420720-26-000006:ibio-20260309xex99d2.htm,0001420720-26-000006,
"""generative AI""",0001660280,"Tenable Holdings, Inc.  (TENB)  (CIK 0001660280)",8-K,2025-10-29,0001660280-25-000125:q32025financialresults-ear.htm,0001660280-25-000125,
"""generative AI""",0001607939,"Udemy, Inc.  (UDMY)  (CIK 0001607939)",8-K,2024-07-31,0001607939-24-000151:q22024pressrelease.htm,0001607939-24-000151,
"""generative AI""",0001768267,Cerence Inc.  (CRNC)  (CIK 0001768267),8-K,2024-03-04,0001193125-24-056964:d803481dex991.htm,0001193125-24-056964,
"""generative AI""",0001898496,"Getty Images Holdings, Inc.  (GETY)  (CIK 0001898496)",8-K,2024-11-07,0001628280-24-046310:gety-20240930xex991.htm,0001628280-24-046310,
"""generative AI""",0001432133,KALTURA INC  (KLTR)  (CIK 0001432133),8-K,2023-08-02,0001432133-23-000072:kaltura-q2x2023earningsrel.htm,0001432133-23-000072,
"""generative AI""",0001699838,"Confluent, Inc.  (CFLT)  (CIK 0001699838)",8-K,2024-02-07,0000950170-24-012189:cflt-ex99_1.htm,0000950170-24-012189,
"""generative AI""",0001583708,"SentinelOne, Inc.  (S)  (CIK 0001583708)",8-K,2025-05-28,0001583708-25-000104:s-earningspresentationxq.htm,0001583708-25-000104,
"""generative AI""",0000064463,"Soluna Holdings, Inc  (SLNH, SLNHP)  (CIK 0000064463)",8-K,2025-05-08,0001641172-25-009158:ex99-1.htm,0001641172-25-009158,
"""generative AI""",0001651562,"Coursera, Inc.  (COUR)  (CIK 0001651562)",8-K,2026-02-05,0001651562-26-000006:cour-20251231xexx991.htm,0001651562-26-000006,
"""generative AI""",0001058290,COGNIZANT TECHNOLOGY SOLUTIONS CORP  (CTSH)  (CIK 0001058290),8-K,2025-03-25,0001058290-25-000112:exhibit9913252025.htm,0001058290-25-000112,
"""generative AI""",0000874866,CORVEL CORP  (CRVL)  (CIK 0000874866),8-K,2025-02-04,0000950170-25-012648:crvl-ex99_1.htm,0000950170-25-012648,
"""generative AI""",0001868419,"Cycurion, Inc.  (CYCU, CYCUW)  (CIK 0001868419)",8-K,2025-10-29,0001493152-25-020064:ex99-1.htm,0001493152-25-020064,
"""generative AI""",0001794515,ZoomInfo Technologies Inc.  (ZI)  (CIK 0001794515),8-K,2023-06-02,0001794515-23-000109:zi-20230602.htm,0001794515-23-000109,
"""generative AI""",0001571996,Dell Technologies Inc.  (DELL)  (CIK 0001571996),8-K,2024-02-29,0001571996-24-000008:exhibit991earnings8kq4fy24.htm,0001571996-24-000008,
"""generative AI""",0001851003,Zeta Global Holdings Corp.  (ZETA)  (CIK 0001851003),8-K,2024-07-31,0000950170-24-088550:zeta-ex99_1.htm,0000950170-24-088550,
"""generative AI""",0000064463,"Soluna Holdings, Inc  (SLNH, SLNHP)  (CIK 0000064463)",8-K,2025-03-11,0001493152-25-009783:ex99-1.htm,0001493152-25-009783,
"""generative AI""",0001774675,"Skillsoft Corp.  (SKIL, SKILW)  (CIK 0001774675)",8-K,2024-07-19,0001437749-24-023038:ex_700316.htm,0001437749-24-023038,
"""generative AI""",0001868640,"Roadzen Inc.  (RDZN, RDZNW)  (CIK 0001868640)",8-K,2025-04-21,0001641172-25-005571:ex99-1.htm,0001641172-25-005571,
"""generative AI""",0001058290,COGNIZANT TECHNOLOGY SOLUTIONS CORP  (CTSH)  (CIK 0001058290),8-K,2023-08-02,0001058290-23-000255:exhibit9916302023.htm,0001058290-23-000255,
"""generative AI""",0001582982,"CareCloud, Inc.  (CCLD, CCLDO)  (CIK 0001582982)",8-K,2025-08-05,0001493152-25-011596:ex99-1.htm,0001493152-25-011596,
"""generative AI""",0000064463,"Soluna Holdings, Inc  (SLNH, SLNHP)  (CIK 0000064463)",8-K,2024-05-22,0001493152-24-021002:ex99-3.htm,0001493152-24-021002,
"""generative AI""",0000064463,"Soluna Holdings, Inc  (SLNH, SLNHP)  (CIK 0000064463)",8-K,2025-08-12,0001641172-25-023105:ex99-1.htm,0001641172-25-023105,
"""generative AI""",0001467373,Accenture plc  (ACN)  (CIK 0001467373),8-K,2024-12-19,0001467373-24-000351:fy25q1earnings8-kexhibit.htm,0001467373-24-000351,
"""generative AI""",0001820144,Grindr Inc.  (GRND)  (CIK 0001820144),8-K,2026-05-07,0001820144-26-000009:shl_q1x2026xv5726.htm,0001820144-26-000009,
"""generative AI""",0000064463,"Soluna Holdings, Inc  (SLNH, SLNHP)  (CIK 0000064463)",8-K,2024-06-06,0001493152-24-022952:ex99-1.htm,0001493152-24-022952,
"""generative AI""",0001582982,"CareCloud, Inc.  (CCLD, CCLDO)  (CIK 0001582982)",8-K,2025-11-06,0001493152-25-020983:ex99-1.htm,0001493152-25-020983,
"""generative AI""",0001571996,Dell Technologies Inc.  (DELL)  (CIK 0001571996),8-K,2023-11-30,0001571996-23-000039:exhibit991earnings8kq3fy24.htm,0001571996-23-000039,
"""generative AI""",0001058290,COGNIZANT TECHNOLOGY SOLUTIONS CORP  (CTSH)  (CIK 0001058290),8-K,2026-02-04,0001058290-26-000003:exhibit99312312025.htm,0001058290-26-000003,
"""generative AI""",0001000230,OPTICAL CABLE CORP  (OCC)  (CIK 0001000230),8-K,2025-07-10,0001437749-25-022531:ex_837295.htm,0001437749-25-022531,
"""generative AI""",0000064463,"Soluna Holdings, Inc  (SLNH, SLNHP)  (CIK 0000064463)",8-K,2025-04-10,0001641172-25-003521:ex99-1.htm,0001641172-25-003521,
"""generative AI""",0000064463,"Soluna Holdings, Inc  (SLNH, SLNHP)  (CIK 0000064463)",8-K,2025-07-17,0001641172-25-020082:ex99-2.htm,0001641172-25-020082,
"""generative AI""",0001898496,"Getty Images Holdings, Inc.  (GETY)  (CIK 0001898496)",8-K,2026-03-19,0001213900-26-031573:ea028251101ex99-1.htm,0001213900-26-031573,
"""generative AI""",0001707753,Elastic N.V.  (ESTC)  (CIK 0001707753),8-K,2023-06-01,0001707753-23-000011:a23q4erex991.htm,0001707753-23-000011,
"""generative AI""",0001022505,"SideChannel, Inc.  (SDCH)  (CIK 0001022505)",8-K,2024-09-09,0001493152-24-035399:ex99-1.htm,0001493152-24-035399,
"""generative AI""",0000064463,"Soluna Holdings, Inc  (SLNH, SLNHP)  (CIK 0000064463)",8-K,2026-04-16,0001493152-26-016971:ex99-1.htm,0001493152-26-016971,
"""generative AI""",0001498148,Artificial Intelligence Technology Solutions Inc.  (AITX)  (CIK 0001498148),8-K,2025-08-19,0001062993-25-014635:exhibit99-1.htm,0001062993-25-014635,
"""generative AI""",0001781174,"Acrivon Therapeutics, Inc.  (ACRV)  (CIK 0001781174)",8-K,2025-03-25,0000950170-25-044549:acrv-ex99_1.htm,0000950170-25-044549,
"""generative AI""",0001582982,"CareCloud, Inc.  (CCLD, CCLDO)  (CIK 0001582982)",8-K,2025-05-06,0001641172-25-008747:ex99-1.htm,0001641172-25-008747,
"""generative AI""",0001699838,"Confluent, Inc.  (CFLT)  (CIK 0001699838)",8-K,2025-02-11,0000950170-25-017884:cflt-ex99_1.htm,0000950170-25-017884,
"""generative AI""",0000874866,CORVEL CORP  (CRVL)  (CIK 0000874866),8-K,2024-05-22,0000950170-24-063218:crvl-ex99_1.htm,0000950170-24-063218,
"""generative AI""",0001568100,"PagerDuty, Inc.  (PD)  (CIK 0001568100)",8-K,2023-06-01,0001568100-23-000031:pagerdutyq1fy24earningspre.htm,0001568100-23-000031,
"""generative AI""",0001615165,"Veritone, Inc.  (VERI)  (CIK 0001615165)",8-K,2024-10-22,0001193125-24-240756:d823363dex991.htm,0001193125-24-240756,
"""generative AI""",0001102993,LIVEPERSON INC  (LPSN)  (CIK 0001102993),8-K,2025-03-05,0001102993-25-000012:ex-991xpressreleaseye2024.htm,0001102993-25-000012,
"""generative AI""",0001820144,Grindr Inc.  (GRND)  (CIK 0001820144),8-K,2025-05-08,0001820144-25-000023:grnd_shlx2025q1xfinal.htm,0001820144-25-000023,
"""generative AI""",0001768267,Cerence Inc.  (CRNC)  (CIK 0001768267),8-K,2025-11-19,0001628280-25-053169:cerenceaiq4fy25pressrele.htm,0001628280-25-053169,
"""generative AI""",0001746618,"Revolve Group, Inc.  (RVLV)  (CIK 0001746618)",8-K,2026-06-03,0001193125-26-254659:rvlv-ex99_1.htm,0001193125-26-254659,
"""generative AI""",0001662684,"KULR Technology Group, Inc.  (KULR)  (CIK 0001662684)",8-K,2025-10-09,0001104659-25-098100:tm2528372d1_ex99-1.htm,0001104659-25-098100,
"""generative AI""",0001549346,"Shutterstock, Inc.  (SSTK)  (CIK 0001549346)",8-K,2023-05-23,0001140361-23-026154:brhc20053362_ex99-2.htm,0001140361-23-026154,
"""generative AI""",0000064463,"Soluna Holdings, Inc  (SLNH, SLNHP)  (CIK 0000064463)",8-K,2024-11-07,0001493152-24-043967:ex99-1.htm,0001493152-24-043967,
"""generative AI""",0000064463,"Soluna Holdings, Inc  (SLNH, SLNHP)  (CIK 0000064463)",8-K,2025-04-15,0001641172-25-004702:ex99-1.htm,0001641172-25-004702,
"""generative AI""",0000064463,"Soluna Holdings, Inc  (SLNH, SLNHP)  (CIK 0000064463)",8-K,2025-07-22,0001641172-25-020517:ex99-1.htm,0001641172-25-020517,
"""generative AI""",0001839285,"Healthcare Triangle, Inc.  (HCTI)  (CIK 0001839285)",8-K,2026-01-28,0001213900-26-008594:ea027437301ex99-1_healthcare.htm,0001213900-26-008594,
"""generative AI""",0002017758,Linkhome Holdings Inc.  (LHAI)  (CIK 0002017758),8-K,2025-07-28,0001213900-25-068307:ea025051201ex99-1_linkhome.htm,0001213900-25-068307,
"""generative AI""",0000064463,"Soluna Holdings, Inc  (SLNH, SLNHP)  (CIK 0000064463)",8-K,2026-01-13,0001493152-26-001945:ex99-1.htm,0001493152-26-001945,
"""generative AI""",0001398659,Genpact LTD  (G)  (CIK 0001398659),8-K,2023-11-08,0001398659-23-000033:genpactltdexhibit991q323.htm,0001398659-23-000033,
"""generative AI""",0001075531,Booking Holdings Inc.  (BKNG)  (CIK 0001075531),8-K,2026-04-28,0001075531-26-000024:q1-26bkngearningsrelease.htm,0001075531-26-000024,
"""generative AI""",0000064463,"Soluna Holdings, Inc  (SLNH, SLNHP)  (CIK 0000064463)",8-K,2024-07-24,0001493152-24-028932:ex99.htm,0001493152-24-028932,
"""generative AI""",0000064463,"Soluna Holdings, Inc  (SLNH, SLNHP)  (CIK 0000064463)",8-K,2025-02-10,0001493152-25-005535:ex99-1.htm,0001493152-25-005535,
"""generative AI""",0001829953,Corner Growth Acquisition Corp.  (CIK 0001829953),8-K,2024-04-04,0001193125-24-086203:d820504dex991.htm,0001193125-24-086203,
"""generative AI""",0000064463,"Soluna Holdings, Inc  (SLNH, SLNHP)  (CIK 0000064463)",8-K,2026-02-12,0001493152-26-006304:ex99-1.htm,0001493152-26-006304,
"""generative AI""",0001907982,"D-Wave Quantum Inc.  (QBTS, QBTS-WT)  (CIK 0001907982)",8-K,2025-08-13,0001907982-25-000184:exhibit991d-waveannouncesf.htm,0001907982-25-000184,
"""generative AI""",0001818093,Beauty Health Co  (SKIN)  (CIK 0001818093),8-K,2023-08-09,0001628280-23-028406:ex991-2023q2xearnings.htm,0001628280-23-028406,
"""generative AI""",0001773383,"Dynatrace, Inc.  (DT)  (CIK 0001773383)",8-K,2025-11-05,0001628280-25-049224:q2fy26-earningsreleaseex991.htm,0001628280-25-049224,
"""generative AI""",0001805521,"FARADAY FUTURE INTELLIGENT ELECTRIC INC.  (FFIE, FFIEW)  (CIK 0001805521)",8-K,2023-05-02,0001213900-23-035687:ea177898-8k_faraday.htm,0001213900-23-035687,
"""generative AI""",0001803599,Concentrix Corp  (CNXC)  (CIK 0001803599),8-K,2023-09-25,0001803599-23-000187:exhibit991092523.htm,0001803599-23-000187,
"""generative AI""",0001843714,"Andretti Acquisition Corp.  (ZPTA, ZPTAW)  (CIK 0001843714)",8-K,2023-07-06,0000950142-23-001944:eh230377044_8k.htm,0000950142-23-001944,
"""generative AI""",0001868640,"Roadzen Inc.  (RDZN, RDZNW)  (CIK 0001868640)",8-K,2025-11-04,0001493152-25-020690:ex99-1.htm,0001493152-25-020690,
"""generative AI""",0001102993,LIVEPERSON INC  (LPSN)  (CIK 0001102993),8-K,2023-08-08,0001213900-23-064603:ea183078ex99-1_liveperson.htm,0001213900-23-064603,
"""generative AI""",0001582982,"CareCloud, Inc.  (CCLD, CCLDO, CCLDP)  (CIK 0001582982)",8-K,2025-03-06,0001493152-25-009400:ex99-1.htm,0001493152-25-009400,
"""generative AI""",0001827090,"Certara, Inc.  (CERT)  (CIK 0001827090)",8-K,2024-07-09,0001104659-24-078581:tm2418257d3_ex99-1.htm,0001104659-24-078581,
"""generative AI""",0000064463,"Soluna Holdings, Inc  (SLNH, SLNHP)  (CIK 0000064463)",8-K,2025-12-09,0001493152-25-026774:ex99-1.htm,0001493152-25-026774,
"""generative AI""",0001907982,"D-Wave Quantum Inc.  (QBTS, QBTS-WT)  (CIK 0001907982)",8-K,2025-08-04,0001907982-25-000169:exhibit991d-waveintroduces.htm,0001907982-25-000169,
"""generative AI""",0001774675,"Skillsoft Corp.  (SKIL, SKILW)  (CIK 0001774675)",8-K,2024-04-15,0001437749-24-012056:ex_653789.htm,0001437749-24-012056,
"""generative AI""",0001907982,"D-Wave Quantum Inc.  (QBTS, QBTS-WT)  (CIK 0001907982)",8-K,2025-11-06,0001907982-25-000248:q32025investordeck.htm,0001907982-25-000248,
"""generative AI""",0000064463,"Soluna Holdings, Inc  (SLNH, SLNHP)  (CIK 0000064463)",8-K,2025-10-09,0001493152-25-017534:ex99-1.htm,0001493152-25-017534,
"""generative AI""",0001847355,"Target Global Acquisition I Corp.  (TGAAF, TGAUF, TGAWF)  (CIK 0001847355)",8-K,2025-05-22,0001213900-25-046835:ea024315901ex10-2_taracq1.htm,0001213900-25-046835,
"""generative AI""",0001812727,"Reliance Global Group, Inc.  (EZRA, EZRAW)  (CIK 0001812727)",8-K,2026-02-10,0001493152-26-005906:ex10-1.htm,0001493152-26-005906,
"""generative AI""",0001601830,"RECURSION PHARMACEUTICALS, INC.  (RXRX)  (CIK 0001601830)",8-K,2025-01-13,0001601830-25-000008:rxrx_jpm2025deckxfinal.htm,0001601830-25-000008,
"""generative AI""",0001564408,Snap Inc  (SNAP)  (CIK 0001564408),8-K,2023-04-27,0001564408-23-000024:snapincinvestorletterq12.htm,0001564408-23-000024,
"""generative AI""",0001839285,"Healthcare Triangle, Inc.  (HCTI)  (CIK 0001839285)",8-K,2025-12-10,0001213900-25-119878:ea026910601ex99-1_healthcare.htm,0001213900-25-119878,
"""generative AI""",0001364954,"CHEGG, INC  (CHGG)  (CIK 0001364954)",8-K,2023-11-15,0001364954-23-000148:a9901-1115238xk.htm,0001364954-23-000148,
"""generative AI""",0000064463,"Soluna Holdings, Inc  (SLNH, SLNHP)  (CIK 0000064463)",8-K,2024-09-12,0001493152-24-036027:ex99-1.htm,0001493152-24-036027,
"""generative AI""",0001835830,"Klaviyo, Inc.  (KVYO)  (CIK 0001835830)",8-K,2024-12-03,0001835830-24-000116:bfcm2024impactreportpressr.htm,0001835830-24-000116,
"""generative AI""",0001481646,"Accolade, Inc.  (ACCD)  (CIK 0001481646)",8-K,2025-03-27,0001140361-25-010745:ef20046349_ex99-1.htm,0001140361-25-010745,
"""generative AI""",0001768267,Cerence Inc.  (CRNC)  (CIK 0001768267),8-K,2024-08-08,0000950170-24-093306:crnc-20240808.htm,0000950170-24-093306,
"""generative AI""",0000064463,"Soluna Holdings, Inc  (SLNH, SLNHP)  (CIK 0000064463)",8-K,2025-11-06,0001493152-25-020985:ex99-1.htm,0001493152-25-020985,
"""generative AI""",0001316835,"Builders FirstSource, Inc.  (BLDR)  (CIK 0001316835)",8-K,2025-02-20,0000950170-25-023731:bldr-ex99_2.htm,0000950170-25-023731,
"""generative AI""",0001651562,"Coursera, Inc.  (COUR)  (CIK 0001651562)",8-K,2025-04-24,0001651562-25-000032:cour-20250331xshareholde.htm,0001651562-25-000032,
"""generative AI""",0001652044,"Alphabet Inc.  (GOOG, GOOGL)  (CIK 0001652044)",8-K,2024-06-13,0001193125-24-160721:d805807d8k.htm,0001193125-24-160721,
"""generative AI""",0001829247,"BullFrog AI Holdings, Inc.  (BFRG, BFRGW)  (CIK 0001829247)",8-K,2024-05-16,0001493152-24-020150:ex99-1.htm,0001493152-24-020150,
"""generative AI""",0001805521,"FARADAY FUTURE INTELLIGENT ELECTRIC INC.  (FFIE, FFIEW)  (CIK 0001805521)",8-K,2023-05-23,0001213900-23-042091:ea179051ex99-2_faraday.htm,0001213900-23-042091,
"""generative AI""",0000064463,"Soluna Holdings, Inc  (SLNH, SLNHP)  (CIK 0000064463)",8-K,2026-03-10,0001493152-26-009444:ex99-1.htm,0001493152-26-009444,
"""generative AI""",0000064463,"Soluna Holdings, Inc  (SLNH, SLNHP)  (CIK 0000064463)",8-K,2026-01-15,0001493152-26-002337:ex99-1.htm,0001493152-26-002337,
"""generative AI""",0001158172,"COMSCORE, INC.  (SCOR)  (CIK 0001158172)",8-K,2026-05-28,0001158172-26-000035:pressrelease20260527leader.htm,0001158172-26-000035,
"""generative AI""",0001582982,"CareCloud, Inc.  (CCLD, CCLDO, CCLDP)  (CIK 0001582982)",8-K,2024-12-16,0001493152-24-050116:ex99-1.htm,0001493152-24-050116,
"""generative AI""",0001710350,"Bit Digital, Inc  (BTBT)  (CIK 0001710350)",8-K,2025-04-15,0001213900-25-032132:ea0238042-8k_bitdigital.htm,0001213900-25-032132,
"""generative AI""",0000064463,"Soluna Holdings, Inc  (SLNH, SLNHP)  (CIK 0000064463)",8-K,2025-01-08,0001493152-25-001383:ex99-1.htm,0001493152-25-001383,
"""generative AI""",0000790526,"RadNet, Inc.  (RDNT)  (CIK 0000790526)",8-K,2024-03-05,0001683168-24-001310:radnet_ex9902.htm,0001683168-24-001310,
"""generative AI""",0000064463,"Soluna Holdings, Inc  (SLNH, SLNHP)  (CIK 0000064463)",8-K,2026-04-09,0001493152-26-015809:ex99-1.htm,0001493152-26-015809,
"""generative AI""",0001822145,"Presto Automation Inc.  (PRST, PRSTW)  (CIK 0001822145)",8-K,2023-03-30,0001558370-23-005017:prst-20230324xex99d1.htm,0001558370-23-005017,
"""generative AI""",0001039399,FORMFACTOR INC  (FORM)  (CIK 0001039399),8-K,2023-09-18,0001039399-23-000040:pressrelease.htm,0001039399-23-000040,
"""generative AI""",0001820875,"CXApp Inc.  (CXAI, CXAIW)  (CIK 0001820875)",8-K,2023-07-14,0001829126-23-004673:cxappinc_ex99-1.htm,0001829126-23-004673,
"""generative AI""",0000790526,"RadNet, Inc.  (RDNT)  (CIK 0000790526)",8-K,2023-11-13,0001683168-23-007874:radnet_ex9902.htm,0001683168-23-007874,
"""generative AI""",0001768267,Cerence Inc.  (CRNC)  (CIK 0001768267),8-K,2023-05-09,0000950170-23-019126:crnc-ex99_1.htm,0000950170-23-019126,
"""generative AI""",0001768267,Cerence Inc.  (CRNC)  (CIK 0001768267),8-K,2023-11-27,0000950170-23-066033:crnc-ex99_1.htm,0000950170-23-066033,
"""generative AI""",0000008670,AUTOMATIC DATA PROCESSING INC  (ADP)  (CIK 0000008670),8-K,2025-06-12,0000008670-25-000023:adp2025investorday-ex99.pdf,0000008670-25-000023,
"""generative AI""",0001462223,"Nixxy, Inc.  (NIXX, NIXXW)  (CIK 0001462223)",8-K,2025-06-09,0001683168-25-004337:nixxy_8k.htm,0001683168-25-004337,
"""generative AI""",0000064463,"Soluna Holdings, Inc  (SLNH, SLNHP)  (CIK 0000064463)",8-K,2025-08-07,0001641172-25-022509:ex99-1.htm,0001641172-25-022509,
"""generative AI""",0001437491,"RiskOn International, Inc.  (ROII)  (CIK 0001437491)",8-K,2024-07-15,0001214659-24-012363:ex10_2.htm,0001214659-24-012363,
"""generative AI""",0001616707,Wayfair Inc.  (W)  (CIK 0001616707),8-K,2025-11-05,0001193125-25-265169:d84392dex991.htm,0001193125-25-265169,
"""generative AI""",0002042022,"WhiteFiber, Inc.  (WYFI)  (CIK 0002042022)",8-K,2026-01-26,0001213900-26-007740:ea027402401ex99-3_white.htm,0001213900-26-007740,
"""generative AI""",0001711786,"Hoth Therapeutics, Inc.  (HOTH)  (CIK 0001711786)",8-K,2026-05-21,0001213900-26-060075:ea029183701ex99-1.htm,0001213900-26-060075,
"""generative AI""",0001898496,"Getty Images Holdings, Inc.  (GETY)  (CIK 0001898496)",8-K,2025-11-03,0001213900-25-105255:ea026361701ex99-1_getty.htm,0001213900-25-105255,
"""generative AI""",0001859199,reAlpha Tech Corp.  (AIRE)  (CIK 0001859199),8-K,2024-08-15,0001213900-24-069319:ea0211508-8k_realpha.htm,0001213900-24-069319,
"""generative AI""",0000876883,Stagwell Inc  (STGW)  (CIK 0000876883),8-K,2023-08-08,0000876883-23-000019:stgw2023630pr.htm,0000876883-23-000019,
"""generative AI""",0001616707,Wayfair Inc.  (W)  (CIK 0001616707),8-K,2025-11-04,0001193125-25-263738:d94945dex991.htm,0001193125-25-263738,
"""generative AI""",0001583708,"SentinelOne, Inc.  (S)  (CIK 0001583708)",8-K,2026-05-28,0001583708-26-000039:s-q1fy27earningspresenta.htm,0001583708-26-000039,
"""generative AI""",0000064463,"Soluna Holdings, Inc  (SLNH, SLNHP)  (CIK 0000064463)",8-K,2024-08-16,0001493152-24-032792:ex99-1.htm,0001493152-24-032792,
"""generative AI""",0001554818,"AUDDIA INC.  (AUUD, AUUDW)  (CIK 0001554818)",8-K,2023-10-02,0001683168-23-006881:auddia_ex9902.htm,0001683168-23-006881,
"""generative AI""",0001568100,"PagerDuty, Inc.  (PD)  (CIK 0001568100)",8-K,2023-11-30,0001628280-23-040341:pagerdutyq3fy24earningspre.htm,0001628280-23-040341,
"""generative AI""",0000064463,"Soluna Holdings, Inc  (SLNH, SLNHP)  (CIK 0000064463)",8-K,2025-07-10,0001641172-25-018517:ex99-1.htm,0001641172-25-018517,
"""generative AI""",0000064463,"Soluna Holdings, Inc  (SLNH, SLNHP)  (CIK 0000064463)",8-K,2025-09-09,0001493152-25-012844:ex99-1.htm,0001493152-25-012844,
"""generative AI""",0001820144,Grindr Inc.  (GRND)  (CIK 0001820144),8-K,2025-03-05,0001820144-25-000010:grindr_q42024xshlxvfinal.htm,0001820144-25-000010,
"""generative AI""",0001086222,AKAMAI TECHNOLOGIES INC  (AKAM)  (CIK 0001086222),8-K,2025-10-28,0001086222-25-000246:ex991-prakamaiinferenceclo.htm,0001086222-25-000246,
"""generative AI""",0001805521,"FARADAY FUTURE INTELLIGENT ELECTRIC INC.  (FFIE, FFIEW)  (CIK 0001805521)",8-K,2023-11-13,0001213900-23-086153:ea188261ex99-3_faraday.htm,0001213900-23-086153,
"""generative AI""",0001582961,"DigitalOcean Holdings, Inc.  (DOCN)  (CIK 0001582961)",8-K,2025-08-05,0001582961-25-000134:a2025-q2dopressrelease.htm,0001582961-25-000134,
"""generative AI""",0001582982,"CareCloud, Inc.  (CCLD, CCLDO, CCLDP)  (CIK 0001582982)",8-K,2025-03-13,0001493152-25-010132:ex99-1.htm,0001493152-25-010132,
"""generative AI""",0001467373,Accenture plc  (ACN)  (CIK 0001467373),8-K,2024-03-21,0001467373-24-000106:fy24q2earnings8-kexhibit.htm,0001467373-24-000106,
"""generative AI""",0001810806,Unity Software Inc.  (U)  (CIK 0001810806),8-K,2023-08-02,0001810806-23-000126:a2023_q2shareholderlette.htm,0001810806-23-000126,
"""generative AI""",0001907982,"D-Wave Quantum Inc.  (QBTS, QBTS-WT)  (CIK 0001907982)",8-K,2024-08-08,0001907982-24-000094:qbts-20240808xexx991.htm,0001907982-24-000094,
"""generative AI""",0001898496,"Getty Images Holdings, Inc.  (GETY)  (CIK 0001898496)",8-K,2025-03-17,0001628280-25-013092:gety-2024x12x31ex991.htm,0001628280-25-013092,
"""generative AI""",0001868640,"Roadzen Inc.  (RDZN, RDZNW)  (CIK 0001868640)",8-K,2025-10-29,0001493152-25-020060:ex99-1.htm,0001493152-25-020060,
"""generative AI""",0001805284,"Rocket Companies, Inc.  (RKT)  (CIK 0001805284)",8-K,2023-11-02,0001805284-23-000086:rkt-earningsrelease0930202.htm,0001805284-23-000086,
"""generative AI""",0001562088,"Duolingo, Inc.  (DUOL)  (CIK 0001562088)",8-K,2023-02-28,0001562088-23-000050:duolingo_q4-fy2022xshare.htm,0001562088-23-000050,
"""generative AI""",0000804328,QUALCOMM INC/DE  (QCOM)  (CIK 0000804328),8-K,2023-11-01,0000804328-23-000054:qcom092423erex991.htm,0000804328-23-000054,
"""generative AI""",0000064463,"Soluna Holdings, Inc  (SLNH, SLNHP)  (CIK 0000064463)",8-K,2025-06-11,0001641172-25-014623:ex99-1.htm,0001641172-25-014623,
"""generative AI""",0000790526,"RadNet, Inc.  (RDNT)  (CIK 0000790526)",8-K,2023-05-11,0001683168-23-003132:radnet_ex9902.htm,0001683168-23-003132,
"""generative AI""",0000064463,"Soluna Holdings, Inc  (SLNH, SLNHP)  (CIK 0000064463)",8-K,2025-09-16,0001493152-25-013614:ex99-1.htm,0001493152-25-013614,
"""generative AI""",0001819394,"Matterport, Inc./DE  (MTTR)  (CIK 0001819394)",8-K,2024-04-02,0001819394-24-000008:mttr-20240402xexx991.htm,0001819394-24-000008,
"""generative AI""",0001898496,"Getty Images Holdings, Inc.  (GETY)  (CIK 0001898496)",8-K,2023-08-14,0001104659-23-091372:tm2323606d2_ex99-1.htm,0001104659-23-091372,
"""generative AI""",0001075531,Booking Holdings Inc.  (BKNG)  (CIK 0001075531),8-K,2026-02-18,0001075531-26-000008:q4-25bkngearningsrelease.htm,0001075531-26-000008,
"""generative AI""",0001327811,"Workday, Inc.  (WDAY)  (CIK 0001327811)",8-K,2023-08-24,0001327811-23-000149:wday-07312023x991.htm,0001327811-23-000149,
"""generative AI""",0000008670,AUTOMATIC DATA PROCESSING INC  (ADP)  (CIK 0000008670),8-K,2025-06-12,0000008670-25-000023:adp2025investorday-ex99.htm,0000008670-25-000023,
"""generative AI""",0001568100,"PagerDuty, Inc.  (PD)  (CIK 0001568100)",8-K,2025-05-29,0001568100-25-000048:ex991-pagerdutyq1fy26earni.htm,0001568100-25-000048,
"""generative AI""",0000790526,"RadNet, Inc.  (RDNT)  (CIK 0000790526)",8-K,2024-11-12,0001683168-24-007907:radnet_ex9902.htm,0001683168-24-007907,
"""generative AI""",0000002488,ADVANCED MICRO DEVICES INC  (AMD)  (CIK 0000002488),8-K,2025-02-04,0000002488-25-000009:q42024991.htm,0000002488-25-000009,
"""generative AI""",0002011208,Safe Pro Group Inc.  (SPAI)  (CIK 0002011208),8-K,2024-09-26,0001493152-24-038216:ex99-1.htm,0001493152-24-038216,
"""generative AI""",0001075531,Booking Holdings Inc.  (BKNG)  (CIK 0001075531),8-K,2025-02-20,0001075531-25-000009:bnkgq42024earningspressr.htm,0001075531-25-000009,
"""generative AI""",0001356570,WNS (HOLDINGS) LTD  (WNS)  (CIK 0001356570),8-K,2025-03-11,0001193125-25-051399:d940081dex991.htm,0001193125-25-051399,
"""generative AI""",0001651562,"Coursera, Inc.  (COUR)  (CIK 0001651562)",8-K,2026-05-18,0001651562-26-000041:pressrelease_repurchasepro.htm,0001651562-26-000041,
"""generative AI""",0001819404,Nerdy Inc.  (NRDY)  (CIK 0001819404),8-K,2023-11-07,0001193125-23-272414:d576408dex991.htm,0001193125-23-272414,
"""generative AI""",0001564408,Snap Inc  (SNAP)  (CIK 0001564408),8-K,2024-08-01,0001564408-24-000047:snap-202481xexx991pressrel.htm,0001564408-24-000047,
"""generative AI""",0001124804,Veradigm Inc.  (MDRX)  (CIK 0001124804),8-K,2024-05-28,0001193125-24-147595:d813949dex991.htm,0001193125-24-147595,
"""generative AI""",0001120970,Comstock Inc.  (LODE)  (CIK 0001120970),8-K,2024-01-03,0001120970-24-000002:comstockpr-q4perceptionana.htm,0001120970-24-000002,
"""generative AI""",0001583708,"SentinelOne, Inc.  (S)  (CIK 0001583708)",8-K,2026-03-12,0001583708-26-000014:s-q4fy26earningspresenta.htm,0001583708-26-000014,
"""generative AI""",0001535527,"CrowdStrike Holdings, Inc.  (CRWD)  (CIK 0001535527)",8-K,2023-05-31,0001535527-23-000012:crwd-20230531xex991.htm,0001535527-23-000012,
"""generative AI""",0001280058,BLACKBAUD INC  (BLKB)  (CIK 0001280058),8-K,2023-08-01,0001280058-23-000034:blkbq22023exhibit991.htm,0001280058-23-000034,
"""generative AI""",0001652044,"Alphabet Inc.  (GOOG, GOOGL)  (CIK 0001652044)",8-K,2025-03-18,0001652044-25-000027:googexhibit99131825.htm,0001652044-25-000027,
"""generative AI""",0001898496,"Getty Images Holdings, Inc.  (GETY)  (CIK 0001898496)",8-K,2025-10-20,0001213900-25-100358:ea026183701ex99-1_getty.htm,0001213900-25-100358,
"""generative AI""",0001866368,"Clearwater Analytics Holdings, Inc.  (CWAN)  (CIK 0001866368)",8-K,2025-02-19,0001628280-25-006359:cwan-20241231xexx991.htm,0001628280-25-006359,
"""generative AI""",0001384905,"RingCentral, Inc.  (RNG)  (CIK 0001384905)",8-K,2025-02-20,0001384905-25-000008:rng-20241231x8kxex991.htm,0001384905-25-000008,
"""generative AI""",0001898496,"Getty Images Holdings, Inc.  (GETY)  (CIK 0001898496)",8-K,2025-05-12,0001628280-25-024674:gety-20250331xex991.htm,0001628280-25-024674,
"""generative AI""",0001120970,Comstock Inc.  (LODE)  (CIK 0001120970),8-K,2024-10-02,0001437749-24-030509:ex_729234.htm,0001437749-24-030509,
"""generative AI""",0001898496,"Getty Images Holdings, Inc.  (GETY)  (CIK 0001898496)",8-K,2026-02-19,0001213900-26-018176:ea027764801ex99-1_getty.htm,0001213900-26-018176,
"""generative AI""",0001838163,"Brand Engagement Network Inc.  (BNAI, BNAIW)  (CIK 0001838163)",8-K,2025-06-10,0001641172-25-014420:ex99-1.htm,0001641172-25-014420,
"""generative AI""",0000064463,"Soluna Holdings, Inc  (SLNH, SLNHP)  (CIK 0000064463)",8-K,2026-05-07,0001493152-26-021610:ex99-1.htm,0001493152-26-021610,
"""generative AI""",0001120970,Comstock Inc.  (LODE)  (CIK 0001120970),8-K,2024-04-04,0001120970-24-000027:exhibit991comstockpr-1q24p.htm,0001120970-24-000027,
"""generative AI""",0001690080,FORUM MARKETS Inc  (FRMM)  (CIK 0001690080),8-K,2026-04-08,0001213900-26-041287:ea028553701ex99-1.htm,0001213900-26-041287,
"""generative AI""",0001810806,Unity Software Inc.  (U)  (CIK 0001810806),8-K,2023-10-10,0001193125-23-253118:d551719dex991.htm,0001193125-23-253118,
"""generative AI""",0001120970,Comstock Inc.  (LODE)  (CIK 0001120970),8-K,2024-04-24,0001120970-24-000039:exhibit991-pressreleasealv.htm,0001120970-24-000039,
"""generative AI""",0001582982,"CareCloud, Inc.  (CCLD, CCLDO)  (CIK 0001582982)",8-K,2025-05-02,0001641172-25-008372:ex99-1.htm,0001641172-25-008372,
"""generative AI""",0000064463,"Soluna Holdings, Inc  (SLNH, SLNHP)  (CIK 0000064463)",8-K,2025-09-30,0001493152-25-016179:ex99-1.htm,0001493152-25-016179,
"""generative AI""",0000929008,"WESCO INTERNATIONAL INC  (WCC, WCC-PA)  (CIK 0000929008)",8-K,2024-09-26,0000929008-24-000025:wcc-_investorxday2024xpres.htm,0000929008-24-000025,
"""generative AI""",0001840856,"SOUNDHOUND AI, INC.  (SOUN, SOUNW)  (CIK 0001840856)",8-K,2025-09-09,0001213900-25-086243:ea025660401ex99-1_sound.htm,0001213900-25-086243,
"""generative AI""",0001120970,Comstock Inc.  (LODE)  (CIK 0001120970),8-K,2023-04-26,0001120970-23-000029:exhibit9912023-04x26_cix25.htm,0001120970-23-000029,
"""generative AI""",0000045919,HARTE HANKS INC  (HHS)  (CIK 0000045919),8-K,2024-08-09,0000045919-24-000060:a20240808ex992prccdo.htm,0000045919-24-000060,
"""generative AI""",0000064463,"Soluna Holdings, Inc  (SLNH, SLNHP)  (CIK 0000064463)",8-K,2026-06-09,0001493152-26-027852:ex99-1.htm,0001493152-26-027852,
"""generative AI""",0001840856,"SOUNDHOUND AI, INC.  (SOUN, SOUNW)  (CIK 0001840856)",8-K,2023-04-17,0001213900-23-030044:ea176992ex99-1_soundhound.htm,0001213900-23-030044,
"""generative AI""",0001364954,"CHEGG, INC  (CHGG)  (CIK 0001364954)",8-K,2023-04-17,0001364954-23-000049:a9901-0417238xk.htm,0001364954-23-000049,
"""generative AI""",0001364954,"CHEGG, INC  (CHGG)  (CIK 0001364954)",8-K,2024-11-12,0001364954-24-000084:chgg-20241112.htm,0001364954-24-000084,
"""generative AI""",0001868640,"Roadzen Inc.  (RDZN, RDZNW)  (CIK 0001868640)",8-K,2026-04-28,0001493152-26-019249:ex99-1.htm,0001493152-26-019249,
"""generative AI""",0000070487,NATIONAL RESEARCH CORP  (NRC)  (CIK 0000070487),8-K,2024-05-07,0001437749-24-015131:ex_668107.htm,0001437749-24-015131,
"""generative AI""",0001976663,"Nexscient, Inc.  (NXNT)  (CIK 0001976663)",8-K,2026-04-01,0001477932-26-001936:nexscient_ex991.htm,0001477932-26-001936,
"""generative AI""",0001398659,Genpact LTD  (G)  (CIK 0001398659),8-K,2023-11-08,0001140361-23-052095:ef20014275_ex99-1.htm,0001140361-23-052095,
"""generative AI""",0001851003,Zeta Global Holdings Corp.  (ZETA)  (CIK 0001851003),8-K,2024-12-09,0000950170-24-134508:zeta-20241209.htm,0000950170-24-134508,
"""generative AI""",0001669162,"Kinsale Capital Group, Inc.  (KNSL)  (CIK 0001669162)",8-K,2026-01-08,0001669162-26-000004:investorday-1x8x2026.htm,0001669162-26-000004,
"""generative AI""",0001582982,"CareCloud, Inc.  (CCLD, CCLDO)  (CIK 0001582982)",8-K,2026-01-20,0001493152-26-002750:ex99-1.htm,0001493152-26-002750,
"""generative AI""",0001859199,reAlpha Tech Corp.  (AIRE)  (CIK 0001859199),8-K,2024-08-21,0001213900-24-071258:ea021196601ex99-1_realpha.htm,0001213900-24-071258,
"""generative AI""",0001534154,authID Inc.  (AUID)  (CIK 0001534154),8-K,2024-03-20,0001213900-24-024366:ea020207302ex99-2_authidinc.htm,0001213900-24-024366,
"""generative AI""",0001907982,"D-Wave Quantum Inc.  (QBTS, QBTS-WT)  (CIK 0001907982)",8-K,2025-05-20,0001907982-25-000101:a991d-waveannouncesgeneral.htm,0001907982-25-000101,
"""generative AI""",0001859199,reAlpha Tech Corp.  (AIRE)  (CIK 0001859199),8-K,2024-11-21,0001213900-24-100731:ea022204701ex99-2_realpha.htm,0001213900-24-100731,
"""generative AI""",0001549346,"Shutterstock, Inc.  (SSTK)  (CIK 0001549346)",8-K,2023-02-09,0001549346-23-000008:a2022-q4_exx991xpressrelea.htm,0001549346-23-000008,
"""generative AI""",0001582982,"CareCloud, Inc.  (CCLD, CCLDO, CCLDP)  (CIK 0001582982)",8-K,2025-03-14,0001493152-25-010388:ex99-1.htm,0001493152-25-010388,
"""generative AI""",0001002638,OPEN TEXT CORP  (OTEX)  (CIK 0001002638),8-K,2025-09-08,0001002638-25-000073:bmotmtconferencepresenta.htm,0001002638-25-000073,
"""generative AI""",0001120970,Comstock Inc.  (LODE)  (CIK 0001120970),8-K,2024-11-13,0001437749-24-034946:ex_747982.htm,0001437749-24-034946,
"""generative AI""",0001570585,"Liberty Global plc  (LBTYA, LBTYB, LBTYK)  (CIK 0001570585)",8-K,2023-08-15,0001570585-23-000365:ex991infosyslibertyglobalp.htm,0001570585-23-000365,
"""generative AI""",0002054696,NIQ Global Intelligence plc  (NIQ)  (CIK 0002054696),8-K,2026-02-02,0001628280-26-004464:niq-20260130.htm,0001628280-26-004464,
"""generative AI""",0001828108,"Aurora Innovation, Inc.  (AUR, AUROW)  (CIK 0001828108)",8-K,2023-05-03,0001828108-23-000079:aurora-1q23xshareholder_.htm,0001828108-23-000079,
"""generative AI""",0001615165,"Veritone, Inc.  (VERI)  (CIK 0001615165)",8-K,2026-05-12,0001628280-26-033862:veriearningsreleaseq12026e.htm,0001628280-26-033862,
"""generative AI""",0000064463,"Soluna Holdings, Inc  (SLNH, SLNHP)  (CIK 0000064463)",8-K,2024-05-22,0001493152-24-021002:ex99-1.htm,0001493152-24-021002,
"""generative AI""",0001820875,"CXApp Inc.  (CXAI, CXAIW)  (CIK 0001820875)",8-K,2025-05-20,0001829126-25-003844:cxapp_ex99-1.htm,0001829126-25-003844,
"""generative AI""",0001868640,"Vahanna Tech Edge Acquisition I Corp.  (RDZN, RDZNW)  (CIK 0001868640)",8-K,2023-05-22,0001193125-23-149922:d504076dex991.htm,0001193125-23-149922,
"""generative AI""",0001898496,"Getty Images Holdings, Inc.  (GETY)  (CIK 0001898496)",8-K,2025-09-29,0001213900-25-092644:ea025912301ex99-1_getty.htm,0001213900-25-092644,
"""generative AI""",0000064463,"Soluna Holdings, Inc  (SLNH, SLNHP)  (CIK 0000064463)",8-K,2025-10-07,0001493152-25-017204:ex99-1.htm,0001493152-25-017204,
"""generative AI""",0001562088,"Duolingo, Inc.  (DUOL)  (CIK 0001562088)",8-K,2023-11-08,0001562088-23-000219:q3fy23shareholderletter.htm,0001562088-23-000219,
"""generative AI""",0001120970,Comstock Inc.  (LODE)  (CIK 0001120970),8-K,2023-10-02,0001120970-23-000057:exhibit991comstockpr-q3per.htm,0001120970-23-000057,
"""generative AI""",0001859199,reAlpha Tech Corp.  (AIRE)  (CIK 0001859199),8-K,2024-07-15,0001213900-24-061152:ea020938801ex99-1_real.htm,0001213900-24-061152,
"""generative AI""",0001898496,"Getty Images Holdings, Inc.  (GETY)  (CIK 0001898496)",8-K,2025-10-06,0001213900-25-096641:ea026033401ex99-2_getty.htm,0001213900-25-096641,
"""generative AI""",0001898496,"Getty Images Holdings, Inc.  (GETY)  (CIK 0001898496)",8-K,2025-08-11,0001628280-25-039563:gety-20250630xex991.htm,0001628280-25-039563,
"""generative AI""",0001828536,"Energy Vault Holdings, Inc.  (NRGV)  (CIK 0001828536)",8-K,2024-05-09,0001828536-24-000101:ev_presentationxinvester.htm,0001828536-24-000101,
"""generative AI""",0001058290,COGNIZANT TECHNOLOGY SOLUTIONS CORP  (CTSH)  (CIK 0001058290),8-K,2024-10-30,0001058290-24-000325:exhibit9919302024.htm,0001058290-24-000325,
"""generative AI""",0001859199,reAlpha Tech Corp.  (AIRE)  (CIK 0001859199),8-K,2024-12-19,0001213900-24-110310:ea022521201ex99-1_realpha.htm,0001213900-24-110310,
"""generative AI""",0001564408,Snap Inc  (SNAP)  (CIK 0001564408),8-K,2023-10-24,0001564408-23-000050:snap-20231024xexx991pressr.htm,0001564408-23-000050,
"""generative AI""",0001057379,"HACKETT GROUP, INC.  (HCKT)  (CIK 0001057379)",8-K,2024-09-16,0001193125-24-219271:d871863d8k.htm,0001193125-24-219271,
"""generative AI""",0001898496,"Getty Images Holdings, Inc.  (GETY)  (CIK 0001898496)",8-K,2026-02-23,0001213900-26-019030:ea027792601ex99-1_getty.htm,0001213900-26-019030,
"""generative AI""",0001327811,"Workday, Inc.  (WDAY)  (CIK 0001327811)",8-K,2023-11-28,0001327811-23-000200:wday-10312023x991.htm,0001327811-23-000200,
"""generative AI""",0001898496,"Getty Images Holdings, Inc.  (GETY)  (CIK 0001898496)",8-K,2025-11-10,0001628280-25-051079:gety-20250930xex991.htm,0001628280-25-051079,
"""generative AI""",0001120970,Comstock Inc.  (LODE)  (CIK 0001120970),8-K,2023-04-11,0001120970-23-000023:exhibit991pressreleaseapri.htm,0001120970-23-000023,
"""generative AI""",0001120970,Comstock Inc.  (LODE)  (CIK 0001120970),8-K,2024-06-24,0001437749-24-021088:ex_691727.htm,0001437749-24-021088,
"""generative AI""",0001907982,"D-Wave Quantum Inc.  (QBTS, QBTS-WT)  (CIK 0001907982)",8-K,2024-11-14,0001907982-24-000159:qbts-20241114xexx991.htm,0001907982-24-000159,
"""generative AI""",0001568100,"PagerDuty, Inc.  (PD)  (CIK 0001568100)",8-K,2024-09-03,0001568100-24-000107:ex991-pagerdutyq2fy25earni.htm,0001568100-24-000107,
"""generative AI""",0001617553,"ZIPRECRUITER, INC.  (ZIP)  (CIK 0001617553)",8-K,2026-02-25,0001617553-26-000015:ex992-q42025shareholderl.htm,0001617553-26-000015,
"""generative AI""",0001854368,Digi Power X Inc.  (DGXX)  (CIK 0001854368),8-K,2026-01-12,0001213900-26-003146:ea027251801ex99-1_digi.htm,0001213900-26-003146,
"""generative AI""",0001467373,Accenture plc  (ACN)  (CIK 0001467373),8-K,2024-06-20,0001467373-24-000195:fy24q3earnings8-kexhibit.htm,0001467373-24-000195,
"""generative AI""",0001120970,Comstock Inc.  (LODE)  (CIK 0001120970),8-K,2024-07-19,0001437749-24-023037:ex_700074.htm,0001437749-24-023037,
"""generative AI""",0001805521,"FARADAY FUTURE INTELLIGENT ELECTRIC INC.  (FFIE, FFIEW)  (CIK 0001805521)",8-K,2024-05-28,0001213900-24-047116:ea020698801ex99-1_faraday.htm,0001213900-24-047116,
"""generative AI""",0001120970,Comstock Inc.  (LODE)  (CIK 0001120970),8-K,2024-07-17,0001437749-24-022917:ex_699221.htm,0001437749-24-022917,
"""generative AI""",0001058290,COGNIZANT TECHNOLOGY SOLUTIONS CORP  (CTSH)  (CIK 0001058290),8-K,2025-10-29,0001058290-25-000338:exhibit9919302025.htm,0001058290-25-000338,
"""generative AI""",0001840502,"Taboola.com Ltd.  (TBLA, TBLAW)  (CIK 0001840502)",8-K,2023-05-10,0001140361-23-023785:brhc20052396-ex99-2.htm,0001140361-23-023785,
"""generative AI""",0001120970,Comstock Inc.  (LODE)  (CIK 0001120970),8-K,2024-12-20,0001437749-24-038022:ex_755343.htm,0001437749-24-038022,
"""generative AI""",0001848437,"Cartica Acquisition Corp  (CITE, CITEU, CITEW)  (CIK 0001848437)",8-K,2024-06-24,0001104659-24-074337:tm2417925d1_ex99-2.htm,0001104659-24-074337,
"""generative AI""",0001564408,Snap Inc  (SNAP)  (CIK 0001564408),8-K,2024-10-29,0001564408-24-000058:investorletter_q3-24.htm,0001564408-24-000058,
"""generative AI""",0001898496,"Getty Images Holdings, Inc.  (GETY)  (CIK 0001898496)",8-K,2026-05-11,0001628280-26-033500:gety-20260331xex991.htm,0001628280-26-033500,
"""generative AI""",0001320760,"TSS, Inc.  (TSSI)  (CIK 0001320760)",8-K,2025-08-06,0001654954-25-009129:tssi_ex991.htm,0001654954-25-009129,
"""generative AI""",0001830081,"Rumble Inc.  (RUM, RUMBW)  (CIK 0001830081)",8-K,2026-03-27,0001213900-26-034894:ea028364901ex99-1.htm,0001213900-26-034894,
"""generative AI""",0001868640,"Vahanna Tech Edge Acquisition I Corp.  (RDZN, RDZNW)  (CIK 0001868640)",8-K,2023-04-27,0001193125-23-121243:d502176dex991.htm,0001193125-23-121243,
"""generative AI""",0001582982,"CareCloud, Inc.  (CCLD, CCLDO)  (CIK 0001582982)",8-K,2025-10-07,0001493152-25-017303:ex99-1.htm,0001493152-25-017303,
"""generative AI""",0001582982,"CareCloud, Inc.  (CCLD, CCLDO)  (CIK 0001582982)",8-K,2025-07-25,0001493152-25-011403:ex99-1.htm,0001493152-25-011403,
"""generative AI""",0001951070,"McGraw Hill, Inc.  (MH)  (CIK 0001951070)",8-K,2026-01-06,0001193125-26-003463:d65701dex991.htm,0001193125-26-003463,
"""generative AI""",0000320193,Apple Inc.  (AAPL)  (CIK 0000320193),8-K,2024-08-01,0000320193-24-000080:a8-kex991q3202406292024.htm,0000320193-24-000080,
"""generative AI""",0000064463,"Soluna Holdings, Inc  (SLNH, SLNHP)  (CIK 0000064463)",8-K,2024-04-04,0001493152-24-013138:ex99-1.htm,0001493152-24-013138,
"""generative AI""",0001065088,EBAY INC  (EBAY)  (CIK 0001065088),8-K,2024-07-31,0001065088-24-000143:exhibit991erebayq22024.htm,0001065088-24-000143,
"""generative AI""",0001836981,"BigBear.ai Holdings, Inc.  (BBAI, BBAI-WT)  (CIK 0001836981)",8-K,2025-11-10,0001836981-25-000025:earningsrelease-3q25.htm,0001836981-25-000025,
"""generative AI""",0001689923,"Alteryx, Inc.  (CIK 0001689923)",8-K,2023-08-07,0001689923-23-000053:ayxex99106302023.htm,0001689923-23-000053,
"""generative AI""",0001820144,Grindr Inc.  (GRND)  (CIK 0001820144),8-K,2025-11-06,0001820144-25-000037:grnd_q3xshlxvf.htm,0001820144-25-000037,
"""generative AI""",0001448056,"NEW RELIC, INC.  (CIK 0001448056)",8-K,2023-05-23,0001448056-23-000031:q4ex9912023.htm,0001448056-23-000031,
"""generative AI""",0002042022,"WhiteFiber, Inc.  (WYFI)  (CIK 0002042022)",8-K,2026-01-26,0001213900-26-007740:ea027402401ex99-1_white.htm,0001213900-26-007740,
"""generative AI""",0001549346,"Shutterstock, Inc.  (SSTK)  (CIK 0001549346)",8-K,2026-02-23,0001549346-26-000014:gettyimagesandshuttersto.htm,0001549346-26-000014,
"""generative AI""",0001023313,"FORRESTER RESEARCH, INC.  (FORR)  (CIK 0001023313)",8-K,2023-10-26,0001193125-23-264079:d567864dex991.htm,0001193125-23-264079,
"""generative AI""",0001898496,"Getty Images Holdings, Inc.  (GETY)  (CIK 0001898496)",8-K,2025-10-21,0001213900-25-100912:ea026190001ex99-1_getty.htm,0001213900-25-100912,
"""generative AI""",0001320760,"TSS, Inc.  (TSSI)  (CIK 0001320760)",8-K,2025-11-13,0001654954-25-012990:tssi_ex991.htm,0001654954-25-012990,
"""generative AI""",0001023313,"FORRESTER RESEARCH, INC.  (FORR)  (CIK 0001023313)",8-K,2025-05-06,0000950170-25-064425:forr-ex99_1.htm,0000950170-25-064425,
"""generative AI""",0001781174,"Acrivon Therapeutics, Inc.  (ACRV)  (CIK 0001781174)",8-K,2024-08-13,0000950170-24-095766:acrv-ex99_1.htm,0000950170-24-095766,
"""generative AI""",0000790526,"RadNet, Inc.  (RDNT)  (CIK 0000790526)",8-K,2024-05-13,0001683168-24-003246:radnet_ex9902.htm,0001683168-24-003246,
"""generative AI""",0001859199,reAlpha Tech Corp.  (AIRE)  (CIK 0001859199),8-K,2024-09-30,0001213900-24-082908:ea021605101ex99-1_realpha.htm,0001213900-24-082908,
"""generative AI""",0001320760,"TSS, Inc.  (TSSI)  (CIK 0001320760)",8-K,2026-05-07,0001654954-26-004536:tssi_ex991.htm,0001654954-26-004536,
"""generative AI""",0001601830,"RECURSION PHARMACEUTICALS, INC.  (RXRX)  (CIK 0001601830)",8-K,2023-05-08,0001601830-23-000021:ex991cyclicaandvalencepres.htm,0001601830-23-000021,
"""generative AI""",0002032528,"Roman DBDR Acquisition Corp. II  (DRDB, DRDBU, DRDBW)  (CIK 0002032528)",8-K,2026-05-15,0001104659-26-062518:tm2614743d1_8k.htm,0001104659-26-062518,
"""generative AI""",0001672688,Absci Corp  (ABSI)  (CIK 0001672688),8-K,2026-06-24,0001672688-26-000118:exhibit991-26x06x23pr.htm,0001672688-26-000118,
"""generative AI""",0001120970,Comstock Inc.  (LODE)  (CIK 0001120970),8-K,2024-09-19,0001437749-24-029516:ex_725570.htm,0001437749-24-029516,
"""generative AI""",0002038439,"VisionWave Holdings, Inc.  (VWAV, VWAVW)  (CIK 0002038439)",8-K,2025-12-10,0001731122-25-001653:e7106_8-k.htm,0001731122-25-001653,
"""generative AI""",0001898496,"Getty Images Holdings, Inc.  (GETY)  (CIK 0001898496)",8-K,2026-06-22,0001213900-26-070706:ea029548101ex99-1.htm,0001213900-26-070706,
"""generative AI""",0001627475,"UPWORK, INC  (UPWK)  (CIK 0001627475)",8-K,2023-02-15,0001627475-23-000004:final_q4fy22upworkshareh.htm,0001627475-23-000004,
"""generative AI""",0001023313,"FORRESTER RESEARCH, INC.  (FORR)  (CIK 0001023313)",8-K,2024-07-30,0001193125-24-188867:d95974dex991.htm,0001193125-24-188867,
"""generative AI""",0001320760,"TSS, Inc.  (TSSI)  (CIK 0001320760)",8-K,2025-05-15,0001654954-25-005741:tssi_ex991.htm,0001654954-25-005741,
"""generative AI""",0001830081,"Rumble Inc.  (RUM, RUMBW)  (CIK 0001830081)",8-K,2026-03-27,0001213900-26-034894:ea0283649-8k_rumble.htm,0001213900-26-034894,
"""generative AI""",0000002488,ADVANCED MICRO DEVICES INC  (AMD)  (CIK 0000002488),8-K,2025-10-06,0001193125-25-230895:d28189dex991.htm,0001193125-25-230895,
"""generative AI""",0001781174,"Acrivon Therapeutics, Inc.  (ACRV)  (CIK 0001781174)",8-K,2025-08-13,0001193125-25-179834:acrv-ex99_1.htm,0001193125-25-179834,
"""generative AI""",0001820875,"CXApp Inc.  (CXAI, CXAIW)  (CIK 0001820875)",8-K,2025-04-07,0001829126-25-002437:cxapp_ex99-1.htm,0001829126-25-002437,
"""generative AI""",0001646188,Ondas Holdings Inc.  (ONDS)  (CIK 0001646188),8-K,2024-10-09,0001213900-24-086424:ea021714201ex99-1_ondas.htm,0001213900-24-086424,
"""generative AI""",0000060667,LOWES COMPANIES INC  (LOW)  (CIK 0000060667),8-K,2024-12-11,0000060667-24-000175:exhibit991-12112024.htm,0000060667-24-000175,
"""generative AI""",0001506293,"PINTEREST, INC.  (PINS)  (CIK 0001506293)",8-K,2023-09-19,0001193125-23-237635:d520674dex992.htm,0001193125-23-237635,
"""generative AI""",0001769624,"AGBA Group Holding Ltd.  (AGBA, AGBAW)  (CIK 0001769624)",8-K,2024-04-19,0001213900-24-034273:ea020427201ex99-1_agba.htm,0001213900-24-034273,
"""generative AI""",0000051644,"INTERPUBLIC GROUP OF COMPANIES, INC.  (IPG)  (CIK 0000051644)",8-K,2023-05-02,0000051644-23-000019:earningscalltranscript1q.htm,0000051644-23-000019,
"""generative AI""",0002065779,"D. Boral ARC Acquisition I Corp.  (BCAR, BCARU, BCARW)  (CIK 0002065779)",8-K,2026-01-13,0001829126-26-000260:dboralarcacq1_ex99-1.htm,0001829126-26-000260,
"""generative AI""",0000723125,MICRON TECHNOLOGY INC  (MU)  (CIK 0000723125),8-K,2025-06-12,0001104659-25-058741:tm2517778d1_ex99-1.htm,0001104659-25-058741,
"""generative AI""",0000829323,"Inuvo, Inc.  (INUV)  (CIK 0000829323)",8-K,2024-05-07,0001654954-24-005712:inuvo_ex991.htm,0001654954-24-005712,
"""generative AI""",0001320760,"TSS, Inc.  (TSSI)  (CIK 0001320760)",8-K,2025-03-27,0001654954-25-003424:tssi_ex991.htm,0001654954-25-003424,
"""generative AI""",0001023313,"FORRESTER RESEARCH, INC.  (FORR)  (CIK 0001023313)",8-K,2024-11-05,0001193125-24-251244:d895961dex991.htm,0001193125-24-251244,
"""generative AI""",0001023313,"FORRESTER RESEARCH, INC.  (FORR)  (CIK 0001023313)",8-K,2026-05-06,0001193125-26-208920:forr-ex99_1.htm,0001193125-26-208920,
"""generative AI""",0001108524,"Salesforce, Inc.  (CRM)  (CIK 0001108524)",8-K,2023-05-31,0001108524-23-000021:crm-q1fy24xexhibit991.htm,0001108524-23-000021,
"""generative AI""",0000790526,"RadNet, Inc.  (RDNT)  (CIK 0000790526)",8-K,2024-08-09,0001683168-24-005428:radnet_ex9902.htm,0001683168-24-005428,
"""generative AI""",0001615165,"Veritone, Inc.  (VERI)  (CIK 0001615165)",8-K,2023-03-02,0000950170-23-005822:veri-ex99_1.htm,0000950170-23-005822,
"""generative AI""",0001120970,Comstock Inc.  (LODE)  (CIK 0001120970),8-K,2024-04-24,0001120970-24-000036:exhibit991-pressreleaseren.htm,0001120970-24-000036,
"""generative AI""",0001568100,"PagerDuty, Inc.  (PD)  (CIK 0001568100)",8-K,2025-03-13,0001568100-25-000019:ex991-pagerdutyq4fy25earni.htm,0001568100-25-000019,
"""generative AI""",0001803901,"Talkspace, Inc.  (TALK, TALKW)  (CIK 0001803901)",8-K,2025-08-05,0000950170-25-102417:talk-ex99_2.htm,0000950170-25-102417,
"""generative AI""",0001819989,Cipher Digital Inc.  (CIFR)  (CIK 0001819989),8-K,2026-06-08,0000950103-26-008635:dp248110_ex9901.htm,0000950103-26-008635,
"""generative AI""",0001498148,Artificial Intelligence Technology Solutions Inc.  (AITX)  (CIK 0001498148),8-K,2025-01-16,0001493152-25-002460:ex99-1.htm,0001493152-25-002460,
"""generative AI""",0001898496,"Getty Images Holdings, Inc.  (GETY)  (CIK 0001898496)",8-K,2026-03-16,0001628280-26-018164:gety-2025x12x31ex991.htm,0001628280-26-018164,
"""generative AI""",0001364954,"CHEGG, INC  (CHGG)  (CIK 0001364954)",8-K,2025-11-10,0001364954-25-000118:a9901-financialresultsq320.htm,0001364954-25-000118,
"""generative AI""",0001910851,R1 RCM Inc. /DE  (RCM)  (CIK 0001910851),8-K,2023-08-02,0001628280-23-026570:a2023q2_earningscalldeck.htm,0001628280-23-026570,
"""generative AI""",0001120970,Comstock Inc.  (LODE)  (CIK 0001120970),8-K,2024-08-08,0001437749-24-025533:ex_710366.htm,0001437749-24-025533,
"""generative AI""",0001665300,"Phunware, Inc.  (PHUN)  (CIK 0001665300)",8-K,2025-11-06,0001193125-25-269673:phun-ex99_1.htm,0001193125-25-269673,
"""generative AI""",0001320760,"TSS, Inc.  (TSSI)  (CIK 0001320760)",8-K,2026-03-11,0001654954-26-002115:tssi_ex991.htm,0001654954-26-002115,
"""generative AI""",0002042022,"WhiteFiber, Inc.  (WYFI)  (CIK 0002042022)",8-K,2025-11-13,0001213900-25-110125:ea026564401ex99-1_white.htm,0001213900-25-110125,
"""generative AI""",0000829323,"Inuvo, Inc.  (INUV)  (CIK 0000829323)",8-K,2024-11-08,0001654954-24-013980:inuvo_ex992.htm,0001654954-24-013980,
"""generative AI""",0001320760,"TSS, Inc.  (TSSI)  (CIK 0001320760)",8-K,2026-03-16,0001654954-26-002255:tssi_ex991.htm,0001654954-26-002255,
"""generative AI""",0001854368,Digi Power X Inc.  (DGXX)  (CIK 0001854368),8-K,2026-03-13,0001213900-26-027265:ea028155101ex99-1.htm,0001213900-26-027265,
"""generative AI""",0001832161,"VIP Play, Inc.  (VIPZ)  (CIK 0001832161)",8-K,2025-06-04,0001641172-25-013598:form8-k.htm,0001641172-25-013598,
"""generative AI""",0001898496,"Getty Images Holdings, Inc.  (GETY)  (CIK 0001898496)",8-K,2025-10-06,0001213900-25-096641:ea026033401ex99-1_getty.htm,0001213900-25-096641,
"""generative AI""",0001652958,"Edgemode, Inc.  (EDGM)  (CIK 0001652958)",8-K,2025-04-08,0001683168-25-002328:edgemode_8k.htm,0001683168-25-002328,
"""generative AI""",0001769624,"AGBA Group Holding Ltd.  (AGBA, AGBAW)  (CIK 0001769624)",8-K,2024-04-30,0001213900-24-037505:ea020497001ex99-1_agba.htm,0001213900-24-037505,
"""generative AI""",0001859392,Galaxy Digital Inc.  (GLXY)  (CIK 0001859392),8-K,2026-05-08,0001628280-26-032991:exhibit11-8xkxatmlaunchxma.htm,0001628280-26-032991,
"""generative AI""",0001467373,Accenture plc  (ACN)  (CIK 0001467373),8-K,2024-09-26,0001467373-24-000266:fy24q4plc8-kexhibit.htm,0001467373-24-000266,
"""generative AI""",0001853044,"Aeries Technology, Inc.  (AERT, AERTW)  (CIK 0001853044)",8-K,2025-07-03,0001829126-25-004898:aeriestech_ex99-1.htm,0001829126-25-004898,
"""generative AI""",0001562088,"Duolingo, Inc.  (DUOL)  (CIK 0001562088)",8-K,2025-02-27,0001562088-25-000039:q4fy24duolingo12-31x24shar.htm,0001562088-25-000039,
"""generative AI""",0001672688,Absci Corp  (ABSI)  (CIK 0001672688),8-K,2026-03-24,0001672688-26-000066:generalcorporatepresenta.htm,0001672688-26-000066,
"""generative AI""",0001669162,"Kinsale Capital Group, Inc.  (KNSL)  (CIK 0001669162)",8-K,2025-01-16,0001669162-25-000002:investordaypresentation.htm,0001669162-25-000002,
"""generative AI""",0001336920,"Leidos Holdings, Inc.  (LDOS)  (CIK 0001336920)",8-K,2023-08-01,0001336920-23-000049:ldos063023q2pressreleaseex.htm,0001336920-23-000049,
"""generative AI""",0001564408,Snap Inc  (SNAP)  (CIK 0001564408),8-K,2024-02-06,0001564408-24-000017:snapincq42023investorlet.htm,0001564408-24-000017,
"""generative AI""",0001108524,"Salesforce, Inc.  (CRM)  (CIK 0001108524)",8-K,2026-05-27,0001108524-26-000125:crm-q1fy27xexhibit991.htm,0001108524-26-000125,
"""generative AI""",0001672688,Absci Corp  (ABSI)  (CIK 0001672688),8-K,2025-11-12,0001672688-25-000082:generalcorporatepresenta.htm,0001672688-25-000082,
"""generative AI""",0001633978,Lumentum Holdings Inc.  (LITE)  (CIK 0001633978),8-K,2023-10-30,0001193125-23-265658:d575524dex991.htm,0001193125-23-265658,
"""generative AI""",0000051644,"INTERPUBLIC GROUP OF COMPANIES, INC.  (IPG)  (CIK 0000051644)",8-K,2024-07-25,0000051644-24-000038:earningscalltranscript2q.htm,0000051644-24-000038,
"""generative AI""",0001320760,"TSS, Inc.  (TSSI)  (CIK 0001320760)",8-K,2024-11-14,0001437749-24-035296:ex_748277.htm,0001437749-24-035296,
"""generative AI""",0001023313,"FORRESTER RESEARCH, INC.  (FORR)  (CIK 0001023313)",8-K,2025-02-11,0000950170-25-017877:forr-ex99_1.htm,0000950170-25-017877,
"""generative AI""",0001805833,"System1, Inc.  (SST, SSTPW)  (CIK 0001805833)",8-K,2025-05-06,0001628280-25-022669:ex991earningsreleaseq12025.htm,0001628280-25-022669,
"""generative AI""",0001805521,"FARADAY FUTURE INTELLIGENT ELECTRIC INC.  (FFAI, FFAIW)  (CIK 0001805521)",8-K,2025-09-25,0001213900-25-091355:ea025855901ex99-2_faraday.htm,0001213900-25-091355,
"""generative AI""",0001120970,Comstock Inc.  (LODE)  (CIK 0001120970),8-K,2024-10-07,0001437749-24-030748:ex_730179.htm,0001437749-24-030748,
"""generative AI""",0001646188,Ondas Holdings Inc.  (ONDS)  (CIK 0001646188),8-K,2025-08-22,0001213900-25-079939:ea025420201ex2-1_ondas.htm,0001213900-25-079939,
"""generative AI""",0001808834,"PROG Holdings, Inc.  (PRG)  (CIK 0001808834)",8-K,2026-03-10,0001808834-26-000051:exhibit992-pressreleaseu.htm,0001808834-26-000051,
"""generative AI""",0001040896,"Intellicheck, Inc.  (IDN)  (CIK 0001040896)",8-K,2026-05-12,0001040896-26-000019:idn_q12026pressrelease.htm,0001040896-26-000019,
"""generative AI""",0001851003,Zeta Global Holdings Corp.  (ZETA)  (CIK 0001851003),8-K,2025-11-24,0001193125-25-293671:zeta-ex99_1.htm,0001193125-25-293671,
"""generative AI""",0002042022,"WhiteFiber, Inc.  (WYFI)  (CIK 0002042022)",8-K,2026-01-26,0001213900-26-007740:ea027402401ex99-2_white.htm,0001213900-26-007740,
"""generative AI""",0001023313,"FORRESTER RESEARCH, INC.  (FORR)  (CIK 0001023313)",8-K,2026-02-12,0001193125-26-048685:forr-ex99_1.htm,0001193125-26-048685,
"""generative AI""",0001871638,"Blaize Holdings, Inc.  (BZAI, BZAIW)  (CIK 0001871638)",8-K,2025-02-11,0001193125-25-023793:d906523dex991.htm,0001193125-25-023793,
"""generative AI""",0001898496,"Getty Images Holdings, Inc.  (GETY)  (CIK 0001898496)",8-K,2025-04-02,0001628280-25-016275:gety-20250402xex991.htm,0001628280-25-016275,
"""generative AI""",0000827052,EDISON INTERNATIONAL  (EIX)  (CIK 0000827052),8-K,2023-05-02,0000827052-23-000036:eix-20230502xex99d2.htm,0000827052-23-000036,
"""generative AI""",0001224133,MARCHEX INC  (MCHX)  (CIK 0001224133),8-K,2024-08-08,0000950170-24-094042:mchx-ex99_1.htm,0000950170-24-094042,
"""generative AI""",0001898496,"Getty Images Holdings, Inc.  (GETY)  (CIK 0001898496)",8-K,2025-02-04,0001628280-25-003574:gety-20250204.htm,0001628280-25-003574,
"""generative AI""",0001710350,"Bit Digital, Inc  (BTBT)  (CIK 0001710350)",8-K,2025-03-14,0001013762-25-000323:ea023430901ex99-1_bitdigital.htm,0001013762-25-000323,
"""generative AI""",0001820144,Grindr Inc.  (GRND)  (CIK 0001820144),8-K,2025-05-08,0001820144-25-000023:exhibit991-q12025earningsr.htm,0001820144-25-000023,
"""generative AI""",0001699838,"Confluent, Inc.  (CFLT)  (CIK 0001699838)",8-K,2025-12-08,0001104659-25-119081:tm2532777d2_ex99-1.htm,0001104659-25-119081,
"""generative AI""",0001956741,"CleanCore Solutions, Inc.  (ZONE)  (CIK 0001956741)",8-K,2026-06-08,0001213900-26-066049:ea0293889-8k_cleancore.htm,0001213900-26-066049,
"""generative AI""",0001806837,"Vertex, Inc.  (VERX)  (CIK 0001806837)",8-K,2025-10-21,0001104659-25-101040:tm2529072d1_ex99-1.htm,0001104659-25-101040,
"""generative AI""",0001689923,"Alteryx, Inc.  (CIK 0001689923)",8-K,2023-12-19,0001193125-23-298609:d676158dex991.htm,0001193125-23-298609,
"""generative AI""",0001549346,"Shutterstock, Inc.  (SSTK)  (CIK 0001549346)",8-K,2025-04-03,0001549346-25-000021:pressrelease-secondrequest.htm,0001549346-25-000021,
"""generative AI""",0001289419,"Morningstar, Inc.  (MORN)  (CIK 0001289419)",8-K,2024-07-25,0001289419-24-000055:shareholderletter-q224fi.htm,0001289419-24-000055,
"""generative AI""",0001820144,Grindr Inc.  (GRND)  (CIK 0001820144),8-K,2025-08-07,0001820144-25-000033:exhibit991-q22025earningsr.htm,0001820144-25-000033,
"""generative AI""",0001898496,"Getty Images Holdings, Inc.  (GETY)  (CIK 0001898496)",8-K,2025-10-21,0001213900-25-100912:ea026190001ex99-2_getty.htm,0001213900-25-100912,
"""generative AI""",0001582982,"CareCloud, Inc.  (CCLD, CCLDO, CCLDP)  (CIK 0001582982)",8-K,2025-01-21,0001493152-25-002915:ex99-1.htm,0001493152-25-002915,
"""generative AI""",0001573221,"TheRealReal, Inc.  (REAL)  (CIK 0001573221)",8-K,2025-02-10,0001193125-25-023641:d929762dex991.htm,0001193125-25-023641,
"""generative AI""",0001934945,"Trailblazer Merger Corp I  (TBMC, TBMCR)  (CIK 0001934945)",8-K,2024-07-23,0001213900-24-063610:ea020977001ex99-1_trailblaz1.htm,0001213900-24-063610,
"""generative AI""",0001835681,"POWERSCHOOL HOLDINGS, INC.  (PWSC)  (CIK 0001835681)",8-K,2024-06-07,0001193125-24-156777:d232555dex991.htm,0001193125-24-156777,
"""generative AI""",0001667313,"Zedge, Inc.  (ZDGE)  (CIK 0001667313)",8-K,2024-04-09,0001213900-24-031346:ea020350801ex99-1_zedge.htm,0001213900-24-031346,
"""generative AI""",0001615165,"Veritone, Inc.  (VERI)  (CIK 0001615165)",8-K,2025-10-15,0001615165-25-000016:a2025-10x14preliminaryq3ea.htm,0001615165-25-000016,
"""generative AI""",0001781174,"Acrivon Therapeutics, Inc.  (ACRV)  (CIK 0001781174)",8-K,2026-03-19,0001193125-26-115139:acrv-ex99_1.htm,0001193125-26-115139,
"""generative AI""",0001573221,"TheRealReal, Inc.  (REAL)  (CIK 0001573221)",8-K,2024-10-28,0001193125-24-244731:d900595dex991.htm,0001193125-24-244731,
"""generative AI""",0001293282,TechTarget Inc  (TTGT)  (CIK 0001293282),8-K,2024-02-07,0000950170-24-012220:ttgt-ex99_1.htm,0000950170-24-012220,
"""generative AI""",0001018724,AMAZON COM INC  (AMZN)  (CIK 0001018724),8-K,2025-04-10,0001104659-25-033450:tm254123d3_ex99-1.htm,0001104659-25-033450,
"""generative AI""",0001108524,"Salesforce, Inc.  (CRM)  (CIK 0001108524)",8-K,2026-02-25,0001108524-26-000056:crm-q4fy26xexhibit991.htm,0001108524-26-000056,
"""generative AI""",0001116942,TTM TECHNOLOGIES INC  (TTMI)  (CIK 0001116942),8-K,2025-10-29,0001193125-25-256425:d89774dex991.htm,0001193125-25-256425,
"""generative AI""",0001735438,MeiraGTx Holdings plc  (MGTX)  (CIK 0001735438),8-K,2025-03-13,0001558370-25-002859:mgtx-20250309x8k.htm,0001558370-25-002859,
"""generative AI""",0001672688,Absci Corp  (ABSI)  (CIK 0001672688),8-K,2025-08-12,0001628280-25-039878:exhibit991-2025q210xqpr.htm,0001628280-25-039878,
"""generative AI""",0001769624,"AGBA Group Holding Ltd.  (AGBA, AGBAW)  (CIK 0001769624)",8-K,2023-11-14,0001213900-23-086452:ea188323ex99-2_agbagroup.htm,0001213900-23-086452,
"""generative AI""",0001614178,"Yext, Inc.  (YEXT)  (CIK 0001614178)",8-K,2026-03-09,0001628280-26-016005:ex992q4fy26shareholderlett.htm,0001628280-26-016005,
"""generative AI""",0001045810,NVIDIA CORP  (NVDA)  (CIK 0001045810),8-K,2024-11-20,0001045810-24-000315:q3fy25cfocommentary.htm,0001045810-24-000315,
"""generative AI""",0001116942,TTM TECHNOLOGIES INC  (TTMI)  (CIK 0001116942),8-K,2025-04-30,0001193125-25-107148:d937306dex991.htm,0001193125-25-107148,
"""generative AI""",0001013237,FACTSET RESEARCH SYSTEMS INC  (FDS)  (CIK 0001013237),8-K,2024-11-14,0001013237-24-000178:fds-investordaynovember2.htm,0001013237-24-000178,
"""generative AI""",0001045810,NVIDIA CORP  (NVDA)  (CIK 0001045810),8-K,2023-08-23,0001045810-23-000171:q2fy24cfocommentary.htm,0001045810-23-000171,
"""generative AI""",0001495231,"IZEA Worldwide, Inc.  (IZEA)  (CIK 0001495231)",8-K,2024-05-15,0001495231-24-000082:exhibit991pressreleaseq120.htm,0001495231-24-000082,
"""generative AI""",0000827052,EDISON INTERNATIONAL  (EIX)  (CIK 0000827052),8-K,2024-02-22,0000827052-24-000012:eix-20240222xex99d2.htm,0000827052-24-000012,
"""generative AI""",0001045810,NVIDIA CORP  (NVDA)  (CIK 0001045810),8-K,2024-05-22,0001045810-24-000113:q1fy25cfocommentary.htm,0001045810-24-000113,
"""generative AI""",0001838163,"DHC Acquisition Corp.  (BNAI, BNAIW)  (CIK 0001838163)",8-K,2023-09-08,0001193125-23-230794:d507211dex994.htm,0001193125-23-230794,
"""generative AI""",0000829323,"Inuvo, Inc.  (INUV)  (CIK 0000829323)",8-K,2023-08-10,0001654954-23-010497:inuvo_ex992.htm,0001654954-23-010497,
"""generative AI""",0001120970,Comstock Inc.  (LODE)  (CIK 0001120970),8-K,2024-10-02,0001437749-24-030393:ex_729047.htm,0001437749-24-030393,
"""generative AI""",0001805833,"System1, Inc.  (SST, SSTPW)  (CIK 0001805833)",8-K,2025-08-07,0001805833-25-000009:system1investorpresentat.htm,0001805833-25-000009,
"""generative AI""",0001820144,Grindr Inc.  (GRND)  (CIK 0001820144),8-K,2025-03-05,0001820144-25-000010:exhibit991-fy2024earningsr.htm,0001820144-25-000010,
"""generative AI""",0001355848,"Kartoon Studios, Inc.  (TOON)  (CIK 0001355848)",8-K,2024-05-15,0001355848-24-000072:kartoon_20240515-ex991.htm,0001355848-24-000072,
"""generative AI""",0001769624,"AGBA Group Holding Ltd.  (AGBA, AGBAW)  (CIK 0001769624)",8-K,2024-04-18,0001213900-24-033943:ea020403101ex99-1_agba.htm,0001213900-24-033943,
"""generative AI""",0001805833,"System1, Inc.  (SST, SST-WT)  (CIK 0001805833)",8-K,2025-03-10,0001628280-25-011713:q424investorpresentation.htm,0001628280-25-011713,
"""generative AI""",0001805833,"System1, Inc.  (SST, SSTPW)  (CIK 0001805833)",8-K,2025-05-06,0001628280-25-022742:system1investorpresentat.htm,0001628280-25-022742,
"""generative AI""",0001820144,Grindr Inc.  (GRND)  (CIK 0001820144),8-K,2025-11-06,0001820144-25-000037:exhibit991-q32025earningsr.htm,0001820144-25-000037,
"""generative AI""",0001383312,"BROADRIDGE FINANCIAL SOLUTIONS, INC.  (BR)  (CIK 0001383312)",8-K,2023-12-07,0001383312-23-000059:ex992investorday2023pres.htm,0001383312-23-000059,
"""generative AI""",0001769804,"Augmedix, Inc.  (AUGX)  (CIK 0001769804)",8-K,2023-11-15,0001213900-23-087547:ea188530ex99-1_augmedix.htm,0001213900-23-087547,
"""generative AI""",0001805521,"FARADAY FUTURE INTELLIGENT ELECTRIC INC.  (FFIE, FFIEW)  (CIK 0001805521)",8-K,2023-10-17,0001013762-23-004211:ea186853ex99-1_faraday.htm,0001013762-23-004211,
"""generative AI""",0001289419,"Morningstar, Inc.  (MORN)  (CIK 0001289419)",8-K,2026-02-12,0001289419-26-000009:ceoletterdraftq425final.htm,0001289419-26-000009,
"""generative AI""",0001672688,Absci Corp  (ABSI)  (CIK 0001672688),8-K,2025-08-12,0001628280-25-039959:exhibit991-2025q210xqpr.htm,0001628280-25-039959,
"""generative AI""",0000796343,ADOBE INC.  (ADBE)  (CIK 0000796343),8-K,2024-03-14,0000796343-24-000057:adbeex991q124.htm,0000796343-24-000057,
"""generative AI""",0001673358,"Yum China Holdings, Inc.  (YUMC)  (CIK 0001673358)",8-K,2025-11-17,0001193125-25-283928:d723391dex991.htm,0001193125-25-283928,
"""generative AI""",0000004962,AMERICAN EXPRESS CO  (AXP)  (CIK 0000004962),8-K,2026-04-23,0000004962-26-000188:q126exhibit991.htm,0000004962-26-000188,
"""generative AI""",0001843714,"Zapata Computing Holdings Inc.  (ZPTA, ZPTAW)  (CIK 0001843714)",8-K,2024-04-03,0001193125-24-085161:d13242dex991.htm,0001193125-24-085161,
"""generative AI""",0001807794,Credo Technology Group Holding Ltd  (CRDO)  (CIK 0001807794),8-K,2023-05-31,0001628280-23-020320:credoq42023ex-991.htm,0001628280-23-020320,
"""generative AI""",0001173204,Cineverse Corp.  (CNVS)  (CIK 0001173204),8-K,2024-07-17,0000950170-24-084021:cnvs-ex99_1.htm,0000950170-24-084021,
"""generative AI""",0001066194,EGAIN Corp  (EGAN)  (CIK 0001066194),8-K,2025-11-12,0001066194-25-000027:egan-20251112xex99d1.htm,0001066194-25-000027,
"""generative AI""",0001781174,"Acrivon Therapeutics, Inc.  (ACRV)  (CIK 0001781174)",8-K,2024-11-13,0000950170-24-125920:acrv-ex99_1.htm,0000950170-24-125920,
"""generative AI""",0001066194,EGAIN Corp  (EGAN)  (CIK 0001066194),8-K,2024-11-12,0001558370-24-015300:egan-20241112xex99d1.htm,0001558370-24-015300,
"""generative AI""",0001840856,"SOUNDHOUND AI, INC.  (SOUN, SOUNW)  (CIK 0001840856)",8-K,2025-08-07,0001628280-25-038931:soun-20250807ex991earnings.htm,0001628280-25-038931,
"""generative AI""",0001467373,Accenture plc  (ACN)  (CIK 0001467373),8-K,2023-07-27,0001467373-23-000244:acn72720238-kexhibit.htm,0001467373-23-000244,
"""generative AI""",0001710350,"Bit Digital, Inc  (BTBT)  (CIK 0001710350)",8-K,2025-09-29,0001213900-25-093092:ea025915701ex99-1_bitdigital.htm,0001213900-25-093092,
"""generative AI""",0001543151,"Uber Technologies, Inc  (UBER)  (CIK 0001543151)",8-K,2023-11-07,0001543151-23-000036:uberq323earningspressrelea.htm,0001543151-23-000036,
"""generative AI""",0001045810,NVIDIA CORP  (NVDA)  (CIK 0001045810),8-K,2024-08-28,0001045810-24-000262:q2fy25cfocommentary.htm,0001045810-24-000262,
"""generative AI""",0001571996,Dell Technologies Inc.  (DELL)  (CIK 0001571996),8-K,2025-10-07,0001193125-25-232662:d55706dex991.htm,0001193125-25-232662,
"""generative AI""",0001614178,"Yext, Inc.  (YEXT)  (CIK 0001614178)",8-K,2024-06-10,0001614178-24-000055:shareholderreportq1fy25hou.htm,0001614178-24-000055,
"""generative AI""",0000932696,INSIGHT ENTERPRISES INC  (NSIT)  (CIK 0000932696),8-K,2026-05-07,0000932696-26-000047:q12026-insightearningspr.htm,0000932696-26-000047,
"""generative AI""",0001173489,CEVA INC  (CEVA)  (CIK 0001173489),8-K,2023-08-09,0001437749-23-022624:ex_556521.htm,0001437749-23-022624,
"""generative AI""",0001831840,"SEMrush Holdings, Inc.  (SEMR)  (CIK 0001831840)",8-K,2023-11-01,0001628280-23-036022:semrush8-kexhibit991q32023.htm,0001628280-23-036022,
"""generative AI""",0001573221,"TheRealReal, Inc.  (REAL)  (CIK 0001573221)",8-K,2025-02-10,0001193125-25-023641:d929762d8k.htm,0001193125-25-023641,
"""generative AI""",0001725057,Ceridian HCM Holding Inc.  (DAY)  (CIK 0001725057),8-K,2023-11-01,0000950170-23-057134:cday-ex99_1.htm,0000950170-23-057134,
"""generative AI""",0000896262,AMEDISYS INC  (AMED)  (CIK 0000896262),8-K,2025-04-23,0000896262-25-000029:a20253103_991exhibit.htm,0000896262-25-000029,
"""generative AI""",0001831840,"SEMrush Holdings, Inc.  (SEMR)  (CIK 0001831840)",8-K,2023-05-08,0001628280-23-016447:semrush8-kexhibit991q12023.htm,0001628280-23-016447,
"""generative AI""",0001364954,"CHEGG, INC  (CHGG)  (CIK 0001364954)",8-K,2025-10-27,0001364954-25-000112:chgg-20251021.htm,0001364954-25-000112,
"""generative AI""",0001173204,Cineverse Corp.  (CNVS)  (CIK 0001173204),8-K,2024-03-21,0000950170-24-034318:cnvs-ex99_1.htm,0000950170-24-034318,
"""generative AI""",0001868640,"Roadzen Inc.  (RDZN, RDZNW)  (CIK 0001868640)",8-K,2024-07-01,0000950170-24-079599:rdzn-ex99_1.htm,0000950170-24-079599,
"""generative AI""",0001781174,"Acrivon Therapeutics, Inc.  (ACRV)  (CIK 0001781174)",8-K,2026-01-08,0001193125-26-007007:acrv-ex99_1.htm,0001193125-26-007007,
"""generative AI""",0001691421,"Lemonade, Inc.  (LMND, LMND-WT)  (CIK 0001691421)",8-K,2024-10-30,0001691421-24-000128:lmndq32024shlfinal103024.htm,0001691421-24-000128,
"""generative AI""",0001843714,"Zapata Computing Holdings Inc.  (ZPTA, ZPTAW)  (CIK 0001843714)",8-K,2024-09-03,0000950170-24-102885:ck0001843714-ex99_1.htm,0000950170-24-102885,
"""generative AI""",0001672688,Absci Corp  (ABSI)  (CIK 0001672688),8-K,2026-05-07,0001672688-26-000086:finalcorporatepresentati.htm,0001672688-26-000086,
"""generative AI""",0001875493,"CSLM ACQUISITION CORP.  (CSLM, CSLMR, CSLMU, CSLMW)  (CIK 0001875493)",8-K,2024-12-20,0001193125-24-282236:d841829dex991.htm,0001193125-24-282236,
"""generative AI""",0002032528,"Roman DBDR Acquisition Corp. II  (DRDB, DRDBU, DRDBW)  (CIK 0002032528)",8-K,2026-05-15,0001104659-26-062518:tm2614743d1_ex99-1.htm,0001104659-26-062518,
"""generative AI""",0001013857,PEGASYSTEMS INC  (PEGA)  (CIK 0001013857),8-K,2023-06-12,0001013857-23-000125:investorsession202306112.htm,0001013857-23-000125,
"""generative AI""",0001697851,"Rekor Systems, Inc.  (REKR)  (CIK 0001697851)",8-K,2024-11-14,0001437749-24-035298:ex_747553.htm,0001437749-24-035298,
"""generative AI""",0001075736,"Crexendo, Inc.  (CXDO)  (CIK 0001075736)",8-K,2024-03-05,0001654954-24-002643:cxdo_ex991.htm,0001654954-24-002643,
"""generative AI""",0001116942,TTM TECHNOLOGIES INC  (TTMI)  (CIK 0001116942),8-K,2024-10-30,0001193125-24-247537:d155829dex991.htm,0001193125-24-247537,
"""generative AI""",0001580560,Flywire Corp  (FLYW)  (CIK 0001580560),8-K,2025-02-25,0001193125-25-035188:d843798dex21.htm,0001193125-25-035188,
"""generative AI""",0001224133,MARCHEX INC  (MCHX)  (CIK 0001224133),8-K,2024-03-14,0000950170-24-031514:mchx-ex99_1.htm,0000950170-24-031514,
"""generative AI""",0001842566,"Airship AI Holdings, Inc.  (AISP, AISPW)  (CIK 0001842566)",8-K,2025-05-15,0001654954-25-005757:airsp_ex991.htm,0001654954-25-005757,
"""generative AI""",0000087347,SLB LIMITED/NV  (SLB)  (CIK 0000087347),8-K,2025-10-17,0001193125-25-241946:d83993dex99.htm,0001193125-25-241946,
"""generative AI""",0001610250,"Boot Barn Holdings, Inc.  (BOOT)  (CIK 0001610250)",8-K,2024-06-04,0001558370-24-008879:boot-20240604xex99d1.htm,0001558370-24-008879,
"""generative AI""",0001601830,"RECURSION PHARMACEUTICALS, INC.  (RXRX)  (CIK 0001601830)",8-K,2025-08-05,0001601830-25-000126:exhibit991-q0225.htm,0001601830-25-000126,
"""generative AI""",0001173489,CEVA INC  (CEVA)  (CIK 0001173489),8-K,2024-08-07,0001437749-24-025030:ex_708354.htm,0001437749-24-025030,
"""generative AI""",0001224133,MARCHEX INC  (MCHX)  (CIK 0001224133),8-K,2023-08-03,0000950170-23-038008:mchx-ex99_1.htm,0000950170-23-038008,
"""generative AI""",0001573221,"TheRealReal, Inc.  (REAL)  (CIK 0001573221)",8-K,2024-08-06,0001573221-24-000105:real-20240806xex992shletter.htm,0001573221-24-000105,
"""generative AI""",0001591698,Paylocity Holding Corp  (PCTY)  (CIK 0001591698),8-K,2024-09-04,0001591698-24-000222:pcty-202408298xkxexhibit21.htm,0001591698-24-000222,
"""generative AI""",0001544522,Freshworks Inc.  (FRSH)  (CIK 0001544522),8-K,2023-09-07,0001193125-23-230351:d522026dex991.htm,0001193125-23-230351,
"""generative AI""",0001495932,"EXP World Holdings, Inc.  (EXPI)  (CIK 0001495932)",8-K,2023-08-03,0001558370-23-013201:expi-20230803xex99d1.htm,0001558370-23-013201,
"""generative AI""",0001601830,"RECURSION PHARMACEUTICALS, INC.  (RXRX)  (CIK 0001601830)",8-K,2024-08-08,0001193125-24-196505:d856792dex991.htm,0001193125-24-196505,
"""generative AI""",0000882508,QUICKLOGIC Corp  (QUIK)  (CIK 0000882508),8-K,2024-08-13,0001437749-24-026416:ex_686822.htm,0001437749-24-026416,
"""generative AI""",0000796343,ADOBE INC.  (ADBE)  (CIK 0000796343),8-K,2023-06-15,0000796343-23-000133:adbeex991q223.htm,0000796343-23-000133,
"""generative AI""",0000829323,"Inuvo, Inc.  (INUV)  (CIK 0000829323)",8-K,2025-02-27,0001654954-25-002034:inuvo_ex992.htm,0001654954-25-002034,
"""generative AI""",0001596532,"Arista Networks, Inc.  (ANET)  (CIK 0001596532)",8-K,2024-07-30,0001596532-24-000277:ex991q224-earningsrelease.htm,0001596532-24-000277,
"""generative AI""",0001069183,"AXON ENTERPRISE, INC.  (AXON)  (CIK 0001069183)",8-K,2023-08-08,0001069183-23-000044:axon-20230808xex99d1.htm,0001069183-23-000044,
"""generative AI""",0001805526,Janover Inc.  (JNVR)  (CIK 0001805526),8-K,2024-02-15,0001213900-24-014581:ea193884ex99-1_janover.htm,0001213900-24-014581,
"""generative AI""",0001101239,EQUINIX INC  (EQIX)  (CIK 0001101239),8-K,2023-10-25,0000950170-23-055177:eqix-ex99_1.htm,0000950170-23-055177,
"""generative AI""",0002054696,NIQ Global Intelligence plc  (NIQ)  (CIK 0002054696),8-K,2025-11-13,0001628280-25-051837:niqpressrelease-q325.htm,0001628280-25-051837,
"""generative AI""",0001066194,EGAIN Corp  (EGAN)  (CIK 0001066194),8-K,2023-02-14,0001558370-23-001272:egan-20230214xex99d1.htm,0001558370-23-001272,
"""generative AI""",0001066194,EGAIN Corp  (EGAN)  (CIK 0001066194),8-K,2025-02-13,0001558370-25-000946:egan-20250213xex99d1.htm,0001558370-25-000946,
"""generative AI""",0001630212,Avalon GloboCare Corp.  (ALBT)  (CIK 0001630212),8-K,2025-12-15,0001213900-25-121489:ea026962401ex99-3_avalon.htm,0001213900-25-121489,
"""generative AI""",0001474432,"Pure Storage, Inc.  (PSTG)  (CIK 0001474432)",8-K,2024-05-29,0001628280-24-025604:pstg-ex991q1fy2025xpressre.htm,0001628280-24-025604,
"""generative AI""",0001874178,"Rivian Automotive, Inc. / DE  (RIVN)  (CIK 0001874178)",8-K,2025-02-20,0001874178-25-000004:ex-9924q24shareholderletter.htm,0001874178-25-000004,
"""generative AI""",0001615165,"Veritone, Inc.  (VERI)  (CIK 0001615165)",8-K,2024-08-08,0000950170-24-094112:veri-ex99_1.htm,0000950170-24-094112,
"""generative AI""",0000708781,CASS INFORMATION SYSTEMS INC  (CASS)  (CIK 0000708781),8-K,2023-07-20,0000708781-23-000021:cass-20230630xexx991.htm,0000708781-23-000021,
"""generative AI""",0001879001,"Verses AI Inc.  (VRSSD, VRSSF)  (CIK 0001879001)",8-K,2025-07-02,0001641172-25-017609:ex99-3.htm,0001641172-25-017609,
"""generative AI""",0001910851,R1 RCM Inc. /DE  (RCM)  (CIK 0001910851),8-K,2024-02-27,0001628280-24-007024:a2023pressrelease.htm,0001628280-24-007024,
"""generative AI""",0001326801,"Meta Platforms, Inc.  (META)  (CIK 0001326801)",8-K,2025-01-29,0001326801-25-000014:meta-12312024xexhibit991.htm,0001326801-25-000014,
"""generative AI""",0001116942,TTM TECHNOLOGIES INC  (TTMI)  (CIK 0001116942),8-K,2024-07-31,0001193125-24-189522:d810000dex991.htm,0001193125-24-189522,
"""generative AI""",0001173204,Cineverse Corp.  (CNVS)  (CIK 0001173204),8-K,2026-02-17,0001193125-26-054528:cnvs-ex99_1.htm,0001193125-26-054528,
"""generative AI""",0001289419,"Morningstar, Inc.  (MORN)  (CIK 0001289419)",8-K,2023-10-26,0001104659-23-111747:tm2329171d1_ex99-3.htm,0001104659-23-111747,
"""generative AI""",0001066194,EGAIN Corp  (EGAN)  (CIK 0001066194),8-K,2023-09-14,0001558370-23-015750:egan-20230914xex99d1.htm,0001558370-23-015750,
"""generative AI""",0001667313,"Zedge, Inc.  (ZDGE)  (CIK 0001667313)",8-K,2025-12-12,0001213900-25-120916:ea026930001ex99-1_zedge.htm,0001213900-25-120916,
"""generative AI""",0001807166,Amesite Inc.  (AMST)  (CIK 0001807166),8-K,2023-09-29,0001213900-23-080728:ea186032ex99-1_amesite.htm,0001213900-23-080728,
"""generative AI""",0001829953,Corner Growth Acquisition Corp.  (CIK 0001829953),8-K,2024-01-02,0001104659-24-000411:tm241451d1_ex99-1.htm,0001104659-24-000411,
"""generative AI""",0001819394,"Matterport, Inc./DE  (MTTR)  (CIK 0001819394)",8-K,2025-02-26,0001819394-25-000003:mttr-20250226xexx991.htm,0001819394-25-000003,
"""generative AI""",0001819394,"Matterport, Inc./DE  (MTTR)  (CIK 0001819394)",8-K,2024-11-12,0001819394-24-000067:mttr-20241112xexx991q324.htm,0001819394-24-000067,
"""generative AI""",0001045810,NVIDIA CORP  (NVDA)  (CIK 0001045810),8-K,2023-11-21,0001045810-23-000225:q3fy24cfocommentary.htm,0001045810-23-000225,
"""generative AI""",0000051143,INTERNATIONAL BUSINESS MACHINES CORP  (IBM)  (CIK 0000051143),8-K,2025-07-24,0000051143-25-000051:ibm-ex99x1.htm,0000051143-25-000051,
"""generative AI""",0001045810,NVIDIA CORP  (NVDA)  (CIK 0001045810),8-K,2024-02-21,0001045810-24-000028:q4fy24cfocommentary.htm,0001045810-24-000028,
"""generative AI""",0001851484,"CITIUS ONCOLOGY, INC.  (CTOR)  (CIK 0001851484)",8-K,2025-06-17,0001213900-25-055182:ea024593301ex99-1_citius.htm,0001213900-25-055182,
"""generative AI""",0001066194,EGAIN Corp  (EGAN)  (CIK 0001066194),8-K,2026-02-03,0001066194-26-000007:egan-20260203xex99d1.htm,0001066194-26-000007,
"""generative AI""",0001581280,Twist Bioscience Corp  (TWST)  (CIK 0001581280),8-K,2024-11-18,0001628280-24-048173:twst-20240930xex991.htm,0001628280-24-048173,
"""generative AI""",0001831840,"SEMrush Holdings, Inc.  (SEMR)  (CIK 0001831840)",8-K,2023-08-03,0001628280-23-027278:semrush8-kexhibit991q22023.htm,0001628280-23-027278,
"""generative AI""",0001868640,"Roadzen Inc.  (RDZN, RDZNW)  (CIK 0001868640)",8-K,2024-08-13,0000950170-24-096237:rdzn-ex99_1.htm,0000950170-24-096237,
"""generative AI""",0001671933,"Trade Desk, Inc.  (TTD)  (CIK 0001671933)",8-K,2025-08-07,0001671933-25-000123:ttd-2025807x8kexx991.htm,0001671933-25-000123,
"""generative AI""",0001534154,authID Inc.  (AUID)  (CIK 0001534154),8-K,2024-03-20,0001213900-24-024366:ea020207302ex99-1_authidinc.htm,0001213900-24-024366,
"""generative AI""",0001039280,NETSOL TECHNOLOGIES INC  (NTWK)  (CIK 0001039280),8-K,2023-05-12,0001493152-23-016484:ex99-1.htm,0001493152-23-016484,
"""generative AI""",0000903651,INNODATA INC  (INOD)  (CIK 0000903651),8-K,2026-05-07,0001104659-26-057150:tm2612771d1_ex99-1.htm,0001104659-26-057150,
"""generative AI""",0001066194,EGAIN Corp  (EGAN)  (CIK 0001066194),8-K,2024-02-08,0001558370-24-000893:egan-20240208xex99d1.htm,0001558370-24-000893,
"""generative AI""",0001066194,EGAIN Corp  (EGAN)  (CIK 0001066194),8-K,2026-05-14,0001066194-26-000011:egan-20260514xex99d1.htm,0001066194-26-000011,
"""generative AI""",0001667313,"Zedge, Inc.  (ZDGE)  (CIK 0001667313)",8-K,2024-06-10,0001213900-24-051221:ea020757501ex99-1_zedgeinc.htm,0001213900-24-051221,
"""generative AI""",0001859199,reAlpha Tech Corp.  (AIRE)  (CIK 0001859199),8-K,2024-03-12,0001213900-24-021559:ea020156701ex99-1_realpha.htm,0001213900-24-021559,
"""generative AI""",0001824920,"IonQ, Inc.  (IONQ, IONQ-WT)  (CIK 0001824920)",8-K,2024-02-28,0000950170-24-022062:ionq-ex99_1.htm,0000950170-24-022062,
"""generative AI""",0001667313,"Zedge, Inc.  (ZDGE)  (CIK 0001667313)",8-K,2026-03-12,0001213900-26-026946:ea028138401ex99-1.htm,0001213900-26-026946,
"""generative AI""",0001829953,Corner Growth Acquisition Corp.  (CIK 0001829953),8-K,2023-06-14,0001193125-23-166450:d429952dex991.htm,0001193125-23-166450,
"""generative AI""",0001803696,Adeia Inc.  (ADEA)  (CIK 0001803696),8-K,2024-05-06,0000950170-24-053530:adea-ex99_1.htm,0000950170-24-053530,
"""generative AI""",0001326801,"Meta Platforms, Inc.  (META)  (CIK 0001326801)",8-K,2023-04-26,0001326801-23-000063:meta03312023-exhibit991.htm,0001326801-23-000063,
"""generative AI""",0001387467,ALPHA & OMEGA SEMICONDUCTOR Ltd  (AOSL)  (CIK 0001387467),8-K,2023-05-04,0001157523-23-000740:a53393401ex99_2.htm,0001157523-23-000740,
"""generative AI""",0001066194,EGAIN Corp  (EGAN)  (CIK 0001066194),8-K,2025-09-04,0001066194-25-000008:egan-20250904xex99d1.htm,0001066194-25-000008,
"""generative AI""",0001826681,"Sarcos Technology & Robotics Corp  (PDYN, PDYNW)  (CIK 0001826681)",8-K,2024-02-28,0000950170-24-022191:strc-ex99_1.htm,0000950170-24-022191,
"""generative AI""",0001859199,reAlpha Tech Corp.  (AIRE)  (CIK 0001859199),8-K,2024-11-12,0001213900-24-096222:ea022014601ex99-1_realpha.htm,0001213900-24-096222,
"""generative AI""",0001769804,"Augmedix, Inc.  (AUGX)  (CIK 0001769804)",8-K,2024-05-13,0001628280-24-022885:augx-q1x2024xearningsxrele.htm,0001628280-24-022885,
"""generative AI""",0001826671,"Near Intelligence, Inc.  (CIK 0001826671)",8-K,2023-05-15,0001213900-23-039811:ea178558ex99-1_nearintell.htm,0001213900-23-039811,
"""generative AI""",0001720420,IBEX Ltd  (IBEX)  (CIK 0001720420),8-K,2023-11-09,0001720420-23-000028:ex-991.htm,0001720420-23-000028,
"""generative AI""",0000051644,"INTERPUBLIC GROUP OF COMPANIES, INC.  (IPG)  (CIK 0000051644)",8-K,2024-04-24,0000051644-24-000019:ipgq12024earningsreleaseex.htm,0000051644-24-000019,
"""generative AI""",0001907982,D-Wave Quantum Inc.  (QBTS)  (CIK 0001907982),8-K,2026-05-12,0001907982-26-000057:a20260512d_waveq1present.htm,0001907982-26-000057,
"""generative AI""",0001672688,Absci Corp  (ABSI)  (CIK 0001672688),8-K,2025-05-13,0001628280-25-025075:pipelineprogramupdatesma.htm,0001628280-25-025075,
"""generative AI""",0001327318,"TrueCar, Inc.  (TRUE)  (CIK 0001327318)",8-K,2024-11-06,0001327318-24-000041:tc-stockholderxletterxq3.htm,0001327318-24-000041,
"""generative AI""",0001630212,Avalon GloboCare Corp.  (ALBT)  (CIK 0001630212),8-K,2025-12-15,0001213900-25-121489:ea026962401ex99-2_avalon.htm,0001213900-25-121489,
"""generative AI""",0001697500,"Solaris Oilfield Infrastructure, Inc.  (SOI)  (CIK 0001697500)",8-K,2024-07-10,0001193125-24-176889:d859401dex992.htm,0001193125-24-176889,
"""generative AI""",0001039399,FORMFACTOR INC  (FORM)  (CIK 0001039399),8-K,2024-07-31,0001039399-24-000025:ex9901-earningsreleasexq224.htm,0001039399-24-000025,
"""generative AI""",0001474432,"Pure Storage, Inc.  (PSTG)  (CIK 0001474432)",8-K,2024-12-03,0001628280-24-049744:pstg-ex991q3fy2025xpressre.htm,0001628280-24-049744,
"""generative AI""",0001615165,"Veritone, Inc.  (VERI)  (CIK 0001615165)",8-K,2024-03-12,0000950170-24-029995:veri-ex99_1.htm,0000950170-24-029995,
"""generative AI""",0001819404,Nerdy Inc.  (NRDY)  (CIK 0001819404),8-K,2024-02-27,0001193125-24-047907:d770750dex991.htm,0001193125-24-047907,
"""generative AI""",0001614178,"Yext, Inc.  (YEXT)  (CIK 0001614178)",8-K,2024-12-09,0001614178-24-000139:q3fy25shareholderletter.htm,0001614178-24-000139,
"""generative AI""",0000087347,SCHLUMBERGER LIMITED/NV  (SLB)  (CIK 0000087347),8-K,2025-04-25,0001193125-25-094916:d704132dex99.htm,0001193125-25-094916,
"""generative AI""",0000107140,"JOHN WILEY & SONS, INC.  (WLY, WLYB)  (CIK 0000107140)",8-K,2026-06-02,0000107140-26-000034:exhibit21-wizardepa.htm,0000107140-26-000034,
"""generative AI""",0001583708,"SentinelOne, Inc.  (S)  (CIK 0001583708)",8-K,2024-08-27,0001583708-24-000076:s-q2fy25shareholderlette.htm,0001583708-24-000076,
"""generative AI""",0001169445,COMPUTER PROGRAMS & SYSTEMS INC  (TBRG)  (CIK 0001169445),8-K,2024-01-17,0001193125-24-008957:d611562dex21.htm,0001193125-24-008957,
"""generative AI""",0001058290,COGNIZANT TECHNOLOGY SOLUTIONS CORP  (CTSH)  (CIK 0001058290),8-K,2024-05-01,0001058290-24-000115:exhibit993033124.htm,0001058290-24-000115,
"""generative AI""",0001120970,Comstock Inc.  (LODE)  (CIK 0001120970),8-K,2024-04-30,0001120970-24-000049:exhibit991-prearningsrelea.htm,0001120970-24-000049,
"""generative AI""",0001058290,COGNIZANT TECHNOLOGY SOLUTIONS CORP  (CTSH)  (CIK 0001058290),8-K,2025-04-30,0001058290-25-000124:exhibit9933312025.htm,0001058290-25-000124,
"""generative AI""",0001667313,"Zedge, Inc.  (ZDGE)  (CIK 0001667313)",8-K,2026-06-11,0001213900-26-067834:ea029448101ex99-1.htm,0001213900-26-067834,
"""generative AI""",0000827052,EDISON INTERNATIONAL  (EIX)  (CIK 0000827052),8-K,2023-07-27,0000827052-23-000064:eix-20230727xex99d2.htm,0000827052-23-000064,
"""generative AI""",0001459417,"2U, Inc.  (TWOUQ)  (CIK 0001459417)",8-K,2024-07-25,0001193125-24-184277:d875063dex992.htm,0001193125-24-184277,
"""generative AI""",0001650372,Atlassian Corp  (TEAM)  (CIK 0001650372),8-K,2023-05-04,0001650372-23-000021:teamq32023shareholderlet.htm,0001650372-23-000021,
"""generative AI""",0001650372,Atlassian Corp  (TEAM)  (CIK 0001650372),8-K,2023-08-03,0001650372-23-000035:teamq42023shareholderlet.htm,0001650372-23-000035,
"""generative AI""",0001667011,"Arteris, Inc.  (AIP)  (CIK 0001667011)",8-K,2024-05-02,0001667011-24-000015:exhibit991q1fy248-k.htm,0001667011-24-000015,
"""generative AI""",0001368514,"ADMA BIOLOGICS, INC.  (ADMA)  (CIK 0001368514)",8-K,2024-05-09,0001140361-24-025173:ef20028782_ex99-1.htm,0001140361-24-025173,
"""generative AI""",0000813672,CADENCE DESIGN SYSTEMS INC  (CDNS)  (CIK 0000813672),8-K,2023-10-23,0000813672-23-000067:cdns10232023ex9901.htm,0000813672-23-000067,
"""generative AI""",0001495932,"EXP World Holdings, Inc.  (EXPI)  (CIK 0001495932)",8-K,2024-11-07,0001558370-24-014849:expi-20241107xex99d1.htm,0001558370-24-014849,
"""generative AI""",0001297989,"ExlService Holdings, Inc.  (EXLS)  (CIK 0001297989)",8-K,2024-10-29,0001297989-24-000009:exlsq324pressrelease.htm,0001297989-24-000009,
"""generative AI""",0001120970,Comstock Inc.  (LODE)  (CIK 0001120970),8-K,2024-10-22,0001437749-24-031776:ex_735531.htm,0001437749-24-031776,
"""generative AI""",0001462056,"Backblaze, Inc.  (BLZE)  (CIK 0001462056)",8-K,2026-05-04,0001628280-26-029795:q12026results.htm,0001628280-26-029795,
"""generative AI""",0001826681,"Palladyne AI Corp.  (PDYN, PDYNW)  (CIK 0001826681)",8-K,2024-08-07,0000950170-24-092766:pdyn-ex99_2.htm,0000950170-24-092766,
"""generative AI""",0001110611,ON24 INC.  (ONTF)  (CIK 0001110611),8-K,2023-05-09,0001110611-23-000016:ontf-2023q1exx991.htm,0001110611-23-000016,
"""generative AI""",0001462056,"Backblaze, Inc.  (BLZE)  (CIK 0001462056)",8-K,2025-08-07,0001628280-25-038582:q22025results.htm,0001628280-25-038582,
"""generative AI""",0001573221,"TheRealReal, Inc.  (REAL)  (CIK 0001573221)",8-K,2026-05-07,0001573221-26-000045:real-20260507xex991pressre.htm,0001573221-26-000045,
"""generative AI""",0001075531,Booking Holdings Inc.  (BKNG)  (CIK 0001075531),8-K,2023-08-03,0001075531-23-000045:ex99163023.htm,0001075531-23-000045,
"""generative AI""",0001601830,"RECURSION PHARMACEUTICALS, INC.  (RXRX)  (CIK 0001601830)",8-K,2024-11-06,0001601830-24-000195:exhibit991-q0324.htm,0001601830-24-000195,
"""generative AI""",0001353283,SPLUNK INC  (CIK 0001353283),8-K,2023-09-21,0001104659-23-102594:tm2326347d1_ex99-1.htm,0001104659-23-102594,
"""generative AI""",0001039399,FORMFACTOR INC  (FORM)  (CIK 0001039399),8-K,2024-10-30,0001039399-24-000030:ex9901-earningsreleasexq324.htm,0001039399-24-000030,
"""generative AI""",0001474432,"Pure Storage, Inc.  (PSTG)  (CIK 0001474432)",8-K,2024-08-28,0001628280-24-038657:pstg-ex991q2fy2025xpressre.htm,0001628280-24-038657,
"""generative AI""",0001826671,"Near Intelligence, Inc.  (CIK 0001826671)",8-K,2023-08-14,0001213900-23-067213:ea183404ex99-1_nearintell.htm,0001213900-23-067213,
"""generative AI""",0001653482,Gitlab Inc.  (GTLB)  (CIK 0001653482),8-K,2023-06-05,0001628280-23-020862:gitlab-ex99120230430fy24.htm,0001628280-23-020862,
"""generative AI""",0001666138,Atkore Inc.  (ATKR)  (CIK 0001666138),8-K,2024-02-01,0001666138-24-000014:fy24q1erdeck992.htm,0001666138-24-000014,
"""generative AI""",0001173489,CEVA INC  (CEVA)  (CIK 0001173489),8-K,2024-08-07,0001437749-24-025030:ex_708355.htm,0001437749-24-025030,
"""generative AI""",0000072333,NORDSTROM INC  (JWN)  (CIK 0000072333),8-K,2024-08-27,0000072333-24-000102:jwnq22024ex992.htm,0000072333-24-000102,
"""generative AI""",0001929561,"RXO, Inc.  (RXO)  (CIK 0001929561)",8-K,2024-05-02,0001929561-24-000075:earningspresentation-q12.htm,0001929561-24-000075,
"""generative AI""",0001768267,Cerence Inc.  (CRNC)  (CIK 0001768267),8-K,2025-08-06,0001628280-25-038336:cerenceaiq3fy25earningsd.htm,0001628280-25-038336,
"""generative AI""",0000858877,"CISCO SYSTEMS, INC.  (CSCO)  (CIK 0000858877)",8-K,2023-09-21,0001193125-23-239165:d464532dex991.htm,0001193125-23-239165,
"""generative AI""",0001625641,"CS Disco, Inc.  (LAW)  (CIK 0001625641)",8-K,2025-08-06,0001625641-25-000118:q2fy2025earningsrelease.htm,0001625641-25-000118,
"""generative AI""",0001667011,"Arteris, Inc.  (AIP)  (CIK 0001667011)",8-K,2023-11-07,0001667011-23-000028:exhibit991q3fy238-k.htm,0001667011-23-000028,
"""generative AI""",0001652044,"Alphabet Inc.  (GOOG, GOOGL)  (CIK 0001652044)",8-K,2025-07-23,0001652044-25-000056:googexhibit991q22025.htm,0001652044-25-000056,
"""generative AI""",0001823575,"ZeroFox Holdings, Inc.  (CIK 0001823575)",8-K,2023-06-06,0000950170-23-026521:zfox-ex99_1.htm,0000950170-23-026521,
"""generative AI""",0001824920,"IonQ, Inc.  (IONQ, IONQ-WT)  (CIK 0001824920)",8-K,2025-05-07,0000950170-25-065685:ionq-ex99_1.htm,0000950170-25-065685,
"""generative AI""",0001045810,NVIDIA CORP  (NVDA)  (CIK 0001045810),8-K,2024-11-20,0001045810-24-000315:q3fy25pr.htm,0001045810-24-000315,
"""generative AI""",0001058290,COGNIZANT TECHNOLOGY SOLUTIONS CORP  (CTSH)  (CIK 0001058290),8-K,2024-10-30,0001058290-24-000325:exhibit9939302024.htm,0001058290-24-000325,
"""generative AI""",0001929561,"RXO, Inc.  (RXO)  (CIK 0001929561)",8-K,2024-02-08,0001929561-24-000025:rxoearningspresentation-.htm,0001929561-24-000025,
"""generative AI""",0001625641,"CS Disco, Inc.  (LAW)  (CIK 0001625641)",8-K,2024-08-08,0001625641-24-000120:q22024earningsrelease.htm,0001625641-24-000120,
"""generative AI""",0001484778,ThredUp Inc.  (TDUP)  (CIK 0001484778),8-K,2024-05-06,0001484778-24-000070:exhibit991earningsreleaseq.htm,0001484778-24-000070,
"""generative AI""",0000896262,AMEDISYS INC  (AMED)  (CIK 0000896262),8-K,2025-07-29,0000896262-25-000061:a20253006_991exhibit.htm,0000896262-25-000061,
"""generative AI""",0001667313,"Zedge, Inc.  (ZDGE)  (CIK 0001667313)",8-K,2024-03-15,0001213900-24-022809:ea020181801ex99-1_zedgeinc.htm,0001213900-24-022809,
"""generative AI""",0001816233,"Sharecare, Inc.  (SHCR, SHCRW)  (CIK 0001816233)",8-K,2023-08-09,0001816233-23-000156:sharecareexhibit99163023.htm,0001816233-23-000156,
"""generative AI""",0001516513,"Doximity, Inc.  (DOCS)  (CIK 0001516513)",8-K,2023-11-09,0001516513-23-000082:doximity-2023930xex991.htm,0001516513-23-000082,
"""generative AI""",0001364954,"CHEGG, INC  (CHGG)  (CIK 0001364954)",8-K,2024-02-05,0001364954-24-000005:a9901-financialresultsq423.htm,0001364954-24-000005,
"""generative AI""",0001810806,Unity Software Inc.  (U)  (CIK 0001810806),8-K,2024-08-08,0001810806-24-000186:q224-shareholderletter.htm,0001810806-24-000186,
"""generative AI""",0001907982,D-Wave Quantum Inc.  (QBTS)  (CIK 0001907982),8-K,2026-02-26,0001907982-26-000022:a2026_022626d-wavexinves.htm,0001907982-26-000022,
"""generative AI""",0001768267,Cerence Inc.  (CRNC)  (CIK 0001768267),8-K,2026-02-04,0001628280-26-005491:q1fy26cerenceaiearningsd.htm,0001628280-26-005491,
"""generative AI""",0001607939,"Udemy, Inc.  (UDMY)  (CIK 0001607939)",8-K,2023-08-03,0001607939-23-000146:q22023pressrelease.htm,0001607939-23-000146,
"""generative AI""",0001617242,Kearny Financial Corp.  (KRNY)  (CIK 0001617242),8-K,2026-06-03,0001617242-26-000012:exh-991xkrnyinvestorpres.htm,0001617242-26-000012,
"""generative AI""",0001116942,TTM TECHNOLOGIES INC  (TTMI)  (CIK 0001116942),8-K,2025-07-30,0001193125-25-169326:d942716dex991.htm,0001193125-25-169326,
"""generative AI""",0001768267,Cerence Inc.  (CRNC)  (CIK 0001768267),8-K,2025-11-19,0001628280-25-053169:q4fy25earningsdeckfinal.htm,0001628280-25-053169,
"""generative AI""",0000813672,CADENCE DESIGN SYSTEMS INC  (CDNS)  (CIK 0000813672),8-K,2023-07-24,0000813672-23-000040:cdns07242023ex9901.htm,0000813672-23-000040,
"""generative AI""",0001484778,ThredUp Inc.  (TDUP)  (CIK 0001484778),8-K,2024-03-04,0001484778-24-000033:exhibit991earningsreleaseq.htm,0001484778-24-000033,
"""generative AI""",0001058290,COGNIZANT TECHNOLOGY SOLUTIONS CORP  (CTSH)  (CIK 0001058290),8-K,2024-07-31,0001058290-24-000241:exhibit9936302024.htm,0001058290-24-000241,
"""generative AI""",0001839439,"PAYCOR HCM, INC.  (PYCR)  (CIK 0001839439)",8-K,2023-11-08,0001839439-23-000034:a2024pycrq18-kexhibit991.htm,0001839439-23-000034,
"""generative AI""",0001569345,"Sprinklr, Inc.  (CXM)  (CIK 0001569345)",8-K,2023-12-06,0001569345-23-000071:q3fy24-earningsrelease.htm,0001569345-23-000071,
"""generative AI""",0001438231,Digimarc CORP  (DMRC)  (CIK 0001438231),8-K,2023-08-02,0001437749-23-021650:ex_524681.htm,0001437749-23-021650,
"""generative AI""",0001601830,"RECURSION PHARMACEUTICALS, INC.  (RXRX)  (CIK 0001601830)",8-K,2024-02-27,0001601830-24-000018:rxrx2023q4learningsfilin.htm,0001601830-24-000018,
"""generative AI""",0001720420,IBEX Ltd  (IBEX)  (CIK 0001720420),8-K,2024-05-09,0001720420-24-000030:ibex-20240509exx991.htm,0001720420-24-000030,
"""generative AI""",0001667011,"Arteris, Inc.  (AIP)  (CIK 0001667011)",8-K,2024-08-01,0001667011-24-000024:exhibit991q2fy248-k.htm,0001667011-24-000024,
"""generative AI""",0000716133,CINCINNATI BELL INC  (CIK 0000716133),8-K,2024-05-16,0000950157-24-000773:ex99-1.htm,0000950157-24-000773,
"""generative AI""",0001682852,"Moderna, Inc.  (MRNA)  (CIK 0001682852)",8-K,2023-08-03,0001682852-23-000025:exhibit9912023q2pressrelea.htm,0001682852-23-000025,
"""generative AI""",0001929561,"RXO, Inc.  (RXO)  (CIK 0001929561)",8-K,2026-05-07,0001929561-26-000023:earningspresentation-q12.htm,0001929561-26-000023,
"""generative AI""",0001832483,Serve Robotics Inc. /DE/  (SERV)  (CIK 0001832483),8-K,2026-02-20,0001213900-26-018806:ea027771301ex2-1_serve.htm,0001213900-26-018806,
"""generative AI""",0001573221,"TheRealReal, Inc.  (REAL)  (CIK 0001573221)",8-K,2024-11-04,0001573221-24-000124:real-20241104xex991pressre.htm,0001573221-24-000124,
"""generative AI""",0001058290,COGNIZANT TECHNOLOGY SOLUTIONS CORP  (CTSH)  (CIK 0001058290),8-K,2025-07-30,0001058290-25-000266:exhibit9936302025.htm,0001058290-25-000266,
"""generative AI""",0001297989,"ExlService Holdings, Inc.  (EXLS)  (CIK 0001297989)",8-K,2026-02-24,0001297989-26-000006:exlq42025pressrelease.htm,0001297989-26-000006,
"""generative AI""",0001823575,"ZeroFox Holdings, Inc.  (CIK 0001823575)",8-K,2023-09-06,0000950170-23-046554:zfox-ex99_1.htm,0000950170-23-046554,
"""generative AI""",0001891027,"MNTN, Inc.  (MNTN)  (CIK 0001891027)",8-K,2026-05-05,0001891027-26-000038:mntnearningsrelease2026-q1.htm,0001891027-26-000038,
"""generative AI""",0002032379,"Willow Lane Acquisition Corp.  (WLAC, WLACU, WLACW)  (CIK 0002032379)",8-K,2025-12-15,0001493152-25-027804:ex99-1.htm,0001493152-25-027804,
"""generative AI""",0001868640,"Roadzen Inc.  (RDZN, RDZNW)  (CIK 0001868640)",8-K,2026-02-13,0001493152-26-006696:ex99-1.htm,0001493152-26-006696,
"""generative AI""",0001829953,Corner Growth Acquisition Corp.  (CIK 0001829953),8-K,2023-06-14,0001193125-23-166450:d429952dex993.htm,0001193125-23-166450,
"""generative AI""",0001754820,"Desktop Metal, Inc.  (DM)  (CIK 0001754820)",8-K,2023-05-10,0001558370-23-009097:dm-20230510xex99d1.htm,0001558370-23-009097,
"""generative AI""",0001058290,COGNIZANT TECHNOLOGY SOLUTIONS CORP  (CTSH)  (CIK 0001058290),8-K,2023-11-01,0001058290-23-000329:exhibit9939302023.htm,0001058290-23-000329,
"""generative AI""",0001667313,"Zedge, Inc.  (ZDGE)  (CIK 0001667313)",8-K,2025-03-12,0001213900-25-023201:ea023411701ex99-1_zedge.htm,0001213900-25-023201,
"""generative AI""",0001441683,APPIAN CORP  (APPN)  (CIK 0001441683),8-K,2023-08-03,0001441683-23-000070:appnex991earningsrelease-0.htm,0001441683-23-000070,
"""generative AI""",0001565687,"Intapp, Inc.  (INTA)  (CIK 0001565687)",8-K,2024-05-07,0000950170-24-054484:inta-ex99_1.htm,0000950170-24-054484,
"""generative AI""",0001013857,PEGASYSTEMS INC  (PEGA)  (CIK 0001013857),8-K,2023-07-26,0001013857-23-000143:q22023_ex-991.htm,0001013857-23-000143,
"""generative AI""",0001667011,"Arteris, Inc.  (AIP)  (CIK 0001667011)",8-K,2025-02-18,0001667011-25-000009:exhibit991fy248-k.htm,0001667011-25-000009,
"""generative AI""",0001651562,"Coursera, Inc.  (COUR)  (CIK 0001651562)",8-K,2025-04-24,0001651562-25-000032:cour-20250331xexx991.htm,0001651562-25-000032,
"""generative AI""",0001651562,"Coursera, Inc.  (COUR)  (CIK 0001651562)",8-K,2025-12-17,0001140361-25-045770:ef20061429_ex99-1.htm,0001140361-25-045770,
"""generative AI""",0001768267,Cerence Inc.  (CRNC)  (CIK 0001768267),8-K,2026-05-07,0001628280-26-032114:q2fy26cerenceaiearningsd.htm,0001628280-26-032114,
"""generative AI""",0001652044,"Alphabet Inc.  (GOOG, GOOGL)  (CIK 0001652044)",8-K,2025-02-04,0001652044-25-000010:googexhibit991q42024.htm,0001652044-25-000010,
"""generative AI""",0001905956,TREASURE GLOBAL INC  (TGL)  (CIK 0001905956),8-K,2024-11-22,0001213900-24-101694:ea022204601ex10-1_treasure.htm,0001213900-24-101694,
"""generative AI""",0001652044,"Alphabet Inc.  (GOOG, GOOGL)  (CIK 0001652044)",8-K,2025-04-24,0001652044-25-000040:googexhibit991q12025.htm,0001652044-25-000040,
"""generative AI""",0001743725,"GRID DYNAMICS HOLDINGS, INC.  (GDYN)  (CIK 0001743725)",8-K,2023-05-04,0001628280-23-015711:grid-20230504xex991.htm,0001628280-23-015711,
"""generative AI""",0001013857,PEGASYSTEMS INC  (PEGA)  (CIK 0001013857),8-K,2024-07-24,0001013857-24-000156:q22024_ex-991.htm,0001013857-24-000156,
"""generative AI""",0001840856,"SOUNDHOUND AI, INC.  (SOUN, SOUNW)  (CIK 0001840856)",8-K,2026-02-26,0001840856-26-000002:soun-20260226ex991earnings.htm,0001840856-26-000002,
"""generative AI""",0001565687,"Intapp, Inc.  (INTA)  (CIK 0001565687)",8-K,2024-11-04,0000950170-24-120723:inta-ex99_1.htm,0000950170-24-120723,
"""generative AI""",0001562088,"Duolingo, Inc.  (DUOL)  (CIK 0001562088)",8-K,2023-02-28,0001562088-23-000050:q4fy22pressrelease.htm,0001562088-23-000050,
"""generative AI""",0001652044,"Alphabet Inc.  (GOOG, GOOGL)  (CIK 0001652044)",8-K,2024-10-29,0001652044-24-000115:googexhibit991q32024.htm,0001652044-24-000115,
"""generative AI""",0001853138,"Kodiak AI, Inc.  (KDK, AACT, KDKRW)  (CIK 0001853138)",8-K,2025-11-12,0001853138-25-000015:kodiakai-2025930xexx991.htm,0001853138-25-000015,
"""generative AI""",0000829323,"Inuvo, Inc.  (INUV)  (CIK 0000829323)",8-K,2026-03-05,0001654954-26-001939:inuvo_ex992.htm,0001654954-26-001939,
"""generative AI""",0001039399,FORMFACTOR INC  (FORM)  (CIK 0001039399),8-K,2024-02-07,0001039399-24-000004:q423exhibit9901.htm,0001039399-24-000004,
"""generative AI""",0001769628,"CoreWeave, Inc.  (CRWV)  (CIK 0001769628)",8-K,2026-02-26,0001769628-26-000094:coreweave4q25earningspress.htm,0001769628-26-000094,
"""generative AI""",0001571996,Dell Technologies Inc.  (DELL)  (CIK 0001571996),8-K,2023-06-01,0001571996-23-000014:exhibit991earnings8kq1fy24.htm,0001571996-23-000014,
"""generative AI""",0001120970,Comstock Inc.  (LODE)  (CIK 0001120970),8-K,2024-08-08,0001437749-24-025580:ex_710396.htm,0001437749-24-025580,
"""generative AI""",0001763950,Lantern Pharma Inc.  (LTRN)  (CIK 0001763950),8-K,2024-08-08,0001493152-24-030764:ex99-1.htm,0001493152-24-030764,
"""generative AI""",0000713425,AMERICAN SOFTWARE INC  (AMSWA)  (CIK 0000713425),8-K,2023-11-16,0001157523-23-001750:a53851443ex99_1.htm,0001157523-23-001750,
"""generative AI""",0001905956,TREASURE GLOBAL INC  (TGL)  (CIK 0001905956),8-K,2024-11-01,0001213900-24-093589:ea021953901ex10-1_treasure.htm,0001213900-24-093589,
"""generative AI""",0001420720,"iBio, Inc.  (IBIO)  (CIK 0001420720)",8-K,2025-08-18,0001104659-25-079816:tm2523706d1_ex99-1.htm,0001104659-25-079816,
"""generative AI""",0001090012,DEVON ENERGY CORP/DE  (DVN)  (CIK 0001090012),8-K,2026-02-02,0001193125-26-032720:d75203dex992.htm,0001193125-26-032720,
"""generative AI""",0000713425,AMERICAN SOFTWARE INC  (AMSWA)  (CIK 0000713425),8-K,2024-02-22,0001628280-24-006395:expr1.htm,0001628280-24-006395,
"""generative AI""",0001929561,"RXO, Inc.  (RXO)  (CIK 0001929561)",8-K,2026-02-06,0001929561-26-000006:earningspresentation-q42.htm,0001929561-26-000006,
"""generative AI""",0001803696,Adeia Inc.  (ADEA)  (CIK 0001803696),8-K,2024-02-20,0000950170-24-017096:adea-ex99_1.htm,0000950170-24-017096,
"""generative AI""",0002006291,"Churchill Capital Corp IX/Cayman  (CCIX, CCIXU, CCIXW)  (CIK 0002006291)",8-K,2025-06-05,0001193125-25-135336:d845614dex991.htm,0001193125-25-135336,
"""generative AI""",0001607939,"Udemy, Inc.  (UDMY)  (CIK 0001607939)",8-K,2025-12-17,0001193125-25-321719:d41058dex991.htm,0001193125-25-321719,
"""generative AI""",0001573221,"TheRealReal, Inc.  (REAL)  (CIK 0001573221)",8-K,2025-11-10,0001573221-25-000076:real-20251110xex991pressre.htm,0001573221-25-000076,
"""generative AI""",0001601830,"RECURSION PHARMACEUTICALS, INC.  (RXRX)  (CIK 0001601830)",8-K,2024-11-20,0001601830-24-000217:exhibit992-closingdeck.htm,0001601830-24-000217,
"""generative AI""",0001614178,"Yext, Inc.  (YEXT)  (CIK 0001614178)",8-K,2025-06-03,0001614178-25-000065:q1fy26shareholderletter.htm,0001614178-25-000065,
"""generative AI""",0001075736,"Crexendo, Inc.  (CXDO)  (CIK 0001075736)",8-K,2023-11-09,0001654954-23-014010:cxdo_ex991.htm,0001654954-23-014010,
"""generative AI""",0001810806,Unity Software Inc.  (U)  (CIK 0001810806),8-K,2023-11-09,0001810806-23-000179:q32023shareholderletter_.htm,0001810806-23-000179,
"""generative AI""",0001801170,"CLOVER HEALTH INVESTMENTS, CORP. /DE  (CLOV)  (CIK 0001801170)",8-K,2025-11-12,0001801170-25-000279:axex991x3q25supplemental.htm,0001801170-25-000279,
"""generative AI""",0000051644,"INTERPUBLIC GROUP OF COMPANIES, INC.  (IPG)  (CIK 0000051644)",8-K,2024-04-29,0000051644-24-000023:q12024transcript.htm,0000051644-24-000023,
"""generative AI""",0001361113,VARONIS SYSTEMS INC  (VRNS)  (CIK 0001361113),8-K,2025-05-06,0001171843-25-002821:exh_991.htm,0001171843-25-002821,
"""generative AI""",0001601830,"RECURSION PHARMACEUTICALS, INC.  (RXRX)  (CIK 0001601830)",8-K,2025-08-05,0001601830-25-000126:q22025earningsdeck.htm,0001601830-25-000126,
"""generative AI""",0001868640,"Roadzen Inc.  (RDZN, RDZNW)  (CIK 0001868640)",8-K,2025-08-13,0001641172-25-023483:ex99-1.htm,0001641172-25-023483,
"""generative AI""",0000813672,CADENCE DESIGN SYSTEMS INC  (CDNS)  (CIK 0000813672),8-K,2023-04-24,0000813672-23-000024:cdns04242023ex9901.htm,0000813672-23-000024,
"""generative AI""",0001315098,Roblox Corp  (RBLX)  (CIK 0001315098),8-K,2023-08-09,0001315098-23-000124:ex992-shletterq223080923.htm,0001315098-23-000124,
"""generative AI""",0001803696,Adeia Inc.  (ADEA)  (CIK 0001803696),8-K,2025-02-18,0000950170-25-022198:adea-ex99_1.htm,0000950170-25-022198,
"""generative AI""",0001831840,"SEMrush Holdings, Inc.  (SEMR)  (CIK 0001831840)",8-K,2025-05-07,0001628280-25-023228:semrush8-kexhibit991q12025.htm,0001628280-25-023228,
"""generative AI""",0001040470,AEHR TEST SYSTEMS  (AEHR)  (CIK 0001040470),8-K,2025-10-06,0001654954-25-011494:aehr_ex991.htm,0001654954-25-011494,
"""generative AI""",0001075736,"Crexendo, Inc.  (CXDO)  (CIK 0001075736)",8-K,2026-03-03,0001654954-26-001832:cxdo_ex991.htm,0001654954-26-001832,
"""generative AI""",0001847355,"Target Global Acquisition I Corp.  (TGAA, TGAAU, TGAAW)  (CIK 0001847355)",8-K,2024-12-03,0001193125-24-269093:d120662dex21.htm,0001193125-24-269093,
"""generative AI""",0001774675,"Skillsoft Corp.  (SKIL, SKILW)  (CIK 0001774675)",8-K,2024-06-10,0001437749-24-019817:ex_654243.htm,0001437749-24-019817,
"""generative AI""",0001832161,"VIP Play, Inc.  (VIPZ)  (CIK 0001832161)",8-K,2025-06-04,0001641172-25-013598:ex10-2.htm,0001641172-25-013598,
"""generative AI""",0001853044,"Worldwide Webb Acquisition Corp.  (AERT, AERTW)  (CIK 0001853044)",8-K,2023-07-14,0001193125-23-187254:d878505dex991.htm,0001193125-23-187254,
"""generative AI""",0000051644,"INTERPUBLIC GROUP OF COMPANIES, INC.  (IPG)  (CIK 0000051644)",8-K,2024-02-12,0000051644-24-000007:earningscalltranscript4q.htm,0000051644-24-000007,
"""generative AI""",0001826681,"Palladyne AI Corp.  (PDYN, PDYNW)  (CIK 0001826681)",8-K,2025-04-02,0000950170-25-049394:pdyn-ex99_1.htm,0000950170-25-049394,
"""generative AI""",0001043277,"C. H. ROBINSON WORLDWIDE, INC.  (CHRW)  (CIK 0001043277)",8-K,2025-04-30,0001043277-25-000019:q12025earningsdeck.htm,0001043277-25-000019,
"""generative AI""",0001730168,Broadcom Inc.  (AVGO)  (CIK 0001730168),8-K,2023-08-31,0001730168-23-000074:avgo-07302023x8kxex99.htm,0001730168-23-000074,
"""generative AI""",0000064463,"Soluna Holdings, Inc  (SLNH, SLNHP)  (CIK 0000064463)",8-K,2025-05-16,0001641172-25-011171:ex99-1.htm,0001641172-25-011171,
"""generative AI""",0001040470,AEHR TEST SYSTEMS  (AEHR)  (CIK 0001040470),8-K,2026-01-08,0001654954-26-000197:aehr_ex991.htm,0001654954-26-000197,
"""generative AI""",0001352010,"EPAM Systems, Inc.  (EPAM)  (CIK 0001352010)",8-K,2024-05-09,0001352010-24-000015:exhibit99_q1x2024.htm,0001352010-24-000015,
"""generative AI""",0001534154,authID Inc.  (AUID)  (CIK 0001534154),8-K,2025-03-13,0001213900-25-023726:ea023423201ex99-1_authid.htm,0001213900-25-023726,
"""generative AI""",0001831840,"SEMrush Holdings, Inc.  (SEMR)  (CIK 0001831840)",8-K,2024-11-07,0001628280-24-046339:semrush8-kexhibit991q32024.htm,0001628280-24-046339,
"""generative AI""",0001058290,COGNIZANT TECHNOLOGY SOLUTIONS CORP  (CTSH)  (CIK 0001058290),8-K,2024-02-06,0001058290-24-000013:exhibit993123123.htm,0001058290-24-000013,
"""generative AI""",0001512673,"Block, Inc.  (SQ, BSQKZ)  (CIK 0001512673)",8-K,2023-05-04,0001193125-23-135928:d440104dex991.htm,0001193125-23-135928,
"""generative AI""",0001361113,VARONIS SYSTEMS INC  (VRNS)  (CIK 0001361113),8-K,2025-02-04,0001171843-25-000613:exh_991.htm,0001171843-25-000613,
"""generative AI""",0001840502,"Taboola.com Ltd.  (TBLA, TBLAW)  (CIK 0001840502)",8-K,2023-02-24,0001140361-23-008422:brhc10048659_ex99-4.htm,0001140361-23-008422,
"""generative AI""",0000064463,"Soluna Holdings, Inc  (SLNH, SLNHP)  (CIK 0000064463)",8-K,2025-04-01,0001641172-25-001998:ex99-1.htm,0001641172-25-001998,
"""generative AI""",0000876883,Stagwell Inc  (STGW)  (CIK 0000876883),8-K,2023-05-09,0000876883-23-000015:stagwell1q23earningspres.htm,0000876883-23-000015,
"""generative AI""",0000855658,LATTICE SEMICONDUCTOR CORP  (LSCC)  (CIK 0000855658),8-K,2025-05-05,0001437749-25-014533:ex_792673.htm,0001437749-25-014533,
"""generative AI""",0001505155,"Upland Software, Inc.  (UPLD)  (CIK 0001505155)",8-K,2025-03-12,0001505155-25-000021:q424991earningsrelease.htm,0001505155-25-000021,
"""generative AI""",0001058290,COGNIZANT TECHNOLOGY SOLUTIONS CORP  (CTSH)  (CIK 0001058290),8-K,2025-10-29,0001058290-25-000338:exhibit9939302025.htm,0001058290-25-000338,
"""generative AI""",0001651562,"Coursera, Inc.  (COUR)  (CIK 0001651562)",8-K,2025-07-24,0001651562-25-000045:cour-20250630xexx991.htm,0001651562-25-000045,
"""generative AI""",0001392972,"PROS Holdings, Inc.  (PRO)  (CIK 0001392972)",8-K,2024-05-07,0001392972-24-000062:a2024q1ex991prosearningsre.htm,0001392972-24-000062,
"""generative AI""",0001831840,"SEMrush Holdings, Inc.  (SEMR)  (CIK 0001831840)",8-K,2025-08-04,0001628280-25-037458:semrush8-kexhibit991q22025.htm,0001628280-25-037458,
"""generative AI""",0001398659,Genpact LTD  (G)  (CIK 0001398659),8-K,2025-05-07,0001398659-25-000057:genpactltdexhibit991q125.htm,0001398659-25-000057,
"""generative AI""",0001667313,"Zedge, Inc.  (ZDGE)  (CIK 0001667313)",8-K,2025-06-12,0001213900-25-053848:ea024556001ex99-1_zedge.htm,0001213900-25-053848,
"""generative AI""",0000858470,Coterra Energy Inc.  (CTRA)  (CIK 0000858470),8-K,2026-02-02,0001104659-26-008979:tm264761d1_ex99-2.htm,0001104659-26-008979,
"""generative AI""",0001058290,COGNIZANT TECHNOLOGY SOLUTIONS CORP  (CTSH)  (CIK 0001058290),8-K,2026-04-29,0001058290-26-000015:exhibit9933312026.htm,0001058290-26-000015,
"""generative AI""",0001828536,"Energy Vault Holdings, Inc.  (NRGV)  (CIK 0001828536)",8-K,2024-08-06,0001828536-24-000141:ex991_evpressreleasex2024q2.htm,0001828536-24-000141,
"""generative AI""",0001803599,Concentrix Corp  (CNXC)  (CIK 0001803599),8-K,2023-09-27,0001803599-23-000191:exhibit991q32023.htm,0001803599-23-000191,
"""generative AI""",0002057030,"Axiom Intelligence Acquisition Corp 1  (AXIN, AXINR, AXINU)  (CIK 0002057030)",8-K,2026-05-29,0001213900-26-062446:ea029236401ex2-1.htm,0001213900-26-062446,
"""generative AI""",0001769624,"AGBA Group Holding Ltd.  (AGBA, AGBAW)  (CIK 0001769624)",8-K,2023-08-30,0001213900-23-071892:ea184448ex99-1_agbagroup.htm,0001213900-23-071892,
"""generative AI""",0001667313,"Zedge, Inc.  (ZDGE)  (CIK 0001667313)",8-K,2025-10-28,0001213900-25-102776:ea026271401ex99-1_zedge.htm,0001213900-25-102776,
"""generative AI""",0001361113,VARONIS SYSTEMS INC  (VRNS)  (CIK 0001361113),8-K,2024-02-05,0001171843-24-000594:exh_991.htm,0001171843-24-000594,
"""generative AI""",0001845022,"Couchbase, Inc.  (BASE)  (CIK 0001845022)",8-K,2023-09-06,0001845022-23-000084:base-20230906xexx991.htm,0001845022-23-000084,
"""generative AI""",0000002488,ADVANCED MICRO DEVICES INC  (AMD)  (CIK 0000002488),8-K,2024-07-30,0000002488-24-000121:amdq224earningsslides.htm,0000002488-24-000121,
"""generative AI""",0000732717,"AT&T INC.  (T, TBB, TBC, T-PA, T-PC)  (CIK 0000732717)",8-K,2023-07-26,0000732717-23-000043:t-2q2023exhibit991.htm,0000732717-23-000043,
"""generative AI""",0001013237,FACTSET RESEARCH SYSTEMS INC  (FDS)  (CIK 0001013237),8-K,2024-10-16,0001013237-24-000133:fds-investorpresentation.htm,0001013237-24-000133,
"""generative AI""",0001058290,COGNIZANT TECHNOLOGY SOLUTIONS CORP  (CTSH)  (CIK 0001058290),8-K,2025-02-05,0001058290-25-000007:exhibit99312312024.htm,0001058290-25-000007,
"""generative AI""",0001720116,"Red Violet, Inc.  (RDVT)  (CIK 0001720116)",8-K,2024-03-11,0000950170-24-028926:rdvt-ex99_2.htm,0000950170-24-028926,
"""generative AI""",0001868640,"Roadzen Inc.  (RDZN, RDZNW)  (CIK 0001868640)",8-K,2025-11-14,0001493152-25-022601:ex99-1.htm,0001493152-25-022601,
"""generative AI""",0001591698,Paylocity Holding Corp  (PCTY)  (CIK 0001591698),8-K,2024-02-08,0001591698-24-000012:pcty-20240208xex991.htm,0001591698-24-000012,
"""generative AI""",0001652044,"Alphabet Inc.  (GOOG, GOOGL)  (CIK 0001652044)",8-K,2025-10-29,0001652044-25-000087:googexhibit991q32025.htm,0001652044-25-000087,
"""generative AI""",0001573221,"TheRealReal, Inc.  (REAL)  (CIK 0001573221)",8-K,2026-02-26,0001573221-26-000009:real-20260226xex991pressre.htm,0001573221-26-000009,
"""generative AI""",0001576942,"Stitch Fix, Inc.  (SFIX)  (CIK 0001576942)",8-K,2025-09-24,0001628280-25-042587:exhibit991-q425.htm,0001628280-25-042587,
"""generative AI""",0001516513,"Doximity, Inc.  (DOCS)  (CIK 0001516513)",8-K,2026-05-13,0001516513-26-000017:doximity-2026331xex991.htm,0001516513-26-000017,
"""generative AI""",0000087347,SLB LIMITED/NV  (SLB)  (CIK 0000087347),8-K,2026-04-24,0001193125-26-174940:d111579dex99.htm,0001193125-26-174940,
"""generative AI""",0001743725,"GRID DYNAMICS HOLDINGS, INC.  (GDYN)  (CIK 0001743725)",8-K,2023-08-03,0001628280-23-027208:grid-20230803xex991.htm,0001628280-23-027208,
"""generative AI""",0001607939,"Udemy, Inc.  (UDMY)  (CIK 0001607939)",8-K,2024-10-29,0001607939-24-000186:q32024pressrelease.htm,0001607939-24-000186,
"""generative AI""",0001666138,Atkore Inc.  (ATKR)  (CIK 0001666138),8-K,2024-05-17,0001666138-24-000051:atkrirmay24.htm,0001666138-24-000051,
"""generative AI""",0001286139,"LEGALZOOM.COM, INC.  (LZ)  (CIK 0001286139)",8-K,2025-05-07,0001286139-25-000054:lz-2025q1xexx991.htm,0001286139-25-000054,
"""generative AI""",0001573221,"TheRealReal, Inc.  (REAL)  (CIK 0001573221)",8-K,2025-08-07,0001573221-25-000070:real-20250807xex991pressre.htm,0001573221-25-000070,
"""generative AI""",0000813672,CADENCE DESIGN SYSTEMS INC  (CDNS)  (CIK 0000813672),8-K,2024-02-12,0000813672-24-000030:cdns02122024ex9901.htm,0000813672-24-000030,
"""generative AI""",0001831840,"SEMrush Holdings, Inc.  (SEMR)  (CIK 0001831840)",8-K,2025-11-05,0001628280-25-049628:semrush8-kexhibit991q32025.htm,0001628280-25-049628,
"""generative AI""",0001070235,BLACKBERRY Ltd  (BB)  (CIK 0001070235),8-K,2024-06-26,0001070235-24-000092:q1fy25ex-991.htm,0001070235-24-000092,
"""generative AI""",0002063196,Netskope Inc  (NTSK)  (CIK 0002063196),8-K,2026-06-03,0001193125-26-255439:ck0002063196-ex99_1.htm,0001193125-26-255439,
"""generative AI""",0001831840,"SEMrush Holdings, Inc.  (SEMR)  (CIK 0001831840)",8-K,2024-05-06,0001628280-24-020671:semrush8-kexhibit991q12024.htm,0001628280-24-020671,
"""generative AI""",0001476840,"Expensify, Inc.  (EXFY)  (CIK 0001476840)",8-K,2024-02-22,0001476840-24-000013:exhibit991-8xkq423earnings.htm,0001476840-24-000013,
"""generative AI""",0001591698,Paylocity Holding Corp  (PCTY)  (CIK 0001591698),8-K,2023-05-04,0001591698-23-000061:pcty-20230504xex991.htm,0001591698-23-000061,
"""generative AI""",0001075531,Booking Holdings Inc.  (BKNG)  (CIK 0001075531),8-K,2025-04-29,0001075531-25-000021:bkngq12025earningspressr.htm,0001075531-25-000021,
"""generative AI""",0001679268,"MAMMOTH ENERGY SERVICES, INC.  (TUSK)  (CIK 0001679268)",8-K,2025-12-04,0001679268-25-000046:ex101equitypurchaseagree.htm,0001679268-25-000046,
"""generative AI""",0001393052,VEEVA SYSTEMS INC  (VEEV)  (CIK 0001393052),8-K,2023-05-31,0001393052-23-000031:veev-20230430q124xex991.htm,0001393052-23-000031,
"""generative AI""",0001398659,Genpact LTD  (G)  (CIK 0001398659),8-K,2026-05-07,0001398659-26-000008:genpactltdexhibit991q126.htm,0001398659-26-000008,
"""generative AI""",0001829864,"TaskUs, Inc.  (TASK)  (CIK 0001829864)",8-K,2023-05-08,0001829864-23-000060:earningsreleaseex991q12023.htm,0001829864-23-000060,
"""generative AI""",0000813672,CADENCE DESIGN SYSTEMS INC  (CDNS)  (CIK 0000813672),8-K,2024-04-22,0000813672-24-000083:cdns04222024ex9901.htm,0000813672-24-000083,
"""generative AI""",0001840502,"Taboola.com Ltd.  (TBLA, TBLAW)  (CIK 0001840502)",8-K,2023-05-10,0001140361-23-023785:brhc20052396_ex99-3.htm,0001140361-23-023785,
"""generative AI""",0000080424,PROCTER & GAMBLE Co  (PG)  (CIK 0000080424),8-K,2025-06-05,0000080424-25-000050:dbslides.htm,0000080424-25-000050,
"""generative AI""",0001022079,QUEST DIAGNOSTICS INC  (DGX)  (CIK 0001022079),8-K,2026-02-10,0001022079-26-000005:dgx123120258-kexhibit991.htm,0001022079-26-000005,
"""generative AI""",0001043277,"C. H. ROBINSON WORLDWIDE, INC.  (CHRW)  (CIK 0001043277)",8-K,2023-11-01,0001043277-23-000034:q32023earningsdeck.htm,0001043277-23-000034,
"""generative AI""",0000051143,INTERNATIONAL BUSINESS MACHINES CORP  (IBM)  (CIK 0000051143),8-K,2025-10-23,0000051143-25-000063:ibm_ex992.htm,0000051143-25-000063,
"""generative AI""",0001682852,"Moderna, Inc.  (MRNA)  (CIK 0001682852)",8-K,2024-05-02,0001682852-24-000023:exhibit9912024q1pressrelea.htm,0001682852-24-000023,
"""generative AI""",0001043277,"C. H. ROBINSON WORLDWIDE, INC.  (CHRW)  (CIK 0001043277)",8-K,2023-08-02,0001043277-23-000026:q22023earningsdeck.htm,0001043277-23-000026,
"""generative AI""",0001428439,"ROKU, INC  (ROKU)  (CIK 0001428439)",8-K,2026-04-30,0001628280-26-028851:a04fy2026q1exhibit991.htm,0001628280-26-028851,
"""generative AI""",0001832483,Serve Robotics Inc. /DE/  (SERV)  (CIK 0001832483),8-K,2026-01-21,0001213900-26-005920:ea027345401ex2-1_serve.htm,0001213900-26-005920,
"""generative AI""",0001840502,"Taboola.com Ltd.  (TBLA, TBLAW)  (CIK 0001840502)",8-K,2024-11-07,0001140361-24-045483:ef20037783_ex99-1.htm,0001140361-24-045483,
"""generative AI""",0001131554,"SYNCHRONOSS TECHNOLOGIES INC  (SNCR, SNCRL)  (CIK 0001131554)",8-K,2023-08-08,0001131554-23-000067:sncr-ex991_06302023.htm,0001131554-23-000067,
"""generative AI""",0000804328,QUALCOMM INC/DE  (QCOM)  (CIK 0000804328),8-K,2024-01-31,0000804328-24-000015:qcom122423erex991.htm,0000804328-24-000015,
"""generative AI""",0001093557,DEXCOM INC  (DXCM)  (CIK 0001093557),8-K,2025-02-13,0001093557-25-000029:dxcm12312024-exhibit991.htm,0001093557-25-000029,
"""generative AI""",0001609711,GoDaddy Inc.  (GDDY)  (CIK 0001609711),8-K,2023-05-04,0001609711-23-000080:gddyex991-20230331xq1earni.htm,0001609711-23-000080,
"""generative AI""",0001840502,"Taboola.com Ltd.  (TBLA, TBLAW)  (CIK 0001840502)",8-K,2024-08-07,0001140361-24-035979:ef20033470_ex99-1.htm,0001140361-24-035979,
"""generative AI""",0000004127,"SKYWORKS SOLUTIONS, INC.  (SWKS)  (CIK 0000004127)",8-K,2024-07-30,0000004127-24-000068:q3248-kex991earningsrelease.htm,0000004127-24-000068,
"""generative AI""",0000103145,VEECO INSTRUMENTS INC  (VECO)  (CIK 0000103145),8-K,2024-02-14,0001558370-24-001157:veco-20240214xex99d2.htm,0001558370-24-001157,
"""generative AI""",0000876883,Stagwell Inc  (STGW)  (CIK 0000876883),8-K,2023-08-08,0000876883-23-000019:stagwell2q23earningspres.htm,0000876883-23-000019,
"""generative AI""",0001398659,Genpact LTD  (G)  (CIK 0001398659),8-K,2025-08-07,0001398659-25-000094:genpactltdexhibit991q225.htm,0001398659-25-000094,
"""generative AI""",0001039399,FORMFACTOR INC  (FORM)  (CIK 0001039399),8-K,2025-02-05,0001039399-25-000008:ex9901-earningsreleasexq424.htm,0001039399-25-000008,
"""generative AI""",0001102993,LIVEPERSON INC  (LPSN)  (CIK 0001102993),8-K,2025-05-07,0001102993-25-000048:ex-991xpressreleaseq12025.htm,0001102993-25-000048,
"""generative AI""",0001013880,"TTEC Holdings, Inc.  (TTEC)  (CIK 0001013880)",8-K,2023-08-04,0001104659-23-087874:tm2322833d1_ex99-1.htm,0001104659-23-087874,
"""generative AI""",0001783398,UWM Holdings Corp  (UWMC)  (CIK 0001783398),8-K,2026-02-27,0001783398-26-000018:irdeck4q25andfy2025-fina.htm,0001783398-26-000018,
"""generative AI""",0001851003,Zeta Global Holdings Corp.  (ZETA)  (CIK 0001851003),8-K,2026-04-30,0001193125-26-197172:zeta-ex99_1.htm,0001193125-26-197172,
"""generative AI""",0000051143,INTERNATIONAL BUSINESS MACHINES CORP  (IBM)  (CIK 0000051143),8-K,2023-04-20,0001558370-23-006321:ibm-20230419xex99d1.htm,0001558370-23-006321,
"""generative AI""",0001370637,ETSY INC  (ETSY)  (CIK 0001370637),8-K,2024-10-30,0001370637-24-000050:exhibit991q32024.htm,0001370637-24-000050,
"""generative AI""",0001829953,Corner Growth Acquisition Corp.  (CIK 0001829953),8-K,2024-03-14,0001104659-24-034109:tm248810d1_ex99-2.htm,0001104659-24-034109,
"""generative AI""",0001902733,"nCino, Inc.  (NCNO)  (CIK 0001902733)",8-K,2024-08-27,0001902733-24-000150:secondquarterfy25earningsp.htm,0001902733-24-000150,
"""generative AI""",0001609711,GoDaddy Inc.  (GDDY)  (CIK 0001609711),8-K,2025-10-30,0001609711-25-000206:gddyex991-20250930xq3earni.htm,0001609711-25-000206,
"""generative AI""",0001438231,Digimarc CORP  (DMRC)  (CIK 0001438231),8-K,2023-11-06,0001437749-23-030384:ex_564727.htm,0001437749-23-030384,
"""generative AI""",0001836981,"BigBear.ai Holdings, Inc.  (BBAI, BBAI-WT)  (CIK 0001836981)",8-K,2026-05-05,0001836981-26-000047:earningsrelease-1q26.htm,0001836981-26-000047,
"""generative AI""",0001816233,"Sharecare, Inc.  (SHCR, SHCRW)  (CIK 0001816233)",8-K,2023-11-09,0001816233-23-000181:sharecareexhibit99193023.htm,0001816233-23-000181,
"""generative AI""",0000029989,OMNICOM GROUP INC.  (OMC)  (CIK 0000029989),8-K,2023-07-18,0000029989-23-000023:a2023q2earningsrelease.htm,0000029989-23-000023,
"""generative AI""",0001660280,"Tenable Holdings, Inc.  (TENB)  (CIK 0001660280)",8-K,2024-05-01,0001660280-24-000069:q12024financialresults-ear.htm,0001660280-24-000069,
"""generative AI""",0001615165,"Veritone, Inc.  (VERI)  (CIK 0001615165)",8-K,2026-03-26,0001628280-26-021451:veriearningsreleaseq42025e.htm,0001628280-26-021451,
"""generative AI""",0001803599,Concentrix Corp  (CNXC)  (CIK 0001803599),8-K,2023-06-28,0001803599-23-000144:exhibit991q22023.htm,0001803599-23-000144,
"""generative AI""",0001393883,"DHI GROUP, INC.  (DHX)  (CIK 0001393883)",8-K,2024-05-08,0001393883-24-000084:a991-earningsrelease2024q1.htm,0001393883-24-000084,
"""generative AI""",0001738827,"KLX Energy Services Holdings, Inc.  (KLXE)  (CIK 0001738827)",8-K,2024-05-23,0001738827-24-000054:klx_irxdeck5-23x24vf.htm,0001738827-24-000054,
"""generative AI""",0001297989,"ExlService Holdings, Inc.  (EXLS)  (CIK 0001297989)",8-K,2025-02-25,0001297989-25-000001:exlq42024pressrelease.htm,0001297989-25-000001,
"""generative AI""",0001773383,"Dynatrace, Inc.  (DT)  (CIK 0001773383)",8-K,2023-08-02,0001773383-23-000131:fy24q1-earningsreleaseex991.htm,0001773383-23-000131,
"""generative AI""",0001781174,"Acrivon Therapeutics, Inc.  (ACRV)  (CIK 0001781174)",8-K,2026-01-08,0001193125-26-007077:acrv-ex99_1.htm,0001193125-26-007077,
"""generative AI""",0001102993,LIVEPERSON INC  (LPSN)  (CIK 0001102993),8-K,2025-08-11,0001102993-25-000102:ex-991xpressreleaseq22025.htm,0001102993-25-000102,
"""generative AI""",0001735438,MeiraGTx Holdings plc  (MGTX)  (CIK 0001735438),8-K,2026-03-26,0001104659-26-034904:mgtx-20260325xex99d1.htm,0001104659-26-034904,
"""generative AI""",0001840502,"Taboola.com Ltd.  (TBLA, TBLAW)  (CIK 0001840502)",8-K,2023-03-01,0001140361-23-009299:brhc10048919_ex99-1.htm,0001140361-23-009299,
"""generative AI""",0001474432,"Pure Storage, Inc.  (PSTG)  (CIK 0001474432)",8-K,2025-02-26,0001628280-25-008136:pstg-ex991q4fy2025.htm,0001628280-25-008136,
"""generative AI""",0001459417,"2U, Inc.  (TWOUQ)  (CIK 0001459417)",8-K,2024-05-02,0001459417-24-000034:a2uq12024earningsreleaseex.htm,0001459417-24-000034,
"""generative AI""",0001826681,"Palladyne AI Corp.  (PDYN, PDYNW)  (CIK 0001826681)",8-K,2025-05-19,0000950170-25-074335:pdyn-ex99_1.htm,0000950170-25-074335,
"""generative AI""",0001826681,"Palladyne AI Corp.  (PDYN, PDYNW)  (CIK 0001826681)",8-K,2025-08-06,0000950170-25-103995:pdyn-ex99_2.htm,0000950170-25-103995,
"""generative AI""",0001398659,Genpact LTD  (G)  (CIK 0001398659),8-K,2025-11-06,0001398659-25-000107:genpactltdexhibit991q325.htm,0001398659-25-000107,
"""generative AI""",0001021561,"NU SKIN ENTERPRISES, INC.  (NUS)  (CIK 0001021561)",8-K,2025-01-03,0001140361-25-000113:ef20041017_ex2-1.htm,0001140361-25-000113,
"""generative AI""",0001829864,"TaskUs, Inc.  (TASK)  (CIK 0001829864)",8-K,2024-08-08,0001829864-24-000135:earningsreleaseex991q22024.htm,0001829864-24-000135,
"""generative AI""",0001107843,"QUALYS, INC.  (QLYS)  (CIK 0001107843)",8-K,2024-11-05,0001107843-24-000036:qlys-20241105xex991.htm,0001107843-24-000036,
"""generative AI""",0001768267,Cerence Inc.  (CRNC)  (CIK 0001768267),8-K,2025-02-06,0000950170-25-015394:crnc-ex99_2.htm,0000950170-25-015394,
"""generative AI""",0000004962,AMERICAN EXPRESS CO  (AXP)  (CIK 0000004962),8-K,2026-04-23,0000004962-26-000188:axp-20260423.htm,0000004962-26-000188,
"""generative AI""",0001573221,"TheRealReal, Inc.  (REAL)  (CIK 0001573221)",8-K,2025-02-20,0001573221-25-000005:real-20250220xex991pressre.htm,0001573221-25-000005,
"""generative AI""",0000886744,"GERON CORP  (GERN, GERNW)  (CIK 0000886744)",8-K,2024-03-19,0000950170-24-033142:gern-ex99_1.htm,0000950170-24-033142,
"""generative AI""",0001650372,Atlassian Corp  (TEAM)  (CIK 0001650372),8-K,2025-08-07,0001650372-25-000028:teamq42025shareholderlet.htm,0001650372-25-000028,
"""generative AI""",0001410384,"Q2 Holdings, Inc.  (QTWO)  (CIK 0001410384)",8-K,2024-07-31,0001410384-24-000156:a240630q2ex9918k.htm,0001410384-24-000156,
"""generative AI""",0002020795,Uniti Group Inc.  (CIK 0002020795),8-K,2025-08-05,0001104659-25-073951:tm2522557d1_99-1.htm,0001104659-25-073951,
"""generative AI""",0000056679,KORN FERRY  (KFY)  (CIK 0000056679),8-K,2026-06-29,0001193125-26-286757:d102657dex22.htm,0001193125-26-286757,
"""generative AI""",0002051820,Mount Logan Capital Inc.  (MLCI)  (CIK 0002051820),8-K,2026-01-16,0001628280-26-002447:exhibit11-8xkbabybondpriced.htm,0001628280-26-002447,
"""generative AI""",0001544522,Freshworks Inc.  (FRSH)  (CIK 0001544522),8-K,2023-08-01,0001544522-23-000053:q223quarterlyearningsrelea.htm,0001544522-23-000053,
"""generative AI""",0001852244,"GXO Logistics, Inc.  (GXO)  (CIK 0001852244)",8-K,2023-11-07,0001852244-23-000038:gxothirdquarter2023resul.htm,0001852244-23-000038,
"""generative AI""",0001898496,"Getty Images Holdings, Inc.  (GETY)  (CIK 0001898496)",8-K,2024-03-14,0001628280-24-011247:gety-2023x12x31ex991.htm,0001628280-24-011247,
"""generative AI""",0000769397,"Autodesk, Inc.  (ADSK)  (CIK 0000769397)",8-K,2024-06-11,0000769397-24-000095:q125pressrelease.htm,0000769397-24-000095,
"""generative AI""",0001582982,"CareCloud, Inc.  (CCLD, CCLDO, CCLDP)  (CIK 0001582982)",8-K,2024-05-14,0001493152-24-019075:ex99-1.htm,0001493152-24-019075,
"""generative AI""",0000051644,"INTERPUBLIC GROUP OF COMPANIES, INC.  (IPG)  (CIK 0000051644)",8-K,2024-07-24,0000051644-24-000031:ipgq22024earningsreleaseex.htm,0000051644-24-000031,
"""generative AI""",0001851003,Zeta Global Holdings Corp.  (ZETA)  (CIK 0001851003),8-K,2025-05-01,0000950170-25-061812:zeta-ex99_1.htm,0000950170-25-061812,
"""generative AI""",0001398659,Genpact LTD  (G)  (CIK 0001398659),8-K,2024-08-08,0001398659-24-000085:genpactltdexhibit991q224.htm,0001398659-24-000085,
"""generative AI""",0001803599,Concentrix Corp  (CNXC)  (CIK 0001803599),8-K,2026-03-24,0001803599-26-000084:exhibit991q12026.htm,0001803599-26-000084,
"""generative AI""",0001289419,"Morningstar, Inc.  (MORN)  (CIK 0001289419)",8-K,2026-04-29,0001289419-26-000026:morningstarq126ceoletter.htm,0001289419-26-000026,
"""generative AI""",0001614178,"Yext, Inc.  (YEXT)  (CIK 0001614178)",8-K,2024-12-09,0001614178-24-000139:ex991q3fy25earningsrelease.htm,0001614178-24-000139,
"""generative AI""",0001579878,"Figma, Inc.  (FIG)  (CIK 0001579878)",8-K,2025-11-05,0001628280-25-049555:q325pressrelease.htm,0001628280-25-049555,
"""generative AI""",0001013237,FACTSET RESEARCH SYSTEMS INC  (FDS)  (CIK 0001013237),8-K,2024-04-03,0001013237-24-000051:investordeckapril2024.htm,0001013237-24-000051,
"""generative AI""",0001102993,LIVEPERSON INC  (LPSN)  (CIK 0001102993),8-K,2023-11-08,0001102993-23-000130:lpsnq32023ex-991xpressrele.htm,0001102993-23-000130,
"""generative AI""",0001544522,Freshworks Inc.  (FRSH)  (CIK 0001544522),8-K,2023-10-31,0001544522-23-000063:q323quarterlyearningsrelea.htm,0001544522-23-000063,
"""generative AI""",0001398659,Genpact LTD  (G)  (CIK 0001398659),8-K,2024-11-07,0001398659-24-000098:genpactltdexhibit991q324.htm,0001398659-24-000098,
"""generative AI""",0001829864,"TaskUs, Inc.  (TASK)  (CIK 0001829864)",8-K,2026-02-25,0001829864-26-000005:earningsreleaseex991q42025.htm,0001829864-26-000005,
"""generative AI""",0001660280,"Tenable Holdings, Inc.  (TENB)  (CIK 0001660280)",8-K,2023-11-01,0001660280-23-000136:q32023financialresults-ear.htm,0001660280-23-000136,
"""generative AI""",0001564408,Snap Inc  (SNAP)  (CIK 0001564408),8-K,2023-04-27,0001564408-23-000024:snap-2023427xexx991pressre.htm,0001564408-23-000024,
"""generative AI""",0001568100,"PagerDuty, Inc.  (PD)  (CIK 0001568100)",8-K,2024-05-30,0001568100-24-000054:pagerdutyq1fy25earningspre.htm,0001568100-24-000054,
"""generative AI""",0001776661,"Advantage Solutions Inc.  (ADV, ADVWW)  (CIK 0001776661)",8-K,2024-05-09,0000950170-24-056245:adv-ex99_2.htm,0000950170-24-056245,
"""generative AI""",0001043277,"C. H. ROBINSON WORLDWIDE, INC.  (CHRW)  (CIK 0001043277)",8-K,2024-10-30,0001043277-24-000049:q32024earningsdeck.htm,0001043277-24-000049,
"""generative AI""",0001614178,"Yext, Inc.  (YEXT)  (CIK 0001614178)",8-K,2025-03-05,0001614178-25-000020:q4fy25shareholderletter.htm,0001614178-25-000020,
"""generative AI""",0001794515,ZoomInfo Technologies Inc.  (ZI)  (CIK 0001794515),8-K,2024-02-12,0001794515-24-000011:zi-8kex991x20240212.htm,0001794515-24-000011,
"""generative AI""",0001768267,Cerence Inc.  (CRNC)  (CIK 0001768267),8-K,2023-08-08,0000950170-23-039351:crnc-ex99_1.htm,0000950170-23-039351,
"""generative AI""",0001585521,"Zoom Video Communications, Inc.  (ZM)  (CIK 0001585521)",8-K,2024-02-26,0001585521-24-000025:zm-20240226ex991.htm,0001585521-24-000025,
"""generative AI""",0001845022,"Couchbase, Inc.  (BASE)  (CIK 0001845022)",8-K,2025-02-25,0001845022-25-000005:base-20250225xexx991.htm,0001845022-25-000005,
"""generative AI""",0001734722,"UiPath, Inc.  (PATH)  (CIK 0001734722)",8-K,2024-03-13,0001734722-24-000007:path-20240131xex991.htm,0001734722-24-000007,
"""generative AI""",0001398659,Genpact LTD  (G)  (CIK 0001398659),8-K,2024-05-09,0001398659-24-000078:genpactltdexhibit991.htm,0001398659-24-000078,
"""generative AI""",0000896262,AMEDISYS INC  (AMED)  (CIK 0000896262),8-K,2025-02-26,0000896262-25-000013:a20243112_991exhibit.htm,0000896262-25-000013,
"""generative AI""",0001441816,"MongoDB, Inc.  (MDB)  (CIK 0001441816)",8-K,2024-08-29,0001441816-24-000185:mdb-73124xex991xrelease.htm,0001441816-24-000185,
"""generative AI""",0001454938,Teads Holding Co.  (TEAD)  (CIK 0001454938),8-K,2026-05-07,0001454938-26-000034:q12026er-exhibit991.htm,0001454938-26-000034,
"""generative AI""",0001773383,"Dynatrace, Inc.  (DT)  (CIK 0001773383)",8-K,2024-02-08,0001773383-24-000009:fy24q3-earningsreleaseex991.htm,0001773383-24-000009,
"""generative AI""",0001467373,Accenture plc  (ACN)  (CIK 0001467373),8-K,2025-03-20,0001467373-25-000099:q2fy25earnings8-kexhibit.htm,0001467373-25-000099,
"""generative AI""",0001404655,HUBSPOT INC  (HUBS)  (CIK 0001404655),8-K,2023-05-03,0000950170-23-017202:hubs-ex99_1.htm,0000950170-23-017202,
"""generative AI""",0001831840,"SEMrush Holdings, Inc.  (SEMR)  (CIK 0001831840)",8-K,2024-03-04,0001628280-24-008536:semrush8-kexhibit991q42023.htm,0001628280-24-008536,
"""generative AI""",0001851003,Zeta Global Holdings Corp.  (ZETA)  (CIK 0001851003),8-K,2025-08-05,0000950170-25-103002:zeta-ex99_1.htm,0000950170-25-103002,
"""generative AI""",0001851003,Zeta Global Holdings Corp.  (ZETA)  (CIK 0001851003),8-K,2026-02-24,0001193125-26-066951:zeta-ex99_1.htm,0001193125-26-066951,
"""generative AI""",0001964789,Hut 8 Corp.  (HUT)  (CIK 0001964789),8-K,2023-12-01,0001104659-23-122902:tm2331643d4_ex99-2.htm,0001104659-23-122902,
"""generative AI""",0001396536,"DUOS TECHNOLOGIES GROUP, INC.  (DUOT)  (CIK 0001396536)",8-K,2024-04-02,0001079973-24-000504:ex99x2.htm,0001079973-24-000504,
"""generative AI""",0000029989,OMNICOM GROUP INC.  (OMC)  (CIK 0000029989),8-K,2023-10-17,0000029989-23-000031:a2023q3investorpresentat.htm,0000029989-23-000031,
"""generative AI""",0001013237,FACTSET RESEARCH SYSTEMS INC  (FDS)  (CIK 0001013237),8-K,2024-06-21,0001013237-24-000071:fdsq32024earningsrelease.htm,0001013237-24-000071,
"""generative AI""",0001210677,FIRST ADVANTAGE CORP  (FA)  (CIK 0001210677),8-K,2024-08-08,0000950170-24-093275:fa-ex99_1.htm,0000950170-24-093275,
"""generative AI""",0001544522,Freshworks Inc.  (FRSH)  (CIK 0001544522),8-K,2024-02-06,0001544522-24-000003:q423quarterlyearningsrelea.htm,0001544522-24-000003,
"""generative AI""",0001851003,Zeta Global Holdings Corp.  (ZETA)  (CIK 0001851003),8-K,2025-11-04,0001193125-25-264645:zeta-ex99_1.htm,0001193125-25-264645,
"""generative AI""",0001616707,Wayfair Inc.  (W)  (CIK 0001616707),8-K,2026-04-30,0001616707-26-000110:a2026-04x30ex991.htm,0001616707-26-000110,
"""generative AI""",0001422930,"PubMatic, Inc.  (PUBM)  (CIK 0001422930)",8-K,2024-02-26,0001422930-24-000004:fy23pressrelease.htm,0001422930-24-000004,
"""generative AI""",0001102993,LIVEPERSON INC  (LPSN)  (CIK 0001102993),8-K,2023-08-08,0001102993-23-000068:axex991pressreleasex63023.htm,0001102993-23-000068,
"""generative AI""",0001402436,SS&C Technologies Holdings Inc  (SSNC)  (CIK 0001402436),8-K,2024-04-25,0000950170-24-048310:ssnc-ex99_1.htm,0000950170-24-048310,
"""generative AI""",0001879001,Verses AI Inc.  (VRSSF)  (CIK 0001879001),8-K,2026-02-25,0001493152-26-007936:ex99-1.htm,0001493152-26-007936,
"""generative AI""",0001627475,"UPWORK, INC  (UPWK)  (CIK 0001627475)",8-K,2025-11-03,0001627475-25-000055:upwork3q25-pressrelease.htm,0001627475-25-000055,
"""generative AI""",0001398659,Genpact LTD  (G)  (CIK 0001398659),8-K,2026-02-05,0001398659-26-000002:genpactltdexhibit991q425.htm,0001398659-26-000002,
"""generative AI""",0001356570,WNS (HOLDINGS) LTD  (WNS)  (CIK 0001356570),8-K,2025-07-07,0001193125-25-155862:d98718dex992.htm,0001193125-25-155862,
"""generative AI""",0001829864,"TaskUs, Inc.  (TASK)  (CIK 0001829864)",8-K,2025-11-07,0001829864-25-000129:earningsreleaseex991q32025.htm,0001829864-25-000129,
"""generative AI""",0001707753,Elastic N.V.  (ESTC)  (CIK 0001707753),8-K,2025-05-29,0001707753-25-000015:a25q4erex991.htm,0001707753-25-000015,
"""generative AI""",0001352010,"EPAM Systems, Inc.  (EPAM)  (CIK 0001352010)",8-K,2024-02-15,0001352010-24-000003:exhibit99_q4x2023.htm,0001352010-24-000003,
"""generative AI""",0001210677,FIRST ADVANTAGE CORP  (FA)  (CIK 0001210677),8-K,2024-05-09,0000950170-24-056174:fa-ex99_1.htm,0000950170-24-056174,
"""generative AI""",0000849399,Gen Digital Inc.  (GEN)  (CIK 0000849399),8-K,2024-08-01,0000849399-24-000040:ex9901q1fy25.htm,0000849399-24-000040,
"""generative AI""",0001564408,Snap Inc  (SNAP)  (CIK 0001564408),8-K,2024-04-25,0001564408-24-000030:snap-2024425xexx991pressre.htm,0001564408-24-000030,
"""generative AI""",0001734722,"UiPath, Inc.  (PATH)  (CIK 0001734722)",8-K,2024-05-29,0001734722-24-000032:path-20240430xex991.htm,0001734722-24-000032,
"""generative AI""",0000027904,"DELTA AIR LINES, INC.  (DAL)  (CIK 0000027904)",8-K,2024-11-20,0001683168-24-008276:delta_ex9902.htm,0001683168-24-008276,
"""generative AI""",0001768267,Cerence Inc.  (CRNC)  (CIK 0001768267),8-K,2024-02-06,0000950170-24-011536:crnc-ex99_2.htm,0000950170-24-011536,
"""generative AI""",0001173489,CEVA INC  (CEVA)  (CIK 0001173489),8-K,2024-02-14,0001437749-24-004004:ex_625427.htm,0001437749-24-004004,
"""generative AI""",0001868640,"Roadzen Inc.  (RDZN, RDZNW)  (CIK 0001868640)",8-K,2025-02-12,0000950170-25-018848:rdzn-ex99_1.htm,0000950170-25-018848,
"""generative AI""",0001601830,"RECURSION PHARMACEUTICALS, INC.  (RXRX)  (CIK 0001601830)",8-K,2024-08-08,0001193125-24-196505:d856792dex992.htm,0001193125-24-196505,
"""generative AI""",0001467373,Accenture plc  (ACN)  (CIK 0001467373),8-K,2025-06-20,0001467373-25-000168:q3fy25earnings8-kexhibit.htm,0001467373-25-000168,
"""generative AI""",0001829864,"TaskUs, Inc.  (TASK)  (CIK 0001829864)",8-K,2024-02-28,0001829864-24-000004:earningsreleaseex991q42023.htm,0001829864-24-000004,
"""generative AI""",0000002488,ADVANCED MICRO DEVICES INC  (AMD)  (CIK 0000002488),8-K,2024-04-30,0000002488-24-000054:q12024991.htm,0000002488-24-000054,
"""generative AI""",0001441816,"MongoDB, Inc.  (MDB)  (CIK 0001441816)",8-K,2024-05-30,0001441816-24-000108:mdb-43024xex991xrelease.htm,0001441816-24-000108,
"""generative AI""",0001735438,MeiraGTx Holdings plc  (MGTX)  (CIK 0001735438),8-K,2025-08-14,0001558370-25-011478:mgtx-20250814xex99d1.htm,0001558370-25-011478,
"""generative AI""",0001018724,AMAZON COM INC  (AMZN)  (CIK 0001018724),8-K,2025-05-01,0001018724-25-000034:amzn-20250331xex991.htm,0001018724-25-000034,
"""generative AI""",0000759944,"CITIZENS FINANCIAL GROUP INC/RI  (CFG, CFG-PE, CFG-PH)  (CIK 0000759944)",8-K,2023-12-05,0000759944-23-000168:goldmansachsdec2023final.htm,0000759944-23-000168,
"""generative AI""",0001459417,"2U, Inc.  (TWOUQ)  (CIK 0001459417)",8-K,2023-08-08,0001459417-23-000034:a2uq22023earningsreleaseex.htm,0001459417-23-000034,
"""generative AI""",0001707753,Elastic N.V.  (ESTC)  (CIK 0001707753),8-K,2024-05-30,0001628280-24-025782:a24q4erex991.htm,0001628280-24-025782,
"""generative AI""",0001070235,BLACKBERRY Ltd  (BB)  (CIK 0001070235),8-K,2023-09-28,0001070235-23-000129:q2fy24ex-991.htm,0001070235-23-000129,
"""generative AI""",0001866368,"Clearwater Analytics Holdings, Inc.  (CWAN)  (CIK 0001866368)",8-K,2024-05-01,0001628280-24-019629:cwan-20240331xexx991.htm,0001628280-24-019629,
"""generative AI""",0001549346,"Shutterstock, Inc.  (SSTK)  (CIK 0001549346)",8-K,2023-04-25,0001549346-23-000020:a2023-q1_exx991xpressrelea.htm,0001549346-23-000020,
"""generative AI""",0001866368,"Clearwater Analytics Holdings, Inc.  (CWAN)  (CIK 0001866368)",8-K,2023-08-02,0001628280-23-026774:cwan-20230630xexx991.htm,0001628280-23-026774,
"""generative AI""",0001591698,Paylocity Holding Corp  (PCTY)  (CIK 0001591698),8-K,2025-11-04,0001591698-25-000112:pcty-20251104xex991.htm,0001591698-25-000112,
"""generative AI""",0001102993,LIVEPERSON INC  (LPSN)  (CIK 0001102993),8-K,2024-11-07,0001102993-24-000170:q32024livepersonex991press.htm,0001102993-24-000170,
"""generative AI""",0001043277,"C. H. ROBINSON WORLDWIDE, INC.  (CHRW)  (CIK 0001043277)",8-K,2025-01-29,0001043277-25-000004:q42024earningsdeck.htm,0001043277-25-000004,
"""generative AI""",0001562088,"Duolingo, Inc.  (DUOL)  (CIK 0001562088)",8-K,2023-05-09,0001562088-23-000101:duolingo_q1-2023xshareho.htm,0001562088-23-000101,
"""generative AI""",0001720671,"HashiCorp, Inc.  (HCP)  (CIK 0001720671)",8-K,2024-03-05,0001628280-24-008867:hcp-q4fy24xex991.htm,0001628280-24-008867,
"""generative AI""",0000107140,"JOHN WILEY & SONS, INC.  (WLY, WLYB)  (CIK 0000107140)",8-K,2024-06-13,0000107140-24-000104:exhibit992-q424earningsp.htm,0000107140-24-000104,
"""generative AI""",0001735438,MeiraGTx Holdings plc  (MGTX)  (CIK 0001735438),8-K,2025-11-13,0001104659-25-110883:mgtx-20251113xex99d1.htm,0001104659-25-110883,
"""generative AI""",0001601830,"RECURSION PHARMACEUTICALS, INC.  (RXRX)  (CIK 0001601830)",8-K,2026-01-12,0001601830-26-000002:recursionjpm2026presenta.htm,0001601830-26-000002,
"""generative AI""",0000820318,COHERENT CORP.  (COHR)  (CIK 0000820318),8-K,2023-09-19,0001193125-23-237086:d527715dex991.htm,0001193125-23-237086,
"""generative AI""",0001851003,Zeta Global Holdings Corp.  (ZETA)  (CIK 0001851003),8-K,2023-08-02,0000950170-23-037140:zeta-ex99_1.htm,0000950170-23-037140,
"""generative AI""",0001851003,Zeta Global Holdings Corp.  (ZETA)  (CIK 0001851003),8-K,2024-05-06,0000950170-24-053531:zeta-ex99_1.htm,0000950170-24-053531,
"""generative AI""",0001549595,"Nurix Therapeutics, Inc.  (NRIX)  (CIK 0001549595)",8-K,2024-09-05,0001549595-24-000120:nurixtherapeuticsinvesto.htm,0001549595-24-000120,
"""generative AI""",0001075531,Booking Holdings Inc.  (BKNG)  (CIK 0001075531),8-K,2025-07-29,0001075531-25-000035:bkngq22025earningspressr.htm,0001075531-25-000035,
"""generative AI""",0001851003,Zeta Global Holdings Corp.  (ZETA)  (CIK 0001851003),8-K,2023-11-01,0000950170-23-057423:zeta-ex99_1.htm,0000950170-23-057423,
"""generative AI""",0001398659,Genpact LTD  (G)  (CIK 0001398659),8-K,2023-08-09,0001398659-23-000025:genpactltdexhibit991q223.htm,0001398659-23-000025,
"""generative AI""",0001384905,"RingCentral, Inc.  (RNG)  (CIK 0001384905)",8-K,2023-05-09,0001384905-23-000022:rng-20230331x8kxex991.htm,0001384905-23-000022,
"""generative AI""",0001392972,"PROS Holdings, Inc.  (PRO)  (CIK 0001392972)",8-K,2025-02-06,0001392972-25-000011:a2024q4ex991prosearningsre.htm,0001392972-25-000011,
"""generative AI""",0001868640,"Roadzen Inc.  (RDZN, RDZNW)  (CIK 0001868640)",8-K,2025-06-26,0001641172-25-016641:ex99-1.htm,0001641172-25-016641,
"""generative AI""",0001438231,Digimarc CORP  (DMRC)  (CIK 0001438231),8-K,2024-05-02,0001437749-24-014360:ex_649431.htm,0001437749-24-014360,
"""generative AI""",0001766363,"Endeavor Group Holdings, Inc.  (EDR)  (CIK 0001766363)",8-K,2023-02-28,0001193125-23-053832:d464297dex991.htm,0001193125-23-053832,
"""generative AI""",0001805521,"FARADAY FUTURE INTELLIGENT ELECTRIC INC.  (FFIE, FFIEW)  (CIK 0001805521)",8-K,2023-05-31,0001213900-23-044201:ea179547ex99-1_faraday.htm,0001213900-23-044201,
"""generative AI""",0001803599,Concentrix Corp  (CNXC)  (CIK 0001803599),8-K,2026-06-29,0001803599-26-000133:exhibit991q22026.htm,0001803599-26-000133,
"""generative AI""",0001454938,Outbrain Inc.  (OB)  (CIK 0001454938),8-K,2023-11-07,0001454938-23-000149:q32023er-exhibit991.htm,0001454938-23-000149,
"""generative AI""",0001013237,FACTSET RESEARCH SYSTEMS INC  (FDS)  (CIK 0001013237),8-K,2023-12-19,0001013237-23-000193:fdsq12024earningsrelease.htm,0001013237-23-000193,
"""generative AI""",0001070235,BLACKBERRY Ltd  (BB)  (CIK 0001070235),8-K,2023-12-20,0001070235-23-000163:q3fy24ex-991.htm,0001070235-23-000163,
"""generative AI""",0001293282,TechTarget Inc  (TTGT)  (CIK 0001293282),8-K,2023-11-08,0000950170-23-061076:ttgt-ex99_1.htm,0000950170-23-061076,
"""generative AI""",0001717115,"Tempus AI, Inc.  (TEM)  (CIK 0001717115)",8-K,2024-11-04,0000950170-24-120663:tem-ex99_1.htm,0000950170-24-120663,
"""generative AI""",0001018724,AMAZON COM INC  (AMZN)  (CIK 0001018724),8-K,2025-07-31,0001018724-25-000084:amzn-20250630xex991.htm,0001018724-25-000084,
"""generative AI""",0001013237,FACTSET RESEARCH SYSTEMS INC  (FDS)  (CIK 0001013237),8-K,2024-07-03,0001013237-24-000086:investordeckjuly2024.htm,0001013237-24-000086,
"""generative AI""",0001826671,"Near Intelligence, Inc.  (CIK 0001826671)",8-K,2023-06-09,0001213900-23-047844:ea179951ex99-1_nearintell.htm,0001213900-23-047844,
"""generative AI""",0000769397,"Autodesk, Inc.  (ADSK)  (CIK 0000769397)",8-K,2025-08-28,0000769397-25-000114:q226pressrelease.htm,0000769397-25-000114,
"""generative AI""",0001840502,"Taboola.com Ltd.  (TBLA, TBLAW)  (CIK 0001840502)",8-K,2023-05-10,0001140361-23-023785:brhc20052396_ex99-1.htm,0001140361-23-023785,
"""generative AI""",0001851003,Zeta Global Holdings Corp.  (ZETA)  (CIK 0001851003),8-K,2025-02-25,0000950170-25-026629:zeta-ex99_1.htm,0000950170-25-026629,
"""generative AI""",0001831840,"SEMrush Holdings, Inc.  (SEMR)  (CIK 0001831840)",8-K,2025-02-26,0001628280-25-008190:semrush8-kexhibit991q42024.htm,0001628280-25-008190,
"""generative AI""",0001544522,Freshworks Inc.  (FRSH)  (CIK 0001544522),8-K,2024-07-30,0001544522-24-000046:q224quarterlyearningsrelea.htm,0001544522-24-000046,
"""generative AI""",0001707753,Elastic N.V.  (ESTC)  (CIK 0001707753),8-K,2024-02-29,0001707753-24-000003:a24q3erex991.htm,0001707753-24-000003,
"""generative AI""",0001620280,Uniti Group Inc.  (UNIT)  (CIK 0001620280),8-K,2025-05-06,0001628280-25-022410:unit-ex9911q25.htm,0001628280-25-022410,
"""generative AI""",0001840502,"Taboola.com Ltd.  (TBLA, TBLAW)  (CIK 0001840502)",8-K,2023-08-09,0001140361-23-038678:brhc20056893_ex99-1.htm,0001140361-23-038678,
"""generative AI""",0001561550,"Datadog, Inc.  (DDOG)  (CIK 0001561550)",8-K,2024-08-08,0001561550-24-000109:ex-991x20240630x8k.htm,0001561550-24-000109,
"""generative AI""",0001601830,"RECURSION PHARMACEUTICALS, INC.  (RXRX)  (CIK 0001601830)",8-K,2025-02-28,0001601830-25-000034:rxrx2025corporatedeck.htm,0001601830-25-000034,
"""generative AI""",0001702015,"AIS Holdings Group, Inc.  (AIDG)  (CIK 0001702015)",8-K,2025-11-18,0001702015-25-000007:ais_super8ko.htm,0001702015-25-000007,
"""generative AI""",0001568100,"PagerDuty, Inc.  (PD)  (CIK 0001568100)",8-K,2024-11-26,0001568100-24-000137:ex991-pagerdutyq3fy25earni.htm,0001568100-24-000137,
"""generative AI""",0000021344,COCA COLA CO  (KO)  (CIK 0000021344),8-K,2024-10-23,0000021344-24-000056:a2024q3earningsreleaseex-9.htm,0000021344-24-000056,
"""generative AI""",0001018724,AMAZON COM INC  (AMZN)  (CIK 0001018724),8-K,2024-08-01,0001018724-24-000128:amzn-20240630xex991.htm,0001018724-24-000128,
"""generative AI""",0001366561,SMARTSHEET INC  (SMAR)  (CIK 0001366561),8-K,2024-03-14,0001366561-24-000052:q42024smarearnings.htm,0001366561-24-000052,
"""generative AI""",0001490281,"Groupon, Inc.  (GRPN)  (CIK 0001490281)",8-K,2023-05-10,0001490281-23-000054:a2023q1shareholderletter.htm,0001490281-23-000054,
"""generative AI""",0000064463,"Soluna Holdings, Inc  (SLNH, SLNHP)  (CIK 0000064463)",8-K,2026-03-30,0001493152-26-013456:ex99-1.htm,0001493152-26-013456,
"""generative AI""",0001562088,"Duolingo, Inc.  (DUOL)  (CIK 0001562088)",8-K,2024-05-08,0001562088-24-000110:q1fy24shareholderletter.htm,0001562088-24-000110,
"""generative AI""",0001734722,"UiPath, Inc.  (PATH)  (CIK 0001734722)",8-K,2024-09-05,0001734722-24-000049:path-20240731xex991.htm,0001734722-24-000049,
"""generative AI""",0001384905,"RingCentral, Inc.  (RNG)  (CIK 0001384905)",8-K,2023-08-07,0001384905-23-000030:rng-20230630x8kxex991.htm,0001384905-23-000030,
"""generative AI""",0001805284,"Rocket Companies, Inc.  (RKT)  (CIK 0001805284)",8-K,2024-08-01,0001805284-24-000132:rkt-earningsrelease0630202.htm,0001805284-24-000132,
"""generative AI""",0001075531,Booking Holdings Inc.  (BKNG)  (CIK 0001075531),8-K,2025-10-28,0001075531-25-000050:q3-25bkngearningsrelease.htm,0001075531-25-000050,
"""generative AI""",0000029989,OMNICOM GROUP INC.  (OMC)  (CIK 0000029989),8-K,2023-07-18,0000029989-23-000023:a2023q2investorpresentat.htm,0000029989-23-000023,
"""generative AI""",0001717115,"Tempus AI, Inc.  (TEM)  (CIK 0001717115)",8-K,2025-11-04,0001193125-25-264616:tem-ex99_1.htm,0001193125-25-264616,
"""generative AI""",0001352010,"EPAM Systems, Inc.  (EPAM)  (CIK 0001352010)",8-K,2024-09-04,0001352010-24-000031:exhibit21materialdefinitiv.htm,0001352010-24-000031,
"""generative AI""",0001428439,"ROKU, INC  (ROKU)  (CIK 0001428439)",8-K,2026-02-12,0001628280-26-007670:a04exhibit991-q425form8xker.htm,0001628280-26-007670,
"""generative AI""",0001847577,Learn CW Investment Corp  (LCW)  (CIK 0001847577),8-K,2024-05-07,0001140361-24-024634:ny20012992x13_ex99-1.htm,0001140361-24-024634,
"""generative AI""",0001286139,"LEGALZOOM.COM, INC.  (LZ)  (CIK 0001286139)",8-K,2023-11-07,0001286139-23-000130:lz-20231107xexx991.htm,0001286139-23-000130,
"""generative AI""",0001582982,"CareCloud, Inc.  (CCLD, CCLDO, CCLDP)  (CIK 0001582982)",8-K,2023-11-02,0001493152-23-039076:ex99-1.htm,0001493152-23-039076,
"""generative AI""",0001107843,"QUALYS, INC.  (QLYS)  (CIK 0001107843)",8-K,2025-02-06,0001107843-25-000005:qlys-2025206xex991.htm,0001107843-25-000005,
"""generative AI""",0000884144,ASURE SOFTWARE INC  (ASUR)  (CIK 0000884144),8-K,2024-10-31,0000884144-24-000062:a20241031exhibit991.htm,0000884144-24-000062,
"""generative AI""",0001078271,EXTREME NETWORKS INC  (EXTR)  (CIK 0001078271),8-K,2024-05-01,0000950170-24-050891:extr-ex99_1.htm,0000950170-24-050891,
"""generative AI""",0001023459,"Simulations Plus, Inc.  (SLP)  (CIK 0001023459)",8-K,2023-11-14,0001023459-23-000144:slpinvestorday202311923v.htm,0001023459-23-000144,
"""generative AI""",0001707753,Elastic N.V.  (ESTC)  (CIK 0001707753),8-K,2025-11-20,0001707753-25-000053:a26q2erex991.htm,0001707753-25-000053,
"""generative AI""",0000769397,"Autodesk, Inc.  (ADSK)  (CIK 0000769397)",8-K,2024-02-29,0000769397-24-000019:q424pressrelease.htm,0000769397-24-000019,
"""generative AI""",0001735438,MeiraGTx Holdings plc  (MGTX)  (CIK 0001735438),8-K,2025-05-13,0001558370-25-007497:mgtx-20250513xex99d1.htm,0001558370-25-007497,
"""generative AI""",0001443646,Booz Allen Hamilton Holding Corp  (BAH)  (CIK 0001443646),8-K,2025-03-07,0001443646-25-000020:investorpresentationmarc.htm,0001443646-25-000020,
"""generative AI""",0001866368,"Clearwater Analytics Holdings, Inc.  (CWAN)  (CIK 0001866368)",8-K,2023-11-01,0001628280-23-036001:cwan-20230930xexx9911.htm,0001628280-23-036001,
"""generative AI""",0001615165,"Veritone, Inc.  (VERI)  (CIK 0001615165)",8-K,2024-10-23,0001193125-24-241453:d815678dex992.htm,0001193125-24-241453,
"""generative AI""",0000858877,"CISCO SYSTEMS, INC.  (CSCO)  (CIK 0000858877)",8-K,2023-11-15,0001193125-23-277891:d850595dex991.htm,0001193125-23-277891,
"""generative AI""",0001830214,"Ginkgo Bioworks Holdings, Inc.  (DNA, DNABW)  (CIK 0001830214)",8-K,2026-02-26,0001628280-26-012339:ex991earningspr.htm,0001628280-26-012339,
"""generative AI""",0001810019,"Rackspace Technology, Inc.  (RXT)  (CIK 0001810019)",8-K,2023-08-08,0001810019-23-000126:rxt991_q22023.htm,0001810019-23-000126,
"""generative AI""",0001650372,Atlassian Corp  (TEAM)  (CIK 0001650372),8-K,2025-01-30,0001650372-25-000005:ex991q2fy25.htm,0001650372-25-000005,
"""generative AI""",0000051644,"INTERPUBLIC GROUP OF COMPANIES, INC.  (IPG)  (CIK 0000051644)",8-K,2024-10-22,0000051644-24-000045:ipgq32024earningsreleaseex.htm,0000051644-24-000045,
"""generative AI""",0000064463,"Soluna Holdings, Inc  (SLNH, SLNHP)  (CIK 0000064463)",8-K,2025-11-17,0001493152-25-023755:ex99-1.htm,0001493152-25-023755,
"""generative AI""",0001447669,TWILIO INC  (TWLO)  (CIK 0001447669),8-K,2023-05-09,0001447669-23-000099:twloq123ex991.htm,0001447669-23-000099,
"""generative AI""",0001562088,"Duolingo, Inc.  (DUOL)  (CIK 0001562088)",8-K,2024-05-10,0001562088-24-000117:q1fy24shareholderletter1.htm,0001562088-24-000117,
"""generative AI""",0001013237,FACTSET RESEARCH SYSTEMS INC  (FDS)  (CIK 0001013237),8-K,2023-12-19,0001013237-23-000193:investordeckdecember2023.htm,0001013237-23-000193,
"""generative AI""",0000021175,CNA FINANCIAL CORP  (CNA)  (CIK 0000021175),8-K,2026-02-09,0000021175-26-000008:q42025ex994earningsremarks.htm,0000021175-26-000008,
"""generative AI""",0001564408,Snap Inc  (SNAP)  (CIK 0001564408),8-K,2025-11-05,0001564408-25-000063:snap-20251105xexx991pressr.htm,0001564408-25-000063,
"""generative AI""",0001582961,"DigitalOcean Holdings, Inc.  (DOCN)  (CIK 0001582961)",8-K,2024-11-04,0001582961-24-000153:a2024-q3dopressrelease.htm,0001582961-24-000153,
"""generative AI""",0001173204,Cineverse Corp.  (CNVS)  (CIK 0001173204),8-K,2026-06-26,0001193125-26-283983:cnvs-ex99_1.htm,0001193125-26-283983,
"""generative AI""",0001022408,EPLUS INC  (PLUS)  (CIK 0001022408),8-K,2024-02-12,0001022408-24-000010:transcript.htm,0001022408-24-000010,
"""generative AI""",0001846069,"Nextdoor Holdings, Inc.  (KIND)  (CIK 0001846069)",8-K,2024-05-07,0001846069-24-000125:exhibit991-8xkxshareholder.htm,0001846069-24-000125,
"""generative AI""",0001717115,"Tempus AI, Inc.  (TEM)  (CIK 0001717115)",8-K,2025-08-08,0000950170-25-105441:tem-ex99_1.htm,0000950170-25-105441,
"""generative AI""",0001956055,"Bukit Jalil Global Acquisition 1 Ltd.  (BUJA, BUJAR, BUJAU, BUJAW)  (CIK 0001956055)",8-K,2024-08-09,0001929980-24-000333:buja_8k.htm,0001929980-24-000333,
"""generative AI""",0001840502,"Taboola.com Ltd.  (TBLA, TBLAW)  (CIK 0001840502)",8-K,2023-02-24,0001140361-23-008422:brhc10048659_ex99-2.htm,0001140361-23-008422,
"""generative AI""",0000002488,ADVANCED MICRO DEVICES INC  (AMD)  (CIK 0000002488),8-K,2025-08-05,0000002488-25-000106:q22025991.htm,0000002488-25-000106,
"""generative AI""",0001932393,GE HealthCare Technologies Inc.  (GEHC)  (CIK 0001932393),8-K,2024-07-31,0001932393-24-000043:release2q24earnings.htm,0001932393-24-000043,
"""generative AI""",0001582982,"CareCloud, Inc.  (CCLD, CCLDO, CCLDP)  (CIK 0001582982)",8-K,2024-03-21,0001493152-24-010726:ex99-1.htm,0001493152-24-010726,
"""generative AI""",0001805284,"Rocket Companies, Inc.  (RKT)  (CIK 0001805284)",8-K,2024-05-02,0001805284-24-000061:rkt-earningsrelease0331202.htm,0001805284-24-000061,
"""generative AI""",0001496963,"Squarespace, Inc.  (SQSP)  (CIK 0001496963)",8-K,2024-02-28,0001496963-24-000007:sqsp-02282024x8kexhibit991.htm,0001496963-24-000007,
"""generative AI""",0000064463,"Soluna Holdings, Inc  (SLNH, SLNHP)  (CIK 0000064463)",8-K,2025-08-15,0001641172-25-024271:ex99-1.htm,0001641172-25-024271,
"""generative AI""",0001441816,"MongoDB, Inc.  (MDB)  (CIK 0001441816)",8-K,2025-03-05,0001441816-25-000046:mdb-13125xex991xrelease.htm,0001441816-25-000046,
"""generative AI""",0001627475,"UPWORK, INC  (UPWK)  (CIK 0001627475)",8-K,2026-02-09,0001627475-26-000005:exhibit991-upwork4q25andfu.htm,0001627475-26-000005,
"""generative AI""",0001837532,Apollo Debt Solutions BDC  (CIK 0001837532),8-K,2025-10-23,0001193125-25-247901:d63784d8k.htm,0001193125-25-247901,
"""generative AI""",0000050863,INTEL CORP  (INTC)  (CIK 0000050863),8-K,2024-04-25,0000050863-24-000074:q124_earningsrelease.htm,0000050863-24-000074,
"""generative AI""",0000002488,ADVANCED MICRO DEVICES INC  (AMD)  (CIK 0000002488),8-K,2023-08-01,0000002488-23-000135:q22023991.htm,0000002488-23-000135,
"""generative AI""",0001803599,Concentrix Corp  (CNXC)  (CIK 0001803599),8-K,2024-09-25,0001803599-24-000150:exhibit991q32024.htm,0001803599-24-000150,
"""generative AI""",0001564408,Snap Inc  (SNAP)  (CIK 0001564408),8-K,2024-10-29,0001564408-24-000058:snap-20241029xexx991pressr.htm,0001564408-24-000058,
"""generative AI""",0001261333,"DOCUSIGN, INC.  (DOCU)  (CIK 0001261333)",8-K,2025-03-13,0001261333-25-000016:q425ex-991er.htm,0001261333-25-000016,
"""generative AI""",0001768267,Cerence Inc.  (CRNC)  (CIK 0001768267),8-K,2023-05-09,0000950170-23-019126:crnc-ex99_2.htm,0000950170-23-019126,
"""generative AI""",0001058290,COGNIZANT TECHNOLOGY SOLUTIONS CORP  (CTSH)  (CIK 0001058290),8-K,2025-04-30,0001058290-25-000124:exhibit9913312025.htm,0001058290-25-000124,
"""generative AI""",0001289419,"Morningstar, Inc.  (MORN)  (CIK 0001289419)",8-K,2025-10-29,0001289419-25-000166:exhibit991-pressrelease_09.htm,0001289419-25-000166,
"""generative AI""",0001341439,ORACLE CORP  (ORCL)  (CIK 0001341439),8-K,2024-12-09,0000950170-24-134537:orcl-ex99_1.htm,0000950170-24-134537,
"""generative AI""",0000884144,ASURE SOFTWARE INC  (ASUR)  (CIK 0000884144),8-K,2025-03-06,0000884144-25-000011:a20241231exhibit991.htm,0000884144-25-000011,
"""generative AI""",0001564408,Snap Inc  (SNAP)  (CIK 0001564408),8-K,2026-02-04,0001564408-26-000011:snap-20260204xexx991pressr.htm,0001564408-26-000011,
"""generative AI""",0001280058,BLACKBAUD INC  (BLKB)  (CIK 0001280058),8-K,2023-10-31,0001280058-23-000043:blkbq32023exhibit991.htm,0001280058-23-000043,
"""generative AI""",0001907982,"D-Wave Quantum Inc.  (QBTS, QBTS-WT)  (CIK 0001907982)",8-K,2024-03-28,0001907982-24-000046:qbts-20240328xexx991.htm,0001907982-24-000046,
"""generative AI""",0001013237,FACTSET RESEARCH SYSTEMS INC  (FDS)  (CIK 0001013237),8-K,2023-09-21,0001013237-23-000094:investordecksepfy2023vfi.htm,0001013237-23-000094,
"""generative AI""",0001281761,"REGIONS FINANCIAL CORP  (RF, RF-PC, RF-PE, RF-PF)  (CIK 0001281761)",8-K,2026-02-09,0001281761-26-000012:a1q26investormeetingmate.htm,0001281761-26-000012,
"""generative AI""",0001341439,ORACLE CORP  (ORCL)  (CIK 0001341439),8-K,2023-12-11,0000950170-23-069410:orcl-ex99_1.htm,0000950170-23-069410,
"""generative AI""",0001614178,"Yext, Inc.  (YEXT)  (CIK 0001614178)",8-K,2023-06-06,0001614178-23-000026:ex991q1fy24earningsrelease.htm,0001614178-23-000026,
"""generative AI""",0001866368,"Clearwater Analytics Holdings, Inc.  (CWAN)  (CIK 0001866368)",8-K,2024-07-31,0001628280-24-033751:cwan-20240630xexx991.htm,0001628280-24-033751,
"""generative AI""",0001803599,Concentrix Corp  (CNXC)  (CIK 0001803599),8-K,2026-01-13,0001803599-26-000003:exhibit991q42025.htm,0001803599-26-000003,
"""generative AI""",0001281761,"REGIONS FINANCIAL CORP  (RF, RF-PC, RF-PE, RF-PF)  (CIK 0001281761)",8-K,2026-05-11,0001281761-26-000042:a2q26investormeetingmate.htm,0001281761-26-000042,
"""generative AI""",0001609711,GoDaddy Inc.  (GDDY)  (CIK 0001609711),8-K,2024-02-13,0001609711-24-000016:a12312023-ex991q4earningsr.htm,0001609711-24-000016,
"""generative AI""",0001851003,Zeta Global Holdings Corp.  (ZETA)  (CIK 0001851003),8-K,2024-11-12,0000950170-24-124461:zeta-ex99_1.htm,0000950170-24-124461,
"""generative AI""",0001779128,"Strata Critical Medical, Inc.  (SRTA, SRTAW)  (CIK 0001779128)",8-K,2025-09-16,0001779128-25-000114:cardio-stockpurchaseandsal.htm,0001779128-25-000114,
"""generative AI""",0001799208,"Dun & Bradstreet Holdings, Inc.  (DNB)  (CIK 0001799208)",8-K,2025-02-20,0001799208-25-000008:yearend2024prexhibit991.htm,0001799208-25-000008,
"""generative AI""",0001517375,"Sprout Social, Inc.  (SPT)  (CIK 0001517375)",8-K,2023-08-03,0001517375-23-000092:projecttagger-mergeragreem.htm,0001517375-23-000092,
"""generative AI""",0001880319,"Perimeter Solutions, Inc.  (PRM)  (CIK 0001880319)",8-K,2026-01-22,0001493152-26-003264:ex2-1.htm,0001493152-26-003264,
"""generative AI""",0001834488,"N-able, Inc.  (NABL)  (CIK 0001834488)",8-K,2024-02-22,0001834488-24-000028:nabl-20231231x8kxex991.htm,0001834488-24-000028,
"""generative AI""",0001340476,"DIRTT ENVIRONMENTAL SOLUTIONS LTD  (DESLF, DRTTF)  (CIK 0001340476)",8-K,2025-02-26,0000950170-25-027902:drttf-ex99_1.htm,0000950170-25-027902,
"""generative AI""",0001467373,Accenture plc  (ACN)  (CIK 0001467373),8-K,2023-09-28,0001467373-23-000303:fy23q4plc8-kexhibit.htm,0001467373-23-000303,
"""generative AI""",0000820318,COHERENT CORP.  (COHR)  (CIK 0000820318),8-K,2023-11-06,0001193125-23-271381:d479671dex992.htm,0001193125-23-271381,
"""generative AI""",0000024741,CORNING INC /NY  (GLW)  (CIK 0000024741),8-K,2024-04-30,0001437749-24-013839:ex_601853.htm,0001437749-24-013839,
"""generative AI""",0000759944,"CITIZENS FINANCIAL GROUP INC/RI  (CFG, CFG-PE, CFG-PH)  (CIK 0000759944)",8-K,2023-09-11,0000759944-23-000139:cfgbarclaysglobalfinanci.htm,0000759944-23-000139,
"""generative AI""",0001560327,"Rapid7, Inc.  (RPD)  (CIK 0001560327)",8-K,2025-08-07,0001560327-25-000048:rapid7q220258-kex991.htm,0001560327-25-000048,
"""generative AI""",0001616707,Wayfair Inc.  (W)  (CIK 0001616707),8-K,2026-02-19,0001616707-26-000024:a2026-02x19ex991.htm,0001616707-26-000024,
"""generative AI""",0001799208,"Dun & Bradstreet Holdings, Inc.  (DNB)  (CIK 0001799208)",8-K,2023-08-03,0001799208-23-000035:q22023prexhibit991.htm,0001799208-23-000035,
"""generative AI""",0001568100,"PagerDuty, Inc.  (PD)  (CIK 0001568100)",8-K,2025-09-03,0001568100-25-000098:ex991-pagerdutyq2fy26earni.htm,0001568100-25-000098,
"""generative AI""",0001562088,"Duolingo, Inc.  (DUOL)  (CIK 0001562088)",8-K,2025-11-05,0001628280-25-049514:q3fy25duolingo9-30x25share.htm,0001628280-25-049514,
"""generative AI""",0001441816,"MongoDB, Inc.  (MDB)  (CIK 0001441816)",8-K,2026-03-02,0001628280-26-013199:mdb-13126xex991xrelease.htm,0001628280-26-013199,
"""generative AI""",0001370637,ETSY INC  (ETSY)  (CIK 0001370637),8-K,2024-02-21,0001370637-24-000011:exhibit99112312023.htm,0001370637-24-000011,
"""generative AI""",0001968487,"Worthington Steel, Inc.  (WS)  (CIK 0001968487)",8-K,2025-03-21,0000950170-25-043236:ws-ex99_2.htm,0000950170-25-043236,
"""generative AI""",0001065280,NETFLIX INC  (NFLX)  (CIK 0001065280),8-K,2025-10-21,0001065280-25-000404:ex991_q325.htm,0001065280-25-000404,
"""generative AI""",0001823466,"FiscalNote Holdings, Inc.  (NOTE, NOTE-WT)  (CIK 0001823466)",8-K,2024-05-09,0000950170-24-056244:note-ex99_1.htm,0000950170-24-056244,
"""generative AI""",0001447669,TWILIO INC  (TWLO)  (CIK 0001447669),8-K,2023-08-08,0001447669-23-000168:twloq223ex991.htm,0001447669-23-000168,
"""generative AI""",0001601830,"RECURSION PHARMACEUTICALS, INC.  (RXRX)  (CIK 0001601830)",8-K,2026-02-25,0001601830-26-000038:ye25earningsdeck_final.htm,0001601830-26-000038,
"""generative AI""",0001372612,BOX INC  (BOX)  (CIK 0001372612),8-K,2023-05-30,0000950170-23-024825:box-ex99_1.htm,0000950170-23-024825,
"""generative AI""",0001058290,COGNIZANT TECHNOLOGY SOLUTIONS CORP  (CTSH)  (CIK 0001058290),8-K,2026-04-29,0001058290-26-000015:exhibit9913312026.htm,0001058290-26-000015,
"""generative AI""",0001562088,"Duolingo, Inc.  (DUOL)  (CIK 0001562088)",8-K,2023-08-08,0001562088-23-000173:duolingo_q2-2023xshareho.htm,0001562088-23-000173,
"""generative AI""",0001720116,"Red Violet, Inc.  (RDVT)  (CIK 0001720116)",8-K,2026-03-05,0001193125-26-094307:rdvt-ex99_2.htm,0001193125-26-094307,
"""generative AI""",0000883241,SYNOPSYS INC  (SNPS)  (CIK 0000883241),8-K,2025-02-26,0001193125-25-036798:d921264dex991.htm,0001193125-25-036798,
"""generative AI""",0000050863,INTEL CORP  (INTC)  (CIK 0000050863),8-K,2023-07-27,0000050863-23-000068:q223_earningsrelease.htm,0000050863-23-000068,
"""generative AI""",0001620280,Uniti Group Inc.  (UNIT)  (CIK 0001620280),8-K,2024-05-03,0001628280-24-020130:unit-ex9911q24.htm,0001628280-24-020130,
"""generative AI""",0001823466,"FiscalNote Holdings, Inc.  (NOTE, NOTEW)  (CIK 0001823466)",8-K,2026-05-07,0001193125-26-212342:note-ex99_1.htm,0001193125-26-212342,
"""generative AI""",0001564408,Snap Inc  (SNAP)  (CIK 0001564408),8-K,2025-08-05,0001564408-25-000047:q22025investorletterex99.htm,0001564408-25-000047,
"""generative AI""",0001774675,"Skillsoft Corp.  (SKIL, SKILW)  (CIK 0001774675)",8-K,2024-04-15,0001437749-24-012053:ex_604071.htm,0001437749-24-012053,
"""generative AI""",0001059556,MOODYS CORP /DE/  (MCO)  (CIK 0001059556),8-K,2024-05-02,0001059556-24-000087:a1q24earningsrelease.htm,0001059556-24-000087,
"""generative AI""",0001568100,"PagerDuty, Inc.  (PD)  (CIK 0001568100)",8-K,2025-11-25,0001568100-25-000106:ex991-pagerdutyq3fy26earni.htm,0001568100-25-000106,
"""generative AI""",0000827054,MICROCHIP TECHNOLOGY INC  (MCHP)  (CIK 0000827054),8-K,2024-02-01,0000827054-24-000022:exhibit991q3fy24.htm,0000827054-24-000022,
"""generative AI""",0001835681,"POWERSCHOOL HOLDINGS, INC.  (PWSC)  (CIK 0001835681)",8-K,2024-05-07,0001835681-24-000068:exhibit991-q124earningsrel.htm,0001835681-24-000068,
"""generative AI""",0001289419,"Morningstar, Inc.  (MORN)  (CIK 0001289419)",8-K,2023-12-19,0001104659-23-127324:tm2332863d1_8k.htm,0001104659-23-127324,
"""generative AI""",0001013237,FACTSET RESEARCH SYSTEMS INC  (FDS)  (CIK 0001013237),8-K,2023-06-22,0001013237-23-000065:investordeckjunefy2023.htm,0001013237-23-000065,
"""generative AI""",0001315098,Roblox Corp  (RBLX)  (CIK 0001315098),8-K,2025-05-01,0001315098-25-000117:ex992-q12025shareholderl.htm,0001315098-25-000117,
"""generative AI""",0001799208,"Dun & Bradstreet Holdings, Inc.  (DNB)  (CIK 0001799208)",8-K,2024-10-31,0001799208-24-000044:q32024prexhibit991.htm,0001799208-24-000044,
"""generative AI""",0001564408,Snap Inc  (SNAP)  (CIK 0001564408),8-K,2025-04-29,0001564408-25-000028:q12025investorletter.htm,0001564408-25-000028,
"""generative AI""",0001646188,Ondas Inc.  (ONDS)  (CIK 0001646188),8-K,2026-03-17,0001213900-26-028724:ea028172601ex2-1.htm,0001213900-26-028724,
"""generative AI""",0001065088,EBAY INC  (EBAY)  (CIK 0001065088),8-K,2025-07-30,0001065088-25-000075:exhibit991erebayq22025.htm,0001065088-25-000075,
"""generative AI""",0001579684,"Gannett Co., Inc.  (GCI)  (CIK 0001579684)",8-K,2025-07-31,0001579684-25-000061:gciq22025ex991earningsrele.htm,0001579684-25-000061,
"""generative AI""",0001866368,"Clearwater Analytics Holdings, Inc.  (CWAN)  (CIK 0001866368)",8-K,2024-11-06,0001628280-24-045726:cwan-20240930xexx991.htm,0001628280-24-045726,
"""generative AI""",0001935979,Biohaven Ltd.  (BHVN)  (CIK 0001935979),8-K,2026-03-02,0001935979-26-000022:a2025q4bhvnearningsprex991.htm,0001935979-26-000022,
"""generative AI""",0001398659,Genpact LTD  (G)  (CIK 0001398659),8-K,2025-02-06,0001398659-25-000025:genpactltdexhibit991q424.htm,0001398659-25-000025,
"""generative AI""",0001373715,"ServiceNow, Inc.  (NOW)  (CIK 0001373715)",8-K,2024-07-24,0001373715-24-000269:erq2fy24.htm,0001373715-24-000269,
"""generative AI""",0001058290,COGNIZANT TECHNOLOGY SOLUTIONS CORP  (CTSH)  (CIK 0001058290),8-K,2025-07-30,0001058290-25-000266:exhibit9916302025.htm,0001058290-25-000266,
"""generative AI""",0001398659,Genpact LTD  (G)  (CIK 0001398659),8-K,2024-02-08,0001398659-24-000025:genpactltdexhibit991q423.htm,0001398659-24-000025,
"""generative AI""",0000106640,WHIRLPOOL CORP /DE/  (WHR)  (CIK 0000106640),8-K,2025-07-28,0000106640-25-000112:exhibit991pressrelease0630.htm,0000106640-25-000112,
"""generative AI""",0001467373,Accenture plc  (ACN)  (CIK 0001467373),8-K,2025-09-25,0001467373-25-000213:q4fy25earnings8-kexhibit.htm,0001467373-25-000213,
"""generative AI""",0001568100,"PagerDuty, Inc.  (PD)  (CIK 0001568100)",8-K,2026-03-12,0001568100-26-000011:ex991-pagerdutyq4fy26earni.htm,0001568100-26-000011,
"""generative AI""",0001620280,Uniti Group Inc.  (UNIT)  (CIK 0001620280),8-K,2024-08-01,0001104659-24-084644:tm2420510d1_ex99-1.htm,0001104659-24-084644,
"""generative AI""",0001018724,AMAZON COM INC  (AMZN)  (CIK 0001018724),8-K,2026-04-29,0001018724-26-000012:amzn-20260331xex991.htm,0001018724-26-000012,
"""generative AI""",0001846069,"Nextdoor Holdings, Inc.  (KIND)  (CIK 0001846069)",8-K,2023-08-08,0001846069-23-000042:exhibit991-8xkxshareholder.htm,0001846069-23-000042,
"""generative AI""",0001341439,ORACLE CORP  (ORCL)  (CIK 0001341439),8-K,2023-06-12,0000950170-23-027490:orcl-ex99_1.htm,0000950170-23-027490,
"""generative AI""",0001454938,Teads Holding Co.  (TEAD)  (CIK 0001454938),8-K,2026-03-05,0001454938-26-000007:q42025er-exhibit991.htm,0001454938-26-000007,
"""generative AI""",0001793229,"Claritev Corp  (CTEV, MPLNW)  (CIK 0001793229)",8-K,2025-09-03,0001793229-25-000151:claritev_investorpresent.htm,0001793229-25-000151,
"""generative AI""",0001431695,Olo Inc.  (OLO)  (CIK 0001431695),8-K,2023-08-01,0001431695-23-000026:oloq22023exhibit991.htm,0001431695-23-000026,
"""generative AI""",0001023731,8X8 INC /DE/  (EGHT)  (CIK 0001023731),8-K,2023-05-11,0001023731-23-000048:a8-kexhibit99133123.htm,0001023731-23-000048,
"""generative AI""",0001618732,"Nutanix, Inc.  (NTNX)  (CIK 0001618732)",8-K,2025-05-28,0001171843-25-003493:exh_991.htm,0001171843-25-003493,
"""generative AI""",0001564408,Snap Inc  (SNAP)  (CIK 0001564408),8-K,2025-02-04,0001564408-25-000016:snap-202524xexx991pressrel.htm,0001564408-25-000016,
"""generative AI""",0001420720,"iBio, Inc.  (IBIO)  (CIK 0001420720)",8-K,2025-08-18,0001104659-25-079816:tm2523706d1_8k.htm,0001104659-25-079816,
"""generative AI""",0001390777,"Bank of New York Mellon Corp  (BK, BK-PK)  (CIK 0001390777)",8-K,2026-04-16,0001390777-26-000042:ex993_quarterlyupdatepre.htm,0001390777-26-000042,
"""generative AI""",0001646188,Ondas Holdings Inc.  (ONDS)  (CIK 0001646188),8-K,2025-10-27,0001213900-25-102609:ea026245201ex2-1_ondas.htm,0001213900-25-102609,
"""generative AI""",0001016281,CARRIAGE SERVICES INC  (CSV)  (CIK 0001016281),8-K,2026-02-26,0001016281-26-000016:pressrelease-q42025.htm,0001016281-26-000016,
"""generative AI""",0001868778,Informatica Inc.  (INFA)  (CIK 0001868778),8-K,2023-08-02,0001868778-23-000023:infa-2023q2x8k_ex991.htm,0001868778-23-000023,
"""generative AI""",0001564408,Snap Inc  (SNAP)  (CIK 0001564408),8-K,2024-04-25,0001564408-24-000030:a2024_q1xinvestorletter.htm,0001564408-24-000030,
"""generative AI""",0001620280,Uniti Group Inc.  (UNIT)  (CIK 0001620280),8-K,2025-02-21,0001104659-25-015904:tm257127d1_ex99-1.htm,0001104659-25-015904,
"""generative AI""",0000746838,UNISYS CORP  (UIS)  (CIK 0000746838),8-K,2026-06-02,0001104659-26-069244:tm2616122d1_ex99-1.htm,0001104659-26-069244,
"""generative AI""",0001065088,EBAY INC  (EBAY)  (CIK 0001065088),8-K,2024-02-27,0001065088-24-000033:exhibit991erebayq42023.htm,0001065088-24-000033,
"""generative AI""",0001828791,Viant Technology Inc.  (DSP)  (CIK 0001828791),8-K,2024-11-12,0001828791-24-000053:dsp-20241112xexx991.htm,0001828791-24-000053,
"""generative AI""",0001823466,"FiscalNote Holdings, Inc.  (NOTE, NOTE-WT)  (CIK 0001823466)",8-K,2024-11-12,0000950170-24-125418:note-ex99_1.htm,0000950170-24-125418,
"""generative AI""",0001016281,CARRIAGE SERVICES INC  (CSV)  (CIK 0001016281),8-K,2026-05-06,0001104659-26-056265:tm2612484d4_ex99-1.htm,0001104659-26-056265,
"""generative AI""",0000789019,MICROSOFT CORP  (MSFT)  (CIK 0000789019),8-K,2024-12-03,0000950170-24-132722:msft-ex99_1.htm,0000950170-24-132722,
"""generative AI""",0001059556,MOODYS CORP /DE/  (MCO)  (CIK 0001059556),8-K,2023-07-25,0001059556-23-000046:a2q23earningspr.htm,0001059556-23-000046,
"""generative AI""",0001364954,"CHEGG, INC  (CHGG)  (CIK 0001364954)",8-K,2023-05-01,0001364954-23-000067:a9901-financialresultsq120.htm,0001364954-23-000067,
"""generative AI""",0001069258,"KRATOS DEFENSE & SECURITY SOLUTIONS, INC.  (KTOS)  (CIK 0001069258)",8-K,2025-11-07,0001069258-25-000062:ex21agreementandplanofmerg.htm,0001069258-25-000062,
"""generative AI""",0001065088,EBAY INC  (EBAY)  (CIK 0001065088),8-K,2023-07-26,0001065088-23-000018:exhibit991erebayq22023.htm,0001065088-23-000018,
"""generative AI""",0001562088,"Duolingo, Inc.  (DUOL)  (CIK 0001562088)",8-K,2024-02-28,0001562088-24-000048:q4fy23shareholderletter.htm,0001562088-24-000048,
"""generative AI""",0001823466,"FiscalNote Holdings, Inc.  (NOTE, NOTE-WT)  (CIK 0001823466)",8-K,2023-08-09,0000950170-23-040155:note-ex99_1.htm,0000950170-23-040155,
"""generative AI""",0001065088,EBAY INC  (EBAY)  (CIK 0001065088),8-K,2023-11-07,0001065088-23-000036:exhibit991erebayq32023.htm,0001065088-23-000036,
"""generative AI""",0001131554,SYNCHRONOSS TECHNOLOGIES INC  (SNCR)  (CIK 0001131554),8-K,2025-12-04,0001628280-25-055229:ex21projectskyfall-agreeme.htm,0001628280-25-055229,
"""generative AI""",0001144879,Applied Digital Corp.  (APLD)  (CIK 0001144879),8-K,2025-07-30,0001144879-25-000019:apldq425earningsrelease.htm,0001144879-25-000019,
"""generative AI""",0001564408,Snap Inc  (SNAP)  (CIK 0001564408),8-K,2025-02-04,0001564408-25-000016:q42024investorletterfina.htm,0001564408-25-000016,
"""generative AI""",0001372612,BOX INC  (BOX)  (CIK 0001372612),8-K,2026-03-03,0001193125-26-088171:box-ex99_1.htm,0001193125-26-088171,
"""generative AI""",0001677703,CONDUENT Inc  (CNDT)  (CIK 0001677703),8-K,2025-11-07,0001677703-25-000151:cndtq32025ex991-pressrelea.htm,0001677703-25-000151,
"""generative AI""",0001289419,"Morningstar, Inc.  (MORN)  (CIK 0001289419)",8-K,2023-10-26,0001104659-23-111747:tm2329171d1_ex99-1.htm,0001104659-23-111747,
"""generative AI""",0001618732,"Nutanix, Inc.  (NTNX)  (CIK 0001618732)",8-K,2023-08-31,0001157523-23-001386:a53546975ex99_1.htm,0001157523-23-001386,
"""generative AI""",0001673358,"Yum China Holdings, Inc.  (YUMC)  (CIK 0001673358)",8-K,2025-04-30,0000950170-25-060536:yumc-ex99_1.htm,0000950170-25-060536,
"""generative AI""",0000106640,WHIRLPOOL CORP /DE/  (WHR)  (CIK 0000106640),8-K,2025-10-27,0000106640-25-000136:exhibit991pressrelease0930.htm,0000106640-25-000136,
"""generative AI""",0001614178,"Yext, Inc.  (YEXT)  (CIK 0001614178)",8-K,2023-03-07,0001614178-23-000006:ex991q4fy23earningsrelease.htm,0001614178-23-000006,
"""generative AI""",0001002047,"NetApp, Inc.  (NTAP)  (CIK 0001002047)",8-K,2025-08-27,0000950170-25-111700:ntap-ex99_1.htm,0000950170-25-111700,
"""generative AI""",0000056679,KORN FERRY  (KFY)  (CIK 0000056679),8-K,2023-06-27,0001628280-23-023523:kfy-2023430xex991q4fy23.htm,0001628280-23-023523,
"""generative AI""",0001108524,"Salesforce, Inc.  (CRM)  (CIK 0001108524)",8-K,2025-05-28,0001108524-25-000027:crm-q1fy26xexhibit991.htm,0001108524-25-000027,
"""generative AI""",0001372612,BOX INC  (BOX)  (CIK 0001372612),8-K,2023-12-05,0000950170-23-068148:box-ex99_1.htm,0000950170-23-068148,
"""generative AI""",0000106640,WHIRLPOOL CORP /DE/  (WHR)  (CIK 0000106640),8-K,2025-04-23,0000106640-25-000072:exhibit991pressrelease0331.htm,0000106640-25-000072,
"""generative AI""",0001739942,SolarWinds Corp  (SWI)  (CIK 0001739942),8-K,2024-08-01,0001739942-24-000092:swi-2024630xex991.htm,0001739942-24-000092,
"""generative AI""",0001617640,"ZILLOW GROUP, INC.  (Z, ZG)  (CIK 0001617640)",8-K,2026-02-10,0001617640-26-000012:exhibit993.htm,0001617640-26-000012,
"""generative AI""",0001293282,TechTarget Inc  (TTGT)  (CIK 0001293282),8-K,2024-05-09,0000950170-24-056842:ttgt-ex99_1.htm,0000950170-24-056842,
"""generative AI""",0001819404,Nerdy Inc.  (NRDY)  (CIK 0001819404),8-K,2025-05-08,0001193125-25-115940:d936548dex991.htm,0001193125-25-115940,
"""generative AI""",0001562088,"Duolingo, Inc.  (DUOL)  (CIK 0001562088)",8-K,2025-05-01,0001562088-25-000098:q1fy25duolingo3-31x25share.htm,0001562088-25-000098,
"""generative AI""",0001858257,"AvidXchange Holdings, Inc.  (AVDX)  (CIK 0001858257)",8-K,2023-06-01,0000950170-23-025539:avdx-ex99_1.htm,0000950170-23-025539,
"""generative AI""",0001868778,Informatica Inc.  (INFA)  (CIK 0001868778),8-K,2023-11-01,0001868778-23-000030:infa-2023q3x8k_ex991.htm,0001868778-23-000030,
"""generative AI""",0001838163,"DHC Acquisition Corp.  (BNAI, BNAIW)  (CIK 0001838163)",8-K,2024-03-04,0001193125-24-056693:d796527dex991.htm,0001193125-24-056693,
"""generative AI""",0001108524,"Salesforce, Inc.  (CRM)  (CIK 0001108524)",8-K,2025-09-03,0001108524-25-000083:crm-q2fy26xexhibit991.htm,0001108524-25-000083,
"""generative AI""",0001507605,"MARA Holdings, Inc.  (MARA)  (CIK 0001507605)",8-K,2025-07-29,0001507605-25-000016:q225shareholderletter.htm,0001507605-25-000016,
"""generative AI""",0001819404,Nerdy Inc.  (NRDY)  (CIK 0001819404),8-K,2025-02-27,0001193125-25-039204:d897557dex991.htm,0001193125-25-039204,
"""generative AI""",0001481792,"Quad/Graphics, Inc.  (QUAD)  (CIK 0001481792)",8-K,2025-10-28,0001628280-25-046803:pressreleaseex991q32025.htm,0001628280-25-046803,
"""generative AI""",0001327318,"TrueCar, Inc.  (TRUE)  (CIK 0001327318)",8-K,2023-08-01,0001327318-23-000024:truecarq22023stockholder.htm,0001327318-23-000024,
"""generative AI""",0001002047,"NetApp, Inc.  (NTAP)  (CIK 0001002047)",8-K,2023-11-28,0000950170-23-066400:ntap-ex99_1.htm,0000950170-23-066400,
"""generative AI""",0001677703,CONDUENT Inc  (CNDT)  (CIK 0001677703),8-K,2025-11-07,0001677703-25-000151:cndtq32025ex992-slidepre.htm,0001677703-25-000151,
"""generative AI""",0001095073,"EVEREST GROUP, LTD.  (EG)  (CIK 0001095073)",8-K,2023-11-14,0001095073-23-000051:investorpresentationdate.htm,0001095073-23-000051,
"""generative AI""",0001691421,"Lemonade, Inc.  (LMND, LMND-WT)  (CIK 0001691421)",8-K,2024-04-30,0001691421-24-000054:shareholderletterq12024f.htm,0001691421-24-000054,
"""generative AI""",0001327318,"TrueCar, Inc.  (TRUE)  (CIK 0001327318)",8-K,2025-05-05,0001327318-25-000014:tc-stockholderxletterxq1.htm,0001327318-25-000014,
"""generative AI""",0001420720,"iBio, Inc.  (IBIO)  (CIK 0001420720)",8-K,2025-01-10,0001420720-25-000003:ibio-20250110xex99d1.htm,0001420720-25-000003,
"""generative AI""",0001289848,Huron Consulting Group Inc.  (HURN)  (CIK 0001289848),8-K,2024-04-30,0001289848-24-000118:hurninvestorpresentation.htm,0001289848-24-000118,
"""generative AI""",0001108524,"Salesforce, Inc.  (CRM)  (CIK 0001108524)",8-K,2025-12-03,0001108524-25-000234:crm-q3fy26xexhibit991.htm,0001108524-25-000234,
"""generative AI""",0000883241,SYNOPSYS INC  (SNPS)  (CIK 0000883241),8-K,2024-03-20,0001193125-24-072735:d785364dex991.htm,0001193125-24-072735,
"""generative AI""",0001823466,"FiscalNote Holdings, Inc.  (NOTE, NOTE-WT)  (CIK 0001823466)",8-K,2024-03-12,0000950170-24-029986:note-ex99_1.htm,0000950170-24-029986,
"""generative AI""",0001059556,MOODYS CORP /DE/  (MCO)  (CIK 0001059556),8-K,2024-02-13,0001059556-24-000012:a4q23earningsrelease.htm,0001059556-24-000012,
"""generative AI""",0001008586,STREAMLINE HEALTH SOLUTIONS INC.  (STRM)  (CIK 0001008586),8-K,2025-05-29,0001437749-25-018850:ex_824907.htm,0001437749-25-018850,
"""generative AI""",0001321732,Penumbra Inc  (PEN)  (CIK 0001321732),8-K,2026-01-15,0000950103-26-000523:dp240008_ex0201.htm,0000950103-26-000523,
"""generative AI""",0000885725,BOSTON SCIENTIFIC CORP  (BSX)  (CIK 0000885725),8-K,2026-01-15,0000947871-26-000037:ss5822815_ex0201.htm,0000947871-26-000037,
"""generative AI""",0000807863,MITEK SYSTEMS INC  (MITK)  (CIK 0000807863),8-K,2024-04-17,0000807863-24-000047:mitk-20231231xexx993xq12.htm,0000807863-24-000047,
"""generative AI""",0001475115,"Eventbrite, Inc.  (EB)  (CIK 0001475115)",8-K,2023-08-03,0001475115-23-000123:a9028-q2shareholderlette.htm,0001475115-23-000123,
"""generative AI""",0001823466,"FiscalNote Holdings, Inc.  (NOTE, NOTE-WT)  (CIK 0001823466)",8-K,2026-03-19,0001193125-26-116009:note-ex99_1.htm,0001193125-26-116009,
"""generative AI""",0001331875,"Fidelity National Financial, Inc.  (FNF)  (CIK 0001331875)",8-K,2025-02-20,0001331875-25-000009:fnfpressreleaseq42024.htm,0001331875-25-000009,
"""generative AI""",0001597033,Sabre Corp  (SABR)  (CIK 0001597033),8-K,2026-02-18,0001628280-26-008796:a2025q4earningsrelease.htm,0001628280-26-008796,
"""generative AI""",0001823466,"FiscalNote Holdings, Inc.  (NOTE, NOTE-WT)  (CIK 0001823466)",8-K,2023-11-14,0000950170-23-063343:note-ex99_1.htm,0000950170-23-063343,
"""generative AI""",0001820302,"Bakkt Holdings, Inc.  (BKKT, BKKT-WT)  (CIK 0001820302)",8-K,2025-07-28,0001628280-25-036239:ex101.htm,0001628280-25-036239,
"""generative AI""",0001038074,SILICON LABORATORIES INC.  (SLAB)  (CIK 0001038074),8-K,2026-02-04,0001193125-26-036712:d62897dex21.htm,0001193125-26-036712,
"""generative AI""",0002018064,"TechTarget, Inc.  (CIK 0002018064)",8-K,2024-12-03,0001193125-24-269931:d913820dex992.htm,0001193125-24-269931,
"""generative AI""",0001467373,Accenture plc  (ACN)  (CIK 0001467373),8-K,2024-09-30,0001467373-24-000268:acn-20240930_d2.htm,0001467373-24-000268,
"""generative AI""",0001364954,"CHEGG, INC  (CHGG)  (CIK 0001364954)",8-K,2024-04-29,0001364954-24-000040:a9901-financialresultsq120.htm,0001364954-24-000040,
"""generative AI""",0000106640,WHIRLPOOL CORP /DE/  (WHR)  (CIK 0000106640),8-K,2025-01-29,0000106640-25-000006:exhibit991pressrelease1231.htm,0000106640-25-000006,
"""generative AI""",0001488813,"Customers Bancorp, Inc.  (CUBB, CUBI)  (CIK 0001488813)",8-K,2026-01-22,0001488813-26-000012:q425investorpresentation.htm,0001488813-26-000012,
"""generative AI""",0001018724,AMAZON COM INC  (AMZN)  (CIK 0001018724),8-K,2026-04-09,0001104659-26-041034:tm263815d3_ex99-1.htm,0001104659-26-041034,
"""generative AI""",0001420720,"iBio, Inc.  (IBIO)  (CIK 0001420720)",8-K,2025-04-08,0001420720-25-000018:ibio-20250408xex99d1.htm,0001420720-25-000018,
"""generative AI""",0001526520,"TripAdvisor, Inc.  (TRIP)  (CIK 0001526520)",8-K,2023-08-02,0000950170-23-037121:trip-ex99_1.htm,0000950170-23-037121,
"""generative AI""",0000100517,"United Airlines Holdings, Inc.  (UAL)  (CIK 0000100517)",8-K,2024-04-16,0000100517-24-000076:ual_03312024erex991.htm,0000100517-24-000076,
"""generative AI""",0001289419,"Morningstar, Inc.  (MORN)  (CIK 0001289419)",8-K,2023-07-06,0001104659-23-078743:tm2320476d1_8k.htm,0001104659-23-078743,
"""generative AI""",0001868778,Informatica Inc.  (INFA)  (CIK 0001868778),8-K,2024-02-14,0001868778-24-000003:infa-2023q4x8k_ex991final.htm,0001868778-24-000003,
"""generative AI""",0001868778,Informatica Inc.  (INFA)  (CIK 0001868778),8-K,2024-07-30,0001868778-24-000025:infa-2024q2x8k_ex991.htm,0001868778-24-000025,
"""generative AI""",0001577916,"Premier, Inc.  (PINC)  (CIK 0001577916)",8-K,2024-05-08,0001193125-24-134184:d827328dex992.htm,0001193125-24-134184,
"""generative AI""",0000894405,ARCBEST CORP /DE/  (ARCB)  (CIK 0000894405),8-K,2026-04-28,0001104659-26-049648:arcb-20260428xex99d3.htm,0001104659-26-049648,
"""generative AI""",0001646188,Ondas Holdings Inc.  (ONDS)  (CIK 0001646188),8-K,2025-11-25,0001213900-25-114433:ea026688601ex2-1_ondas.htm,0001213900-25-114433,
"""generative AI""",0000003570,"Cheniere Energy, Inc.  (LNG)  (CIK 0000003570)",8-K,2024-11-19,0000003570-24-000127:codeofbusinessconductandet.htm,0000003570-24-000127,
"""generative AI""",0001383650,"Cheniere Energy Partners, L.P.  (CQP)  (CIK 0001383650)",8-K,2024-11-19,0001383650-24-000063:codeofbusinessconductandet.htm,0001383650-24-000063,
"""generative AI""",0001590895,"Caesars Entertainment, Inc.  (CZR)  (CIK 0001590895)",8-K,2026-05-28,0001193125-26-242995:d143382dex21.htm,0001193125-26-242995,
"""generative AI""",0000100517,"United Airlines Holdings, Inc.  (UAL)  (CIK 0000100517)",8-K,2025-01-21,0000100517-25-000013:ual_12312024erex991.htm,0000100517-25-000013,
"""generative AI""",0001465740,"TWO HARBORS INVESTMENT CORP.  (TWO, TWOD, TWO-PA, TWO-PB, TWO-PC)  (CIK 0001465740)",8-K,2025-07-28,0001465740-25-000133:a2q25earningsdeck.htm,0001465740-25-000133,
"""generative AI""",0001691421,"Lemonade, Inc.  (LMND, LMND-WT)  (CIK 0001691421)",8-K,2024-07-30,0001691421-24-000100:lmndshlq22024final.htm,0001691421-24-000100,
"""generative AI""",0000932696,INSIGHT ENTERPRISES INC  (NSIT)  (CIK 0000932696),8-K,2024-02-15,0001628280-24-004938:ex-992.htm,0001628280-24-004938,
"""generative AI""",0001840856,"SOUNDHOUND AI, INC.  (SOUN, SOUNW)  (CIK 0001840856)",8-K,2026-05-27,0001213900-26-061610:ea029209501ex99-1.htm,0001213900-26-061610,
"""generative AI""",0001465740,"TWO HARBORS INVESTMENT CORP.  (TWO, TWOD, TWO-PA, TWO-PB, TWO-PC)  (CIK 0001465740)",8-K,2025-07-29,0001465740-25-000138:twoq22025earningscallpre.htm,0001465740-25-000138,
"""generative AI""",0001543151,"Uber Technologies, Inc  (UBER)  (CIK 0001543151)",8-K,2024-02-14,0001552781-24-000039:e24041_ex99-2.htm,0001552781-24-000039,
"""generative AI""",0001836981,"BigBear.ai Holdings, Inc.  (BBAI, BBAI-WT)  (CIK 0001836981)",8-K,2025-11-10,0001836981-25-000025:exhibit21projectatlas-me.htm,0001836981-25-000025,
"""generative AI""",0001691421,"Lemonade, Inc.  (LMND, LMND-WT)  (CIK 0001691421)",8-K,2025-05-06,0001691421-25-000062:lmndshareholderletterq12.htm,0001691421-25-000062,
"""generative AI""",0001315098,Roblox Corp  (RBLX)  (CIK 0001315098),8-K,2025-10-30,0001315098-25-000326:ex991-q32025shareholderl.htm,0001315098-25-000326,
"""generative AI""",0001564708,"NEWS CORP  (NWS, NWSA)  (CIK 0001564708)",8-K,2025-02-05,0001564708-25-000069:release-q2fy2025.htm,0001564708-25-000069,
"""generative AI""",0002001557,"Innventure, Inc.  (INV, INVLW)  (CIK 0002001557)",8-K,2025-03-10,0001140361-25-007707:ef20045109_ex99-1.htm,0001140361-25-007707,
"""generative AI""",0000714310,"VALLEY NATIONAL BANCORP  (VLY, VLYPN, VLYPO, VLYPP)  (CIK 0000714310)",8-K,2026-04-23,0000714310-26-000020:a1q26earningspresentatio.htm,0000714310-26-000020,
"""generative AI""",0001364954,"CHEGG, INC  (CHGG)  (CIK 0001364954)",8-K,2024-08-05,0001364954-24-000071:a9901-financialresultsq220.htm,0001364954-24-000071,
"""generative AI""",0001001250,ESTEE LAUDER COMPANIES INC  (EL)  (CIK 0001001250),8-K,2025-05-01,0001001250-25-000058:fy2025q3exhibit991.htm,0001001250-25-000058,
"""generative AI""",0002054696,NIQ Global Intelligence plc  (NIQ)  (CIK 0002054696),8-K,2025-08-14,0002054696-25-000009:niqpressrelease-q225.htm,0002054696-25-000009,
"""generative AI""",0001956741,"CleanCore Solutions, Inc.  (ZONE)  (CIK 0001956741)",8-K,2026-06-08,0001213900-26-066049:ea029388901ex99-2.htm,0001213900-26-066049,
"""generative AI""",0000106640,WHIRLPOOL CORP /DE/  (WHR)  (CIK 0000106640),8-K,2026-01-28,0000106640-26-000004:exhibit991pressrelease1231.htm,0000106640-26-000004,
"""generative AI""",0001564708,"NEWS CORP  (NWS, NWSA)  (CIK 0001564708)",8-K,2024-05-08,0001564708-24-000246:release-q3fy2024.htm,0001564708-24-000246,
"""generative AI""",0001564708,"NEWS CORP  (NWS, NWSA)  (CIK 0001564708)",8-K,2024-02-07,0001564708-24-000067:release-q2fy2024.htm,0001564708-24-000067,
"""generative AI""",0001646188,Ondas Holdings Inc.  (ONDS)  (CIK 0001646188),8-K,2025-11-04,0001213900-25-105664:ea026367501ex2-1_ondas.htm,0001213900-25-105664,
"""generative AI""",0002028707,"Merlin, Inc.  (MRLN)  (CIK 0002028707)",8-K,2026-04-29,0001213900-26-048884:ea028818001ex10-1.htm,0001213900-26-048884,
"""generative AI""",0002051820,Mount Logan Capital Inc.  (MLCI)  (CIK 0002051820),8-K,2025-09-16,0002051820-25-000124:exhibit21.htm,0002051820-25-000124,
"""generative AI""",0001704720,"Cannae Holdings, Inc.  (CNNE)  (CIK 0001704720)",8-K,2023-08-09,0001704720-23-000069:a20232qcannaeshareholderle.htm,0001704720-23-000069,
"""generative AI""",0002024306,JFB Construction Holdings  (JFB)  (CIK 0002024306),8-K,2026-02-18,0001493152-26-007359:ex2-1.htm,0001493152-26-007359,
"""generative AI""",0001691421,"Lemonade, Inc.  (LMND, LMND-WT)  (CIK 0001691421)",8-K,2025-11-05,0001691421-25-000146:lmndshareholderletterq32.htm,0001691421-25-000146,
"""generative AI""",0002033383,"Fusemachines Inc.  (FUSE, FUSEW)  (CIK 0002033383)",8-K,2025-12-18,0001493152-25-028378:ex99-1.htm,0001493152-25-028378,
"""generative AI""",0000087347,SCHLUMBERGER LIMITED/NV  (SLB)  (CIK 0000087347),8-K,2025-07-18,0001193125-25-160817:d63402dex99.htm,0001193125-25-160817,
"""generative AI""",0001178879,"AMICUS THERAPEUTICS, INC.  (FOLD)  (CIK 0001178879)",8-K,2025-12-19,0001140361-25-046134:ef20061157_ex2-1.htm,0001140361-25-046134,
"""generative AI""",0002007825,"Churchill Capital Corp X/Cayman  (CCCX, CCCXU, CCCXW)  (CIK 0002007825)",8-K,2026-02-17,0001193125-26-053097:d900344dex21.htm,0001193125-26-053097,
"""generative AI""",0001048477,BIOMARIN PHARMACEUTICAL INC  (BMRN)  (CIK 0001048477),8-K,2025-12-19,0001193125-25-325856:d49247dex21.htm,0001193125-25-325856,
"""generative AI""",0001567892,Mallinckrodt plc  (CIK 0001567892),8-K,2025-08-01,0001104659-25-072891:tm2522037d2_8k.htm,0001104659-25-072891,
"""generative AI""",0002054696,NIQ Global Intelligence plc  (NIQ)  (CIK 0002054696),8-K,2026-05-14,0001628280-26-034786:niqpressrelease-q126.htm,0001628280-26-034786,
"""generative AI""",0001069183,"AXON ENTERPRISE, INC.  (AXON)  (CIK 0001069183)",8-K,2024-05-06,0001069183-24-000029:axon-20240506xex99d1.htm,0001069183-24-000029,
"""generative AI""",0000932696,INSIGHT ENTERPRISES INC  (NSIT)  (CIK 0000932696),8-K,2025-02-06,0001628280-25-004195:exhibit992.htm,0001628280-25-004195,
"""generative AI""",0001464343,"Atlanticus Holdings Corp  (ATLC, ATLCL, ATLCP, ATLCZ)  (CIK 0001464343)",8-K,2025-09-17,0001437749-25-029311:ex_862212.htm,0001437749-25-029311,
"""generative AI""",0001691421,"Lemonade, Inc.  (LMND, LMND-WT)  (CIK 0001691421)",8-K,2025-02-25,0001691421-25-000021:lmndshareholderletterq42.htm,0001691421-25-000021,
"""generative AI""",0001922331,"Global Star Acquisition Inc.  (GLST, GLSTR, GLSTU, GLSTW)  (CIK 0001922331)",8-K,2024-04-08,0001829126-24-002261:globalstaracq_ex99-1.htm,0001829126-24-002261,
"""generative AI""",0001280058,BLACKBAUD INC  (BLKB)  (CIK 0001280058),8-K,2024-03-04,0001280058-24-000017:blkbex992q42023investorp.htm,0001280058-24-000017,
"""generative AI""",0001704720,"Cannae Holdings, Inc.  (CNNE)  (CIK 0001704720)",8-K,2024-11-12,0001704720-24-000082:a2024q3cannaeshareholderle.htm,0001704720-24-000082,
"""generative AI""",0002007825,"Infleqtion, Inc.  (INFQ, INFQ-WT)  (CIK 0002007825)",8-K,2026-03-31,0001193125-26-134690:d104197dex992.htm,0001193125-26-134690,
"""generative AI""",0001801169,Opendoor Technologies Inc.  (OPEN)  (CIK 0001801169),8-K,2023-08-03,0001801169-23-000096:q22023formxex992sharehol.htm,0001801169-23-000096,
"""generative AI""",0000049938,IMPERIAL OIL LTD  (IMO)  (CIK 0000049938),8-K,2025-04-17,0000049938-25-000022:a2025irday-finalforexter.htm,0000049938-25-000022,
"""generative AI""",0001583708,"SentinelOne, Inc.  (S)  (CIK 0001583708)",8-K,2023-08-31,0001583708-23-000046:shareholderletterq2fy24-.htm,0001583708-23-000046,
"""generative AI""",0001679688,"DigitalBridge Group, Inc.  (DBRG, DBRG-PH, DBRG-PI, DBRG-PJ)  (CIK 0001679688)",8-K,2023-11-01,0001679688-23-000112:dbrg3q2023earningspresen.htm,0001679688-23-000112,
"""generative AI""",0000891103,"Match Group, Inc.  (MTCH)  (CIK 0000891103)",8-K,2024-01-30,0000891103-24-000005:mtch8-k20240130ex991.htm,0000891103-24-000005,
"""generative AI""",0001690820,CARVANA CO.  (CVNA)  (CIK 0001690820),8-K,2024-05-01,0001690820-24-000164:ex99_1q12024.htm,0001690820-24-000164,
"""generative AI""",0001601830,"RECURSION PHARMACEUTICALS, INC.  (RXRX)  (CIK 0001601830)",8-K,2023-05-08,0001601830-23-000022:rxrx2023q1website.htm,0001601830-23-000022,
"""generative AI""",0001601830,"RECURSION PHARMACEUTICALS, INC.  (RXRX)  (CIK 0001601830)",8-K,2023-06-13,0001601830-23-000046:ex991june2023deck.htm,0001601830-23-000046,
"""generative AI""",0001691421,"Lemonade, Inc.  (LMND, LMND-WT)  (CIK 0001691421)",8-K,2025-08-05,0001691421-25-000120:lmndshareholderletterq22.htm,0001691421-25-000120,
"""generative AI""",0001214816,"AXIS CAPITAL HOLDINGS LTD  (AXS, AXS-PE)  (CIK 0001214816)",8-K,2024-05-30,0001104659-24-066449:tm2415864d1_ex99-1.htm,0001104659-24-066449,
"""generative AI""",0001691421,"Lemonade, Inc.  (LMND, LMND-WT)  (CIK 0001691421)",8-K,2024-02-27,0001691421-24-000019:lmndq42023shlfinal.htm,0001691421-24-000019,
"""generative AI""",0001341317,"Bridgewater Bancshares Inc  (BWB, BWBBP)  (CIK 0001341317)",8-K,2026-02-09,0001104659-26-012087:bwb-20260209xex99d1.htm,0001104659-26-012087,
"""generative AI""",0001327318,"TrueCar, Inc.  (TRUE)  (CIK 0001327318)",8-K,2025-02-18,0001327318-25-000003:tc-stockholderxletterxq4.htm,0001327318-25-000003,
"""generative AI""",0001807166,Amesite Inc.  (AMST)  (CIK 0001807166),8-K,2023-05-11,0001213900-23-038518:ea178402ex99-1_amesite.htm,0001213900-23-038518,
"""generative AI""",0001120193,"NASDAQ, INC.  (NDAQ)  (CIK 0001120193)",8-K,2024-10-24,0001193125-24-242283:d846576dex991.htm,0001193125-24-242283,
"""generative AI""",0001896212,"CONDUIT PHARMACEUTICALS INC.  (CDT, CDTTW)  (CIK 0001896212)",8-K,2024-12-17,0001493152-24-050443:ex10-1.htm,0001493152-24-050443,
"""generative AI""",0001101239,EQUINIX INC  (EQIX)  (CIK 0001101239),8-K,2024-02-14,0001628280-24-004799:eqix-123123xpr8kupload.htm,0001628280-24-004799,
"""generative AI""",0001069183,"AXON ENTERPRISE, INC.  (AXON)  (CIK 0001069183)",8-K,2024-11-07,0001069183-24-000055:axon-20241107xex991.htm,0001069183-24-000055,
"""generative AI""",0002054696,NIQ Global Intelligence plc  (NIQ)  (CIK 0002054696),8-K,2026-02-27,0001628280-26-012571:niqpressrelease-q425.htm,0001628280-26-012571,
"""generative AI""",0001341317,"Bridgewater Bancshares Inc  (BWB, BWBBP)  (CIK 0001341317)",8-K,2026-05-04,0001104659-26-054480:bwb-20260504xex99d1.htm,0001104659-26-054480,
"""generative AI""",0001069183,"AXON ENTERPRISE, INC.  (AXON)  (CIK 0001069183)",8-K,2024-08-06,0001069183-24-000047:axon-20240806xex99d1.htm,0001069183-24-000047,
"""generative AI""",0000882508,QUICKLOGIC Corp  (QUIK)  (CIK 0000882508),8-K,2024-11-12,0001437749-24-034262:ex_745487.htm,0001437749-24-034262,
"""generative AI""",0001820953,"Affirm Holdings, Inc.  (AFRM)  (CIK 0001820953)",8-K,2025-02-06,0001820953-25-000010:afrm-q225shareholderlett.htm,0001820953-25-000010,
"""generative AI""",0001650372,Atlassian Corp  (TEAM)  (CIK 0001650372),8-K,2024-02-01,0001650372-24-000007:teamq22024shareholderlet.htm,0001650372-24-000007,
"""generative AI""",0002052161,"Real Asset Acquisition Corp.  (RAAQ, RAAQU, RAAQW)  (CIK 0002052161)",8-K,2026-02-23,0001213900-26-019008:ea027739701ex2-1_realasset.htm,0001213900-26-019008,
"""generative AI""",0001646188,Ondas Inc.  (ONDS)  (CIK 0001646188),8-K,2026-05-18,0001213900-26-058161:ea029124801ex2-1.htm,0001213900-26-058161,
"""generative AI""",0002032528,"Roman DBDR Acquisition Corp. II  (DRDB, DRDBU, DRDBW)  (CIK 0002032528)",8-K,2026-02-27,0001104659-26-020981:tm266732d1_ex2-1.htm,0001104659-26-020981,
"""generative AI""",0001412408,"Phreesia, Inc.  (PHR)  (CIK 0001412408)",8-K,2025-09-04,0001412408-25-000058:exhibit21-agreementandplan.htm,0001412408-25-000058,
"""generative AI""",0002088295,"Bleichroeder Acquisition Corp. II  (BBCQ, BBCQU, BBCQW)  (CIK 0002088295)",8-K,2026-03-05,0001213900-26-023839:ea027921801ex2-1.htm,0001213900-26-023839,
"""generative AI""",0001842718,INTEGRAL AD SCIENCE HOLDING CORP.  (IAS)  (CIK 0001842718),8-K,2025-09-24,0001193125-25-215824:d26134dex21.htm,0001193125-25-215824,
"""generative AI""",0000718877,"Activision Blizzard, Inc.  (CIK 0000718877)",8-K,2023-07-19,0001628280-23-025102:atvi63023ex991prtables.htm,0001628280-23-025102,
"""generative AI""",0001398987,Anywhere Real Estate Inc.  (HOUS)  (CIK 0001398987),8-K,2025-02-13,0001398987-25-000003:anywhererealestatepressrel.htm,0001398987-25-000003,
"""generative AI""",0001801169,Opendoor Technologies Inc.  (OPEN)  (CIK 0001801169),8-K,2023-11-02,0001801169-23-000137:q32023formxex992sharehol.htm,0001801169-23-000137,
"""generative AI""",0001359841,Hanesbrands Inc.  (HBI)  (CIK 0001359841),8-K,2025-08-13,0001193125-25-179967:d87666dex21.htm,0001193125-25-179967,
"""generative AI""",0001281761,"REGIONS FINANCIAL CORP  (RF, RF-PC, RF-PE, RF-PF)  (CIK 0001281761)",8-K,2026-04-17,0001281761-26-000032:rf-2026331xexhibit993fin.htm,0001281761-26-000032,
"""generative AI""",0001650372,Atlassian Corp  (TEAM)  (CIK 0001650372),8-K,2024-08-01,0001650372-24-000023:q42024shareholderletter.htm,0001650372-24-000023,
"""generative AI""",0000070858,"BANK OF AMERICA CORP /DE/  (BAC, BAC-PB, BAC-PE, BAC-PK, BAC-PL, BAC-PM, BAC-PN, BAC-PO, BAC-PP, BML-PG, BML-PH, BML-PJ, BML-PL)  (CIK 0000070858)",8-K,2025-07-16,0000070858-25-000254:bac063025ex992.htm,0000070858-25-000254,
"""generative AI""",0001262976,CIMPRESS plc  (CMPR)  (CIK 0001262976),8-K,2025-10-29,0001262976-25-000113:q1_fy26quarterlyearnings.htm,0001262976-25-000113,
"""generative AI""",0000759944,"CITIZENS FINANCIAL GROUP INC/RI  (CFG, CFG-PE, CFG-PH)  (CIK 0000759944)",8-K,2023-10-18,0000759944-23-000143:a3q23earningspresentatio.htm,0000759944-23-000143,
"""generative AI""",0000087347,SCHLUMBERGER LIMITED/NV  (SLB)  (CIK 0000087347),8-K,2025-01-17,0001193125-25-008046:d902232dex99.htm,0001193125-25-008046,
"""generative AI""",0001352010,"EPAM Systems, Inc.  (EPAM)  (CIK 0001352010)",8-K,2026-03-12,0001352010-26-000021:a2026investordaypresenta.htm,0001352010-26-000021,
"""generative AI""",0000820318,COHERENT CORP.  (COHR)  (CIK 0000820318),8-K,2023-08-16,0001193125-23-213587:d515308dex992.htm,0001193125-23-213587,
"""generative AI""",0000051644,"INTERPUBLIC GROUP OF COMPANIES, INC.  (IPG)  (CIK 0000051644)",8-K,2024-10-24,0000051644-24-000051:q324transcript.htm,0000051644-24-000051,
"""generative AI""",0001564708,"NEWS CORP  (NWS, NWSA)  (CIK 0001564708)",8-K,2023-08-10,0001564708-23-000351:release-q4fy2023.htm,0001564708-23-000351,
"""generative AI""",0001512673,"Block, Inc.  (SQ, BSQKZ)  (CIK 0001512673)",8-K,2023-08-03,0001193125-23-202864:d469227dex991.htm,0001193125-23-202864,
"""generative AI""",0000759944,"CITIZENS FINANCIAL GROUP INC/RI  (CFG, CFG-PE, CFG-PH)  (CIK 0000759944)",8-K,2023-07-19,0000759944-23-000112:q223earningspresentation.htm,0000759944-23-000112,
"""generative AI""",0000790526,"RadNet, Inc.  (RDNT)  (CIK 0000790526)",8-K,2025-03-05,0001683168-25-001349:radnet_ex9902.htm,0001683168-25-001349,
"""generative AI""",0002028707,"Bleichroeder Acquisition Corp. I  (BACQ, BACQR, BACQU)  (CIK 0002028707)",8-K,2025-08-14,0001213900-25-076126:ea025299601ex10-6_bleichro1.htm,0001213900-25-076126,
"""generative AI""",0001472012,Immunome Inc.  (IMNM)  (CIK 0001472012),8-K,2024-02-13,0001104659-24-019883:tm245878d1_ex99-2.htm,0001104659-24-019883,
"""generative AI""",0001512673,"Block, Inc.  (XYZ, BSQKZ)  (CIK 0001512673)",8-K,2026-05-07,0001193125-26-212032:d132441dex991.htm,0001193125-26-212032,
"""generative AI""",0001818502,"OppFi Inc.  (OPFI, OPFI-WT)  (CIK 0001818502)",8-K,2026-04-29,0001818502-26-000030:exhibit21_mergeragreemente.htm,0001818502-26-000030,
"""generative AI""",0001601830,"RECURSION PHARMACEUTICALS, INC.  (RXRX)  (CIK 0001601830)",8-K,2024-11-06,0001601830-24-000195:rxrx2024q3corp.htm,0001601830-24-000195,
"""generative AI""",0001001250,ESTEE LAUDER COMPANIES INC  (EL)  (CIK 0001001250),8-K,2025-08-20,0001001250-25-000097:elq4fy2025exhibit991.htm,0001001250-25-000097,
"""generative AI""",0001833756,"Leonardo DRS, Inc.  (DRS)  (CIK 0001833756)",8-K,2023-07-28,0001628280-23-026102:ldo-itxcallstreetexpress.htm,0001628280-23-026102,
"""generative AI""",0001512673,"Block, Inc.  (XYZ, BSQKZ)  (CIK 0001512673)",8-K,2026-02-26,0001193125-26-076557:d108590dex991.htm,0001193125-26-076557,
"""generative AI""",0000885550,CREDIT ACCEPTANCE CORP  (CACC)  (CIK 0000885550),8-K,2026-04-03,0000885550-26-000053:cacc_ex9920260403shl.htm,0000885550-26-000053,
"""generative AI""",0001852317,Fidelity Wise Origin Bitcoin Fund  (FBTC)  (CIK 0001852317),8-K,2026-02-05,0001193125-26-039518:ck0001852317-ex10_9.htm,0001193125-26-039518,
"""generative AI""",0002006291,"Churchill Capital Corp IX/Cayman  (CCIX, CCIXU, CCIXW)  (CIK 0002006291)",8-K,2025-06-05,0001193125-25-135336:d845614dex992.htm,0001193125-25-135336,
"""generative AI""",0001512673,"Block, Inc.  (SQ, BSQKZ)  (CIK 0001512673)",8-K,2023-11-02,0001193125-23-269372:d711180dex991.htm,0001193125-23-269372,
"""generative AI""",0001397911,LPL Financial Holdings Inc.  (LPLA)  (CIK 0001397911),8-K,2025-03-31,0001193125-25-067661:d697025dex21.htm,0001193125-25-067661,
"""generative AI""",0001512673,"Block, Inc.  (SQ, BSQKZ)  (CIK 0001512673)",8-K,2024-08-01,0001193125-24-191530:d750402dex991.htm,0001193125-24-191530,
"""generative AI""",0000913142,BELDEN INC.  (BDC)  (CIK 0000913142),8-K,2025-08-27,0000913142-25-000029:belden_layoutxv3xinterna.htm,0000913142-25-000029,
"""generative AI""",0001882198,"Athena Technology Acquisition Corp. II  (ATEK, ATEKU, ATEKW)  (CIK 0001882198)",8-K,2026-04-23,0001213900-26-047101:ea028748701ex10-1.htm,0001213900-26-047101,
"""generative AI""",0001131903,SPECTRAL CAPITAL Corp  (FCCN)  (CIK 0001131903),8-K,2024-08-29,0001096906-24-001821:fccn-20240828.htm,0001096906-24-001821,
"""generative AI""",0001835972,"Arrowroot Acquisition Corp.  (AILE, AILEW)  (CIK 0001835972)",8-K,2023-11-07,0001213900-23-084012:ea187731ex99-1_arrowroot.htm,0001213900-23-084012,
"""generative AI""",0001822250,ContextLogic Inc.  (LOGC)  (CIK 0001822250),8-K,2024-02-12,0001213900-24-012273:ea193410ex2-1_contextlogic.htm,0001213900-24-012273,
"""generative AI""",0002074850,"Spring Valley Acquisition Corp. III  (SVAC, SVACU, SVACW)  (CIK 0002074850)",8-K,2026-01-23,0001104659-26-006283:tm263894d1_ex10-5.htm,0001104659-26-006283,
"""generative AI""",0000759944,"CITIZENS FINANCIAL GROUP INC/RI  (CFG, CFG-PE, CFG-PH)  (CIK 0000759944)",8-K,2024-01-17,0000759944-24-000005:a4q23earningspresentatio.htm,0000759944-24-000005,
"""generative AI""",0000798941,"FIRST CITIZENS BANCSHARES INC /DE/  (FCNCA, FCNCB, FCNCO, FCNCP)  (CIK 0000798941)",8-K,2024-04-25,0000798941-24-000022:a1q2024investorpresentat.htm,0000798941-24-000022,
"""generative AI""",0001391127,"Edgio, Inc.  (EGIO)  (CIK 0001391127)",8-K,2024-09-09,0001193125-24-215572:d795614dex101.htm,0001193125-24-215572,
"""generative AI""",0001828016,Playtika Holding Corp.  (PLTK)  (CIK 0001828016),8-K,2024-09-20,0001193125-24-222929:d805515dex21.htm,0001193125-24-222929,
"""generative AI""",0000842023,BIO-TECHNE Corp  (TECH)  (CIK 0000842023),8-K,2026-06-26,0001999371-26-013527:ex2-1.htm,0001999371-26-013527,
"""generative AI""",0001772921,OneWater Marine Inc.  (ONEW)  (CIK 0001772921),8-K,2026-02-06,0001772921-26-000020:onew-obcisaleproformaxexx1.htm,0001772921-26-000020,
"""generative AI""",0000827187,Sleep Number Corp  (SNBR)  (CIK 0000827187),8-K,2026-06-12,0000950103-26-008891:dp248362_ex0201.htm,0000950103-26-008891,
"""generative AI""",0001843714,"Zapata Computing Holdings Inc.  (ZPTA, ZPTAW)  (CIK 0001843714)",8-K,2024-04-03,0001193125-24-085161:d13242d8k.htm,0001193125-24-085161,
"""generative AI""",0001570585,"Liberty Global Ltd.  (LBTYA, LBTYB, LBTYK)  (CIK 0001570585)",8-K,2024-09-09,0001570585-24-000264:ex992-20240909xsunrisexc.htm,0001570585-24-000264,
"""generative AI""",0000820318,COHERENT CORP.  (COHR)  (CIK 0000820318),8-K,2024-02-05,0001193125-24-024186:d726431dex992.htm,0001193125-24-024186,
"""generative AI""",0001839530,"XBP Europe Holdings, Inc.  (XBP, XBPEW)  (CIK 0001839530)",8-K,2025-02-14,0001558370-25-001026:xbp-20250214xex99d1.htm,0001558370-25-001026,
"""generative AI""",0000005272,"AMERICAN INTERNATIONAL GROUP, INC.  (AIG)  (CIK 0000005272)",8-K,2025-03-31,0000005272-25-000017:aig_investorxdayx2025.htm,0000005272-25-000017,
"""generative AI""",0002007825,"Churchill Capital Corp X/Cayman  (CCCX, CCCXU, CCCXW)  (CIK 0002007825)",8-K,2025-09-08,0001193125-25-197773:d14599dex21.htm,0001193125-25-197773,
"""generative AI""",0001464790,"B. Riley Financial, Inc.  (RILY, RILYG, RILYK, RILYL, RILYN, RILYP, RILYT, RILYZ)  (CIK 0001464790)",8-K,2025-07-03,0001213900-25-061210:ea024767801ex2-1_briley.htm,0001213900-25-061210,
"""generative AI""",0001356570,WNS (HOLDINGS) LTD  (WNS)  (CIK 0001356570),8-K,2025-07-30,0002077096-25-000003:ea025044801ex99-2_wns.htm,0002077096-25-000003,
"""generative AI""",0002006291,"Churchill Capital Corp IX/Cayman  (CCIX, CCIXU, CCIXW)  (CIK 0002006291)",8-K,2025-06-06,0001193125-25-136264:d51327dex21.htm,0001193125-25-136264,
"""generative AI""",0002054174,"Crane Harbor Acquisition Corp.  (CHAC, CHACR, CHACU)  (CIK 0002054174)",8-K,2025-11-03,0001213900-25-104918:ea026354401ex2-1_crane.htm,0001213900-25-104918,
"""generative AI""",0000820318,COHERENT CORP.  (COHR)  (CIK 0000820318),8-K,2024-05-06,0001193125-24-131935:d819783dex992.htm,0001193125-24-131935,
"""generative AI""",0001945619,Kinetic Seas Inc.  (ECGR)  (CIK 0001945619),8-K,2024-03-06,0001683168-24-001339:kinetic_8ka.htm,0001683168-24-001339,
"""generative AI""",0001577916,"Premier, Inc.  (PINC)  (CIK 0001577916)",8-K,2025-10-20,0001193125-25-243773:d67128dex991.htm,0001193125-25-243773,
"""generative AI""",0002028707,"Bleichroeder Acquisition Corp. I  (BACQ, BACQR, BACQU)  (CIK 0002028707)",8-K,2025-08-14,0001213900-25-076126:ea025299601ex2-1_bleichro1.htm,0001213900-25-076126,
"""generative AI""",0001564708,"NEWS CORP  (NWS, NWSA, NWSAL)  (CIK 0001564708)",8-K,2025-05-13,0001564708-25-000266:nws-20250513_d2.htm,0001564708-25-000266,
"""generative AI""",0001549346,"Shutterstock, Inc.  (SSTK)  (CIK 0001549346)",8-K,2024-05-02,0001140361-24-023881:ny20028287x1_ex2-1.htm,0001140361-24-023881,
"""generative AI""",0001884046,"Spark I Acquisition Corp  (SPKL, SPKLU, SPKLW)  (CIK 0001884046)",8-K,2026-06-11,0001104659-26-072635:tm2617060d1_ex2-1.htm,0001104659-26-072635,
"""generative AI""",0002074973,"Churchill Capital Corp XI  (CCXI, CCXIU, CCXIW)  (CIK 0002074973)",8-K,2026-06-24,0001213900-26-071287:ea029548401ex2-1.htm,0001213900-26-071287,
"""generative AI""",0000935703,"DOLLAR TREE, INC.  (DLTR)  (CIK 0000935703)",8-K,2025-03-28,0001104659-25-029393:tm2510014d2_ex2-1.htm,0001104659-25-029393,
"""generative AI""",0001577916,"Premier, Inc.  (PINC)  (CIK 0001577916)",8-K,2024-10-21,0001193125-24-240393:d902850dex991.htm,0001193125-24-240393,
"""generative AI""",0001563190,"Compass, Inc.  (COMP)  (CIK 0001563190)",8-K,2026-02-09,0001563190-26-000037:a123124anywherexfpageson.htm,0001563190-26-000037,
"""generative AI""",0000019617,"JPMORGAN CHASE & CO  (JPM, AMJB, JPM-PC, JPM-PD, JPM-PJ, JPM-PK, JPM-PL, JPM-PM)  (CIK 0000019617)",8-K,2024-05-20,0000019617-24-000404:investordaypresentation.htm,0000019617-24-000404,
"""generative AI""",0001603652,Urgent.ly Inc.  (ULY)  (CIK 0001603652),8-K,2026-03-16,0001193125-26-106848:d114779dex21.htm,0001193125-26-106848,
"""generative AI""",0002028707,"INFLECTION POINT ACQUISITION CORP. IV  (BACQ, BACQR, BACQU)  (CIK 0002028707)",8-K,2025-11-17,0001213900-25-111321:ea026593401ex10-2_inflec4.htm,0001213900-25-111321,
"""generative AI""",0000866706,ESCO TECHNOLOGIES INC  (ESE)  (CIK 0000866706),8-K,2026-04-16,0001104659-26-044425:tm2611835d1_ex10-1.htm,0001104659-26-044425,
"""generative AI""",0001653558,"Priority Technology Holdings, Inc.  (PRTH, PRTHU)  (CIK 0001653558)",8-K,2025-10-02,0001628280-25-043526:a101assetpurchaseandcontri.htm,0001628280-25-043526,
"""generative AI""",0001144879,Applied Digital Corp.  (APLD)  (CIK 0001144879),8-K,2024-07-19,0001144879-24-000191:apld-20240719.htm,0001144879-24-000191,
"""generative AI""",0000866729,SCHOLASTIC CORP  (SCHL)  (CIK 0000866729),8-K,2024-03-12,0001193125-24-066012:d810442dex21.htm,0001193125-24-066012,
"""generative AI""",0000049196,"HUNTINGTON BANCSHARES INC /MD/  (HBAN, HBANL, HBANM, HBANP)  (CIK 0000049196)",8-K,2025-12-01,0001140361-25-043724:ny20057909x3_ex99-1.htm,0001140361-25-043724,
"""generative AI""",0001943289,"Silvaco Group, Inc.  (SVCO)  (CIK 0001943289)",8-K,2025-08-26,0001943289-25-000009:ceoemploymentagreementfinal.htm,0001943289-25-000009,
"""generative AI""",0000915913,"ALBEMARLE CORP  (ALB, ALB-PA)  (CIK 0000915913)",8-K,2025-10-27,0000915913-25-000153:a10-27x20258xkexhibit21.htm,0000915913-25-000153,
"""generative AI""",0001976663,"Nexscient, Inc.  (NXNT)  (CIK 0001976663)",8-K,2026-01-14,0001477932-26-000196:nexscient_ex101.htm,0001477932-26-000196,
"""generative AI""",0002034268,"Cantor Equity Partners III, Inc.  (CAEP)  (CIK 0002034268)",8-K,2025-11-07,0001213900-25-107383:ea026443401ex2-1_cantor3.htm,0001213900-25-107383,
"""generative AI""",0002034269,"Cantor Equity Partners II, Inc.  (CEPT)  (CIK 0002034269)",8-K,2025-10-30,0001213900-25-104188:ea026275801ex2-1_cantor2.htm,0001213900-25-104188,
"""generative AI""",0001393726,TIPTREE INC.  (TIPT)  (CIK 0001393726),8-K,2025-09-26,0001193125-25-218437:tipt-ex10_1.htm,0001193125-25-218437,
"""generative AI""",0001517375,"Sprout Social, Inc.  (SPT)  (CIK 0001517375)",8-K,2025-07-30,0001517375-25-000114:projectclover-draftshare.htm,0001517375-25-000114,
"""generative AI""",0000896878,INTUIT INC.  (INTU)  (CIK 0000896878),8-K,2025-11-20,0000896878-25-000050:intu-20251120_d2.htm,0000896878-25-000050,
"""generative AI""",0001653558,"Priority Technology Holdings, Inc.  (PRTH, PRTHU)  (CIK 0001653558)",8-K,2025-08-19,0001653558-25-000107:assetpurchaseagreement-boo.htm,0001653558-25-000107,
"""generative AI""",0001854583,"Collective Audience, Inc.  (CIK 0001854583)",8-K,2025-06-12,0001683168-25-004455:collective_ex0201.htm,0001683168-25-004455,
"""generative AI""",0001140859,"Cencora, Inc.  (COR)  (CIK 0001140859)",8-K,2026-02-10,0001140859-26-000012:cor-20260210_d2.htm,0001140859-26-000012,
"""generative AI""",0001356093,"CREATIVE REALITIES, INC.  (CREX)  (CIK 0001356093)",8-K,2025-10-16,0001437749-25-031111:ex_871044.htm,0001437749-25-031111,
"""generative AI""",0001594805,SHOPIFY INC.  (SHOP)  (CIK 0001594805),8-K,2026-05-08,0001594805-26-000022:yearend2025mic.htm,0001594805-26-000022,
"""generative AI""",0001526520,"TripAdvisor, Inc.  (TRIP)  (CIK 0001526520)",8-K,2026-06-15,0001193125-26-270351:d156418dex101.htm,0001193125-26-270351,
"""generative AI""",0001620463,"Athira Pharma, Inc.  (ATHA)  (CIK 0001620463)",8-K,2025-12-18,0001193125-25-323692:atha-ex99_3.htm,0001193125-25-323692,
"""generative AI""",0001584549,"Village Farms International, Inc.  (VFF)  (CIK 0001584549)",8-K,2025-05-22,0000950170-25-076446:vff-ex2_1.htm,0000950170-25-076446,
"""generative AI""",0001620463,"Athira Pharma, Inc.  (ATHA)  (CIK 0001620463)",8-K,2025-12-18,0001193125-25-323786:atha-ex99_3.htm,0001193125-25-323786,
"""generative AI""",0000713425,"LOGILITY SUPPLY CHAIN SOLUTIONS, INC  (LGTY)  (CIK 0000713425)",8-K,2025-01-28,0001140361-25-002221:ef20042421_ex2-1.htm,0001140361-25-002221,
"""generative AI""",0001883085,"Pagaya Technologies Ltd.  (PGY, PGYWW)  (CIK 0001883085)",8-K,2025-12-05,0001883085-25-000204:pgy-20251205_d2.htm,0001883085-25-000204,
"""generative AI""",0000748268,"Red Cat Holdings, Inc.  (RCAT)  (CIK 0000748268)",8-K,2026-03-31,0001628280-26-022154:sharepurchaseagreement.htm,0001628280-26-022154,
"""generative AI""",0002041385,Ralliant Corp  (RAL)  (CIK 0002041385),8-K,2025-06-30,0001104659-25-064115:tm2429554d14_ex99-1.htm,0001104659-25-064115,
"""generative AI""",0001621672,"Super League Enterprise, Inc.  (SLE)  (CIK 0001621672)",8-K,2026-03-20,0001437749-26-009204:ex_934180.htm,0001437749-26-009204,
"""generative AI""",0001422142,"Aadi Bioscience, Inc.  (AADI)  (CIK 0001422142)",8-K,2024-12-20,0001193125-24-282407:d891246dex21.htm,0001193125-24-282407,
"""generative AI""",0000946581,TAKE TWO INTERACTIVE SOFTWARE INC  (TTWO)  (CIK 0000946581),8-K,2024-04-01,0001193125-24-083524:d817256dex21.htm,0001193125-24-083524,
"""generative AI""",0001868419,"Cycurion, Inc.  (CYCU, CYCUW)  (CIK 0001868419)",8-K,2026-05-26,0001868419-26-000032:exhibit_2x1xhaloxhavenxx.htm,0001868419-26-000032,
"""generative AI""",0002083632,Octave Intelligence plc  (OCTV)  (CIK 0002083632),8-K,2026-05-12,0001628280-26-033950:exhibit991-informationstat.htm,0001628280-26-033950,
"""generative AI""",0000929351,"LIONS GATE ENTERTAINMENT CORP /CN/  (LGF-A, LGF-B)  (CIK 0000929351)",8-K,2024-12-16,0001193125-24-279034:d914471dex101.htm,0001193125-24-279034,
"""generative AI""",0002006191,Lionsgate Studios Corp.  (LION)  (CIK 0002006191),8-K,2024-12-16,0001193125-24-279032:d897121dex101.htm,0001193125-24-279032,
"""generative AI""",0000929351,"LIONS GATE ENTERTAINMENT CORP /CN/  (LGF-A, LGF-B)  (CIK 0000929351)",8-K,2024-12-16,0001193125-24-279034:d914471dex102.htm,0001193125-24-279034,
"""generative AI""",0002006191,Lionsgate Studios Corp.  (LION)  (CIK 0002006191),8-K,2024-12-16,0001193125-24-279032:d897121dex102.htm,0001193125-24-279032,
"""generative AI""",0001910139,Mobileye Global Inc.  (MBLY)  (CIK 0001910139),8-K,2026-01-06,0001104659-26-001340:tm261864d1_ex2-1.htm,0001104659-26-001340,
"""generative AI""",0001162194,STANDARD BIOTOOLS INC.  (LAB)  (CIK 0001162194),8-K,2026-06-08,0001104659-26-071195:tm2617100d1_ex2-1.htm,0001104659-26-071195,
"""generative AI""",0001601830,"RECURSION PHARMACEUTICALS, INC.  (RXRX)  (CIK 0001601830)",8-K,2024-08-08,0001193125-24-196505:d856792dex21.htm,0001193125-24-196505,
"""generative AI""",0001454938,Outbrain Inc.  (OB)  (CIK 0001454938),8-K,2024-08-01,0001454938-24-000149:spaandexhibitsformatted.htm,0001454938-24-000149,
"""generative AI""",0002082866,"Pinnacle Financial Partners, Inc.  (PNFP, PNFP-PA, PNFP-PB, PNFP-PC)  (CIK 0002082866)",8-K,2026-03-02,0002082866-26-000020:pnfp-20260302_d2.htm,0002082866-26-000020,
"""generative AI""",0002093101,"Atrium Therapeutics, Inc.  (CIK 0002093101)",8-K,2026-02-26,0001193125-26-077105:d14901dex991.htm,0001193125-26-077105,
"""generative AI""",0001964738,Solventum Corp  (SOLV)  (CIK 0001964738),8-K,2024-03-13,0001628280-24-010988:exhibit991-8xk.htm,0001628280-24-010988,
"""AI acquisition""",0001848861,"Healthcare AI Acquisition Corp.  (HAIA, HAIAU, HAIAW)  (CIK 0001848861)",8-K,2023-07-13,0001477932-23-005239:haia_ex991.htm,0001477932-23-005239,
"""AI acquisition""",0001848861,"Healthcare AI Acquisition Corp.  (HAIA, HAIAU, HAIAW)  (CIK 0001848861)",8-K,2024-07-19,0001477932-24-004302:haia_ex991.htm,0001477932-24-004302,
"""AI acquisition""",0001852889,"Investcorp AI Acquisition Corp.  (IVCA, IVCAU, IVCAW)  (CIK 0001852889)",8-K,2024-10-17,0001193125-24-238898:d868221d8k.htm,0001193125-24-238898,
"""AI acquisition""",0001848861,"Healthcare AI Acquisition Corp.  (HAIA, HAIAU, HAIAW)  (CIK 0001848861)",8-K,2023-06-14,0001477932-23-004565:haia_ex103.htm,0001477932-23-004565,
"""AI acquisition""",0001848861,"Healthcare AI Acquisition Corp.  (HAIA, HAIAU, HAIAW)  (CIK 0001848861)",8-K,2023-06-14,0001477932-23-004565:haia_ex102.htm,0001477932-23-004565,
"""AI acquisition""",0001848861,"Healthcare AI Acquisition Corp.  (HAIA, HAIAU, HAIAW)  (CIK 0001848861)",8-K,2023-07-03,0001477932-23-004981:haia_8k.htm,0001477932-23-004981,
"""AI acquisition""",0002094076,"Starlink AI Acquisition Corp  (OTAI, OTAI-UN)  (CIK 0002094076)",8-K,2026-05-13,0001493152-26-022571:ex99-2.htm,0001493152-26-022571,
"""AI acquisition""",0002094076,"Starlink AI Acquisition Corp  (OTAI, OTAI-UN)  (CIK 0002094076)",8-K,2026-05-13,0001493152-26-022571:ex10-9.htm,0001493152-26-022571,
"""AI acquisition""",0001848861,"Healthcare AI Acquisition Corp.  (HAIA, HAIAU, HAIAW)  (CIK 0001848861)",8-K,2024-08-16,0001477932-24-004984:haia_ex101.htm,0001477932-24-004984,
"""AI acquisition""",0002094076,"Starlink AI Acquisition Corp  (OTAI, OTAI-UN)  (CIK 0002094076)",8-K,2026-05-13,0001493152-26-022571:ex99-1.htm,0001493152-26-022571,
"""AI acquisition""",0001852889,"Investcorp AI Acquisition Corp.  (IVCA, IVCAU, IVCAW)  (CIK 0001852889)",8-K,2024-10-28,0001193125-24-244567:d899360dex992.htm,0001193125-24-244567,
"""AI acquisition""",0001852889,"Investcorp AI Acquisition Corp.  (IVCA, IVCAU, IVCAW)  (CIK 0001852889)",8-K,2025-05-15,0001193125-25-120047:d928071d8k.htm,0001193125-25-120047,
"""AI acquisition""",0001852889,Libity  (CIK 0001852889),8-K,2026-05-20,0001829126-26-005494:libity_8k.htm,0001829126-26-005494,
"""AI acquisition""",0001852889,"Investcorp AI Acquisition Corp.  (IVAUF, IVAWF, IVCAF)  (CIK 0001852889)",8-K,2025-08-29,0001829126-25-006865:investcorpalacq_8k.htm,0001829126-25-006865,
"""AI acquisition""",0001848861,"Healthcare AI Acquisition Corp.  (HAIA, HAIAU, HAIAW)  (CIK 0001848861)",8-K,2023-07-14,0001477932-23-005313:haia_8ka.htm,0001477932-23-005313,
"""AI acquisition""",0001852889,"Investcorp AI Acquisition Corp.  (IVCA, IVCAU, IVCAW)  (CIK 0001852889)",8-K,2024-10-17,0001193125-24-238898:d868221dex31.htm,0001193125-24-238898,
"""AI acquisition""",0001848861,"Healthcare AI Acquisition Corp.  (HAIA, HAIAU, HAIAW)  (CIK 0001848861)",8-K,2024-11-27,0001477932-24-007707:haia_8k.htm,0001477932-24-007707,
"""AI acquisition""",0001848861,"Healthcare AI Acquisition Corp.  (HAIA, HAIAU, HAIAW)  (CIK 0001848861)",8-K,2023-06-14,0001477932-23-004565:haia_ex106.htm,0001477932-23-004565,
"""AI acquisition""",0001852889,"Investcorp AI Acquisition Corp.  (IVCA, IVCAU, IVCAW)  (CIK 0001852889)",8-K,2025-03-31,0001193125-25-067359:d848905d8k.htm,0001193125-25-067359,
"""AI acquisition""",0001848861,"Healthcare AI Acquisition Corp.  (HAIAF, HAIUF, HAIWF)  (CIK 0001848861)",8-K,2025-03-20,0001477932-25-001873:haia_8k.htm,0001477932-25-001873,
"""AI acquisition""",0001848861,"Healthcare AI Acquisition Corp.  (HAIAF, HAIUF, HAIWF)  (CIK 0001848861)",8-K,2025-04-17,0001477932-25-002824:haia_8k.htm,0001477932-25-002824,
"""AI acquisition""",0001848861,Healthcare AI Acquisition Corp.  (HAIAF)  (CIK 0001848861),8-K,2025-09-29,0001477932-25-007151:haia_8k.htm,0001477932-25-007151,
"""AI acquisition""",0001848861,"Healthcare AI Acquisition Corp.  (HAIAF, HAIUF, HAIWF)  (CIK 0001848861)",8-K,2025-02-18,0001477932-25-001101:haia_8k.htm,0001477932-25-001101,
"""AI acquisition""",0002094076,"Starlink AI Acquisition Corp  (OTAI, OTAI-UN)  (CIK 0002094076)",8-K,2026-05-15,0001493152-26-023650:form8-k.htm,0001493152-26-023650,
"""AI acquisition""",0001848861,Healthcare AI Acquisition Corp.  (HAIAF)  (CIK 0001848861),8-K,2025-10-29,0001477932-25-007785:haia_8ka.htm,0001477932-25-007785,
"""AI acquisition""",0001848861,"Healthcare AI Acquisition Corp.  (HAIAF, HAIUF, HAIWF)  (CIK 0001848861)",8-K,2025-11-19,0001477932-25-008469:haia_8k.htm,0001477932-25-008469,
"""AI acquisition""",0001852889,Investcorp AI Acquisition Corp.  (CIK 0001852889),8-K,2026-04-30,0001829126-26-004200:investcorpalacq_8ka.htm,0001829126-26-004200,
"""AI acquisition""",0001848861,"Healthcare AI Acquisition Corp.  (HAIA, HAIAU, HAIAW)  (CIK 0001848861)",8-K,2024-06-13,0001477932-24-003674:haia_8k.htm,0001477932-24-003674,
"""AI acquisition""",0001848861,"Healthcare AI Acquisition Corp.  (HAIAF, HAIUF, HAIWF)  (CIK 0001848861)",8-K,2025-08-20,0001477932-25-006125:haia_8k.htm,0001477932-25-006125,
"""AI acquisition""",0001848861,"Healthcare AI Acquisition Corp.  (HAIA, HAIAU, HAIAW)  (CIK 0001848861)",8-K,2024-07-19,0001477932-24-004302:haia_8k.htm,0001477932-24-004302,
"""AI acquisition""",0001848861,"Healthcare AI Acquisition Corp.  (HAIAF, HAIUF, HAIWF)  (CIK 0001848861)",8-K,2025-01-23,0001477932-25-000420:haia_8k.htm,0001477932-25-000420,
"""AI acquisition""",0001848861,Healthcare AI Acquisition Corp.  (HAIAF)  (CIK 0001848861),8-K,2025-05-30,0001477932-25-004250:haia_8k.htm,0001477932-25-004250,
"""AI acquisition""",0001848861,"Healthcare AI Acquisition Corp.  (HAIA, HAIAU, HAIAW)  (CIK 0001848861)",8-K,2024-08-26,0001477932-24-005277:haia_8k.htm,0001477932-24-005277,
"""AI acquisition""",0001848861,"Healthcare AI Acquisition Corp.  (HAIAF, HAIUF, HAIWF)  (CIK 0001848861)",8-K,2025-01-14,0001477932-25-000238:haia_8k.htm,0001477932-25-000238,
"""AI acquisition""",0001848861,Healthcare AI Acquisition Corp.  (CIK 0001848861),8-K,2026-05-12,0001477932-26-002984:haia_8k.htm,0001477932-26-002984,
"""AI acquisition""",0001848861,"Healthcare AI Acquisition Corp.  (HAIA, HAIAU, HAIAW)  (CIK 0001848861)",8-K,2024-12-12,0001477932-24-008044:haia_8k.htm,0001477932-24-008044,
"""AI acquisition""",0001848861,"Healthcare AI Acquisition Corp.  (HAIA, HAIAU, HAIAW)  (CIK 0001848861)",8-K,2023-09-08,0001477932-23-006750:haia_8k.htm,0001477932-23-006750,
"""AI acquisition""",0001848861,"Healthcare AI Acquisition Corp.  (HAIA, HAIAU, HAIAW)  (CIK 0001848861)",8-K,2023-07-11,0001477932-23-005178:haia_8k.htm,0001477932-23-005178,
"""AI acquisition""",0001852889,"Investcorp AI Acquisition Corp.  (IVCA, IVCAU, IVCAW)  (CIK 0001852889)",8-K,2024-10-28,0001193125-24-244567:d899360dex991.htm,0001193125-24-244567,
"""AI acquisition""",0001848861,"Healthcare AI Acquisition Corp.  (HAIAF, HAIUF, HAIWF)  (CIK 0001848861)",8-K,2025-05-06,0001477932-25-003363:haia_8k.htm,0001477932-25-003363,
"""AI acquisition""",0001848861,"Healthcare AI Acquisition Corp.  (HAIA, HAIAU, HAIAW)  (CIK 0001848861)",8-K,2024-05-13,0001477932-24-002773:haia_8k.htm,0001477932-24-002773,
"""AI acquisition""",0001848861,Healthcare AI Acquisition Corp.  (HAIAF)  (CIK 0001848861),8-K,2025-10-14,0001477932-25-007538:haia_8k.htm,0001477932-25-007538,
"""AI acquisition""",0001848861,"Healthcare AI Acquisition Corp.  (HAIA, HAIAU, HAIAW)  (CIK 0001848861)",8-K,2023-07-13,0001477932-23-005239:haia_8k.htm,0001477932-23-005239,
"""AI acquisition""",0001848861,"Healthcare AI Acquisition Corp.  (HAIA, HAIAU, HAIAW)  (CIK 0001848861)",8-K,2023-08-17,0001477932-23-006236:haia_8k.htm,0001477932-23-006236,
"""AI acquisition""",0002094076,"Starlink AI Acquisition Corp  (OTAI, OTAI-UN)  (CIK 0002094076)",8-K,2026-06-02,0001493152-26-026866:ex99-1.htm,0001493152-26-026866,
"""AI acquisition""",0001852889,"Investcorp AI Acquisition Corp.  (IVCA, IVCAU, IVCAW)  (CIK 0001852889)",8-K,2024-10-28,0001193125-24-244567:d899360d8k.htm,0001193125-24-244567,
"""AI acquisition""",0001852889,Investcorp AI Acquisition Corp.  (CIK 0001852889),8-K,2026-04-13,0001829126-26-003449:investcorpalacq_8k.htm,0001829126-26-003449,
"""AI acquisition""",0001852889,"Investcorp AI Acquisition Corp.  (IVCA, IVCAU, IVCAW)  (CIK 0001852889)",8-K,2025-03-10,0001193125-25-050857:d895317d8k.htm,0001193125-25-050857,
"""AI acquisition""",0001852889,"Investcorp AI Acquisition Corp.  (IVCA, IVCAU, IVCAW)  (CIK 0001852889)",8-K,2024-12-05,0001193125-24-271511:d858363d8k.htm,0001193125-24-271511,
"""AI acquisition""",0001848861,"Healthcare AI Acquisition Corp.  (HAIA, HAIAF, HAIAU, HAIAW)  (CIK 0001848861)",8-K,2024-12-20,0001477932-24-008240:haia_8k.htm,0001477932-24-008240,
"""AI acquisition""",0001852889,"Investcorp AI Acquisition Corp.  (IVCA, IVCAU, IVCAW)  (CIK 0001852889)",8-K,2025-04-24,0001193125-25-093642:d921147d8k.htm,0001193125-25-093642,
"""AI acquisition""",0002094076,"Starlink AI Acquisition Corp  (OTAI, OTAI-UN)  (CIK 0002094076)",8-K,2026-06-02,0001493152-26-026866:form8-k.htm,0001493152-26-026866,
"""AI acquisition""",0001848861,"Healthcare AI Acquisition Corp.  (HAIA, HAIAU, HAIAW)  (CIK 0001848861)",8-K,2023-08-08,0001477932-23-005805:haia_8k.htm,0001477932-23-005805,
"""AI acquisition""",0001852889,"Investcorp AI Acquisition Corp.  (IVCA, IVCAU, IVCAW)  (CIK 0001852889)",8-K,2024-10-21,0001193125-24-240007:d902560dex991.htm,0001193125-24-240007,
"""AI acquisition""",0001848861,"Healthcare AI Acquisition Corp.  (HAIA, HAIAU, HAIAW)  (CIK 0001848861)",8-K,2023-07-14,0001477932-23-005313:haia_ex161.htm,0001477932-23-005313,
"""AI acquisition""",0001852889,"Investcorp AI Acquisition Corp.  (IVCA, IVCAU, IVCAW)  (CIK 0001852889)",8-K,2025-05-02,0001193125-25-111704:d83147d8k.htm,0001193125-25-111704,
"""AI acquisition""",0001852889,"Investcorp AI Acquisition Corp.  (IVCA, IVCAU, IVCAW)  (CIK 0001852889)",8-K,2025-04-24,0001193125-25-093642:d921147dex161.htm,0001193125-25-093642,
"""AI acquisition""",0001852889,"Investcorp AI Acquisition Corp.  (IVCA, IVCAU, IVCAW)  (CIK 0001852889)",8-K,2025-05-15,0001193125-25-120047:d928071dex31.htm,0001193125-25-120047,
"""AI acquisition""",0001848861,"Healthcare AI Acquisition Corp.  (HAIA, HAIAU, HAIAW)  (CIK 0001848861)",8-K,2023-06-14,0001477932-23-004565:haia_ex105.htm,0001477932-23-004565,
"""AI acquisition""",0002094076,"Starlink AI Acquisition Corp  (OTAI, OTAI-UN)  (CIK 0002094076)",8-K,2026-05-13,0001493152-26-022571:ex4-1.htm,0001493152-26-022571,
"""AI acquisition""",0001852889,"Investcorp AI Acquisition Corp.  (IVCA, IVCAU, IVCAW)  (CIK 0001852889)",8-K,2024-10-17,0001193125-24-238898:d868221dex991.htm,0001193125-24-238898,
"""AI acquisition""",0001848861,"Healthcare AI Acquisition Corp.  (HAIA, HAIAU, HAIAW)  (CIK 0001848861)",8-K,2023-07-13,0001477932-23-005239:haia_ex101.htm,0001477932-23-005239,
"""AI acquisition""",0001852889,Investcorp AI Acquisition Corp.  (CIK 0001852889),8-K,2026-04-13,0001829126-26-003449:investcorpalacq_ex99-1.htm,0001829126-26-003449,
"""AI acquisition""",0001848861,"Healthcare AI Acquisition Corp.  (HAIAF, HAIUF, HAIWF)  (CIK 0001848861)",8-K,2025-01-23,0001477932-25-000420:haia_ex101.htm,0001477932-25-000420,
"""AI acquisition""",0001848861,"Healthcare AI Acquisition Corp.  (HAIA, HAIAU, HAIAW)  (CIK 0001848861)",8-K,2024-08-26,0001477932-24-005277:haia_ex101.htm,0001477932-24-005277,
"""AI acquisition""",0001848861,"Healthcare AI Acquisition Corp.  (HAIAF, HAIUF, HAIWF)  (CIK 0001848861)",8-K,2025-08-20,0001477932-25-006125:haia_ex101.htm,0001477932-25-006125,
"""AI acquisition""",0001848861,Healthcare AI Acquisition Corp.  (CIK 0001848861),8-K,2026-05-12,0001477932-26-002984:haia_ex102.htm,0001477932-26-002984,
"""AI acquisition""",0001848861,Healthcare AI Acquisition Corp.  (HAIAF)  (CIK 0001848861),8-K,2025-05-30,0001477932-25-004250:haia_ex101.htm,0001477932-25-004250,
"""AI acquisition""",0001848861,"Healthcare AI Acquisition Corp.  (HAIA, HAIAF, HAIAU, HAIAW)  (CIK 0001848861)",8-K,2024-12-20,0001477932-24-008240:haia_ex101.htm,0001477932-24-008240,
"""AI acquisition""",0001848861,"Healthcare AI Acquisition Corp.  (HAIAF, HAIUF, HAIWF)  (CIK 0001848861)",8-K,2025-01-14,0001477932-25-000238:haia_ex101.htm,0001477932-25-000238,
"""AI acquisition""",0002094076,"Starlink AI Acquisition Corp  (OTAI, OTAI-UN)  (CIK 0002094076)",8-K,2026-05-13,0001493152-26-022571:ex10-2.htm,0001493152-26-022571,
"""AI acquisition""",0001848861,Healthcare AI Acquisition Corp.  (CIK 0001848861),8-K,2026-05-12,0001477932-26-002984:haia_ex101.htm,0001477932-26-002984,
"""AI acquisition""",0002094076,"Starlink AI Acquisition Corp  (OTAI, OTAI-UN)  (CIK 0002094076)",8-K,2026-05-13,0001493152-26-022571:form8-k.htm,0001493152-26-022571,
"""AI acquisition""",0001848861,"Healthcare AI Acquisition Corp.  (HAIA, HAIAU, HAIAW)  (CIK 0001848861)",8-K,2024-10-03,0001477932-24-006172:haia_8k.htm,0001477932-24-006172,
"""AI acquisition""",0001852889,"Investcorp AI Acquisition Corp.  (IVCA, IVCAU, IVCAW)  (CIK 0001852889)",8-K,2024-10-21,0001193125-24-240007:d902560d8k.htm,0001193125-24-240007,
"""AI acquisition""",0001848861,"Healthcare AI Acquisition Corp.  (HAIA, HAIAU, HAIAW)  (CIK 0001848861)",8-K,2024-11-27,0001477932-24-007707:haia_ex101.htm,0001477932-24-007707,
"""AI acquisition""",0001848861,"Healthcare AI Acquisition Corp.  (HAIA, HAIAU, HAIAW)  (CIK 0001848861)",8-K,2024-11-06,0001477932-24-006915:haia_8k.htm,0001477932-24-006915,
"""AI acquisition""",0001848861,"Healthcare AI Acquisition Corp.  (HAIAF, HAIUF, HAIWF)  (CIK 0001848861)",8-K,2025-04-07,0001477932-25-002500:haia_8k.htm,0001477932-25-002500,
"""AI acquisition""",0001848861,"Healthcare AI Acquisition Corp.  (HAIA, HAIAU, HAIAW)  (CIK 0001848861)",8-K,2023-06-14,0001477932-23-004565:haia_8k.htm,0001477932-23-004565,
"""AI acquisition""",0001848861,"Healthcare AI Acquisition Corp.  (HAIA, HAIAU, HAIAW)  (CIK 0001848861)",8-K,2024-08-16,0001477932-24-004984:haia_8k.htm,0001477932-24-004984,
"""AI acquisition""",0002094076,"Starlink AI Acquisition Corp  (OTAI, OTAI-UN)  (CIK 0002094076)",8-K,2026-05-13,0001493152-26-022571:ex10-3.htm,0001493152-26-022571,
"""AI acquisition""",0001848861,"Healthcare AI Acquisition Corp.  (HAIA, HAIAU, HAIAW)  (CIK 0001848861)",8-K,2023-06-14,0001477932-23-004565:haia_ex104.htm,0001477932-23-004565,
"""AI acquisition""",0001848861,"Healthcare AI Acquisition Corp.  (HAIA, HAIAU, HAIAW)  (CIK 0001848861)",8-K,2023-12-28,0001477932-23-009381:haia_8k.htm,0001477932-23-009381,
"""AI acquisition""",0001852889,"Investcorp AI Acquisition Corp.  (IVCA, IVCAU, IVCAW)  (CIK 0001852889)",8-K,2025-03-31,0001193125-25-067359:d848905dex101.htm,0001193125-25-067359,
"""AI acquisition""",0001848861,"Healthcare AI Acquisition Corp.  (HAIA, HAIAU, HAIAW)  (CIK 0001848861)",8-K,2024-08-16,0001477932-24-004984:haia_ex102.htm,0001477932-24-004984,
"""AI acquisition""",0001852889,"Investcorp AI Acquisition Corp.  (IVCA, IVCAU, IVCAW)  (CIK 0001852889)",8-K,2024-10-23,0001193125-24-241426:d805956dex101.htm,0001193125-24-241426,
"""AI acquisition""",0001852889,"Investcorp AI Acquisition Corp.  (IVCA, IVCAU, IVCAW)  (CIK 0001852889)",8-K,2024-10-23,0001193125-24-241426:d805956dex102.htm,0001193125-24-241426,
"""AI acquisition""",0002094076,"Starlink AI Acquisition Corp  (OTAI, OTAI-UN)  (CIK 0002094076)",8-K,2026-05-13,0001493152-26-022571:ex10-8.htm,0001493152-26-022571,
"""AI acquisition""",0002094076,"Starlink AI Acquisition Corp  (OTAI, OTAI-UN)  (CIK 0002094076)",8-K,2026-05-13,0001493152-26-022571:ex10-5.htm,0001493152-26-022571,
"""AI acquisition""",0002094076,"Starlink AI Acquisition Corp  (OTAI, OTAI-UN)  (CIK 0002094076)",8-K,2026-05-13,0001493152-26-022571:ex10-4.htm,0001493152-26-022571,
"""AI acquisition""",0002094076,"Starlink AI Acquisition Corp  (OTAI, OTAI-UN)  (CIK 0002094076)",8-K,2026-05-13,0001493152-26-022571:ex10-6.htm,0001493152-26-022571,
"""AI acquisition""",0002094076,"Starlink AI Acquisition Corp  (OTAI, OTAI-UN)  (CIK 0002094076)",8-K,2026-05-13,0001493152-26-022571:ex10-7.htm,0001493152-26-022571,
"""AI acquisition""",0001848861,"Healthcare AI Acquisition Corp.  (HAIA, HAIAU, HAIAW)  (CIK 0001848861)",8-K,2024-08-16,0001477932-24-004984:haia_ex991.htm,0001477932-24-004984,
"""AI acquisition""",0002094076,"Starlink AI Acquisition Corp  (OTAI, OTAI-UN)  (CIK 0002094076)",8-K,2026-05-13,0001493152-26-022571:ex10-1.htm,0001493152-26-022571,
"""AI acquisition""",0001848861,"Healthcare AI Acquisition Corp.  (HAIA, HAIAU, HAIAW)  (CIK 0001848861)",8-K,2023-08-08,0001477932-23-005805:haia_ex101.htm,0001477932-23-005805,
"""AI acquisition""",0001848861,"Healthcare AI Acquisition Corp.  (HAIA, HAIAU, HAIAW)  (CIK 0001848861)",8-K,2024-08-16,0001477932-24-004984:haia_ex103.htm,0001477932-24-004984,
"""AI acquisition""",0002094076,"Starlink AI Acquisition Corp  (OTAI, OTAI-UN)  (CIK 0002094076)",8-K,2026-05-15,0001493152-26-023650:ex99-1.htm,0001493152-26-023650,
"""AI acquisition""",0001848861,"Healthcare AI Acquisition Corp.  (HAIA, HAIAU, HAIAW)  (CIK 0001848861)",8-K,2023-06-14,0001477932-23-004565:haia_ex101.htm,0001477932-23-004565,
"""AI acquisition""",0001703056,ADT Inc.  (ADT)  (CIK 0001703056),8-K,2026-04-30,0001703056-26-000052:q12026adtearningsrelease-e.htm,0001703056-26-000052,
"""AI acquisition""",0001848861,"Healthcare AI Acquisition Corp.  (HAIA, HAIAU, HAIAW)  (CIK 0001848861)",8-K,2023-08-17,0001477932-23-006236:haia_ex31.htm,0001477932-23-006236,
"""AI acquisition""",0001852889,"Investcorp AI Acquisition Corp.  (IVCA, IVCAU, IVCAW)  (CIK 0001852889)",8-K,2024-10-23,0001193125-24-241426:d805956d8k.htm,0001193125-24-241426,
"""AI acquisition""",0001604191,GridAI Technologies Corp.  (ENTO)  (CIK 0001604191),8-K,2025-12-04,0001104659-25-118524:tm2532710d1_ex99-2.htm,0001104659-25-118524,
"""AI acquisition""",0001852889,Investcorp AI Acquisition Corp.  (CIK 0001852889),8-K,2026-04-13,0001829126-26-003449:investcorpalacq_ex10-3.htm,0001829126-26-003449,
"""AI acquisition""",0001807707,"AppHarvest, Inc.  (CIK 0001807707)",8-K,2023-03-09,0001807707-23-000027:exhibit99q42022earningsrel.htm,0001807707-23-000027,
"""AI acquisition""",0001852889,"Investcorp AI Acquisition Corp.  (IVAUF, IVAWF, IVCAF)  (CIK 0001852889)",8-K,2025-08-29,0001829126-25-006865:investcorpalacq_ex10-1.htm,0001829126-25-006865,
"""AI acquisition""",0002094076,"Starlink AI Acquisition Corp  (OTAI, OTAI-UN)  (CIK 0002094076)",8-K,2026-05-13,0001493152-26-022571:ex1-1.htm,0001493152-26-022571,
"""AI acquisition""",0001848861,"Healthcare AI Acquisition Corp.  (HAIA, HAIAU, HAIAW)  (CIK 0001848861)",8-K,2023-06-14,0001477932-23-004565:haia_ex31.htm,0001477932-23-004565,
"""AI acquisition""",0001604191,"Entero Therapeutics, Inc.  (ENTO)  (CIK 0001604191)",8-K,2025-10-06,0001104659-25-097138:tm2528018d1_ex99-1.htm,0001104659-25-097138,
"""AI acquisition""",0001848861,"Healthcare AI Acquisition Corp.  (HAIA, HAIAU, HAIAW)  (CIK 0001848861)",8-K,2024-08-16,0001477932-24-004984:haia_ex104.htm,0001477932-24-004984,
"""AI acquisition""",0002094076,"Starlink AI Acquisition Corp  (OTAI, OTAI-UN)  (CIK 0002094076)",8-K,2026-05-13,0001493152-26-022571:ex10-12.htm,0001493152-26-022571,
"""AI acquisition""",0002094076,"Starlink AI Acquisition Corp  (OTAI, OTAI-UN)  (CIK 0002094076)",8-K,2026-05-13,0001493152-26-022571:ex10-13.htm,0001493152-26-022571,
"""AI acquisition""",0002094076,"Starlink AI Acquisition Corp  (OTAI, OTAI-UN)  (CIK 0002094076)",8-K,2026-05-13,0001493152-26-022571:ex10-11.htm,0001493152-26-022571,
"""AI acquisition""",0002094076,"Starlink AI Acquisition Corp  (OTAI, OTAI-UN)  (CIK 0002094076)",8-K,2026-05-13,0001493152-26-022571:ex10-14.htm,0001493152-26-022571,
"""AI acquisition""",0002094076,"Starlink AI Acquisition Corp  (OTAI, OTAI-UN)  (CIK 0002094076)",8-K,2026-05-13,0001493152-26-022571:ex10-10.htm,0001493152-26-022571,
"""AI acquisition""",0002028336,"New ERA Energy & Digital, Inc.  (NUAI, NUAIW)  (CIK 0002028336)",8-K,2025-11-04,0001213900-25-105681:ea026383501ex99-1_newera.htm,0001213900-25-105681,
"""AI acquisition""",0002094076,"Starlink AI Acquisition Corp  (OTAI, OTAI-UN)  (CIK 0002094076)",8-K,2026-05-13,0001493152-26-022571:ex3-1.htm,0001493152-26-022571,
"""AI acquisition""",0001800667,JFrog Ltd  (FROG)  (CIK 0001800667),8-K,2024-08-07,0000950170-24-092801:frog-ex99_1.htm,0000950170-24-092801,
"""AI acquisition""",0001852889,Investcorp AI Acquisition Corp.  (CIK 0001852889),8-K,2026-04-13,0001829126-26-003449:investcorpalacq_ex2-1.htm,0001829126-26-003449,
"""AI acquisition""",0001852889,"Investcorp AI Acquisition Corp.  (IVCA, IVCAU, IVCAW)  (CIK 0001852889)",8-K,2024-10-23,0001193125-24-241426:d805956dex21.htm,0001193125-24-241426,
"""AI acquisition""",0001806837,"Vertex, Inc.  (VERX)  (CIK 0001806837)",8-K,2025-03-19,0001558370-25-003260:verx-20250319xex99d1.htm,0001558370-25-003260,
"""AI acquisition""",0001640147,Snowflake Inc.  (SNOW)  (CIK 0001640147),8-K,2026-05-27,0001640147-26-000027:fy2027q1earnings.htm,0001640147-26-000027,
"""AI acquisition""",0001848861,"Healthcare AI Acquisition Corp.  (HAIA, HAIAU, HAIAW)  (CIK 0001848861)",8-K,2024-08-16,0001477932-24-004984:haia_ex21.htm,0001477932-24-004984,
"""AI acquisition""",0001852889,"Investcorp AI Acquisition Corp.  (IVCA, IVCAU, IVCAW)  (CIK 0001852889)",8-K,2024-10-23,0001193125-24-241426:d805956dex103.htm,0001193125-24-241426,
"""AI acquisition""",0001803599,Concentrix Corp  (CNXC)  (CIK 0001803599),8-K,2023-07-20,0001803599-23-000165:exhibit11.htm,0001803599-23-000165,
"""AI acquisition""",0001852889,"Investcorp AI Acquisition Corp.  (IVCA, IVCAU, IVCAW)  (CIK 0001852889)",8-K,2024-10-23,0001193125-24-241426:d805956dex22.htm,0001193125-24-241426,
"""AI research and development""",0001838163,"Brand Engagement Network Inc.  (BNAI, BNAIW)  (CIK 0001838163)",8-K,2025-08-27,0001641172-25-025734:ex99-1.htm,0001641172-25-025734,
"""AI research and development""",0001838163,"Brand Engagement Network Inc.  (BNAI, BNAIW)  (CIK 0001838163)",8-K,2025-05-23,0001838163-25-000009:ben-ex991pressreleaseannou.htm,0001838163-25-000009,
"""AI research and development""",0001877461,1606 CORP.  (CBDW)  (CIK 0001877461),8-K,2024-09-04,0001477932-24-005466:cbdw_ex991.htm,0001477932-24-005466,
"""AI research and development""",0001877461,1606 CORP.  (CBDW)  (CIK 0001877461),8-K,2024-11-19,0001477932-24-007384:onesix_ex991.htm,0001477932-24-007384,
"""AI research and development""",0001877461,1606 CORP.  (CBDW)  (CIK 0001877461),8-K,2024-09-17,0001477932-24-005773:cbdw_ex991.htm,0001477932-24-005773,
"""AI research and development""",0001879001,Verses AI Inc.  (VRSSF)  (CIK 0001879001),8-K,2026-06-22,0001493152-26-029568:ex99-1.htm,0001493152-26-029568,
"""AI research and development""",0001838163,"Brand Engagement Network Inc.  (BNAI, BNAIW)  (CIK 0001838163)",8-K,2025-03-28,0001641172-25-001035:ex99-1.htm,0001641172-25-001035,
"""AI research and development""",0001846069,"Nextdoor Holdings, Inc.  (NXDR)  (CIK 0001846069)",8-K,2025-11-05,0001846069-25-000135:nxdr-20251105.htm,0001846069-25-000135,
"""AI research and development""",0001868419,"Cycurion, Inc.  (CYCU, CYCUW)  (CIK 0001868419)",8-K,2025-06-18,0001641172-25-015637:ex99-1.htm,0001641172-25-015637,
"""AI research and development""",0001868419,"Cycurion, Inc.  (CYCU, CYCUW)  (CIK 0001868419)",8-K,2025-08-08,0001641172-25-022772:ex99-1.htm,0001641172-25-022772,
"""AI research and development""",0001527702,iQSTEL Inc  (IQST)  (CIK 0001527702),8-K,2025-08-07,0001663577-25-000256:ex99_1.htm,0001663577-25-000256,
"""AI research and development""",0001652044,"Alphabet Inc.  (GOOG, GOOGL)  (CIK 0001652044)",8-K,2026-04-29,0001652044-26-000043:googexhibit991q12026.htm,0001652044-26-000043,
"""AI research and development""",0001652044,"Alphabet Inc.  (GOOG, GOOGL)  (CIK 0001652044)",8-K,2026-02-04,0001652044-26-000012:googexhibit991q42025.htm,0001652044-26-000012,
