accession_no,company_name,file_date,text_snippet,announcement_type,is_genuine_ai_event,item_codes,item_in_scope,filing_url
0001437749-23-000958:ex_463506.htm,"ASENSUS SURGICAL, INC.  (TRXDW)  (CIK 0000876378)",2023-01-12,"EX-99.1 2 ex_463506.htm EXHIBIT 99.1 ex_463506.htm Exhibit 99.1 Asensus Surgical Provides Preliminary 2022 Year-End Corporate Update RESEARCH TRIANGLE PARK, N.C.--(GLOBE NEWSWIRE)--Jan. 9, 2023-- Asensus Surgical, Inc. (NYSE American: ASXC), a medical device company that is digitizing the interface between the surgeon and the patient to pioneer a new era of Performance-Guided Surgery™, today provided a preliminary 2022 year-end corporate update. Fourth Quarter Highlights ● Over 690 procedures were performed globally during the quarter, representing growth of over 23% compared to the fourth quarter 2021 ● Five Senhance® Surgical Programs were initiated during the quarter, including two in Germany, two in Japan, and one in the CIS region ● Fourth quarter unaudited revenue is expected to be a...",,,"8.01,9.01",Y,https://www.sec.gov/cgi-bin/browse-edgar?action=getcompany&CIK=876378
0001652044-23-000013:googexhibit991q42022.htm,"Alphabet Inc.  (GOOG, GOOGL)  (CIK 0001652044)",2023-02-02,"EX-99.1 2 googexhibit991q42022.htm EX-99.1 Document Exhibit 99.1 Alphabet Announces Fourth Quarter and Fiscal Year 2022 Results MOUNTAIN VIEW, Calif. – February 2, 2023 – Alphabet Inc. (NASDAQ: GOOG, GOOGL) today announced financial results for the quarter and fiscal year ended December 31, 2022. Sundar Pichai, CEO of Alphabet and Google, said: “Our long-term investments in deep computer science make us extremely well-positioned as AI reaches an inflection point, and I’m excited by the AI-driven leaps we’re about to unveil in Search and beyond. There’s also great momentum in Cloud, YouTube subscriptions, and our Pixel devices. We’re on an important journey to re-engineer our cost structure in a durable way and to build financially sustainable, vibrant, growing businesses across Alphabet.” ...",,,,REVIEW,https://www.sec.gov/cgi-bin/browse-edgar?action=getcompany&CIK=1652044
0001652044-23-000013:googexhibit991q42022.htm,"Alphabet Inc.  (GOOG, GOOGL)  (CIK 0001652044)",2023-02-02,"EX-99.1 2 googexhibit991q42022.htm EX-99.1 Document Exhibit 99.1 Alphabet Announces Fourth Quarter and Fiscal Year 2022 Results MOUNTAIN VIEW, Calif. – February 2, 2023 – Alphabet Inc. (NASDAQ: GOOG, GOOGL) today announced financial results for the quarter and fiscal year ended December 31, 2022. Sundar Pichai, CEO of Alphabet and Google, said: “Our long-term investments in deep computer science make us extremely well-positioned as AI reaches an inflection point, and I’m excited by the AI-driven leaps we’re about to unveil in Search and beyond. There’s also great momentum in Cloud, YouTube subscriptions, and our Pixel devices. We’re on an important journey to re-engineer our cost structure in a durable way and to build financially sustainable, vibrant, growing businesses across Alphabet.” ...",,,,REVIEW,https://www.sec.gov/cgi-bin/browse-edgar?action=getcompany&CIK=1652044
0001652044-23-000013:googexhibit991q42022.htm,"Alphabet Inc.  (GOOG, GOOGL)  (CIK 0001652044)",2023-02-02,"EX-99.1 2 googexhibit991q42022.htm EX-99.1 Document Exhibit 99.1 Alphabet Announces Fourth Quarter and Fiscal Year 2022 Results MOUNTAIN VIEW, Calif. – February 2, 2023 – Alphabet Inc. (NASDAQ: GOOG, GOOGL) today announced financial results for the quarter and fiscal year ended December 31, 2022. Sundar Pichai, CEO of Alphabet and Google, said: “Our long-term investments in deep computer science make us extremely well-positioned as AI reaches an inflection point, and I’m excited by the AI-driven leaps we’re about to unveil in Search and beyond. There’s also great momentum in Cloud, YouTube subscriptions, and our Pixel devices. We’re on an important journey to re-engineer our cost structure in a durable way and to build financially sustainable, vibrant, growing businesses across Alphabet.” ...",,,,REVIEW,https://www.sec.gov/cgi-bin/browse-edgar?action=getcompany&CIK=1652044
0001652044-23-000013:googexhibit991q42022.htm,"Alphabet Inc.  (GOOG, GOOGL)  (CIK 0001652044)",2023-02-02,"EX-99.1 2 googexhibit991q42022.htm EX-99.1 Document Exhibit 99.1 Alphabet Announces Fourth Quarter and Fiscal Year 2022 Results MOUNTAIN VIEW, Calif. – February 2, 2023 – Alphabet Inc. (NASDAQ: GOOG, GOOGL) today announced financial results for the quarter and fiscal year ended December 31, 2022. Sundar Pichai, CEO of Alphabet and Google, said: “Our long-term investments in deep computer science make us extremely well-positioned as AI reaches an inflection point, and I’m excited by the AI-driven leaps we’re about to unveil in Search and beyond. There’s also great momentum in Cloud, YouTube subscriptions, and our Pixel devices. We’re on an important journey to re-engineer our cost structure in a durable way and to build financially sustainable, vibrant, growing businesses across Alphabet.” ...",,,,REVIEW,https://www.sec.gov/cgi-bin/browse-edgar?action=getcompany&CIK=1652044
0001096906-23-000347:qmis-20230213.htm,QMIS TBS Capital Group Corp.  (CIK 0001796160),2023-02-13,"QMIS TBS CAPITAL GROUP CORP. - Form 8-K SEC filing 0001796160 false 0001796160 2023-02-13 2023-02-13 UNITED STATES SECURITIES AND EXCHANGE COMMISSION Washington, D.C. 20549 FORM 8-K CURRENT REPORT Pursuant to Section 13 or 15(d) of the Securities Exchange Act of 1934 Date of Report (Date of earliest event reported): February 13, 2023 QMIS TBS CAPITAL GROUP CORP. (Exact name of registrant as specified in its charter) Delaware 333-238872 32-0619708 (State or Other Jurisdiction of Incorporation or Organization) (Commission File No.) (I.R.S. Employer Identification No.) 100 N. Barranca St. #1000 West Covina , CA 91791 (Address of Principal Executive Offices) (Zip Code) Registrant’s telephone number, including area code: 917 - 675-3214 (Former name, former address and former fiscal year, if cha...",,,"1.01,2.01,3.02,5.06,9.01",Y,https://www.sec.gov/cgi-bin/browse-edgar?action=getcompany&CIK=1796160
0001193125-23-036580:d435431dex991.htm,"Vivint Smart Home, Inc.  (CIK 0001713952)",2023-02-14,"EX-99.1 2 d435431dex991.htm EX-99.1 EX-99.1 Exhibit 99.1 IN THE COURT OF CHANCERY OF THE STATE OF DELAWARE IN RE VIVINT SMART HOME, INC. ) C.A. No. 2023-____-___ ) VERIFIED PETITION FOR RELIEF PURSUANT TO 8 DEL. C. § 205 Petitioner Vivint Smart Home, Inc. (f/k/a Mosaic Acquisition Corp.) (“Vivint” or the “Company”), by and through its undersigned counsel, brings this petition pursuant to 8 Del. C. § 205, seeking to have this Court validate a potentially defective corporate act as follows: NATURE OF THE ACTION 1. The Company petitions this Court seeking similar relief that several other public entities have recently sought from this Court. Namely, the Company seeks to validate its Amended and Restated Certificate of Incorporation (the “New Certificate of Incorporation”) adopted in connectio...",,,"8.01,9.01",Y,https://www.sec.gov/cgi-bin/browse-edgar?action=getcompany&CIK=1713952
0001437749-23-003916:ex_478185.htm,"ASENSUS SURGICAL, INC.  (TRXDW)  (CIK 0000876378)",2023-02-21,"EX-99.2 3 ex_478185.htm EXHIBIT 99.2 ex_478185.htm Exhibit 99.2 Asensus Surgical Provides Corporate Update RESEARCH TRIANGLE PARK, N.C.--(GLOBE NEWSWIRE)--February 21, 2023-- Asensus Surgical, Inc. (NYSE American: ASXC), a medical device company that is digitizing the interface between the surgeon and the patient to pioneer a new era of Performance-Guided Surgery™, is providing this corporate update in conjunction with its previously announced Investor Day, which will be hosted today, beginning at 11:30am EST. “Our vision is to revolutionize the way surgery is performed and ultimately the way patients are treated. To date, we have made tremendous progress evolving robotically-assisted surgery into Digital Laparoscopy with the combination of our Senhance® Surgical System and the intelligent...",,,"7.01,8.01,9.01",Y,https://www.sec.gov/cgi-bin/browse-edgar?action=getcompany&CIK=876378
0001213900-23-017812:ea174675ex99-1_augmedix.htm,"Augmedix, Inc.  (AUGX)  (CIK 0001769804)",2023-03-06,"EX-99.1 3 ea174675ex99-1_augmedix.htm PRESS RELEASE DATED MARCH 1, 2023 Exhibit 99.1 March 1, 2023 Augmedix Names Rod O’Reilly as Non- Executive Chairman of the Board of Directors Proven Healthcare Technology Executive Joins Augmedix Board, Committed to Addressing Access, Outcomes and Physician Burnout SAN FRANCISCO, March 01, 2023 (GLOBE NEWSWIRE) — Augmedix Inc. (Nasdaq: AUGX), a healthcare technology company that delivers industry-leading, ambient medical documentation and data solutions, today announced that Rod O’Reilly has been named to the Augmedix Board of Directors as non-executive chairman. One of the most influential executives in healthcare technology, Mr. O’Reilly brings unmatched experience and relationships to help shape Augmedix’s long-term profitable growth strategy. Mr. O...",,,"5.02,7.01,8.01,9.01",Y,https://www.sec.gov/cgi-bin/browse-edgar?action=getcompany&CIK=1769804
0001558370-23-005593:prst-20230331xex10d1.htm,"Presto Automation Inc.  (PRST, PRSTW)  (CIK 0001822145)",2023-04-06,"EX-10.1 2 prst-20230331xex10d1.htm EX-10.1 Exhibit 10.1 ​ Execution Version ​ WAIVER AND FIRST AMENDMENT TO CREDIT AGREEMENT ​ This Waiver and First Amendment to Credit Agreement (this “ Amendment ”) dated as of March 31, 2023 (the “ First Amendment Effective Date ”), is by and among E LA CARTE, LLC (f/k/a Ventoux Merger Sub II LLC) a Delaware limited liability company (“ Presto ”), each other Person party hereto as a “Borrower” from time to time (each such Person, together with Presto, individually and collectively, the “ Borrower ”), PRESTO AUTOMATION INC. (f/k/a Ventoux CCM Acquisition Corp.), a Delaware corporation (the “ Parent ”) together with each other Guarantor from time to time party hereto, each a “ Guarantor ” and together with Borrower, each a “ Loan Party ” and collectively, ...",,,"1.01,2.03,3.02,9.01",Y,https://www.sec.gov/cgi-bin/browse-edgar?action=getcompany&CIK=1822145
0001140361-23-017717:brhc10051234_ex10-1.htm,"Boxed, Inc.  (CIK 0001828672)",2023-04-11,"EX-10.1 2 brhc10051234_ex10-1.htm EXHIBIT 10.1 Exhibit 10.1 EXECUTION VERSION ASSET PURCHASE AGREEMENT dated as of April 5, 2023 by and between BOXED, INC. and SPRESSO, LLC TABLE OF CONTENTS Page ARTICLE I DEFINITIONS 1 SECTION 1.01 Certain Defined Terms 1 SECTION 1.02 Terms Generally 12 ARTICLE II PURCHASE AND SALE OF TRANSFERRED ASSETS; ASSUMPTION OF ASSUMED LIABILITIES 13 SECTION 2.01 Purchase and Sale of Transferred Assets; Exclusion of Excluded Assets. 13 SECTION 2.02 Assumption of Assumed Liabilities; Retention of Retained Liabilities 16 SECTION 2.03 Purchase Price 16 SECTION 2.05 The Closing 17 SECTION 2.06 Deliveries for the Closing. 17 SECTION 2.07 Non-Assignment; Consent of Third Parties 17 SECTION 2.08 Wrong Pocket 19 SECTION 2.09 Allocation of Purchase Price 19 SECTION 2.10 Wit...",,,"1.01,9.01",Y,https://www.sec.gov/cgi-bin/browse-edgar?action=getcompany&CIK=1828672
0001437749-23-010408:ex_501442.htm,ICAD INC  (ICAD)  (CIK 0000749660),2023-04-17,"EX-99.1 3 ex_501442.htm EXHIBIT 99.1 ex_501442.htm Exhibit 99.1 iCAD Strengthens Leadership Team with Appointment of Chief Financial Officer and New Senior Executives Eric Lonnqvist as Chief Financial Officer, Vasu Avadhanula as Chief Product Officer, and Michelle Strong as Chief Operations Officer bolster the Company ’ s executive leadership team and accelerate the Company ’ s growth strategies NASHUA, N.H., April 17, 2023 – iCAD, Inc. (NASDAQ: ICAD), a global medical technology leader providing innovative cancer detection and therapy solutions, today announced the Board of Directors has approved the appointment of Eric Lonnqvist as Chief Financial Officer (CFO), effective immediately, as well as Vasu Avadhanula as Chief Product Officer (CPO) and Michelle Strong as Chief Operations Office...",,,"1.01,5.02,7.01,9.01",Y,https://www.sec.gov/cgi-bin/browse-edgar?action=getcompany&CIK=749660
0000950170-23-014248:htgm-20230425.htm,"HTG MOLECULAR DIAGNOSTICS, INC  (HTGMQ)  (CIK 0001169987)",2023-04-25,"8-K 0001169987 false 0001169987 2023-04-25 2023-04-25 UNITED STATES SECURITIES AND EXCHANGE COMMISSION Washington, D.C. 20549 FORM 8-K CURRENT REPORT Pursuant to Section 13 or 15(d) of the Securities Exchange Act of 1934 April 25, 2023 Date of Report (Date of earliest event reported) HTG Molecular Diagnostics, Inc. (Exact name of registrant as specified in its charter) Delaware 001-37369 86-0912294 (State or other jurisdiction of incorporation) (Commission File Number) (IRS Employer Identification No.) 3430 E. Global Loop Tucson , AZ 85706 (Address of principal executive offices) (Zip Code) Registrant’s telephone number, including area code: ( 877 ) 289-2615 N/A (Former name or former address, if changed since last report.) Check the appropriate box below if the Form 8-K filing is intended...",,,8.01,Y,https://www.sec.gov/cgi-bin/browse-edgar?action=getcompany&CIK=1169987
0001575872-23-000631:lg002_ex99-1.htm,"LOGIQ, INC.  (LGIQ)  (CIK 0001335112)",2023-04-26,"EX-99.1 3 lg002_ex99-1.htm EXHIBIT 99.1 Exhibit 99.1 Logiq Acquires Park Place Payments, Award-Winning, Women-Owned Fintech Company New York, NY, Apr. 26, 2023 (GLOBE NEWSWIRE) – Logiq, Inc. (OTCQX:LGIQ), a leading provider of digital consumer acquisition solutions, has acquired Park Place Payments , an award-winning fintech company delivering innovative merchant payment solutions and adjacent financial services to SMBs through a nationally distributed local sales force. Park Place is at the forefront of the booming gig economy , recruiting, training and motivating its independent account executives through a virtual workplace and online community. The company provides its sales force a unique opportunity to build an unlimited recurring income stream without any financial commitment. Over ...",,,"1.01,2.01,3.02,7.01,9.01",Y,https://www.sec.gov/cgi-bin/browse-edgar?action=getcompany&CIK=1335112
0001650372-23-000021:teamq32023shareholderlet.htm,Atlassian Corp  (TEAM)  (CIK 0001650372),2023-05-04,"EX-99.2 3 teamq32023shareholderlet.htm EX-99.2 teamq32023shareholderlet Q3 FY23 | May 4, 2023 Shareholder Letter Q3 FY23 2 From the CEOs Fellow shareholders, The past months have been a dynamic period in Atlassian’s history. We reorganized our company in response to the changing and difficult macroeconomic environment. We made tough calls to prioritize the most critical work and rebalanced our team so we can run faster at our top priorities, which unfortunately meant saying goodbye to roughly 500 Atlassians. Now we’re focused on executing. As a company, we have massive growth opportunities in front of us, particularly in cloud migrations, ITSM, and serving our enterprise customers in the cloud. Just as our agile DNA helps us respond to changes in the economic environment, our unique busine...",,,,REVIEW,https://www.sec.gov/cgi-bin/browse-edgar?action=getcompany&CIK=1650372
0000950170-23-022358:htgm-20230516.htm,"HTG MOLECULAR DIAGNOSTICS, INC  (HTGMQ)  (CIK 0001169987)",2023-05-16,"8-K 0001169987 false 0001169987 2023-05-16 2023-05-16 UNITED STATES SECURITIES AND EXCHANGE COMMISSION Washington, D.C. 20549 FORM 8-K CURRENT REPORT Pursuant to Section 13 or 15(d) of the Securities Exchange Act of 1934 May 16, 2023 Date of Report (Date of earliest event reported) HTG Molecular Diagnostics, Inc. (Exact name of registrant as specified in its charter) Delaware 001-37369 86-0912294 (State or other jurisdiction of incorporation) (Commission File Number) (IRS Employer Identification No.) 3430 E. Global Loop Tucson , AZ 85706 (Address of principal executive offices) (Zip Code) Registrant’s telephone number, including area code: ( 877 ) 289-2615 N/A (Former name or former address, if changed since last report.) Check the appropriate box below if the Form 8-K filing is intended t...",,,8.01,Y,https://www.sec.gov/cgi-bin/browse-edgar?action=getcompany&CIK=1169987
0001213900-23-041754:ea179025ex10-3_prestoauto.htm,"Presto Automation Inc.  (PRST, PRSTW)  (CIK 0001822145)",2023-05-22,"EX-10.3 4 ea179025ex10-3_prestoauto.htm SECOND AMENDMENT TO CREDIT AGREEMENT, DATED AS OF MAY 22, 2023 BY AND AMONG E LA CARTE, LLC (F/K/A VENTOUX MERGER SUB II LLC), PRESTO AUTOMATION INC. AND METROPOLITAN PARTNERS GROUP ADMINISTRATION, LLC Exhibit 10.3 Execution Version Second AMENDMENT TO CREDIT AGREEMENT Second Amendment to Credit Agreement (this “ Amendment ”) dated as of May 22, 2023, is by and among E LA CARTE, LLC (f/k/a Ventoux Merger Sub II LLC) a Delaware limited liability company (“ Presto ”), each other Person party hereto as a “Borrower” from time to time (each such Person, together with Presto, individually and collectively, the “ Borrower ”), PRESTO AUTOMATION INC. (f/k/a Ventoux CCM Acquisition Corp.), a Delaware corporation (the “ Parent ”) together with each other Guaran...",,,"1.01,3.02,7.01,9.01",Y,https://www.sec.gov/cgi-bin/browse-edgar?action=getcompany&CIK=1822145
0001477932-23-004220:ttcm_8k.htm,TAUTACHROME INC.  (TTCM)  (CIK 0001389067),2023-06-05,"ttcm_8k.htm 0001389067 false false 0001389067 2023-06-02 2023-06-02 iso4217:USD xbrli:shares iso4217:USD xbrli:shares UNITED STATES SECURITIES AND EXCHANGE COMMISSION Washington, D.C. 20549 FORM 8-K CURRENT REPORT PURSUANT TO SECTION 13 OR 15(D) OF THE SECURITIES EXCHANGE ACT OF 1934 Date of Report (date of earliest event reported) June 2, 2023 TAUTACHROME, INC. (Exact name of registrant as specified in its charter) Delaware 333-141907 84-2340972 (State or other jurisdiction of incorporation) (Commission File Number) (IRS Employer Identification No.) 1846 E. Innovation Park Drive , Oro Valley , Arizona 85755 (Address of principal executive offices) (Zip Code) Check the appropriate box below if the Form 8-K filing is intended to simultaneously satisfy the filing obligation of the registrant...",,,8.01,Y,https://www.sec.gov/cgi-bin/browse-edgar?action=getcompany&CIK=1389067
0001199835-23-000308:jewl_ex99-1.htm,Adamas One Corp.  (JEWL)  (CIK 0001884072),2023-06-05,"EX-99.1 3 jewl_ex99-1.htm PRESS RELEASE DATED MAY 31, 2023 Exhibit 99.1 Source: Adamas One Corp. May 31, 2023 08:30 ET Adamas One Acquires Minority Equity Stake in Artificial Intelligence Solutions Provider NexGenAI Solutions Group, Inc. Adamas to incorporate AI-driven solutions to optimize manufacturing, marketing, branding and communications related to its development of Lab-Grown Diamonds SCOTTSDALE, Ariz., May 31, 2023 (GLOBE NEWSWIRE) -- Adamas One Corp. ( N a s d a q: JEWL) (“Adamas One,” “Adamas” or the “Company”), The Original Lab-Grown Diamond Company™, a high-tech company that leverages proprietary technology to produce high-quality, single-crystal, Lab-Grown Diamonds for jewelry and diamond materials for industrial uses, today announces the acquisition of a 9.99 equity stake in ...",,,"1.01,3.02,8.01,9.01",Y,https://www.sec.gov/cgi-bin/browse-edgar?action=getcompany&CIK=1884072
0001104659-23-080337:tm2321041d1_8ka.htm,"Cartica Acquisition Corp  (CITE, CITEU, CITEW)  (CIK 0001848437)",2023-07-12,"0001848437 false 00-0000000 0001848437 2023-05-23 2023-05-23 0001848437 cite:UnitsEachConsistingOfOneClassOrdinaryShareAndOnehalfOfOneRedeemableWarrantMember 2023-05-23 2023-05-23 0001848437 cite:ClassOrdinaryShareParValue0.0001PerShareMember 2023-05-23 2023-05-23 0001848437 cite:RedeemableWarrantsMember 2023-05-23 2023-05-23 iso4217:USD xbrli:shares iso4217:USD xbrli:shares UNITED STATES SECURITIES AND EXCHANGE COMMISSION Washington, D.C. 20549 FORM 8-K/A (Amendment No. 1) CURRENT REPORT PURSUANT TO SECTION 13 OR 15(d) OF THE SECURITIES EXCHANGE ACT OF 1934 Date of Report (Date of earliest event reported): May 23, 2023 Cartica Acquisition Corp (Exact name of registrant as specified in its charter) Cayman Islands 001-41198 N/A (State or other jurisdiction of incorporation) (Commission File...",,,"1.01,1.02,5.02,8.01,9.01",Y,https://www.sec.gov/cgi-bin/browse-edgar?action=getcompany&CIK=1848437
0001628280-23-025834:exhibit991-reversestockspl.htm,"Ontrak, Inc.  (OTRK, OTRKP)  (CIK 0001136174)",2023-07-27,"EX-99.1 3 exhibit991-reversestockspl.htm EX-99.1 Document EXHIBIT 99.1 ONTRAK, INC. ANNOUNCES 1-FOR-6 REVERSE SPLIT Henderson, NV - Ontrak, Inc. (NASDAQ: OTRK) , a leading AI-powered and telehealth-enabled healthcare company, announced today that a 1-for-6 reverse split of its outstanding shares of common stock became effective at 6:00 p.m. Eastern Time on July 27, 2023. The company’s common stock is expected to trade on the Nasdaq Capital Market on a post-split basis at the open of trading on July 28, 2023. The company’s common stock will continue to trade under the symbol “OTRK,” but has been assigned a new CUSIP number (683373 302). Any fractional share of common stock resulting from the reverse split will be automatically rounded up to the nearest whole share. At a special meeting of s...",,,"8.01,9.01",Y,https://www.sec.gov/cgi-bin/browse-edgar?action=getcompany&CIK=1136174
0001650372-23-000035:teamq42023shareholderlet.htm,Atlassian Corp  (TEAM)  (CIK 0001650372),2023-08-03,"EX-99.2 3 teamq42023shareholderlet.htm EX-99.2 teamq42023shareholderlet Q4 FY23 | August 3, 2023 Shareholder Letter Q4 FY23 2 From the CEOs Fellow shareholders, We knew we’d be putting in the hard yakka this year 🇦🇺 , and that’s exactly what we’ve done. Atlassian ended FY23 with over 260,000 total customers and generated over $3.5 billion in revenue in the face of a challenging economy. And importantly, our three biggest bets are paying off, further strengthening our conviction in our strategy. 1. Cloud – 250,000 customers now power collaboration using our world-class cloud platform. And we’re delivering more platform innovations and enhancements to our 14 integrated products every quarter. Millions of users migrated from Server and Data Center to our Cloud offerings in FY23, drawn by the ...",,,,REVIEW,https://www.sec.gov/cgi-bin/browse-edgar?action=getcompany&CIK=1650372
0001493152-23-029524:ex99-1.htm,"IR-Med, Inc.  (IRME)  (CIK 0001839133)",2023-08-21,"EX-99.1 2 ex99-1.htm Exhibit 99.1 IR-MED Chairman & Interim CEO Issues Letter to Shareholders Rosh Pina, Israel, August 21, 2023 (GLOBE NEWSWIRE) — IR-MED Inc., (“IR-MED” or the “Company”) (OTCQB:IRME), developer of a noninvasive AI-driven infrared spectrographic analysis technology platform to address significant healthcare needs, today issued the following update to shareholders from its Chairman & Interim Chief Executive Officer. Dear Shareholders, On behalf of the Board and entire the team at IR MED, we thank you for being a long term shareholder of our company. Your trust in our ability to execute on a multi-billion opportunity is appreciated and it is our hope that you will be well-rewarded. As you may well be aware, we plan to uplist our common stock to a major exchange in the U.S.,...",,,"7.01,8.01,9.01",Y,https://www.sec.gov/cgi-bin/browse-edgar?action=getcompany&CIK=1839133
0001493152-23-030441:ex99-1.htm,"Clearday, Inc.  (CLRD)  (CIK 0000895665)",2023-08-29,"EX-99.1 3 ex99-1.htm Exhibit 99.1 Viveon Health Acquisition Corp. and Clearday, Inc. Announce Amendment to their Definitive Merger Agreement Norcross GA and San Antonio, TX (Aug. 29, 2023) (GLOBE NEWSWIRE) —Viveon Health Acquisition Corp. (NYSE American: VHAQ) (“Viveon”), a special purpose acquisition company, and Clearday, Inc. (CLRD) (“Clearday”), an innovative longevity technology company using an integrated platform of robotic companion care and AI-driven technology to serve the senior adult care sector, announced today that they have amended the terms of their previously announced Merger Agreement, dated as of April 5, 2023 (the “Merger Agreement”). Pursuant to the terms of the Merger Agreement, a business combination between Viveon and Clearday will be effected through the merger of ...",,,"1.01,7.01,9.01",Y,https://www.sec.gov/cgi-bin/browse-edgar?action=getcompany&CIK=895665
0001477932-23-006610:igen_ex991.htm,IGEN NETWORKS CORP  (IGEN)  (CIK 0001393540),2023-09-05,"EX-99.1 2 igen_ex991.htm PRESS RELEASE igen_ex991.htm EXHIBIT 99.1 IGEN and Prolog announce Industry’s First AI Program for the Next Generation of Commercial Fleet Solutions Lake Elsinore, CA – June 19, 2023 – IGEN Networks Corporation (OTC: IGEN), a leading innovator of asset management and supply-chain solutions with its exclusive technology partner Prolog, announces the development of the industry’s first Artificial Intelligence (AI) based commercial fleet solutions. IGEN and Prolog (Companies) have chosen four categories of software algorithms, the manufacture and development of low-cost AI video cameras, and finally the financing of these initiatives through the recently announced reverse-split of IGEN issued and outstanding shares. The four categories of patent-protected software alg...",,,"8.01,9.01",Y,https://www.sec.gov/cgi-bin/browse-edgar?action=getcompany&CIK=1393540
0001437749-23-025329:ex_567457.htm,"Ontrak, Inc.  (OTRK, OTRKP)  (CIK 0001136174)",2023-09-07,"EX-99.1 2 ex_567457.htm EXHIBIT 99.1 ex_567457.htm Exhibit 99.1 News Release For Immediate Release Ontrak Health's Study of Behavioral Health Patient Reported Outcomes Reveals 53-60% Reduction in Anxiety and Depressive Symptoms Continuous PHQ-9 and GAD-7 assessments confirm initial Patient Reported Outcome Measures (PROMs) findings that contribute to improved health outcomes for Ontrak Health members. Henderson, Nevada, September 7,2023 - Ontrak Health (NASDAQ: OTRK), a leading AI-powered and telehealth-enabled healthcare company, is pleased to announce the results of its 9-month post baseline follow-up behavioral health study that reinforces its positive initial findings. Leveraging industry-recognized PHQ-9 and GAD-7 assessments, Ontrak Health's Wholehealth+ program has contributed to 53...",,,"8.01,9.01",Y,https://www.sec.gov/cgi-bin/browse-edgar?action=getcompany&CIK=1136174
0000093751-23-000680:sttbarclaysconferencedec.htm,"STATE STREET CORP  (STT, STT-PG)  (CIK 0000093751)",2023-09-11,"EX-99.1 2 sttbarclaysconferencedec.htm EX-99.1 sttbarclaysconferencedec September 11, 2023 Barclays Global Financial Services Conference Lou Maiuri President, Chief Operating Officer and Head of Investment Services Eric Aboaf Vice Chairman and Chief Financial Officer Exhibit 99.1 2 This presentation (and the webcast accompanying it) contains forward-looking statements as defined by United States securities laws. These statements are not guarantees of future performance, are inherently uncertain, are based on assumptions that are difficult to predict and have a number of risks and uncertainties. The forward-looking statements in this presentation speak only as of the time this presentation is first furnished to the SEC on a Current Report on Form 8-K, and State Street does not undertake eff...",,,,REVIEW,https://www.sec.gov/cgi-bin/browse-edgar?action=getcompany&CIK=93751
0000093751-23-000680:sttbarclaysconferencedec.htm,"STATE STREET CORP  (STT, STT-PG)  (CIK 0000093751)",2023-09-11,"EX-99.1 2 sttbarclaysconferencedec.htm EX-99.1 sttbarclaysconferencedec September 11, 2023 Barclays Global Financial Services Conference Lou Maiuri President, Chief Operating Officer and Head of Investment Services Eric Aboaf Vice Chairman and Chief Financial Officer Exhibit 99.1 2 This presentation (and the webcast accompanying it) contains forward-looking statements as defined by United States securities laws. These statements are not guarantees of future performance, are inherently uncertain, are based on assumptions that are difficult to predict and have a number of risks and uncertainties. The forward-looking statements in this presentation speak only as of the time this presentation is first furnished to the SEC on a Current Report on Form 8-K, and State Street does not undertake eff...",,,,REVIEW,https://www.sec.gov/cgi-bin/browse-edgar?action=getcompany&CIK=93751
0001101680-23-000100:dniagreement-ex991xrelease.htm,DZS INC.  (DZSI)  (CIK 0001101680),2023-09-13,"EX-99.1 4 dniagreement-ex991xrelease.htm EX-99.1 Document Exhibit 99.1 Release September 2023 DZS Secures $29.7 Million in Financing DALLAS, Texas, USA, September 13, 2023 – DZS (Nasdaq: DZSI), a global leader of access, optical and AI-driven cloud software solutions, today announced it has secured $29.7 million in loans, including a $24.5 million 3-year term loan with 29% shareholder DASAN Networks, Inc. (DNI). The 3-year $24.5 million term loan with an annual interest rate of 8% complements approximately $5.2 million of short-term loans with South Korean bank financial partners. The cash will be used to pay off DZS’ existing term debt facility and line of credit. “As a major shareholder of DZS since 2016, we are inspired by the progress the company has made since the Board of Directors a...",,,"1.01,2.03,5.02,7.01,9.01",Y,https://www.sec.gov/cgi-bin/browse-edgar?action=getcompany&CIK=1101680
0000950170-23-049317:kld-ex99_1.htm,"KLDiscovery Inc.  (KLDI, KLDIW)  (CIK 0001752474)",2023-09-22,"EX-99.1 2 kld-ex99_1.htm EX-99.1 EX-99.1 Exhibit 99.1 KLDiscovery Inc. Announces Agreement to Acquire Cenza Technologies Private Limited to Establish Global Delivery Center in India The acquisition will strengthen KLDiscovery’s Managed Document Review and enhance the Company’s contract lifecycle management offering. Christopher Weiler, CEO of KLDiscovery, welcomes Aditya Mirza, CEO of Cenza, into the KLDiscovery family. EDEN PRAIRIE, MN—September 22, 2023— KLDiscovery Inc. (“KLD”), a leading global provider of electronic discovery, information governance, and data recovery services, today announced that it has signed a definitive agreement to acquire the business of Cenza Technologies Private Limited (“Cenza”), an India based alternative legal services provider (“ALSP”) that offers Contrac...",,,"8.01,9.01",Y,https://www.sec.gov/cgi-bin/browse-edgar?action=getcompany&CIK=1752474
0001493152-23-033684:ex99-1.htm,"IR-Med, Inc.  (IRME)  (CIK 0001839133)",2023-09-26,"EX-99.1 2 ex99-1.htm Exhibit 99.1 IR-MED to Conduct Usability Study with Methodist Healthcare of San Antonio for its PressureSafe Device Which is Slated for U.S. Launch in H1 2024 ● Study to address the substantial challenge of healthcare inequality in the early detection of pressure injuries in people of dark skin tones ● PressureSafe, a skin-color agnostic decision support device, uses AI and infrared light to see beneath skin’s surface to detect biomarkers of pressure injury ● Interim results from a usability study in Israel indicate PressureSafe identified early-stage pressure injuries with 96% accuracy Rosh Pina, Israel, September 26, 2023 — IR-MED Inc. , (“IR-MED” or the “Company”) (OTCQB:IRME), developer of a noninvasive artificial intelligence (AI) driven spectrographic analysis te...",,,"8.01,9.01",Y,https://www.sec.gov/cgi-bin/browse-edgar?action=getcompany&CIK=1839133
0000072971-23-000158:wfc3qer10-13x23ex991xrelea.htm,"WELLS FARGO & COMPANY/MN  (WFC, WFCNP, WFC-PA, WFC-PC, WFC-PD, WFC-PL, WFC-PY, WFC-PZ)  (CIK 0000072971)",2023-10-13,"EX-99.1 2 wfc3qer10-13x23ex991xrelea.htm EXHIBIT 99.1 Document Exhibit 99.1 News Release | October 13, 2023 Wells Fargo Reports Third Quarter 2023 Net Income of $5.8 billion, or $1.48 per Diluted Share Company-wide Financial Summary Quarter ended Sep 30, 2023 Sep 30, 2022 Selected Income Statement Data ($ in millions except per share amounts) Total revenue $ 20,857 19,566 Noninterest expense 13,113 14,306 Provision for credit losses 1 1,197 784 Net income 5,767 3,592 Diluted earnings per common share 1.48 0.86 Selected Balance Sheet Data ($ in billions) Average loans $ 943.2 945.5 Average deposits 1,340.3 1,407.9 CET1 2 11.0 % 10.3 Performance Metrics ROE 3 13.3 % 8.1 ROTCE 4 15.9 9.8 Operating Segments and Other Highlights Quarter ended Sep 30, 2023 % Change from ($ in billions) Sep 30, 2...",,,,REVIEW,https://www.sec.gov/cgi-bin/browse-edgar?action=getcompany&CIK=72971
0000072971-23-000158:wfc3qer10-13x23ex991xrelea.htm,"WELLS FARGO & COMPANY/MN  (WFC, WFCNP, WFC-PA, WFC-PC, WFC-PD, WFC-PL, WFC-PY, WFC-PZ)  (CIK 0000072971)",2023-10-13,"EX-99.1 2 wfc3qer10-13x23ex991xrelea.htm EXHIBIT 99.1 Document Exhibit 99.1 News Release | October 13, 2023 Wells Fargo Reports Third Quarter 2023 Net Income of $5.8 billion, or $1.48 per Diluted Share Company-wide Financial Summary Quarter ended Sep 30, 2023 Sep 30, 2022 Selected Income Statement Data ($ in millions except per share amounts) Total revenue $ 20,857 19,566 Noninterest expense 13,113 14,306 Provision for credit losses 1 1,197 784 Net income 5,767 3,592 Diluted earnings per common share 1.48 0.86 Selected Balance Sheet Data ($ in billions) Average loans $ 943.2 945.5 Average deposits 1,340.3 1,407.9 CET1 2 11.0 % 10.3 Performance Metrics ROE 3 13.3 % 8.1 ROTCE 4 15.9 9.8 Operating Segments and Other Highlights Quarter ended Sep 30, 2023 % Change from ($ in billions) Sep 30, 2...",,,,REVIEW,https://www.sec.gov/cgi-bin/browse-edgar?action=getcompany&CIK=72971
0000072971-23-000158:wfc3qer10-13x23ex991xrelea.htm,"WELLS FARGO & COMPANY/MN  (WFC, WFCNP, WFC-PA, WFC-PC, WFC-PD, WFC-PL, WFC-PY, WFC-PZ)  (CIK 0000072971)",2023-10-13,"EX-99.1 2 wfc3qer10-13x23ex991xrelea.htm EXHIBIT 99.1 Document Exhibit 99.1 News Release | October 13, 2023 Wells Fargo Reports Third Quarter 2023 Net Income of $5.8 billion, or $1.48 per Diluted Share Company-wide Financial Summary Quarter ended Sep 30, 2023 Sep 30, 2022 Selected Income Statement Data ($ in millions except per share amounts) Total revenue $ 20,857 19,566 Noninterest expense 13,113 14,306 Provision for credit losses 1 1,197 784 Net income 5,767 3,592 Diluted earnings per common share 1.48 0.86 Selected Balance Sheet Data ($ in billions) Average loans $ 943.2 945.5 Average deposits 1,340.3 1,407.9 CET1 2 11.0 % 10.3 Performance Metrics ROE 3 13.3 % 8.1 ROTCE 4 15.9 9.8 Operating Segments and Other Highlights Quarter ended Sep 30, 2023 % Change from ($ in billions) Sep 30, 2...",,,,REVIEW,https://www.sec.gov/cgi-bin/browse-edgar?action=getcompany&CIK=72971
0000072971-23-000158:wfc3qer10-13x23ex991xrelea.htm,"WELLS FARGO & COMPANY/MN  (WFC, WFCNP, WFC-PA, WFC-PC, WFC-PD, WFC-PL, WFC-PY, WFC-PZ)  (CIK 0000072971)",2023-10-13,"EX-99.1 2 wfc3qer10-13x23ex991xrelea.htm EXHIBIT 99.1 Document Exhibit 99.1 News Release | October 13, 2023 Wells Fargo Reports Third Quarter 2023 Net Income of $5.8 billion, or $1.48 per Diluted Share Company-wide Financial Summary Quarter ended Sep 30, 2023 Sep 30, 2022 Selected Income Statement Data ($ in millions except per share amounts) Total revenue $ 20,857 19,566 Noninterest expense 13,113 14,306 Provision for credit losses 1 1,197 784 Net income 5,767 3,592 Diluted earnings per common share 1.48 0.86 Selected Balance Sheet Data ($ in billions) Average loans $ 943.2 945.5 Average deposits 1,340.3 1,407.9 CET1 2 11.0 % 10.3 Performance Metrics ROE 3 13.3 % 8.1 ROTCE 4 15.9 9.8 Operating Segments and Other Highlights Quarter ended Sep 30, 2023 % Change from ($ in billions) Sep 30, 2...",,,,REVIEW,https://www.sec.gov/cgi-bin/browse-edgar?action=getcompany&CIK=72971
0000072971-23-000158:wfc3qer10-13x23ex991xrelea.htm,"WELLS FARGO & COMPANY/MN  (WFC, WFCNP, WFC-PA, WFC-PC, WFC-PD, WFC-PL, WFC-PY, WFC-PZ)  (CIK 0000072971)",2023-10-13,"EX-99.1 2 wfc3qer10-13x23ex991xrelea.htm EXHIBIT 99.1 Document Exhibit 99.1 News Release | October 13, 2023 Wells Fargo Reports Third Quarter 2023 Net Income of $5.8 billion, or $1.48 per Diluted Share Company-wide Financial Summary Quarter ended Sep 30, 2023 Sep 30, 2022 Selected Income Statement Data ($ in millions except per share amounts) Total revenue $ 20,857 19,566 Noninterest expense 13,113 14,306 Provision for credit losses 1 1,197 784 Net income 5,767 3,592 Diluted earnings per common share 1.48 0.86 Selected Balance Sheet Data ($ in billions) Average loans $ 943.2 945.5 Average deposits 1,340.3 1,407.9 CET1 2 11.0 % 10.3 Performance Metrics ROE 3 13.3 % 8.1 ROTCE 4 15.9 9.8 Operating Segments and Other Highlights Quarter ended Sep 30, 2023 % Change from ($ in billions) Sep 30, 2...",,,,REVIEW,https://www.sec.gov/cgi-bin/browse-edgar?action=getcompany&CIK=72971
0000072971-23-000158:wfc3qer10-13x23ex991xrelea.htm,"WELLS FARGO & COMPANY/MN  (WFC, WFCNP, WFC-PA, WFC-PC, WFC-PD, WFC-PL, WFC-PY, WFC-PZ)  (CIK 0000072971)",2023-10-13,"EX-99.1 2 wfc3qer10-13x23ex991xrelea.htm EXHIBIT 99.1 Document Exhibit 99.1 News Release | October 13, 2023 Wells Fargo Reports Third Quarter 2023 Net Income of $5.8 billion, or $1.48 per Diluted Share Company-wide Financial Summary Quarter ended Sep 30, 2023 Sep 30, 2022 Selected Income Statement Data ($ in millions except per share amounts) Total revenue $ 20,857 19,566 Noninterest expense 13,113 14,306 Provision for credit losses 1 1,197 784 Net income 5,767 3,592 Diluted earnings per common share 1.48 0.86 Selected Balance Sheet Data ($ in billions) Average loans $ 943.2 945.5 Average deposits 1,340.3 1,407.9 CET1 2 11.0 % 10.3 Performance Metrics ROE 3 13.3 % 8.1 ROTCE 4 15.9 9.8 Operating Segments and Other Highlights Quarter ended Sep 30, 2023 % Change from ($ in billions) Sep 30, 2...",,,,REVIEW,https://www.sec.gov/cgi-bin/browse-edgar?action=getcompany&CIK=72971
0000072971-23-000158:wfc3qer10-13x23ex991xrelea.htm,"WELLS FARGO & COMPANY/MN  (WFC, WFCNP, WFC-PA, WFC-PC, WFC-PD, WFC-PL, WFC-PY, WFC-PZ)  (CIK 0000072971)",2023-10-13,"EX-99.1 2 wfc3qer10-13x23ex991xrelea.htm EXHIBIT 99.1 Document Exhibit 99.1 News Release | October 13, 2023 Wells Fargo Reports Third Quarter 2023 Net Income of $5.8 billion, or $1.48 per Diluted Share Company-wide Financial Summary Quarter ended Sep 30, 2023 Sep 30, 2022 Selected Income Statement Data ($ in millions except per share amounts) Total revenue $ 20,857 19,566 Noninterest expense 13,113 14,306 Provision for credit losses 1 1,197 784 Net income 5,767 3,592 Diluted earnings per common share 1.48 0.86 Selected Balance Sheet Data ($ in billions) Average loans $ 943.2 945.5 Average deposits 1,340.3 1,407.9 CET1 2 11.0 % 10.3 Performance Metrics ROE 3 13.3 % 8.1 ROTCE 4 15.9 9.8 Operating Segments and Other Highlights Quarter ended Sep 30, 2023 % Change from ($ in billions) Sep 30, 2...",,,,REVIEW,https://www.sec.gov/cgi-bin/browse-edgar?action=getcompany&CIK=72971
0000072971-23-000158:wfc3qer10-13x23ex991xrelea.htm,"WELLS FARGO & COMPANY/MN  (WFC, WFCNP, WFC-PA, WFC-PC, WFC-PD, WFC-PL, WFC-PY, WFC-PZ)  (CIK 0000072971)",2023-10-13,"EX-99.1 2 wfc3qer10-13x23ex991xrelea.htm EXHIBIT 99.1 Document Exhibit 99.1 News Release | October 13, 2023 Wells Fargo Reports Third Quarter 2023 Net Income of $5.8 billion, or $1.48 per Diluted Share Company-wide Financial Summary Quarter ended Sep 30, 2023 Sep 30, 2022 Selected Income Statement Data ($ in millions except per share amounts) Total revenue $ 20,857 19,566 Noninterest expense 13,113 14,306 Provision for credit losses 1 1,197 784 Net income 5,767 3,592 Diluted earnings per common share 1.48 0.86 Selected Balance Sheet Data ($ in billions) Average loans $ 943.2 945.5 Average deposits 1,340.3 1,407.9 CET1 2 11.0 % 10.3 Performance Metrics ROE 3 13.3 % 8.1 ROTCE 4 15.9 9.8 Operating Segments and Other Highlights Quarter ended Sep 30, 2023 % Change from ($ in billions) Sep 30, 2...",,,,REVIEW,https://www.sec.gov/cgi-bin/browse-edgar?action=getcompany&CIK=72971
0001830210-23-000178:exhibit992investorupdatepr.htm,"Benson Hill, Inc.  (BHIL, BHILW)  (CIK 0001830210)",2023-10-31,"EX-99.2 5 exhibit992investorupdatepr.htm EX-99.2 INVESTOR RELEASE Document Exhibit 99.2 Benson Hill Takes Steps to Strengthen Financial Position and Accelerate Shift to Asset-Light Model Focused on Animal Feed Markets • Expanded Liquidity Improvement Plan includes planned divestitures of processing facilities to enable an asset-light business model • Management has already secured nearly 50% of the cash needed to retire senior term debt • Commercially available proprietary soybean varieties and a future innovation pipeline give Benson Hill a first-mover advantage in animal feed and pet food • Deanie Elsner appointed permanent Chief Executive Officer to continue leading the evolution of Benson Hill ST. LOUIS, MO – Oct. 31, 2023 – Benson Hill , Inc. (NYSE: BHIL, the “Company” or “Benson Hill...",,,"1.01,2.03,5.02,7.01,9.01",Y,https://www.sec.gov/cgi-bin/browse-edgar?action=getcompany&CIK=1830210
0001650372-23-000058:teamq12024shareholderlet.htm,Atlassian Corp  (TEAM)  (CIK 0001650372),2023-11-02,"EX-99.2 3 teamq12024shareholderlet.htm EX-99.2 teamq12024shareholderlet Shareholder Letter Q1 FY24 | November 2, 2023 Q1 FY24 Fellow shareholders, Over the past year, we’ve talked about playing offense in this challenging environment to strengthen our position and build an enduring 100+ year company. That’s exactly what we’ve done. You won’t find Atlassian sitting still, waiting for macro conditions to change. We continue to push hard on cloud, enterprise, and ITSM (covered in detail last quarter). Cloud momentum remains high, with the number of users migrated over the past year up nearly 50%. Customers are adopting Premium and Enterprise editions of our cloud products at a high rate in response to the steady stream of innovation and enterprise-grade capabilities we roll out each quarter. ...",,,,REVIEW,https://www.sec.gov/cgi-bin/browse-edgar?action=getcompany&CIK=1650372
0001558370-23-018445:krbp-20231109xex99d1.htm,"Kiromic Biopharma, Inc.  (KRBP)  (CIK 0001792581)",2023-11-09,"EX-99.1 2 krbp-20231109xex99d1.htm EX-99.1 Exhibit 99.1 PAGE | 1 Revolutionizing CAR T-Cell Therapy BioPharma OTC PINK: KRBP Kiromic.com NOVEMBER 2023 PAGE | Forward Looking Statements 2 This presentation contains forward-looking statements that involve substantial risks and uncertainties. Kiromic makes such forward-looking statements pursuant to the safe harbor provisions of the United States Private Securities Litigation Reform Act, Section 21E of the Securities Exchange Act of 1934, as amended, and other federal securities laws. All statements other than statements of historical facts are forward-looking statements. In some cases, you can identify forward-looking statements by terms such as: “will,” “potential,” “could,” “can,” “believe,” “intends,” “continue,” “plans,” “expects,” “anti...",,,"7.01,8.01,9.01",Y,https://www.sec.gov/cgi-bin/browse-edgar?action=getcompany&CIK=1792581
0000950170-23-064996:kldi-20231120.htm,"KLDiscovery Inc.  (KLDI, KLDIW)  (CIK 0001752474)",2023-11-20,"8-K false 0001752474 NONE 0001752474 2023-11-20 2023-11-20 UNITED STATES SECURITIES AND EXCHANGE COMMISSION WASHINGTON, D.C. 20549 FORM 8-K CURRENT REPORT Pursuant to Section 13 or 15(d) of the Securities Exchange Act of 1934 Date of Report (Date of earliest event reported): November 20, 2023 KLDiscovery Inc. (Exact name of Registrant as Specified in Its Charter) Delaware 001-38789 61-1898603 (State or Other Jurisdiction of Incorporation) (Commission File Number) (IRS Employer Identification No.) 9023 Columbine Road Eden Prairie , Minnesota 55347 (Address of Principal Executive Offices) (Zip Code) Registrant’s Telephone Number, Including Area Code: 703 288-3380 (Former Name or Former Address, if Changed Since Last Report) Check the appropriate box below if the Form 8-K filing is intended t...",,,"8.01,9.01",Y,https://www.sec.gov/cgi-bin/browse-edgar?action=getcompany&CIK=1752474
0001477932-23-008828:knit_8k.htm,KINETIC GROUP INC.  (KNIT)  (CIK 0001696195),2023-11-28,"knit_8k.htm 0001696195 false 0001696195 2023-11-23 2023-11-23 iso4217:USD xbrli:shares iso4217:USD xbrli:shares UNITED STATES SECURITIES AND EXCHANGE COMMISSION WASHINGTON, D.C. 20549 FORM 8-K CURRENT REPORT Pursuant to Section 13 or 15(d) of the Securities Exchange Act of 1934 Date of report (Date of earliest event reported): November 23, 2023 KINETIC GROUP INC (Exact name of registrant as specified in its charter) Nevada 333-216047 47-4685650 (State or other jurisdiction of incorporation) (Commission File Number) (I.R.S. Employer Identification Number) 2801 NW 74TH Avenue , Miami FL 33122 (Address of principal executive offices) 786 7126827 (Registrant’s telephone number, including area code) ______________________________________________ (Former name or former address, if changed since ...",,,"1.01,4.01,5.02",Y,https://www.sec.gov/cgi-bin/browse-edgar?action=getcompany&CIK=1696195
0001213900-23-099248:ea190806ex99-1_prospect.htm,Prospector Capital Corp.  (CIK 0001825473),2023-12-28,"EX-99.1 3 ea190806ex99-1_prospect.htm PRESS RELEASE, DATED DECEMBER 21, 2023 Exhibit 99.1 PRESS RELEASE LeddarTech Becomes a Publicly Traded Company After Completing Business Combination with Prospector Capital Corp., Will Commence Trading on Nasdaq Under Ticker Symbol “LDTC” QUEBEC CITY, Canada, December 21, 2023 — LeddarTech ® , an automotive software company that provides patented disruptive AI-based low-level sensor fusion and perception software technology for advanced driver assistance systems (ADAS) and autonomous driving (AD), is pleased to announce the completion of its business combination, previously announced on June 13, 2023 with Prospector Capital Corp. (“Prospector”) (formerly Nasdaq: PRSR, PRSRU, PRSRW) today. Commencing at the opening of trading on December 22, 2023, Ledda...",,,"1.01,1.02,2.01,3.01,3.03,5.01,5.02,8.01,9.01",Y,https://www.sec.gov/cgi-bin/browse-edgar?action=getcompany&CIK=1825473
0001437749-24-000610:ex_612210.htm,"ASENSUS SURGICAL, INC.  (TRXDW)  (CIK 0000876378)",2024-01-04,"EX-99.1 2 ex_612210.htm EXHIBIT 99.1 ex_612210.htm Exhibit 99.1 Asensus Surgical Completes In Vivo Surgeon Lab for LUNA Surgical Robotic System Surgeons Applaud LUNA's Innovative Capabilities RESEARCH TRIANGLE PARK, N.C.--(GLOBE NEWSWIRE)--January 4, 2024 -- Asensus Surgical, Inc. (NYSE American: ASXC), a medical device company that is digitizing the interface between the surgeon and the patient, announced a key development milestone for LUNA™, the Company’s second-generation surgical robotic system. During the week of December 11, 2023, the Company hosted a Surgeon Lab in Research Triangle Park, North Carolina to conduct an in vivo evaluation of LUNA’s hardware, software and instruments in porcine models. The lab allowed nine participating surgeons to evaluate the system's functionality t...",,,"8.01,9.01",Y,https://www.sec.gov/cgi-bin/browse-edgar?action=getcompany&CIK=876378
0000950170-24-003515:mdrx-ex99_2.htm,Veradigm Inc.  (MDRX)  (CIK 0001124804),2024-01-10,"EX-99.2 3 mdrx-ex99_2.htm EX-99.2 JP Morgan Healthcare Conference Building for the Future January 10, 2024 Exh. 99.2 Disclaimer & Forward-Looking Statements The estimated financial results contained in this presentation are preliminary, and final results for fiscal year 2023 may change. These preliminary results are based upon our estimates and are subject to completion of our financial closing procedures. In addition, these preliminary results have not been audited by our independent registered public accounting firm. This summary of recent results is not a comprehensive statement of our financial results for fiscal 2023. This presentation contains forward-looking statements within the meaning of the Private Securities Litigation Reform Act of 1995. These forward-looking statements includ...",,,"2.02,3.01,7.01,8.01,9.01",Y,https://www.sec.gov/cgi-bin/browse-edgar?action=getcompany&CIK=1124804
0001731122-24-000055:e5334_ex99-1.htm,"Forza X1, Inc.  (FRZA)  (CIK 0001901305)",2024-01-11,"EX-99.1 2 e5334_ex99-1.htm EXHIBIT 99.1 EXHIBIT 99.1 Avikus, Forza X1, Inc. and Twin Vee PowerCats Co. Announce Plans for the Future of Recreational Boating with Autonomous A.I. Technology Partnership SEOUL, SOUTH KOREA AND FORT PIERCE, FL / ACCESSWIRE / January 11, 2024 — Forza X1, Inc. (Nasdaq: FRZA) (“Forza”, the “Company”), a developer of electric sport boats, revealed yesterday that it entered a groundbreaking partnership with Avikus Co., Ltd. (a startup specializing in autonomous navigation solutions, was established in December 2020 by H.D. Hyundai, the world’s No. 1 shipbuilder) and former parent company, Twin Vee PowerCats Co. (Nasdaq:VEEE) that is set to redefine the landscape of recreational sport boating. This partnership aims to create the world’s first autonomously equipped r...",,,"8.01,9.01",Y,https://www.sec.gov/cgi-bin/browse-edgar?action=getcompany&CIK=1901305
0000072971-24-000004:ex993-wellsfargo4q23pres.htm,"WELLS FARGO & COMPANY/MN  (WFC, WFCNP, WFC-PA, WFC-PC, WFC-PD, WFC-PL, WFC-PY, WFC-PZ)  (CIK 0000072971)",2024-01-12,"EX-99.3 4 ex993-wellsfargo4q23pres.htm EXHIBIT 99.3 ex993-wellsfargo4q23pres © 2024 Wells Fargo Bank, N.A. All rights reserved. 4Q23 Financial Results January 12, 2024 Exhibit 99.3 24Q23 Financial Results • Provided products to help customers avoid overdraft fees and meet short-term cash needs: – Over 3.2 million Clear Access BankingSM accounts, our checking account with no overdraft fees – Originated over 350,000 new Flex Loan accounts; a digital only, small dollar, short-term credit product • Banking Inclusion Initiative: Introduced HOPE Inside Centers in 15 markets now supporting 57 retail branches that provide financial education workshops and free one-on-one coaching • Refurbished over 550 branches for our customers and employees • Exceeded our $150 million Special Purpose Credit Prog...",,,,REVIEW,https://www.sec.gov/cgi-bin/browse-edgar?action=getcompany&CIK=72971
0000072971-24-000004:ex993-wellsfargo4q23pres.htm,"WELLS FARGO & COMPANY/MN  (WFC, WFCNP, WFC-PA, WFC-PC, WFC-PD, WFC-PL, WFC-PY, WFC-PZ)  (CIK 0000072971)",2024-01-12,"EX-99.3 4 ex993-wellsfargo4q23pres.htm EXHIBIT 99.3 ex993-wellsfargo4q23pres © 2024 Wells Fargo Bank, N.A. All rights reserved. 4Q23 Financial Results January 12, 2024 Exhibit 99.3 24Q23 Financial Results • Provided products to help customers avoid overdraft fees and meet short-term cash needs: – Over 3.2 million Clear Access BankingSM accounts, our checking account with no overdraft fees – Originated over 350,000 new Flex Loan accounts; a digital only, small dollar, short-term credit product • Banking Inclusion Initiative: Introduced HOPE Inside Centers in 15 markets now supporting 57 retail branches that provide financial education workshops and free one-on-one coaching • Refurbished over 550 branches for our customers and employees • Exceeded our $150 million Special Purpose Credit Prog...",,,,REVIEW,https://www.sec.gov/cgi-bin/browse-edgar?action=getcompany&CIK=72971
0000072971-24-000004:ex993-wellsfargo4q23pres.htm,"WELLS FARGO & COMPANY/MN  (WFC, WFCNP, WFC-PA, WFC-PC, WFC-PD, WFC-PL, WFC-PY, WFC-PZ)  (CIK 0000072971)",2024-01-12,"EX-99.3 4 ex993-wellsfargo4q23pres.htm EXHIBIT 99.3 ex993-wellsfargo4q23pres © 2024 Wells Fargo Bank, N.A. All rights reserved. 4Q23 Financial Results January 12, 2024 Exhibit 99.3 24Q23 Financial Results • Provided products to help customers avoid overdraft fees and meet short-term cash needs: – Over 3.2 million Clear Access BankingSM accounts, our checking account with no overdraft fees – Originated over 350,000 new Flex Loan accounts; a digital only, small dollar, short-term credit product • Banking Inclusion Initiative: Introduced HOPE Inside Centers in 15 markets now supporting 57 retail branches that provide financial education workshops and free one-on-one coaching • Refurbished over 550 branches for our customers and employees • Exceeded our $150 million Special Purpose Credit Prog...",,,,REVIEW,https://www.sec.gov/cgi-bin/browse-edgar?action=getcompany&CIK=72971
0000072971-24-000004:ex993-wellsfargo4q23pres.htm,"WELLS FARGO & COMPANY/MN  (WFC, WFCNP, WFC-PA, WFC-PC, WFC-PD, WFC-PL, WFC-PY, WFC-PZ)  (CIK 0000072971)",2024-01-12,"EX-99.3 4 ex993-wellsfargo4q23pres.htm EXHIBIT 99.3 ex993-wellsfargo4q23pres © 2024 Wells Fargo Bank, N.A. All rights reserved. 4Q23 Financial Results January 12, 2024 Exhibit 99.3 24Q23 Financial Results • Provided products to help customers avoid overdraft fees and meet short-term cash needs: – Over 3.2 million Clear Access BankingSM accounts, our checking account with no overdraft fees – Originated over 350,000 new Flex Loan accounts; a digital only, small dollar, short-term credit product • Banking Inclusion Initiative: Introduced HOPE Inside Centers in 15 markets now supporting 57 retail branches that provide financial education workshops and free one-on-one coaching • Refurbished over 550 branches for our customers and employees • Exceeded our $150 million Special Purpose Credit Prog...",,,,REVIEW,https://www.sec.gov/cgi-bin/browse-edgar?action=getcompany&CIK=72971
0000072971-24-000004:ex993-wellsfargo4q23pres.htm,"WELLS FARGO & COMPANY/MN  (WFC, WFCNP, WFC-PA, WFC-PC, WFC-PD, WFC-PL, WFC-PY, WFC-PZ)  (CIK 0000072971)",2024-01-12,"EX-99.3 4 ex993-wellsfargo4q23pres.htm EXHIBIT 99.3 ex993-wellsfargo4q23pres © 2024 Wells Fargo Bank, N.A. All rights reserved. 4Q23 Financial Results January 12, 2024 Exhibit 99.3 24Q23 Financial Results • Provided products to help customers avoid overdraft fees and meet short-term cash needs: – Over 3.2 million Clear Access BankingSM accounts, our checking account with no overdraft fees – Originated over 350,000 new Flex Loan accounts; a digital only, small dollar, short-term credit product • Banking Inclusion Initiative: Introduced HOPE Inside Centers in 15 markets now supporting 57 retail branches that provide financial education workshops and free one-on-one coaching • Refurbished over 550 branches for our customers and employees • Exceeded our $150 million Special Purpose Credit Prog...",,,,REVIEW,https://www.sec.gov/cgi-bin/browse-edgar?action=getcompany&CIK=72971
0000072971-24-000004:ex993-wellsfargo4q23pres.htm,"WELLS FARGO & COMPANY/MN  (WFC, WFCNP, WFC-PA, WFC-PC, WFC-PD, WFC-PL, WFC-PY, WFC-PZ)  (CIK 0000072971)",2024-01-12,"EX-99.3 4 ex993-wellsfargo4q23pres.htm EXHIBIT 99.3 ex993-wellsfargo4q23pres © 2024 Wells Fargo Bank, N.A. All rights reserved. 4Q23 Financial Results January 12, 2024 Exhibit 99.3 24Q23 Financial Results • Provided products to help customers avoid overdraft fees and meet short-term cash needs: – Over 3.2 million Clear Access BankingSM accounts, our checking account with no overdraft fees – Originated over 350,000 new Flex Loan accounts; a digital only, small dollar, short-term credit product • Banking Inclusion Initiative: Introduced HOPE Inside Centers in 15 markets now supporting 57 retail branches that provide financial education workshops and free one-on-one coaching • Refurbished over 550 branches for our customers and employees • Exceeded our $150 million Special Purpose Credit Prog...",,,,REVIEW,https://www.sec.gov/cgi-bin/browse-edgar?action=getcompany&CIK=72971
0000072971-24-000004:ex993-wellsfargo4q23pres.htm,"WELLS FARGO & COMPANY/MN  (WFC, WFCNP, WFC-PA, WFC-PC, WFC-PD, WFC-PL, WFC-PY, WFC-PZ)  (CIK 0000072971)",2024-01-12,"EX-99.3 4 ex993-wellsfargo4q23pres.htm EXHIBIT 99.3 ex993-wellsfargo4q23pres © 2024 Wells Fargo Bank, N.A. All rights reserved. 4Q23 Financial Results January 12, 2024 Exhibit 99.3 24Q23 Financial Results • Provided products to help customers avoid overdraft fees and meet short-term cash needs: – Over 3.2 million Clear Access BankingSM accounts, our checking account with no overdraft fees – Originated over 350,000 new Flex Loan accounts; a digital only, small dollar, short-term credit product • Banking Inclusion Initiative: Introduced HOPE Inside Centers in 15 markets now supporting 57 retail branches that provide financial education workshops and free one-on-one coaching • Refurbished over 550 branches for our customers and employees • Exceeded our $150 million Special Purpose Credit Prog...",,,,REVIEW,https://www.sec.gov/cgi-bin/browse-edgar?action=getcompany&CIK=72971
0000072971-24-000004:ex993-wellsfargo4q23pres.htm,"WELLS FARGO & COMPANY/MN  (WFC, WFCNP, WFC-PA, WFC-PC, WFC-PD, WFC-PL, WFC-PY, WFC-PZ)  (CIK 0000072971)",2024-01-12,"EX-99.3 4 ex993-wellsfargo4q23pres.htm EXHIBIT 99.3 ex993-wellsfargo4q23pres © 2024 Wells Fargo Bank, N.A. All rights reserved. 4Q23 Financial Results January 12, 2024 Exhibit 99.3 24Q23 Financial Results • Provided products to help customers avoid overdraft fees and meet short-term cash needs: – Over 3.2 million Clear Access BankingSM accounts, our checking account with no overdraft fees – Originated over 350,000 new Flex Loan accounts; a digital only, small dollar, short-term credit product • Banking Inclusion Initiative: Introduced HOPE Inside Centers in 15 markets now supporting 57 retail branches that provide financial education workshops and free one-on-one coaching • Refurbished over 550 branches for our customers and employees • Exceeded our $150 million Special Purpose Credit Prog...",,,,REVIEW,https://www.sec.gov/cgi-bin/browse-edgar?action=getcompany&CIK=72971
0001193125-24-012173:d152784dex991.htm,"Vroom, Inc.  (VRM)  (CIK 0001580864)",2024-01-22,"EX-99.1 2 d152784dex991.htm EX-99.1 EX-99.1 Exhibit 99.1 Vroom Announces Wind-Down of Ecommerce Used Vehicle Operations HOUSTON—(BUSINESS WIRE) –January 22, 2024—Vroom, Inc. (Nasdaq:VRM) (Vroom, or the Company), a leading ecommerce platform for buying and selling used vehicles, today announced that it is discontinuing its ecommerce operations and winding down its used vehicle dealership business in order to preserve liquidity and enable the Company to maximize stakeholder value through its remaining businesses. Vroom owns and operates United Auto Credit Corporation (UACC), a leading automotive finance company, and CarStory, a leader in AI-powered analytics and digital services for automotive retail. UACC and CarStory will continue to serve their third-party customers and focus on growing t...",,,"1.01,2.05,7.01,9.01",Y,https://www.sec.gov/cgi-bin/browse-edgar?action=getcompany&CIK=1580864
0001650372-24-000007:ex991q2fy24.htm,Atlassian Corp  (TEAM)  (CIK 0001650372),2024-02-01,"EX-99.1 2 ex991q2fy24.htm EX-99.1 Document Atlassian Announces Second Quarter Fiscal Year 2024 Results Quarterly revenue of $1,060 million, up 21% year-over-year Quarterly subscription revenue of $932 million, up 31% year-over-year Quarterly GAAP operating margin of (5%) and non-GAAP operating margin of 24% Quarterly cash flow from operations of $290 million and free cash flow of $284 million Team Anywhere/San Francisco (February 1, 2024) — Atlassian Corporation (NASDAQ: TEAM), a leading provider of team collaboration and productivity software, today announced financial results for its second quarter ended December 31, 2023 and released a shareholder letter available on Atlassian’s Work Life blog at http://atlassian.com/blog/announcements/shareholder-letter-q2fy24 . The shareholder letter ...",,,,REVIEW,https://www.sec.gov/cgi-bin/browse-edgar?action=getcompany&CIK=1650372
0001493152-24-005096:ex99-1.htm,"BullFrog AI Holdings, Inc.  (BFRG, BFRGW)  (CIK 0001829247)",2024-02-06,"EX-99.1 6 ex99-1.htm Exhibit 99.1 February 1, 2024 Bullfrog AI Announces Pricing of $5.7 Million Public Offering GAITHERSBURG, MD / ACCESSWIRE /February 1, 2024 / BullFrog AI Holdings, Inc. (NASDAQ:BFRG; BFRGW) (“Bullfrog AI” or the “Company”), a technology-enabled drug development company using artificial intelligence (AI) and machine learning to enable the successful development of pharmaceuticals and biologics, announced today the pricing of an underwritten public offering of an aggregate of 1,507,139 shares of common stock (or pre-funded warrants (“Pre-Funded Warrants”) in lieu thereof) and accompanying warrants to purchase 1,507,139 shares of common stock at a public offering price of $3.782 per share (inclusive of the Pre-Funded Warrant exercise price) for gross proceeds of approxima...",,,"1.01,7.01,9.01",Y,https://www.sec.gov/cgi-bin/browse-edgar?action=getcompany&CIK=1829247
0000950170-24-012756:spir-ex99_1.htm,"Spire Global, Inc.  (SPIR)  (CIK 0001816017)",2024-02-08,"EX-99.1 3 spir-ex99_1.htm EX-99.1 EX-99.1 Exhibit 99.1 Spire Global and Signal Ocean Collaborate to Drive Digitalization of the Maritime Economy; Signal Ocean to Make $10 Million Strategic Investment in Spire Global VIENNA, Va., February 8, 2024 — Spire Global, Inc. (NYSE: SPIR) (“Spire” or the “Company”), a global provider of space-based data, analytics and space services and Signal Ocean, a leader in shipping technology, have agreed to partner to drive digitization of the maritime economy. Under this agreement, Spire and Signal Ocean will partner to leverage their respective strengths. Spire will contribute its unique, proprietary datasets, relevant for precise monitoring of the maritime domain. Signal Ocean will bring its best-in-class expertise in artificial intelligence (AI), machine ...",,,"1.01,7.01,9.01",Y,https://www.sec.gov/cgi-bin/browse-edgar?action=getcompany&CIK=1816017
0001493152-24-005545:ex99-1.htm,"Decentral Life, Inc.  (WDLF)  (CIK 0001281984)",2024-02-09,"EX-99.1 CHARTER 2 ex99-1.htm Exhibit 99.1 Decentral Life and Outdoorsmen.com Announce Launch of AI Powered ERP SaaS Outdoorsmen ’ s ERP with built in AI, Automation and Cloud Access, by Decentral Life, Inc. GREENWOOD VILLAGE, COLORADO, February 8, 2024 – Decentral Life, Inc. (OTC: WDLF) announced today the official launch of an AI Powered ERP SaaS for its TBI company, Outdoorsmen.com, Inc. The new enterprise resource planning (ERP) cloud-based software will first be used by the tradeshow operators and small businesses acquired by Outdoorsmen and will then be sold through a software as a service (SaaS) subscription to their business customers. Outdoorsmen.com is a social media and e-commerce technology company operating in the sporting goods industry, devoted to the hundreds of millions of ...",,,"8.01,9.01",Y,https://www.sec.gov/cgi-bin/browse-edgar?action=getcompany&CIK=1281984
0001493152-24-005796:ex99-1.htm,Artificial Intelligence Technology Solutions Inc.  (AITX)  (CIK 0001498148),2024-02-12,"EX-99.1 2 ex99-1.htm Exhibit 99.1 AITX’s RAD January SaaS Revenue Up 383%; Contracts In-Hand Break $500K Recurring Monthly Revenue Milestone as Strong Growth Continues Detroit, Michigan, February 12, 2024 -- Artificial Intelligence Technology Solutions, Inc., (the “Company”) ( OTCPK:AITX ), a global leader in AI-driven security and productivity solutions along with its wholly owned subsidiary, Robotic Assistance Devices, Inc. (RAD), is pleased to announce a significant milestone achievement. Specifically, contracted (including deployed and contracted to-be-deployed) revenue derived from device rental (SaaS revenue) now surpasses $500,000 a month. For clarification, this milestone excludes revenue generated from installations, training, and remote monitoring services. Furthermore, the Compa...",,,"8.01,9.01",Y,https://www.sec.gov/cgi-bin/browse-edgar?action=getcompany&CIK=1498148
0001213900-24-012304:ea193420ex99-1_creatdinc.htm,"Creatd, Inc.  (CRTD, CRTDW)  (CIK 0001357671)",2024-02-12,"EX-99.1 2 ea193420ex99-1_creatdinc.htm NON-DEAL ROADSHOW PRESENTATION DISTRIBUTED FEBRUARY 12, 2024 Exhibit 99.1 Invest in Creatd ($CRTD*) Undervalued publicly traded tech and media portfolio. OG Collection General Media assets and archive: Penthouse, OMNI, and Viva IP Creatd Studios Creatd's incubation division focused on early - stage ventures Vocal Where 2M creators share, grow, and earn Creatd's Subsidiaries *Temporarily trading under $VOCLD until February 22, 2024 © 2024 Creatd, Inc. Confidential and Proprietary. Safe Harbor © 2024 Creatd, Inc. Confidential and Proprietary. Statements in this presentation concerning the future expectations and plans of Creatd, Inc. (the “Company”), including, without limitation, the Company’s future earnings, partnerships and technology solutions, may...",,,"7.01,8.01,9.01",Y,https://www.sec.gov/cgi-bin/browse-edgar?action=getcompany&CIK=1357671
0001493152-24-006806:ex99-1.htm,Artificial Intelligence Technology Solutions Inc.  (AITX)  (CIK 0001498148),2024-02-15,"EX-99.1 2 ex99-1.htm Exhibit 99.1 AITX’s RAD Announces ATM Hook & Chain Attack AI Analytic RAD Devices to be Equipped with the Ability to Detect and Potentially Thwart ATM Theft Detroit, Michigan, February 15, 2024 – Robotic Assistance Devices (RAD), a subsidiary of Artificial Intelligence Technology Solutions, Inc. (the “Company”) (OTCPK:AITX) , today announced a significant addition to its suite of AI analytics. This innovation equips RAD’s robotic security solutions with the capability to detect the rampant threat of Hook & Chain ATM attacks plaguing the banking industry. A Hook and Chain attack involves attaching one end of a chain or cable to an ATM and using a vehicle to exert force on the machine, usually by pulling the chain with the vehicle, with the objective of forcefully open t...",,,"8.01,9.01",Y,https://www.sec.gov/cgi-bin/browse-edgar?action=getcompany&CIK=1498148
0001193125-24-040047:d794432dex21.htm,Vizio Holding Corp.  (VZIO)  (CIK 0001835591),2024-02-20,"EX-2.1 2 d794432dex21.htm EX-2.1 EX-2.1 Exhibit 2.1 FINAL AGREEMENT AND PLAN OF MERGER by and among: W ALMART I NC ., a Delaware corporation; V ISTA A CQUISITION C ORP ., a Delaware corporation; and VIZIO H OLDING C ORP . a Delaware corporation Dated as of February 19, 2024 T ABLE OF C ONTENTS Page SECTION 1. DESCRIPTION OF TRANSACTION 1 1.1 Merger of Merger Sub into the Company 1 1.2 Effects of the Merger 1 1.3 Closing; Effective Time 1 1.4 Certificate of Incorporation and Bylaws; Directors and Officers 2 1.5 Conversion of Shares 2 1.6 Closing of the Company’s Transfer Books 3 1.7 Payment Fund; Exchange of Certificates 3 1.8 Dissenting Shares 5 1.9 Further Action 6 SECTION 2. REPRESENTATIONS AND WARRANTIES OF THE COMPANY 6 2.1 Subsidiaries; Due Organization; Etc. 7 2.2 Certificate of Inco...",,,"1.01,5.07,8.01,9.01",Y,https://www.sec.gov/cgi-bin/browse-edgar?action=getcompany&CIK=1835591
0001493152-24-007075:ex99-1.htm,Artificial Intelligence Technology Solutions Inc.  (AITX)  (CIK 0001498148),2024-02-20,"EX-99.1 2 ex99-1.htm Exhibit 99.1 AITX To Discuss Exponential Growth During Upcoming ‘Ask Me Anything’ AITX Executives Steve Reinharz, Anthony Brenz, and Troy McCanna to Participate, hosted by Buffalo Fireside Chats Detroit, Michigan, February 20, 2024 -- Artificial Intelligence Technology Solutions, Inc., (the “Company”) ( OTCPK:AITX ), a global leader in AI-driven security and productivity solutions along with its wholly owned subsidiary, Robotic Assistance Devices, Inc. (RAD), has been sharing sales and revenue results that show exponential growth. Three top executives from AITX will participate and discuss what this means for the future of the Company. The live discussion will be hosted by Eric Kemnitzer of the popular Buffalo Fireside Chats on Sunday, March 3, 2024, at 12 noon Eastern...",,,"8.01,9.01",Y,https://www.sec.gov/cgi-bin/browse-edgar?action=getcompany&CIK=1498148
0001213900-24-016665:ea0200677ex99-1_faraday.htm,"FARADAY FUTURE INTELLIGENT ELECTRIC INC.  (FFIE, FFIEW)  (CIK 0001805521)",2024-02-26,"EX-99.1 3 ea0200677ex99-1_faraday.htm COMPANY PRESS RELEASE Exhibit 99.1 Faraday Future Announces Reverse Stock Split and Authorized Share Reduction Los Angeles, CA (February 25, 2024) -- Faraday Future Intelligent Electric Inc. (NASDAQ: FFIE) (“Faraday Future”, “FF” or “Company”), a California-based global shared intelligent electric mobility ecosystem company, today announced that the Company intends to implement a reverse stock split of the issued and outstanding shares of the Company’s common stock, par value $0.0001 per share (the “common stock”), at a ratio of 1-for-3 (the “reverse stock split”), that is expected to become effective at 5:00 p.m. ET on February 29, 2024. The Company’s common stock is expected to begin trading on a split-adjusted basis commencing upon market open on Ma...",,,"3.03,5.03,7.01,8.01,9.01",Y,https://www.sec.gov/cgi-bin/browse-edgar?action=getcompany&CIK=1805521
0001420720-24-000012:ibio-20240226xex99d1.htm,"iBio, Inc.  (IBIO)  (CIK 0001420720)",2024-02-26,"EX-99.1 3 ibio-20240226xex99d1.htm EX-99.1 Exhibit 99.1 iBio Announces Sale of Preclinical PD-1 Agonist Antibody Program to Otsuka – Deal includes $1 million upfront and potential future milestone payments – – iBio’s proprietary therapeutic pipeline will now be comprised entirely of promising immuno-oncology candidates – BRYAN, TX and SAN DIEGO, CA; February 26, 2024 -- iBio, Inc. (NYSEA:IBIO) (“iBio” or the “Company”), an AI-driven innovator of precision antibody immunotherapies, announces today that it has entered into an asset purchase agreement (“Agreement”) with Otsuka Pharmaceutical Co., Ltd. (“Otsuka”), pursuant to which Otsuka acquired iBio’s assets related to its early-stage programmed cell death protein 1 (“PD-1” ) agonist program. The transaction closed on February 25, 2024. Und...",,,"1.01,2.01,7.01,9.01",Y,https://www.sec.gov/cgi-bin/browse-edgar?action=getcompany&CIK=1420720
0000093751-24-000535:sttubsfinancialservicesc.htm,"STATE STREET CORP  (STT, STT-PG)  (CIK 0000093751)",2024-02-27,"EX-99.1 2 sttubsfinancialservicesc.htm EX-99.1 sttubsfinancialservicesc 1 UBS Financial Services Conference NYSE: STT February 27, 2024 Ronald P. O’Hanley Chairman and Chief Executive Officer Eric Aboaf Vice Chairman and Chief Financial Officer Exhibit 99.1 2 This presentation (and the discussion/question-answer session following it, including the entire webcast) contains forward-looking statements as defined by United States securities laws. These statements are not guarantees of future performance, are inherently uncertain, are based on assumptions that are difficult to predict and have a number of risks and uncertainties. The forward-looking statements in this presentation speak only as of the time this presentation is first furnished to the SEC on a Current Report on Form 8-K, and Stat...",,,,REVIEW,https://www.sec.gov/cgi-bin/browse-edgar?action=getcompany&CIK=93751
0000093751-24-000535:sttubsfinancialservicesc.htm,"STATE STREET CORP  (STT, STT-PG)  (CIK 0000093751)",2024-02-27,"EX-99.1 2 sttubsfinancialservicesc.htm EX-99.1 sttubsfinancialservicesc 1 UBS Financial Services Conference NYSE: STT February 27, 2024 Ronald P. O’Hanley Chairman and Chief Executive Officer Eric Aboaf Vice Chairman and Chief Financial Officer Exhibit 99.1 2 This presentation (and the discussion/question-answer session following it, including the entire webcast) contains forward-looking statements as defined by United States securities laws. These statements are not guarantees of future performance, are inherently uncertain, are based on assumptions that are difficult to predict and have a number of risks and uncertainties. The forward-looking statements in this presentation speak only as of the time this presentation is first furnished to the SEC on a Current Report on Form 8-K, and Stat...",,,,REVIEW,https://www.sec.gov/cgi-bin/browse-edgar?action=getcompany&CIK=93751
0001753539-24-000013:exhibit991-blackskyq42023e.htm,"BlackSky Technology Inc.  (BKSY, BKSY-WT)  (CIK 0001753539)",2024-02-28,"EX-99.1 3 exhibit991-blackskyq42023e.htm EX-99.1 Document BLACKSKY REPORTS FOURTH QUARTER AND FULL YEAR 2023 RESULTS Record Q4 and Full Year Revenue, up 83% and 45% Over Prior Year Respectively Won Over $265 Million in New Multi-Year Contracts and Renewal Agreements in 2023 Quarterly Net Loss of $3.8 million with Positive Adjusted EBITDA of $9.3 million in Q4 HERNDON, VA – February 28, 2024 – BlackSky Technology Inc. (“BlackSky” or the “Company”) (NYSE: BKSY) announced results for the fourth quarter and full year ended December 31, 2023. Fourth Quarter Financial Highlights: • Revenue of $35.5 million, up 83% from the prior year quarter • Imagery & software analytical services revenue grew 18% over the prior year quarter • Cost of sales, as a percent of revenue, related to imagery & softwar...",,,"1.01,2.02,9.01",Y,https://www.sec.gov/cgi-bin/browse-edgar?action=getcompany&CIK=1753539
0001437749-24-006324:ex_633692.htm,"Super League Enterprise, Inc.  (SLE)  (CIK 0001621672)",2024-03-01,"EX-99.1 2 ex_633692.htm EXHIBIT 99.1 ex_633692.htm Exhibit 99.1 Super League Announces Sale of Minehut Business Unit to GamerSafer ~ Streamlines the Strategic Focus of Super League ~ SANTA MONICA, Calif., Feb. 29, 2024 (GLOBE NEWSWIRE) -- Super League (Nasdaq: SLE) (the “Company”), a leading creator and publisher of content experiences and media solutions across the world’s largest immersive platforms, announced today it has sold its Minehut business unit to GamerSafer, a security and online gamer experience startup. The Board of Directors of both Super League and GamerSafer have approved the transaction, which is now complete. The transaction allows Super League to streamline its position in partnering with major brands to build, market, and operate 3D experiences across multiple immersiv...",,,"1.01,8.01,9.01",Y,https://www.sec.gov/cgi-bin/browse-edgar?action=getcompany&CIK=1621672
0001493152-24-009491:ex99-1.htm,Odysight.ai Inc.  (ODYS)  (CIK 0001577445),2024-03-11,"EX-99.1 2 ex99-1.htm Exhibit 99.1 Odysight.ai Announces Purchase Order from an International Defense Contractor for its Visual Based Predictive Maintenance System, to be Installed in an Upgraded Israel Air Force (IAF) Maritime Version Sikorsky-Lockheed Martin SH-60 Seahawk OMER, Israel, March 11, 2024 – Odysight.ai Inc. (OTCQB: ODYS), a leading provider of visual based predictive maintenance (PdM) and condition-based monitoring (CBM) solutions, is pleased to announce the receipt of a purchase order exceeding $1 million from a major international defense contractor for the Company’s cutting-edge visual sensing and AI analytics solution. The systems will be installed in upgraded Lockheed Martin (Sikorsky) SH-60 Seahawk Maritime Rotary Wing Aircraft of the Israel Air Force. Odysight.ai believ...",,,"8.01,9.01",Y,https://www.sec.gov/cgi-bin/browse-edgar?action=getcompany&CIK=1577445
0001493152-24-011349:ex99-1.htm,"METAWORKS PLATFORMS, INC.  (MWRK)  (CIK 0001515139)",2024-03-26,"EX-99.1 2 ex99-1.htm Exhibit 99.1 MetaWorks Platforms Expands Holdings into Renewable Energy: Company Secures 11% Equity Stake in Fog Dog Energy Solutions Amid AI and Blockchain Energy Surge Fairfield, CA., March 22, 2024 (GLOBE NEWSWIRE) -- MetaWorks Platforms, Inc. (“MetaWorks” or the “Company”), (OTCQB: MWRK), an award-winning company that owns, operates, and develops Web3, GreenTech and AI platforms and technologies for the education, finance, entertainment & technology space, today announced that it has exercised an option to acquire an 11% stake in Green Technology company Fog Dog Energy Solutions, Inc. Metaworks President Scott Gallagher commented on the news, “We are strong believers in the waste to energy conversion system created by the team at Fog Dog as evidenced by our more th...",,,"1.01,7.01,9.01",Y,https://www.sec.gov/cgi-bin/browse-edgar?action=getcompany&CIK=1515139
0001441683-24-000022:appn-20240329.htm,APPIAN CORP  (APPN)  (CIK 0001441683),2024-03-29,"appn-20240329 false 0001441683 0001441683 2024-03-29 2024-03-29 UNITED STATES SECURITIES AND EXCHANGE COMMISSION WASHINGTON, D.C. 20549 FORM 8-K CURRENT REPORT Pursuant to Section 13 or 15(d) of the Securities Exchange Act of 1934 Date of Report (Date of earliest event reported): March 29, 2024 (March 25, 2024) Appian Corporation (Exact name of Registrant as Specified in Its Charter) Delaware 001-38098 54-1956084 (State or Other Jurisdiction of Incorporation) (Commission File Number) (I.R.S. Employer Identification No.) 7950 Jones Branch Drive McLean , VA 22102 (Address of Principal Executive Offices) (Zip Code) Registrant’s Telephone Number, Including Area Code: ( 703 ) 442-8844 Not Applicable (Former Name or Former Address, if Changed Since Last Report) Check the appropriate box below if...",,,"2.02,5.02,8.01",Y,https://www.sec.gov/cgi-bin/browse-edgar?action=getcompany&CIK=1441683
0001193125-24-083524:d817256dex21.htm,TAKE TWO INTERACTIVE SOFTWARE INC  (TTWO)  (CIK 0000946581),2024-04-01,"EX-2.1 2 d817256dex21.htm EX-2.1 EX-2.1 Exhibit 2.1 Execution Version SHARE PURCHASE AGREEMENT among T AKE -T WO I NTERACTIVE S OFTWARE , I NC . a Delaware corporation, G ROUNDHOG 2, LLC a Delaware limited liability company, G EARBOX E NTERTAINMENT C OMPANY H OLDING AB, a company organized under the laws of Sweden , and E MBRACER G ROUP AB, a company organized under the laws of Sweden, Dated March 27, 2024 TABLE OF CONTENTS Page A RTICLE I D EFINITIONS 1 1.1. Certain Defined Terms 1 1.2. Table of Definitions 17 A RTICLE II T HE S HARE P URCHASE 20 2.1. Purchase and Sale of Company Shares 20 2.2. The Closing 20 2.3. Closing Payments 20 2.4. Purchase Price Adjustment 22 2.5. Withholding 24 A RTICLE III R EPRESENTATIONS AND W ARRANTIES OF P ARENT AND S ELLER R EGARDING P ARENT , S ELLER AND T...",,,"1.01,3.02,9.01",Y,https://www.sec.gov/cgi-bin/browse-edgar?action=getcompany&CIK=946581
0001213900-24-029318:ea020314101ex99-1_optimize.htm,OptimizeRx Corp  (OPRX)  (CIK 0001448431),2024-04-02,"EX-99.1 3 ea020314101ex99-1_optimize.htm TRANSCRIPT OF CONFERENCE CALL, DATED MARCH 28, 2024 Exhibit 99.1 C O R P O R A T E P A R T I C I P A N T S William J. Febbo, Chief Executive Officer Edward Stelmakh, ChiefFinancial Officer and Chief Operational Officer Steve Silvestro, President Marion Odence-Ford , General Counsel Andrew D’Silva , SVP of Corporate Finance C O N F E R E N C E C A L L P A R T I C I P A N T S Sean Dodge, RBC Capital Markets Stephanie Davis, Barclays William Wood, B. Riley Securities P R E S E N T A T I O N Operator Good morning, everyone, and thank you for joining OptimizeRx’s Fourth Quarter Fiscal 2023 Conference Call. With us today is the Chief Executive Officer of OptimizeRx, William Febbo. He is joined by Chief Financial Officer, Ed Stelmakh; President, Steve Silv...",,,"1.01,2.02,9.01",Y,https://www.sec.gov/cgi-bin/browse-edgar?action=getcompany&CIK=1448431
0001493152-24-013260:ex99-1.htm,"IR-Med, Inc.  (IRME)  (CIK 0001839133)",2024-04-05,"EX-99.1 2 ex99-1.htm Exhibit 99.1 IR-MED’s PressureSafe™ Receives FDA Listing for the Indication of Decision Support Device for Pressure Injuries ● Marks major milestone prior to launch in U.S. market ● PressureSafe ™ scanner and disposable pack both listed with FDA ● PressureSafe ™ can support early detection of pressure injuries, potentially setting a new standard of care to address a healthcare challenge that costs $26.8 billion annually in the U.S. alone Rosh Pina, Israel, April 5, 2024 — IR-MED Inc. , (“IR-MED” or the “Company”) (OTCQB:IRME), developer of a noninvasive artificial intelligence (AI) driven spectrographic analysis technology platform to address significant healthcare needs, today announced its PressureSafe ™ decision support device has received U.S. Food and Drug Adminis...",,,"8.01,9.01",Y,https://www.sec.gov/cgi-bin/browse-edgar?action=getcompany&CIK=1839133
0001101680-24-000034:a991-pressreleasexdivestit.htm,DZS INC.  (DZSI)  (CIK 0001101680),2024-04-05,"EX-99.1 2 a991-pressreleasexdivestit.htm EX-99.1 Document Exhibit 99.1 RELEASE April 2024 DZS Completes Divestiture of Asia Business DZS emerges as Broadband Networking, AI-Driven Software pure play focused on Americas and EMEA, eliminates approximately $43 million of debt DALLAS, Texas, USA, Apr. 5, 2024 – DZS (Nasdaq: DZSI), a global leader of broadband networking and AI-driven cloud software solutions, today announced it has completed the divesture of its Asia business to DASAN Networks, Inc. (DNI), enabling the company to focus its go-to-market strategy, technology and innovation on the Americas, Europe, Middle East and Africa (AEMEA), and Australia/New Zealand (ANZ) regions. The transaction eliminates ~$43 million of debt, reducing the total long-term debt to $15 million. On Jan. 5, 2...",,,"2.01,3.01,7.01,9.01",Y,https://www.sec.gov/cgi-bin/browse-edgar?action=getcompany&CIK=1101680
0001193125-24-089086:d811217dex991.htm,Tradeweb Markets Inc.  (TW)  (CIK 0001758730),2024-04-08,"EX-99.1 3 d811217dex991.htm EX-99.1 EX-99.1 Exhibit 99.1 NEWS RELEASE Tradeweb to Acquire ICD, a Leading Independent, Multi-Fund Investment Platform for Corporate Treasury Professionals • Adds Corporates as Fourth Client Channel for Tradeweb Alongside Institutional, Wholesale and Retail • Capitalizes on Tradeweb’s Capabilities in Money Markets and Rates, Provides Additional Cross-Selling and Expansion Opportunities, Enhances Tradeweb’s Relationships Across the Global Asset Management Sector • Enhances Tradeweb’s Growth Profile by Adding An Estimated $2+ Billion Addressable Market, Adjusted Earnings Per Share Accretion Expected in First 12 Months Following Closing NEW YORK – April 8, 2024 – Tradeweb Markets Inc. (Nasdaq: TW), a leading, global operator of electronic marketplaces for rates, ...",,,"1.01,7.01,9.01",Y,https://www.sec.gov/cgi-bin/browse-edgar?action=getcompany&CIK=1758730
0001628280-24-015470:ex991aacrconfcall_april9.htm,Foghorn Therapeutics Inc.  (FHTX)  (CIK 0001822462),2024-04-09,"EX-99.1 2 ex991aacrconfcall_april9.htm EX-99.1 ex991aacrconfcall_april9 April 9, 2024 Unique biology Precision therapeutics Broad impact 2024 AACR and Pipeline Update Exhibit 99.1 | Forward Looking Statements 2 This presentation contains forward-looking statements. All statements other than statements of historical facts contained in this presentation are forward-looking statements. In some cases, you can identify forward-looking statements by terms such as “could,” “may,” “might,” “will,” “likely,” “anticipates,” “intends,” “plans,” “seeks,” “believes,” “estimates,” “expects,” “continues,” “projects” or the negative of these terms or other similar expressions, although not all forward-looking statements contain these words. Forward-looking statements include, but are not limited to, state...",,,"7.01,8.01,9.01",Y,https://www.sec.gov/cgi-bin/browse-edgar?action=getcompany&CIK=1822462
0001493152-24-014264:ex99-1.htm,Artificial Intelligence Technology Solutions Inc.  (AITX)  (CIK 0001498148),2024-04-11,"EX-99.1 2 ex99-1.htm Exhibit 99.1 AITX’s RAD Penetrates Further into Healthcare Market with Multiple RIO Order from Top 25 Healthcare Provider Detroit, Michigan, April 11, 2024 — Robotic Assistance Devices, Inc. (RAD), a subsidiary of Artificial Intelligence Technology Solutions, Inc. (the “Company”) ( OTCPK:AITX ), has secured an initial order from a prominent healthcare provider ranked in the top 25 nationwide. The order is for multiple units of RAD’s RIO™ 360 solar-powered security towers. The specifics of the order, including the number of units and financial details, have not been revealed, citing confidentiality agreements between the parties involved. This news signifies RAD’s continued penetration into the healthcare market, showcasing the growing demand for its innovative security...",,,"8.01,9.01",Y,https://www.sec.gov/cgi-bin/browse-edgar?action=getcompany&CIK=1498148
0001628280-24-015723:amswa-pressreleaserereclas.htm,AMERICAN SOFTWARE INC  (AMSWA)  (CIK 0000713425),2024-04-11,"EX-99.1 3 amswa-pressreleaserereclas.htm EX-99.1 Document American Software, Inc. Announces Agreement to Eliminate Class B Common Stock Planned Reclassification Simplifies Equity Capital Structure and Improves Corporate Governance ATLANTA – April 11, 2024 –American Software, Inc. (NASDAQ: AMSWA) (“American Software” or the “Company”), a leading provider of innovative AI-powered supply chain planning software, today announced it has entered into an agreement (the “Reclassification Agreement”) with James C. Edenfield (the “Class B Shareholder”), the sole, beneficial owner of all of the issued and outstanding shares of the Company’s Class B Common Stock, par value $0.10 per share (the “Class B Common Stock”). Under the terms of the Reclassification Agreement, the Company’s Class B Common Stoc...",,,"1.01,7.01,9.01",Y,https://www.sec.gov/cgi-bin/browse-edgar?action=getcompany&CIK=713425
0001193125-24-096352:d802361dex21.htm,"RESIDEO TECHNOLOGIES, INC.  (REZI)  (CIK 0001740332)",2024-04-15,"EX-2.1 2 d802361dex21.htm EX-2.1 EX-2.1 Exhibit 2.1 Execution Version AGREEMENT AND PLAN OF MERGER dated as of April 14, 2024, among RESIDEO TECHNOLOGIES, INC., POP ACQUISITION INC. and SNAP ONE HOLDINGS CORP. TABLE OF CONTENTS Page ARTICLE I THE MERGER 2 SECTION 1.01. The Merger 2 SECTION 1.02. Closing 2 SECTION 1.03. Effective Time 2 SECTION 1.04. Effects of Merger 2 SECTION 1.05. Certificate of Incorporation; Bylaws 2 SECTION 1.06. Directors and Officers 3 ARTICLE II EFFECT ON CAPITAL STOCK; PAYMENT FOR SHARES 3 SECTION 2.01. Effect on Capital Stock 3 SECTION 2.02. Payment of Merger Consideration 4 SECTION 2.03. Equity Awards 6 SECTION 2.04. Adjustments 10 ARTICLE III REPRESENTATIONS AND WARRANTIES OF THE COMPANY 10 SECTION 3.01. Organization, Standing and Power 10 SECTION 3.02. Capital...",,,"1.01,2.02,3.02,7.01,9.01",Y,https://www.sec.gov/cgi-bin/browse-edgar?action=getcompany&CIK=1740332
0001493152-24-014621:ex99-1.htm,"My Size, Inc.  (MYSZ)  (CIK 0001211805)",2024-04-15,"EX-99.1 3 ex99-1.htm Exhibit 99.1 My Size Announces Reverse Stock Split AIRPORT CITY, Israel – April 15, 2024 – MySize, Inc. (NASDAQ: MYSZ) (“MySize” or the “Company”), an omnichannel e-commerce platform and provider of AI-driven measurement solutions to drive revenue growth and reduce costs for its business clients, announced that its Board of Directors has approved a one-for-eight reverse stock split of its common stock that is scheduled to become effective after trading closes on April 19, 2024. Beginning on April 23, 2024, the Company’s common stock will trade on the Nasdaq Capital Market on a split adjusted basis under a new CUSIP number 62844N 406. The Company’s common stock will continue to trade on the Nasdaq Capital Market under the symbol “MYSZ.” As previously disclosed, at the M...",,,"3.03,5.03,5.07,8.01,9.01",Y,https://www.sec.gov/cgi-bin/browse-edgar?action=getcompany&CIK=1211805
0000950170-24-045659:lifw-ex99_1.htm,"MSP Recovery, Inc.  (LIFW, LIFWW, LIFWZ)  (CIK 0001802450)",2024-04-18,"EX-99.1 2 lifw-ex99_1.htm EX-99.1 EX-99.1 Exhibit 99.1 LifeWallet Announces a Comprehensive Settlement with 10 Affiliated Property& Casualty Insurers, Doing Business in 15 States Coral Gables, FL, April 18, 2024. MSP Recovery, Inc. d/b/a LifeWallet (NASDAQ: LIFW) (“LifeWallet” or “the Company”) announces another comprehensive settlement with 10 affiliated property and casualty insurers (“P&C Insurers”) that write personal lines of P&C insurance in 15 states. In addition to settling existing claims, the settlement establishes a going-forward process to collaboratively and timely resolve future claims, as well as share important historical data that is expected to enhance LifeWallet’s claims reconciliation capabilities, benefiting its Medicare clients across the mainland U.S. and Puerto Rico...",,,"8.01,9.01",Y,https://www.sec.gov/cgi-bin/browse-edgar?action=getcompany&CIK=1802450
0001104659-24-048837:tm2411564d2_ex2-1.htm,Snap One Holdings Corp.  (CIK 0001856430),2024-04-18,"EX-2.1 2 tm2411564d2_ex2-1.htm EXHIBIT 2.1 Exhibit 2.1 Execution Version AGREEMENT AND PLAN OF MERGER dated as of April 14, 2024, among Resideo Technologies, Inc. , POP ACQUISITION INC. and Snap One Holdings Corp. TABLE OF CONTENTS Page Article I The Merger 2 Section 1.01. The Merger 2 Section 1.02. Closing 2 Section 1.03. Effective Time 2 Section 1.04. Effects of Merger 2 Section 1.05. Certificate of Incorporation; Bylaws 2 Section 1.06. Directors and Officers 2 Article II Effect on Capital Stock; Payment for Shares 3 Section 2.01. Effect on Capital Stock 3 Section 2.02. Payment of Merger Consideration 4 Section 2.03. Equity Awards 6 Section 2.04. Adjustments 10 Article III Representations and Warranties of the Company 10 Section 3.01. Organization, Standing and Power 10 Section 3.02. Cap...",,,"1.01,5.02,9.01",Y,https://www.sec.gov/cgi-bin/browse-edgar?action=getcompany&CIK=1856430
0001104659-24-049691:tm249625d4_ex99-1.htm,"BioXcel Therapeutics, Inc.  (BTAI)  (CIK 0001720893)",2024-04-22,"EX-99.1 2 tm249625d4_ex99-1.htm EXHIBIT 99.1 Exhibit 99.1 ® BioXcel Therapeutics | 555 Long Wharf Drive, 12th Floor | New Haven, CT 06511 | bioxceltherapeutics.com NASDAQ: BTAI April 2024 AI - Driven Transformative Medicines in Neuroscience This presentation includes “forward - looking statements” within the meaning of the Private Securities Litigation Reform Act of 1995 . BioXcel Therapeutics, Inc . (“BioXcel” or the “Company”) intends such forward - looking statements to be covered by the safe harbor provisions for forward - looking statements contained in Section 27 A of the Securities Act of 1933 , as amended and Section 21 E of the Securities Exchange Act of 1934 , as amended . All statements contained in this presentation other than statements of historical fact should be considered ...",,,"7.01,8.01,9.01",Y,https://www.sec.gov/cgi-bin/browse-edgar?action=getcompany&CIK=1720893
0001650372-24-000013:teamq32024shareholderlet.htm,Atlassian Corp  (TEAM)  (CIK 0001650372),2024-04-25,"EX-99.2 3 teamq32024shareholderlet.htm EX-99.2 teamq32024shareholderlet Q3 FY24 From the CEOs Fellow shareholders, It’s been a milestone quarter for the Atlassian history books. Today, Atlassian is a cloud-majority company. We have over 300,000 customers using our Cloud products and have seen a 3x increase in paid seats in the cloud since we announced the end-of- support for our Server products three and a half years ago. As we watched our dashboard tracking paid Server users reach zero, we reflected on how daunting this mountain appeared when we first drew up plans to sunset our Server offerings. And while this milestone is just that – one significant moment amongst many across our multi- year journey – we are chuffed with our accomplishments. Overall, we migrated more paid seats to the c...",,,,REVIEW,https://www.sec.gov/cgi-bin/browse-edgar?action=getcompany&CIK=1650372
0001493152-24-015849:ex99-1.htm,Artificial Intelligence Technology Solutions Inc.  (AITX)  (CIK 0001498148),2024-04-25,"EX-99.1 2 ex99-1.htm Exhibit 99.1 AITX Provides Sales Guidance for New Subsidiary RAD-R Up to 20,000 RADCam™ Set for Q3 Production and Holiday Selling Season Detroit, Michigan, April 25, 2024 — Artificial Intelligence Technology Solutions, Inc., (the “Company”) ( OTCPK:AITX ), a global leader in AI-driven security and productivity solutions, announces further details concerning its newly established subsidiary, Robotic Assistance Devices Residential, Inc. (RAD-R). With the fall production schedule set, the Company is preparing to meet the expected demand of the holiday selling season. This update provides a deeper look into the strategic developments of RAD-R, ensuring its innovative residential security solutions are positioned to make a significant impact in the market. AITX announced th...",,,"8.01,9.01",Y,https://www.sec.gov/cgi-bin/browse-edgar?action=getcompany&CIK=1498148
0001493152-24-016839:ex99-1.htm,"Oncotelic Therapeutics, Inc.  (OTLC)  (CIK 0000908259)",2024-04-29,"EX-99.1 3 ex99-1.htm Exhibit 99.1 Oncotelic Therapeutics, Inc. to Sell Its Necroptosis Cancer Therapy Assets to Mosaic ImmunoEngineering, Inc. AGOURA HILLS, Calif., April 29, 2024 (GLOBE NEWSWIRE) – Oncotelic Therapeutics, Inc. (OTCQB:OTLC) (“Oncotelic”, the “Company” or “We” or “Our”), announced today that it has entered into a binding term-sheet with Mosaic ImmunoEngineering, Inc. (OTCPK: CPMV) (“Mosaic”) under which Mosaic will acquire rights to Oncotelic’s clinical-stage necroptosis cancer therapies. Oncotelic’s necroptosis therapeutics work by disrupting tumor blood flow resulting in immunogenic tumor cell death through “death receptor” activation which can result in a robust anti-cancer immune response. In addition to the clinical stage assets, Mosaic will have access to Oncotelic’s ...",,,"8.01,9.01",Y,https://www.sec.gov/cgi-bin/browse-edgar?action=getcompany&CIK=908259
0001683168-24-002761:mosaic_ex9901.htm,Mosaic ImmunoEngineering Inc.  (CPMV)  (CIK 0000836564),2024-04-29,"EX-99.1 3 mosaic_ex9901.htm PRESS RELEASE Exhibit 99.1 Mosaic ImmunoEngineering Agrees to Acquire Clinical Necroptosis Cancer Therapy Assets from Oncotelic Therapeutics, Inc. —The clinical assets to be acquired include cancer and ocular disease programs, including regulatory and clinical packages and access to Oncotelic’s AI platform for identifying immunotherapy combinations — Huntington Beach, Calif., April 29, 2024 – Mosaic ImmunoEngineering , Inc. (“Mosaic” or the “Company”), (OTCPK: CPMV), a development-stage biotechnology company focused on the development of novel immunotherapies to treat and prevent cancer, today announced the signing of a binding term-sheet with Oncotelic Therapeutics, Inc. (OTCQB:OTLC) (“Oncotelic”), under which Mosaic intends to acquire rights to certain of Onco...",,,"7.01,8.01,9.01",Y,https://www.sec.gov/cgi-bin/browse-edgar?action=getcompany&CIK=836564
0001580808-24-000072:q1-24exx9914302024earnings.htm,"A10 Networks, Inc.  (ATEN)  (CIK 0001580808)",2024-04-30,"EX-99.1 2 q1-24exx9914302024earnings.htm EX-99.1 Document EXHIBIT 99.1 A10 Networks Reports In-line Financial Results for the First Quarter of 2024 Company Delivers Revenue Growth YoY and Expands Earnings Per Share SAN JOSE, Calif., April 30, 2024 -- A10 Networks, Inc. (NYSE: ATEN), a leading provider of cybersecurity and infrastructure solutions, today announced financial results for its first quarter ended March 31, 2024. First Quarter 2024 Financial Summary • Revenue of $60.7 million, in-line with expectations and up 5.2% year-over-year. • GAAP gross margin of 81.1%; non-GAAP gross margin of 81.9% as a result of continued focus on operational execution of business model goals in spite of near-term volatility in the market. • GAAP net income of $9.7 million (16.0% of revenue), or $0.13 p...",,,"2.02,7.01,8.01,9.01",Y,https://www.sec.gov/cgi-bin/browse-edgar?action=getcompany&CIK=1580808
0001731122-24-000716:e5636_8-k.htm,RENOVARO INC.  (RENB)  (CIK 0001527728),2024-04-30,"false 0001527728 0001527728 2024-04-30 2024-04-30 iso4217:USD xbrli:shares iso4217:USD xbrli:shares UNITED STATES SECURITIES AND EXCHANGE COMMISSION Washington, DC 20549 FORM 8-K CURRENT REPORT Pursuant to Section 13 or 15(d) of the Securities Exchange Act of 1934 Date of Report (Date of earliest event reported): April 30, 2024 RENOVARO INC. (Exact name of registrant as specified in its charter) Delaware 001-38751 45-2559340 (State or other jurisdiction (Commission File Number) (I.R.S. Employer of incorporation) Identification No.) 2080 Century Park East , Suite 906 Los Angeles , CA 90067 (Address of principal executive offices) +1 (305) 918-1980 (Registrant’s telephone number, including area code) Check the appropriate box below if the Form 8-K filing is intended to simultaneously satisfy...",,,8.01,Y,https://www.sec.gov/cgi-bin/browse-edgar?action=getcompany&CIK=1527728
0001493152-24-017327:ex99-1.htm,Artificial Intelligence Technology Solutions Inc.  (AITX)  (CIK 0001498148),2024-05-01,"EX-99.1 2 ex99-1.htm Exhibit 99.1 AITX’s RAD Receives Large RIO Expansion Order from Fortune 50 Client RAD’s Single Largest Client has Placed Orders for 167 RAD Security Solutions Detroit, Michigan, May 1, 2024 – Robotic Assistance Devices, Inc. (RAD), a subsidiary of Artificial Intelligence Technology Solutions, Inc., (the “Company”) ( OTCPK:AITX ), is pleased to announce an expansion order has been received from a highly-respected Fortune 50 client. Specifically, RAD has received orders for an additional 10 RIO ™ units, a continuation of the client’s nationwide rollout that began in the summer of 2023. This new order expands the ever-strengthening relationship between RAD and the client, which has seen over 100 RIO security towers deployed to date, and a total of 167 RAD devices placed o...",,,"8.01,9.01",Y,https://www.sec.gov/cgi-bin/browse-edgar?action=getcompany&CIK=1498148
0001493152-24-017907:ex99-1.htm,"Ocean Power Technologies, Inc.  (OPTT)  (CIK 0001378140)",2024-05-06,"EX-99.1 2 ex99-1.htm Exhibit 99.1 Ocean Power Technologies Successfully Demonstrates Advanced AI Solutions in the North Atlantic Completes Several Customer Field Demonstrations in Support of Sales Activities MONROE TOWNSHIP, NJ, May 6, 2024- Ocean Power Technologies, Inc. (NYSE American: OPTT) (“OPT” or the “Company”), a leader in innovative and cost-effective low-carbon marine power, data, and service solutions, today announced it has completed multiple offshore demonstrations for potential customers of its Artificial Intelligence capable Maritime Domain Awareness Solution, Merrows. These demonstrations were conducted using the recently deployed Next Generation PowerBuoy. Further demonstrations for additional potential customers, including overseas prime contractors, are already scheduled...",,,"8.01,9.01",Y,https://www.sec.gov/cgi-bin/browse-edgar?action=getcompany&CIK=1378140
0001193125-24-131535:d823729dex991.htm,SYNOPSYS INC  (SNPS)  (CIK 0000883241),2024-05-06,"EX-99.1 2 d823729dex991.htm EX-99.1 EX-99.1 EXHIBIT 99.1 NEWS RELEASE Synopsys Enters Definitive Agreement to Sell its Software Integrity Business to Clearlake Capital and Francisco Partners Highlights: • Transaction will establish the Software Integrity Group as a newly independent, leading application security testing software provider. • The transaction, valued at up to $2.1 billion, is expected to close in the second half of 2024, subject to customary closing conditions including the receipt of required regulatory approvals. • Synopsys sharpens focus on accelerating its silicon to systems strategy and advancing its core design automation and design IP businesses. SUNNYVALE, Calif., May 6, 2024 – Synopsys, Inc. (NASDAQ: SNPS) today announced it has entered into a definitive agreement wi...",,,"8.01,9.01",Y,https://www.sec.gov/cgi-bin/browse-edgar?action=getcompany&CIK=883241
0001213900-24-040159:ea020533001ex99-1_real.htm,reAlpha Tech Corp.  (AIRE)  (CIK 0001859199),2024-05-06,"EX-99.1 2 ea020533001ex99-1_real.htm PRESS RELEASE, DATED MAY 6, 2024 Exhibit 99.1 reAlpha Tech Corp. Completes the Acquisition of Naamche DUBLIN, Ohio. (May 6, 2024) – reAlpha Tech Corp. (“reAlpha” or the “Company”) (Nasdaq: AIRE), a real estate technology artificial intelligence (“AI”) company, today announces the completion of its previously announced acquisitions of Naamche, Inc. and Naamche, Inc. Pvt. Ltd. (collectively, “Naamche”) (the “Acquisitions”), a technology firm focused on developing AI-powered solutions for large industries, including real estate. As a result of the Acquisitions, reAlpha added a talented team of 43 AI engineers, developers, UX designers and creatives to its roster, who will conceptualize, design and implement real estate-focused digital products to meet the ...",,,"8.01,9.01",Y,https://www.sec.gov/cgi-bin/browse-edgar?action=getcompany&CIK=1859199
0001493152-24-018095:ex99-1.htm,"My Size, Inc.  (MYSZ)  (CIK 0001211805)",2024-05-07,"EX-99.1 2 ex99-1.htm Exhibit 99.1 My Size Regains Compliance with Nasdaq Minimum Closing Bid Price Rule AIRPORT CITY, Israel – May 7, 2024 – MySize, Inc. (NASDAQ: MYSZ) (TASE: MYSZ.TA) (“MySize” or the “Company”), an omnichannel e-commerce platform and provider of AI-driven measurement solutions to drive revenue growth and reduce costs for its business clients, announced the receipt of a formal notification from The Nasdaq Stock Market LLC (“Nasdaq”) that the Company has regained compliance with Listing Rule 5550(a)(2), which requires the Company’s common stock to maintain a minimum bid price of $1.00 per share. The Nasdaq staff made this determination of compliance after the closing bid price of the Company’s common stock was at $1.00 per share or greater for the prior 10 consecutive busi...",,,"7.01,8.01,9.01",Y,https://www.sec.gov/cgi-bin/browse-edgar?action=getcompany&CIK=1211805
0001102993-24-000082:exhibit991.htm,LIVEPERSON INC  (LPSN)  (CIK 0001102993),2024-05-13,"EX-99.1 3 exhibit991.htm EX-99.1 Document Exhibit 99.1 LivePerson Strengthens Capital Structure Enters into agreement to exchange $146 million of its outstanding 2026 Convertible Senior Notes for $100 million of 2029 Convertible Senior Secured Notes Receives commitment for $100 million of new capital in the form of 2029 Convertible Senior Secured Notes to facilitate further deleveraging NEW YORK, May 13, 2024 -- LivePerson, Inc . (Nasdaq: LPSN) (“LivePerson” the “Company”, “we” or “us”), the enterprise leader in digital customer conversations, today announced that its largest existing notes investor, Lynrock Lake Master Fund LP (“Lynrock”), has entered into a binding agreement to exchange (the “Exchange”) its existing approximately $146 million principal amount of Senior Convertible Notes ...",,,"1.01,2.03,3.02,8.01,9.01",Y,https://www.sec.gov/cgi-bin/browse-edgar?action=getcompany&CIK=1102993
0001327567-24-000010:panw-20240515.htm,Palo Alto Networks Inc  (PANW)  (CIK 0001327567),2024-05-16,"panw-20240515 0001327567 false 0001327567 2024-05-15 2024-05-15 UNITED STATES SECURITIES AND EXCHANGE COMMISSION Washington, D.C. 20549 FORM 8-K CURRENT REPORT Pursuant to Section 13 or 15(d) of The Securities Exchange Act of 1934 Date of Report (Date of earliest event reported) May 15, 2024 _____________________ PALO ALTO NETWORKS, INC . (Exact name of registrant as specified in its charter) Delaware 001-35594 20-2530195 (State or other jurisdiction of incorporation) (Commission File Number) (IRS Employer Identification No.) 3000 Tannery Way Santa Clara , California 95054 (Address of principal executive office, including zip code) ( 408 ) 753-4000 (Registrant’s telephone number, including area code) Not Applicable (Former name or former address, if changed since last report) Check the app...",,,"8.01,9.01",Y,https://www.sec.gov/cgi-bin/browse-edgar?action=getcompany&CIK=1327567
0001493152-24-020947:ex99-1.htm,Artificial Intelligence Technology Solutions Inc.  (AITX)  (CIK 0001498148),2024-05-22,"EX-99.1 2 ex99-1.htm Exhibit 99.1 AITX Unveils AIR™ as the Core of Its Operations, Revolutionizing Industry Standards with Advanced Autonomous Solutions AIR Manifesto Now Available on AITX Website Detroit, Michigan, May 22, 2024 -- Artificial Intelligence Technology Solutions, Inc. (the “Company”) ( OTCPK:AITX ), is excited to announce that AIR™ (Autonomous Intelligent Response) has become the core paradigm driving all client solutions across AITX and its subsidiaries. Fully detailed and downloadable on the AITX website as of today , AIR represents the concepts and applications that integrate artificial intelligence with autonomous response capabilities across various security and facility management applications and devices. AIR is the cumulation of years of development and experience and...",,,"8.01,9.01",Y,https://www.sec.gov/cgi-bin/browse-edgar?action=getcompany&CIK=1498148
0001753926-24-001025:g084258_8k.htm,Arax Holdings Corp  (ARAT)  (CIK 0001566243),2024-05-24,"false 0001566243 0001566243 2024-05-24 2024-05-24 iso4217:USD xbrli:shares iso4217:USD xbrli:shares UNITED STATES SECURITIES AND EXCHANGE COMMISSION Washington, DC 20549 FORM 8-K CURRENT REPORT Pursuant to Section 13 or 15 (d) of the Securities Exchange Act of 1934 Date of Report (date of earliest event reported): May 24, 2024 ARAX HOLDINGS CORP. (Exact name of Registrant as specified in its charter) Nevada 333-185928 99-0376721 (State or other jurisdiction of incorporation or organization) (Commission File Number) (IRS employer identification no.) 820 E Park Ave Bld D200 Tallahassee , Florida 82801 (Address of principal executive offices) (Zip Code) Registrant’s telephone number, including area code: 850 254 1161 Securities registered pursuant to Section 12(b) of the Act: Title of each cl...",,,"1.01,9.01",Y,https://www.sec.gov/cgi-bin/browse-edgar?action=getcompany&CIK=1566243
0001628280-24-025609:ex991-fy24xq4earnings.htm,"C3.ai, Inc.  (AI)  (CIK 0001577526)",2024-05-29,"EX-99.1 2 ex991-fy24xq4earnings.htm EX-99.1 Document C3 AI Announces Fiscal Fourth Quarter and Full Fiscal Year 2024 Financial Results Increasing Revenue Growth. Raising Guidance. Growth Accelerates for Fifth Consecutive Quarter, Record Federal Growth Subscription Revenue for the Fourth Quarter Increased 41% Year-Over-Year REDWOOD CITY, Calif. — May 29, 2024 — C3.ai, Inc. (“C3 AI,” “C3,” or the “Company”) (NYSE: AI), the Enterprise AI application software company, today announced financial results for its fiscal fourth quarter and full fiscal year ended April 30, 2024. “We finished a strong quarter and closed out a huge year for C3 AI. This was our fifth consecutive quarter of accelerating revenue growth. Our fourth quarter revenue grew by 20% year-over-year to $86.6 million, exceeding the...",,,"2.02,8.01,9.01",Y,https://www.sec.gov/cgi-bin/browse-edgar?action=getcompany&CIK=1577526
0000950170-24-066567:ntap-ex99_1.htm,"NetApp, Inc.  (NTAP)  (CIK 0001002047)",2024-05-30,"EX-99.1 2 ntap-ex99_1.htm EX-99.1 EX-99.1 Exhibit 99.1 NetApp Reports Fourth Quarter and Fiscal Year 2024 Results Net revenues of $1.67 billion for the fourth quarter; Net revenues of $6.27 billion for fiscal year 2024 • Record all-flash array annualized revenue run rate 1 of $3.6 billion, an increase of 17% year-over-year • Record fiscal year GAAP consolidated gross margins of 71%; record non-GAAP consolidated gross margins 2 of 72% • Fiscal year GAAP operating margins of 19%; record non-GAAP operating margins 2 of 27% • Fiscal year GAAP net income per share 3 of $4.63; record non-GAAP net income per share 2 of $6.46 • NetApp announced an increase in its quarterly dividend to $0.52 cents per share and a new share repurchase authorization of an additional $1 billion SAN JOSE, Calif.—May 30...",,,"2.02,8.01,9.01",Y,https://www.sec.gov/cgi-bin/browse-edgar?action=getcompany&CIK=1002047
0001171843-24-003176:exh_991.htm,Predictive Oncology Inc.  (POAI)  (CIK 0001446159),2024-05-30,"EX-99.1 2 exh_991.htm PRESS RELEASE EdgarFiling EXHIBIT 99.1 Predictive Oncology Announces Positive Results from Ovarian Cancer Study with UPMC Magee-Womens Hospital to be Presented at the 2024 American Society of Clinical Oncology (ASCO) Annual Meeting Study successfully demonstrated Predictive’s ability to build AI multi-omic machine learning models to predict survival outcomes among ovarian cancer patients better than clinical data alone PITTSBURGH, May 28, 2024 (GLOBE NEWSWIRE) -- Predictive Oncology Inc. (NASDAQ: POAI), a leader in AI-driven drug discovery and biologics, today announced that positive results from a retrospective study that the company recently completed in collaboration with UPMC Magee-Womens Hospital will be presented at the 2024 American Society of Clinical Oncology...",,,"8.01,9.01",Y,https://www.sec.gov/cgi-bin/browse-edgar?action=getcompany&CIK=1446159
0001628908-24-000057:a20240604exhibit991.htm,"Evolent Health, Inc.  (EVH)  (CIK 0001628908)",2024-06-04,"EX-99.1 2 a20240604exhibit991.htm EX-99.1 Document Evolent signs agreement to acquire artificial intelligence utilization management products and team from Machinify • Machinify solution seeks to accelerate the efficiency, quality, and clinical value of Evolent’s specialty condition management platform through AI-enabled clinical workflow automation • Machinify technology leverages the latest advances in applied machine learning, large language models and data analytics • Acquisition expected to benefit health plans, clinicians, and members WASHINGTON, June 4, 2024 -- Evolent Health, Inc. (“Evolent” or “the Company"") (NYSE:EVH), a company focused on achieving better health outcomes for people with complex conditions, today announced it has entered into an agreement to acquire certain asset...",,,"7.01,8.01,9.01",Y,https://www.sec.gov/cgi-bin/browse-edgar?action=getcompany&CIK=1628908
0001493152-24-022460:ex99-1.htm,Artificial Intelligence Technology Solutions Inc.  (AITX)  (CIK 0001498148),2024-06-04,"EX-99.1 2 ex99-1.htm Exhibit 99.1 AITX Invests in Nightingale Security to Bolster Strategic Partnership and Enhance Global Autonomous Security Solutions Detroit, Michigan, June 4, 2024 — Artificial Intelligence Technology Solutions, Inc., (the “Company”) ( OTCPK:AITX ), a global leader in AI-driven security and productivity solutions for enterprise clients along with wholly owned subsidiary Robotic Assistance Devices, Inc. (RAD), today announced a strategic investment in Nightingale Security Inc. , a leader in autonomous aerial (drone) security systems. This investment follows a partnership announced in May , enhancing the commitment to delivering cutting-edge security solutions. The Company noted that the undisclosed financial investment was via a convertible note. A convertible note is a...",,,"8.01,9.01",Y,https://www.sec.gov/cgi-bin/browse-edgar?action=getcompany&CIK=1498148
0001213900-24-049670:ea0207336ex99-1_hearttest.htm,"Heart Test Laboratories, Inc.  (HSCS, HSCSW)  (CIK 0001468492)",2024-06-04,"EX-99.1 2 ea0207336ex99-1_hearttest.htm PRESS RELEASE DATED JUNE 4, 2024. Exhibit 99.1 HeartSciences Regains Compliance with Nasdaq Listing Requirements Southlake, Texas, June 4, 2024, (GLOBE NEWSWIRE) -- Heart Test Laboratories, Inc. d/b/a HeartSciences (NASDAQ: HSCS; HSCSW) (“HeartSciences” or the “Company”), an artificial intelligence (AI)-powered medical technology company focused on transforming ECGs/EKGs to save lives through earlier detection of heart disease, today announced that on June 3, 2024, the Company received formal notice from the Listing Qualifications Staff of the Nasdaq Stock Market LLC indicating that HeartSciences has regained compliance with bid price requirement as set forth in Listing Rule 5550(a)(2), and that the Company is therefore in compliance with the Nasdaq ...",,,"8.01,9.01",Y,https://www.sec.gov/cgi-bin/browse-edgar?action=getcompany&CIK=1468492
0001393905-24-000214:avai_ex992.htm,AVANT TECHNOLOGIES INC.  (AVAI)  (CIK 0001740797),2024-06-05,"EX-99.2 3 avai_ex992.htm PRESS RELEASE, DATED JUNE 5, 2024 Press Release, dated June 5, 2024 Avant Technologies Enters Binding LOI to Purchase Dozens of High-Performance, Immersible, AI-Powered Servers LAS VEGAS, June 05, 2024 (GLOBE NEWSWIRE) -- Avant Technologies, Inc. (OTCQB: AVAI) (“Avant” or the “Company”), a leader in artificial intelligence (AI) technology company specializing in cutting edge AI and data center infrastructure solutions, today announced it has entered into a Binding Letter of Intent (“BLOI”) with Florida-based Flow Wave, LLC (“FW”), a pioneer in immersible computer server development. This agreement paves the way for Avant to acquire up to 50 state-of-the-art high-performance immersible computer servers from FW in a deal valued at $50 million. This transaction, subje...",,,"8.01,9.01",Y,https://www.sec.gov/cgi-bin/browse-edgar?action=getcompany&CIK=1740797
0001023459-24-000078:ex992slpinvestordeckpro-.htm,"Simulations Plus, Inc.  (SLP)  (CIK 0001023459)",2024-06-12,"EX-99.2 5 ex992slpinvestordeckpro-.htm EX-99.2 ex992slpinvestordeckpro- 1 Pro-ficiency Acquisition June 12, 2024 ©2024, Simulations Plus, Inc. All Rights Reserved. With the exception of historical information, the matters discussed in this presentation are forward-looking statements that involve a number of risks and uncertainties. Words like “believe,” “expect” and “anticipate” mean that these are our best estimates as of this writing, but that there can be no assurances that expected or anticipated results or events will actually take place, so our actual future results could differ significantly from those statements. Factors that could cause or contribute to such differences include, but are not limited to: our ability to successfully integrate the Pro-ficiency business with our own, a...",,,"1.01,5.02,7.01,9.01",Y,https://www.sec.gov/cgi-bin/browse-edgar?action=getcompany&CIK=1023459
0001493152-24-023543:ex99-1.htm,SINGING MACHINE CO INC  (MICS)  (CIK 0000923601),2024-06-12,"EX-99.1 4 ex99-1.htm Exhibit 99.1 FOR IMMEDIATE RELEASE Singing Machine to Acquire SemiCab, a Leading AI Logistics Technology Company SemiCab Generated $6 Million Revenue in 2023 Fort Lauderdale, FL , June 12, 2024 – The Singing Machine Company, Inc. (“Singing Machine”) (NASDAQ: MICS ) – the worldwide leader in consumer karaoke products, today announced it has executed a definitive agreement to acquire SemiCab, Inc. (“SemiCab”), a leading artificial intelligence technology company that optimizes freight for Fortune 1000 clients in the US and Indian markets. SemiCab’s AI technology was developed specifically to build a hyper-efficient trucking network that operates at a 90%+ utilization level, well above the industry standard of 65%. This technology connects thousands of parties on a single...",,,"1.01,7.01,9.01",Y,https://www.sec.gov/cgi-bin/browse-edgar?action=getcompany&CIK=923601
0001493152-24-024031:ex99-1.htm,Artificial Intelligence Technology Solutions Inc.  (AITX)  (CIK 0001498148),2024-06-17,"EX-99.1 2 ex99-1.htm Exhibit 99.1 AITX Announces Q1 FY 2025 Recurring Monthly Revenue Increase of 385% YoY, Announces First Ever Quarter of Over $1 Million in Total Revenue Company Also Announces RMR Waiting Deployment of Over $125,000 Detroit, Michigan, June 17, 2024 – Artificial Intelligence Technology Solutions, Inc., (the “Company”) ( OTCPK:AITX ), a global leader in AI-driven security and productivity solutions for enterprise clients, is pleased to announce its unaudited operating revenue for the first quarter of fiscal year 2025 is 2.86 x greater than the same quarter in the prior fiscal year. The total unaudited revenue was $1,098,975 for Q1 FY 2025, ended May 31, 2024, compared to the same quarter, prior year revenue of $384,277. This marks a significant milestone for the Company a...",,,"2.02,8.01,9.01",Y,https://www.sec.gov/cgi-bin/browse-edgar?action=getcompany&CIK=1498148
0001683168-24-004334:lendingtree_ex9901.htm,"LendingTree, Inc.  (TREE)  (CIK 0001434621)",2024-06-18,"EX-99.1 2 lendingtree_ex9901.htm PRESS RELEASE Exhibit 99.1 LendingTree Announces Chief Financial Officer Transition, Additional Leadership Promotions Company to exceed Q2 revenue guidance and maintains Adjusted EBITDA outlook CHARLOTTE, N.C., June 18, 2024 /PRNewswire/ -- LendingTree, Inc. (NASDAQ: TREE), is the parent of LendingTree, LLC and several companies owned by LendingTree, LLC (collectively, ""LendingTree"" or the ""Company"") and the operator of LendingTree.com, the nation's leading online financial services marketplace, announces the promotion of Jason Bengel to Chief Financial Officer following the departure of Trent Ziegler on August 9, 2024. Along with this change, LendingTree is also announcing several leadership changes to further propel the Company's strategic initiatives and...",,,"5.02,8.01,9.01",Y,https://www.sec.gov/cgi-bin/browse-edgar?action=getcompany&CIK=1434621
0001493152-24-024277:ex99-1.htm,"Beyond Air, Inc.  (XAIR)  (CIK 0001641631)",2024-06-18,"EX-99.1 2 ex99-1.htm Exhibit 99.1 Beyond Air® Appoints David Webster as Chief Commercial Officer Mr. Webster brings more than 20 years of executive level experience in the life sciences industry GARDEN CITY, N.Y., June 13, 2024 – Beyond Air, Inc. (NASDAQ: XAIR) (“Beyond Air” or the “Company”), a commercial stage medical device and biopharmaceutical company focused on harnessing the power of endogenous and exogenous nitric oxide (NO) to improve the lives of patients suffering from respiratory illnesses, neurological disorders and solid tumors (through its affiliate Beyond Cancer, Ltd. (“Beyond Cancer”)), today announced the appointment of David Webster as Chief Commercial Officer of the Company, effective July 8, 2024. Mr. Webster has successfully developed and executed several commercial s...",,,"8.01,9.01",Y,https://www.sec.gov/cgi-bin/browse-edgar?action=getcompany&CIK=1641631
0001826000-24-000025:final-ltchpressreleasex624.htm,"Latch, Inc.  (LTCH)  (CIK 0001826000)",2024-06-24,"EX-99.1 3 final-ltchpressreleasex624.htm EX-99.1 Document Exhibit 99.1 DOOR to Acquire HelloTech, Officially Launching DOOR Services The HelloTech platform will serve as the foundation for DOOR Services, immediately unlocking national scale. ST. LOUIS - June 24, 2024 - Latch, Inc., soon to be DOOR , today announced it has agreed to acquire HelloTech, Inc. , a service platform delivering on-demand, last-mile installation, setup, and connected device support. The HelloTech platform, merged with the technology Latch acquired in its 2023 acquisition of Honest Day's Work (HDW), will serve as the foundation for DOOR Services , which will bring full-service amenities to multifamily buildings by enabling residents to efficiently share and book service providers, such as dog walkers, house cleaners...",,,"1.01,2.03,7.01,9.01",Y,https://www.sec.gov/cgi-bin/browse-edgar?action=getcompany&CIK=1826000
0001213900-24-056375:ea020859001ex99-1_highwire.htm,"HIGH WIRE NETWORKS, INC.  (HWNI)  (CIK 0001413891)",2024-06-27,"EX-99.1 3 ea020859001ex99-1_highwire.htm PRESS RELEASE, DATED JUNE 27, 2024 Exhibit 99.1 High Wire Networks Sells Technology Services Business Assets in All Cash Transaction to Become Pure-Play, AI-Powered Managed Cybersecurity Provider Funds from Divesture to Accelerate Growth and Development of Company’s Award-Winning Overwatch Managed Cybersecurity Business and its Higher Margin Recurring Revenue Streams BATAVIA, Ill., June 27 , 2024 -- High Wire Networks, Inc. (OTCQB: HWNI), a leading global provider of managed cybersecurity, has sold its technology enablement services business to ServicePoint, a leading provider of technology infrastructure services, in an all-cash deal. In addition, High Wire’s board of directors approved the holding for sale of the company’s VoIP and data network se...",,,"1.01,8.01,9.01",Y,https://www.sec.gov/cgi-bin/browse-edgar?action=getcompany&CIK=1413891
0001654954-24-008315:smc_8k.htm,"SMC Entertainment, Inc.  (SMCE)  (CIK 0001497230)",2024-06-28,"smc_8k.htm 0001497230 false 2024-06-26 0001497230 2024-06-26 2024-06-26 iso4217:USD xbrli:shares iso4217:USD xbrli:shares UNITED STATES SECURITIES AND EXCHANGE COMMISSION Washington, D.C. 20549 FORM 8-K CURRENT REPORT Pursuant to Section 13 or 15(d) of the Securities Exchange Act of 1934 June 21, 2024 Date of Report (Date of earliest event reported) SMC Entertainment, Inc. (Exact name of registrant as specified in its charter) Nevada (State or other jurisdiction of incorporation) 000-56558 (Commission File Number) (IRS Employer Identification No.) 9170 Glades Road , Suite 150 , Boca Raton , Florida , 33434 (Address of principal executive offices) ( 360 ) 820-5973 (Registrant’s telephone number, including area code) ____________________________________________ (Former Name or Address, if Ch...",,,"2.01,2.03,3.02,5.02,7.01,9.01",Y,https://www.sec.gov/cgi-bin/browse-edgar?action=getcompany&CIK=1497230
0001472375-24-000048:ixform8k.htm,"FOMO WORLDWIDE, INC.  (IGOT)  (CIK 0000867028)",2024-07-01,"Filed by Avantafile.com - FOMO Worldwide, Inc. - Form 8-K false 0000867028 0000867028 2024-05-22 2024-05-22 0000867028 dei:FormerAddressMember 2024-05-22 2024-05-22 iso4217:USD xbrli:shares iso4217:USD xbrli:shares UNITED STATES SECURITIES AND EXCHANGE COMMISSION Washington, DC 20549 FORM 8-K CURRENT REPORT Pursuant to Section 13 or 15(d) of the Securities Exchange Act of 1934 Date of Report (Date of earliest event reported): May 22, 2024 FOMO WORLDWIDE, INC. (Exact name of Registrant as specified in its Charter) wyoming 001-13126 87-3971203 (State or other jurisdiction of incorporation) (Commission File No.) (IRS Employer Identification No.) 625 Stanwix St. #2504 , Pittsburgh , PA 15222 (Address of principal executive offices) (630) 708-0750 (Registrant’s Telephone Number) 108 Scharberry ...",,,"1.03,4.01,7.01,8.01",Y,https://www.sec.gov/cgi-bin/browse-edgar?action=getcompany&CIK=867028
0001213900-24-057988:ea020882201ex99-1_collect.htm,"Collective Audience, Inc.  (CAUD)  (CIK 0001854583)",2024-07-01,"EX-99.1 3 ea020882201ex99-1_collect.htm PRESS RELEASE, DATED JULY 1, 2024 Exhibit 99.1 ● All-stock transaction adds marquee global Fortune 500 B2B customer base, proprietary first-party consumer data, and 20-member global services team. ● Collective Audience’s AudienceCloud enhanced with DSL Digital’s proprietary AI-powered AdTech tool sets. ● New operational team, technology and customer base enable launch of Collective Audience’s AudienceServices™ for global brands and agencies. NEW YORK, NY / ACCESSWIRE / July 1, 2024 / Collective Audience, Inc. (Nasdaq:CAUD), a leading innovator of audience-based performance advertising and media for the open web, has completed its acquisition of DSL Digital, a provider of Marketing-as-a-Service solutions powered by proprietary AI technology. Collectiv...",,,"1.01,3.02,7.01,9.01",Y,https://www.sec.gov/cgi-bin/browse-edgar?action=getcompany&CIK=1854583
0000950170-24-080040:awh-ex99_1.htm,Aspira Women's Health Inc.  (AWH)  (CIK 0000926617),2024-07-02,"EX-99.1 4 awh-ex99_1.htm EX-99.1 EX-99.1 Exhibit 99.1 Aspira Women’s Health Announces $1.935 Million Private Placement Equity Financing AUSTIN, Texas, July 1, 2024 (GLOBE NEWSWIRE) -- Aspira Women’s Health Inc. (“Aspira” or the “Company”) (Nasdaq: AWH), a bio-analytical based women’s health company focused on the development of gynecologic disease diagnostic tools, today announced it has entered into a securities purchase agreement dated June 30, 2024 with certain existing accredited shareholders and Company insiders to issue and sell an aggregate of 1,264,739 shares of its common stock (“Common Stock”) and warrants to purchase an equal number of shares of Common Stock (“Warrants”) at a combined offering price of $1.53 per share and warrant through a private placement financing (the “Offer...",,,"1.01,3.02,8.01,9.01",Y,https://www.sec.gov/cgi-bin/browse-edgar?action=getcompany&CIK=926617
0001493152-24-026286:ex99-1.htm,SINGING MACHINE CO INC  (MICS)  (CIK 0000923601),2024-07-05,"EX-99.1 3 ex99-1.htm Exhibit 99.1 FOR IMMEDIATE RELEASE Singing Machine Completes Acquisition of Leading AI Logistics Company Company Now Well Positioned for Accelerated Revenue Growth Fort Lauderdale, FL , July 5, 2024 – The Singing Machine Company, Inc. (“Singing Machine”) (NASDAQ: MICS ) – the worldwide leader in consumer karaoke products, today announced it has successfully completed the acquisition of SemiCab, Inc. (“SemiCab”), a leading artificial intelligence technology company in the global logistics space. “We are very pleased to complete the acquisition of SemiCab,” commented Gary Atkinson, CEO of Singing Machine. “They have disruptive, cutting-edge, AI-powered technology. They have world class customers that are eager to expand their current relationships. Lastly, SemiCab’s tech...",,,"1.01,2.01,3.02,7.01,9.01",Y,https://www.sec.gov/cgi-bin/browse-edgar?action=getcompany&CIK=923601
0001193125-24-177515:d858108dex991.htm,MICROSTRATEGY Inc  (MSTR)  (CIK 0001050446),2024-07-11,"EX-99.1 2 d858108dex991.htm EX-99.1 EX-99.1 Exhibit 99.1 MicroStrategy Announces 10-for-1 Stock Split TYSONS CORNER, Va., July 11, 2024 — MicroStrategy ® Incorporated (Nasdaq: MSTR) (“MicroStrategy”) today announced that its board of directors has declared a 10-for-1 stock split of MicroStrategy’s class A common stock and class B common stock to make MicroStrategy’s stock more accessible to investors and employees. The stock split will be effected by means of a stock dividend to the holders of record of MicroStrategy’s class A common stock and class B common stock as of the close of business on August 1, 2024, the record date for the dividend. As a result of the dividend, each holder of a share of MicroStrategy’s class A common stock will receive nine (9) additional shares of class A commo...",,,"8.01,9.01",Y,https://www.sec.gov/cgi-bin/browse-edgar?action=getcompany&CIK=1050446
0001718939-24-000117:pressreleaseex-991idaix071.htm,T Stamp Inc  (IDAI)  (CIK 0001718939),2024-07-12,"EX-99.1 2 pressreleaseex-991idaix071.htm EX-99.1 Document Exhibit 99.1 Trust Stamp President announces substantial H1-2024 growth including the 69th customer on its low-code Orchestration Layer platform Trust Stamp’s President provides a holistic overview of business growth in H1 of 2024 including the growth of Trust Stamp’s financial services client base in the United States and internationally, and entry into new industries July 11, 2024 : Atlanta, GA, July 11, 2024 (GLOBE NEWSWIRE) -- Trust Stamp (Nasdaq: IDAI), announced that in H1 of 2024 it has onboarded 21 new customers to its low-code Orchestration Layer platform, bringing the total number to 69, while growing its overall financial services customer base in the United States and internationally and increasing the industries served....",,,8.01,Y,https://www.sec.gov/cgi-bin/browse-edgar?action=getcompany&CIK=1718939
0001493152-24-027185:form8-k.htm,"Lever Global Corp  (AIUG, LVER)  (CIK 0001932244)",2024-07-15,"false 0001932244 0001932244 2024-05-23 2024-05-23 iso4217:USD xbrli:shares iso4217:USD xbrli:shares UNITED STATES SECURITIES AND EXCHANGE COMMISSION WASHINGTON, DC 20549 FORM 8-K CURRENT REPORT Pursuant to Section 13 OR 15(d) of The Securities Exchange Act of 1934 Date of Report: May 23, 2024 (Date of earliest event reported) LEVER GLOBAL CORPORATION (Exact name of registrant as specified in its charter) Delaware 000-56573 88-1455444 (State or other jurisdiction of incorporation) (Commission File Number) (IRS. Employer Identification No.) LEVEL 11 , 9255 W. Sunset Blvd. West Hollywood , CA 90069 (Address of principal executive offices, including zip code) (800) 309-5983 (Registrant’s telephone number, including area code) N/A (Former name or former address, if changed since the last report...",,,"1.01,2.01,3.02,9.01",Y,https://www.sec.gov/cgi-bin/browse-edgar?action=getcompany&CIK=1932244
0001213900-24-061535:ea020946201ex99-1_amesite.htm,Amesite Inc.  (AMST)  (CIK 0001807166),2024-07-16,"EX-99.1 2 ea020946201ex99-1_amesite.htm PRESS RELEASE DATED, JULY 16, 2024 Exhibit 99.1 Amesite Launches PREACTO™ App in Beta to Power Safety and Security at Home, Work, School and in Public Venues Collaboration with Global Active Shooter Expert Chris Grollnek to Drive Awareness and Usage DETROIT, July 16, 2024 (GLOBE NEWSWIRE) -- Amesite Inc. (NASDAQ: AMST), a leading artificial intelligence (AI) software company offering a cloud-based learning platform for business and education markets, announced today that the beta registration is now available for PREACTO TM , an innovative and proprietary app designed for personal safety and security. The new web app uses AI to provide helpful and easy-to-use tools for people who want to make their safety and security a priority, allowing them to pro...",,,"8.01,9.01",Y,https://www.sec.gov/cgi-bin/browse-edgar?action=getcompany&CIK=1807166
0001493152-24-028109:ex99-1.htm,"Soluna Holdings, Inc  (SLNH, SLNHP)  (CIK 0000064463)",2024-07-17,"EX-99.1 2 ex99-1.htm Exhibit 99.1 Soluna Cloud Expands Funding for AI Business to $13.75 Million Enhanced Financing to Accelerate Growth of Scalable, Sustainable Enterprise Computing Solutions ALBANY, NY, July 17, 2024 – Soluna Holdings, Inc. (“SHI” or the “Company”), (NASDAQ: SLNH), a developer of green data centers for intensive computing applications including Bitcoin mining and AI, announced its subsidiary, Soluna Cloud, has raised additional funding to increase its new credit facility by $1.25 million, bringing the total to $13.75 million for its AI business. The Company was advised in this follow-on round of financing by BitOoda Technologies and Imperial Capital . This additional funding will be instrumental in advancing Soluna Cloud’s growth initiatives, enabling the Company to cont...",,,"1.01,2.03,3.02,7.01,9.01",Y,https://www.sec.gov/cgi-bin/browse-edgar?action=getcompany&CIK=64463
0001493152-24-028109:ex99-1.htm,"Soluna Holdings, Inc  (SLNH, SLNHP)  (CIK 0000064463)",2024-07-17,"EX-99.1 2 ex99-1.htm Exhibit 99.1 Soluna Cloud Expands Funding for AI Business to $13.75 Million Enhanced Financing to Accelerate Growth of Scalable, Sustainable Enterprise Computing Solutions ALBANY, NY, July 17, 2024 – Soluna Holdings, Inc. (“SHI” or the “Company”), (NASDAQ: SLNH), a developer of green data centers for intensive computing applications including Bitcoin mining and AI, announced its subsidiary, Soluna Cloud, has raised additional funding to increase its new credit facility by $1.25 million, bringing the total to $13.75 million for its AI business. The Company was advised in this follow-on round of financing by BitOoda Technologies and Imperial Capital . This additional funding will be instrumental in advancing Soluna Cloud’s growth initiatives, enabling the Company to cont...",,,"1.01,2.03,3.02,7.01,9.01",Y,https://www.sec.gov/cgi-bin/browse-edgar?action=getcompany&CIK=64463
0001493152-24-028767:ex99-1.htm,Artificial Intelligence Technology Solutions Inc.  (AITX)  (CIK 0001498148),2024-07-23,"EX-99.1 2 ex99-1.htm Exhibit 99.1 AITX’s RAD Anticipates $1 Million SaaS ARR Increase with New Fortune 50 Client Deployment Detroit, Michigan, July 23, 2024 – Robotic Assistance Devices, Inc. (RAD), a subsidiary of Artificial Intelligence Technology Solutions, Inc., (the “Company”) ( OTCPK:AITX ), is thrilled to announce the imminent expansion of a substantial nationwide deployment. RAD is gearing up to build an additional 57 RIO ™ units, reflecting the strong demand and commitment from this highly esteemed Fortune 50 client. This move comes as RAD was instructed to begin production of 57 RIO towers by the client, who has indicated the purchase orders will be imminent. Steve Reinharz, CEO/CTO of AITX and RAD, commented, “We have been anticipating this order for quite some time, and it’s th...",,,"8.01,9.01",Y,https://www.sec.gov/cgi-bin/browse-edgar?action=getcompany&CIK=1498148
0000950170-24-085444:rdzn-ex99_1.htm,"Roadzen Inc.  (RDZN, RDZNW)  (CIK 0001868640)",2024-07-23,"EX-99.1 3 rdzn-ex99_1.htm EX-99.1 EX-99.1 EX-99.1 Roadzen CEO and Chairman Agree to Exchange $3.5 Million of Short-Term Debt for Equity in the Company NEW YORK, July 18, 2024 (GLOBE NEWSWIRE) – Roadzen Inc. (Nasdaq: RDZN) (""Roadzen"" or the ""Company""), a global leader in AI at the convergence of insurance and mobility, today announced that the Company’s Special Committee of Independent Directors has unanimously approved a plan for certain related parties to release $3.5 million of short-term debt in exchange for ordinary shares of RDZN. The related parties that have executed binding term sheets and agreed to the exchange include Roadzen’s CEO, Rohan Malhotra, and Pi Capital International Inc. and its affiliate Marco Polo Securities, Inc., which is principally owned by Roadzen’s Chairman of ...",,,"1.01,3.02,7.01,9.01",Y,https://www.sec.gov/cgi-bin/browse-edgar?action=getcompany&CIK=1868640
0001493152-24-028863:ex99-1.htm,OneMeta Inc.  (ONEI)  (CIK 0001388295),2024-07-24,"EX-99.1 2 ex99-1.htm Exhibit 99.1 OneMeta and Five9 Sign Independent Software Vendor Program Agreement BOUNTIFUL, UT / ACCESSWIRE / June 24, 2024 / OneMeta Inc. ( www.onemeta.ai ) (OTCQB:ONEI), the most innovative and advanced provider of AI-powered translation and transcription services, announced it signed an Independent Software Vendor Program Agreement with Five9. Five9 is one of the leaders in the call center solutions provider marketplace as it uses end-to-end digital engagement, analytics, and workforce optimization to increase agent productivity. Five9 represents over 3,000 enterprise, mid-market, and SMB customers worldwide; with over 350,000 concurrent agent seats, and in 2023 handled over 14 billion recorded call minutes. Nick Delis, SVP of International and Strategic Sales of F...",,,"1.01,7.01,9.01",Y,https://www.sec.gov/cgi-bin/browse-edgar?action=getcompany&CIK=1388295
0001104659-24-082519:tm2420065d1_ex99-1.htm,"Astrana Health, Inc.  (ASTH)  (CIK 0001083446)",2024-07-25,"EX-99.1 3 tm2420065d1_ex99-1.htm EXHIBIT 99.1 Exhibit 99.1 FOR IMMEDIATE RELEASE Astrana Health Enters Definitive Agreement to Acquire Collaborative Health Systems ALHAMBRA, Calif., July 25, 2024 – Astrana Health, Inc. (“Astrana”), together with its subsidiaries and affiliated entities (“the Company”) (NASDAQ: ASTH), a leading provider-centric, technology-powered healthcare company enabling providers to deliver accessible, high-quality, and high-value care to all, today announced it has entered into a definitive agreement to acquire Collaborative Health Systems (“CHS”), a management services organization serving more than 129,000 beneficiaries across 17 states and a company of Centene Corporation (NYSE:CNC) (“Centene”), a leading healthcare enterprise focused on transforming the health of ...",,,"1.01,7.01,9.01",Y,https://www.sec.gov/cgi-bin/browse-edgar?action=getcompany&CIK=1083446
0000880266-24-000047:ex21-stockandassetpurcha.htm,AGCO CORP /DE  (AGCO)  (CIK 0000880266),2024-07-25,"EX-2.1 2 ex21-stockandassetpurcha.htm EX-2.1 ex21-stockandassetpurcha EXECUTION VERSION STOCK AND ASSET PURCHASE AGREEMENT BY AND BETWEEN AGCO CORPORATION, MASSEY FERGUSON CORP. AND A-AG HOLDCO LIMITED _______________________ Dated as of July 25, 2024 TABLE OF CONTENTS Page ARTICLE I DEFINITIONS ........................................................................................................... 3 Section 1.1. Definitions ......................................................................................................... 3 Section 1.2. Other Defined Terms ....................................................................................... 20 ARTICLE II PURCHASE AND SALE; CLOSING .................................................................... 22 Section 2.1. Purchase and ...",,,"1.01,7.01,9.01",Y,https://www.sec.gov/cgi-bin/browse-edgar?action=getcompany&CIK=880266
0001171843-24-004198:exh_991.htm,Predictive Oncology Inc.  (POAI)  (CIK 0001446159),2024-07-29,"EX-99.1 6 exh_991.htm PRESS RELEASE EdgarFiling EXHIBIT 99.1 Predictive Oncology Announces Exercise of Warrants for $1.26 Million Gross Proceeds PITTSBURGH, July 26, 2024 (GLOBE NEWSWIRE) -- Predictive Oncology Inc. (NASDAQ: POAI), a leader in AI-driven drug discovery and biologics, today announced that it has entered into a definitive agreement for the exercise of certain existing warrants to purchase an aggregate of 958,117 shares of its common stock having a current exercise price of $14.00 originally issued in February 2021, June 2021 and May 2022, at a reduced exercise price of $1.32 per share. The issuance and/or resale of the shares of common stock issuable upon exercise of the existing warrants, as applicable, are registered pursuant to effective registration statements on Form S-1...",,,"1.01,3.02,8.01,9.01",Y,https://www.sec.gov/cgi-bin/browse-edgar?action=getcompany&CIK=1446159
0001650372-24-000023:ex991q4fy24.htm,Atlassian Corp  (TEAM)  (CIK 0001650372),2024-08-01,"EX-99.1 2 ex991q4fy24.htm EX-99.1 Document Atlassian Announces Fourth Quarter and Fiscal Year 2024 Results Quarterly revenue of $1,132 million, up 20% year-over-year Quarterly subscription revenue of $1,069 million, up 34% year-over-year Quarterly GAAP operating margin of (6)% and non-GAAP operating margin of 20% Quarterly cash flow from operations of $426 million and free cash flow of $413 million Team Anywhere/San Francisco (August 1, 2024) — Atlassian Corporation (NASDAQ: TEAM), a leading provider of team collaboration and productivity software, today announced financial results for its fourth quarter and fiscal year 2024. A shareholder letter was posted on Atlassian’s Work Life blog at http://atlassian.com/blog/announcements/shareholder-letter-q4fy24 and in the Investor Relations secti...",,,,REVIEW,https://www.sec.gov/cgi-bin/browse-edgar?action=getcompany&CIK=1650372
0001606757-24-000020:exhibit21stockpurchaseagre.htm,"Kimball Electronics, Inc.  (KE)  (CIK 0001606757)",2024-08-01,"EX-2.1 2 exhibit21stockpurchaseagre.htm KIMBALL ELECTRONICS, INC. EXHIBIT 2.1 Document Exhibit 2.1 Execution Version Certain information contained in this Exhibit has been excluded pursuant to Regulation S-K Item 601(b) because it is both (1) not material and (2) of the type that the Company treats as private or confidential. The redaction of such information is indicated by “[***]”. STOCK PURCHASE AGREEMENT BY AND AMONG KIMBALL ELECTRONICS, INC. (“SELLER”), THE SOLE STOCKHOLDER OF KIMBALL ELECTRONICS INDIANA, INC. (“COMPANY”); AND AVERNA TEST SYSTEMS INC. (“BUYER”); AND COMPANY DATED AS OF JULY 31, 2024 277494.00058/305713869.33 TABLE OF CONTENTS Article I. Definitions. 1 Section 1.1. Definitions. 1 Section 1.2. Interpretation. 13 Section 1.3. Accounting Terms and Definitions. 13 Section ...",,,"1.01,5.02,9.01",Y,https://www.sec.gov/cgi-bin/browse-edgar?action=getcompany&CIK=1606757
0001104659-24-086132:tm2420938d1_ex99-1.htm,"ConnectM Technology Solutions, Inc.  (CNTM)  (CIK 0001895249)",2024-08-06,"EX-99.1 4 tm2420938d1_ex99-1.htm EXHIBIT 99.1 Exhibit 99.1 ConnectM Announces Agreement to Acquire a Controlling Interest in DeliveryCircle ~ Advances M&A Strategy with First Acquisition Following Public Debut in July 2024 ~ ~ Enters $165B U.S. Couriers and Local Delivery Services Market ~ ~ DeliveryCircle Provides Immediate Accretive Financial Metrics to ConnectM ~ Marlborough, MA, August 6, 2024 – ConnectM Technology Solutions, Inc. (Nasdaq: CNTM) (“ConnectM” or the “Company”), a technology company focused on the electrification economy, today announced it has signed a definitive agreement (the “Purchase Agreement”) to acquire a controlling interest in DeliveryCircle, a nationwide technology enabled final mile delivery company which connects businesses looking for a last-mile delivery so...",,,"1.01,2.01,7.01,9.01",Y,https://www.sec.gov/cgi-bin/browse-edgar?action=getcompany&CIK=1895249
0001213900-24-070759:ea021180601ex99-1_faraday.htm,"FARADAY FUTURE INTELLIGENT ELECTRIC INC.  (FFIE, FFIEW)  (CIK 0001805521)",2024-08-19,"EX-99.1 2 ea021180601ex99-1_faraday.htm PRESS RELEASE, DATED AUGUST 19, 2024 Exhibit 99.1 Faraday Future Announces Launch Event Date for China-U.S. Automotive Bridge Strategy · FF seeks to leverage its unique bridge value to integrate the strengths of the U.S. automotive industry with those of Chinese OEMs and parts suppliers and their respective supply chains. Los Angeles, CA (Aug. 19, 2024) -- Faraday Future Intelligent Electric Inc. (Nasdaq: FFIE) (“FF”, “Faraday Future”, or “Company”), a California-based global shared intelligent electric mobility ecosystem company, today announced that it will hold a launch event for its China-U.S. Automotive Bridge Strategy on September 19, 2024. The event will provide more details and an execution plan for the strategy and introduction of FF’s secon...",,,"8.01,9.01",Y,https://www.sec.gov/cgi-bin/browse-edgar?action=getcompany&CIK=1805521
0001288847-24-000125:fivn-20240820.htm,"Five9, Inc.  (FIVN)  (CIK 0001288847)",2024-08-20,"fivn-20240820 0001288847 false 0001288847 2024-08-20 2024-08-20 UNITED STATES SECURITIES AND EXCHANGE COMMISSION WASHINGTON, D.C. 20549 FORM 8-K CURRENT REPORT Pursuant to Section 13 or 15(d) of the Securities Exchange Act of 1934 Date of Report (Date of earliest event reported): August 20, 2024 FIVE9, INC. (Exact name of Registrant as specified in its charter) Delaware 001-36383 94-3394123 (State or other jurisdiction of incorporation) (Commission File No.) (I.R.S. Employer Identification No.) 3001 Bishop Drive, Suite 350 San Ramon, CA 94583 (Address of Principal Executive Offices) (Zip Code) Registrant’s telephone number, including area code: ( 925 ) 201-2000 Not Applicable (Former name or former address if changed since last report) Check the appropriate box below if the Form 8-K filing...",,,"2.05,8.01,9.01",Y,https://www.sec.gov/cgi-bin/browse-edgar?action=getcompany&CIK=1288847
0000896878-24-000035:fy24q4earningspressrelease.htm,INTUIT INC.  (INTU)  (CIK 0000896878),2024-08-22,"EX-99.01 2 fy24q4earningspressrelease.htm EX-99.01 Document Exhibit 99.01 Contacts: Investors Media Kim Watkins Kali Fry Intuit Inc. Intuit Inc. 650-944-3324 650-944-3036 kim_watkins@intuit.com kali_fry@intuit.com Intuit Reports Strong Fourth Quarter and Full Year Results; Sets Fiscal 2025 Guidance With Double Digit Revenue and Earnings Growth Full year revenue grew 13 percent, Small Business and Self-Employed Group revenue grew 19 percent MOUNTAIN VIEW, Calif. - Aug. 22, 2024 - Intuit Inc. (Nasdaq: INTU) the global financial technology platform that makes TurboTax , Credit Karma , QuickBooks , and Mailchimp , announced financial results for the fourth quarter and full fiscal year 2024, which ended July 31, 2024. ""We delivered very strong results for the fourth quarter and full year, and m...",,,"2.02,8.01",Y,https://www.sec.gov/cgi-bin/browse-edgar?action=getcompany&CIK=896878
0001104659-24-092158:tm2422481d1_ex2-1.htm,SONOCO PRODUCTS CO  (SON)  (CIK 0000091767),2024-08-23,"EX-2.1 2 tm2422481d1_ex2-1.htm EXHIBIT 2.1 Exhibit 2.1 EQUITY PURCHASE AGREEMENT BY AND AMONG TITAN HOLDINGS I B.V., TITAN HOLDINGS COÖPERATIEF U.A. AND SONOCO PRODUCTS COMPANY DATED AS OF JUNE 22, 2024 TABLE OF CONTENTS Page Article 1 DEFINITIONS 2 1.1 Definitions 2 1.2 Other Capitalized Terms 26 1.3 Interpretive Provisions 28 Article 2 CALCULATION OF PURCHASE PRICE AND PAYMENT 30 2.1 Purchase and Sale of the Purchased Interests 30 2.2 Closing Actions 31 2.3 Purchase Price Adjustment 33 2.4 Purchase Price Allocation 36 2.5 Stock Consideration Reduction 37 2.6 Withholding 37 Article 3 THE CLOSING 38 3.1 Closing; Closing Date 38 Article 4 REPRESENTATIONS AND WARRANTIES OF THE SELLER 38 4.1 Organization 38 4.2 Binding Obligations 38 4.3 No Defaults or Conflicts 39 4.4 No Governmental Authori...",,,"1.01,9.01",Y,https://www.sec.gov/cgi-bin/browse-edgar?action=getcompany&CIK=91767
0001493152-24-033797:ex99-1.htm,Artificial Intelligence Technology Solutions Inc.  (AITX)  (CIK 0001498148),2024-08-26,"EX-99.1 2 ex99-1.htm Exhibit 99.1 AITX’s RAD Announces Operational Cash Flow Positivity The Company Expects Core RAD Inc. Revenue to be Greater Than Operational Expenses in September Detroit, Michigan, August 26, 2024 — Artificial Intelligence Technology Solutions, Inc. (the “Company”) ( OTCPK:AITX ), a global leader in AI-driven security and productivity solutions for enterprise clients, is proud to announce that its wholly-owned subsidiary Robotic Assistance Devices, Inc. (RAD), expects that in September 2024 it can be considered operationally profitable when comparing core operational costs against revenues invoiced that month. Specifically, AITX and its four subsidiaries have an approximated monthly payroll and health insurance cost of $630,000. However, of those expenses approximately...",,,"2.02,8.01,9.01",Y,https://www.sec.gov/cgi-bin/browse-edgar?action=getcompany&CIK=1498148
0001185185-24-000851:ex_718723.htm,"IGC Pharma, Inc.  (IGC)  (CIK 0001326205)",2024-08-27,"EX-99.1 2 ex_718723.htm EXHIBIT 99.1 ex_718723.htm Exhibit 99.1 IGC Announces Results of its 2024 Annual Stockholders Meeting POTOMAC, MD. (Business Wire) August 26, 2024 / IGC Pharma, Inc. (“IGC” or the “Company”) (NYSE American: IGC) announces that during its Annual Meeting of Stockholders scheduled for and convened on August 23, 2023 (the “Annual Meeting”), all proposals as disclosed on the Definitive Proxy Statement on Schedule 14A filed with the SEC on July 8, 2024, were passed by the requisite vote of the stockholders. Only stockholders of record on the record date of June 28, 2024, were entitled to and requested to vote at the Annual Meeting. At the Annual Meeting, all of the following proposals were approved by the requisite vote of the stockholders: (i) the election of Mr. Richard...",,,"5.07,8.01,9.01",Y,https://www.sec.gov/cgi-bin/browse-edgar?action=getcompany&CIK=1326205
0001104659-24-093765:tm2422867d1_ex99-1.htm,"ConnectM Technology Solutions, Inc.  (CNTM)  (CIK 0001895249)",2024-08-28,"EX-99.1 2 tm2422867d1_ex99-1.htm EXHIBIT 99.1 Exhibit 99.1 ConnectM Prepares to Deleverage Balance Sheet with Board’s Approval of Debt-to-Equity Conversion ~ Opens Trading Window for Management ~ Marlborough, MA, August 28, 2024 – ConnectM Technology Solutions, Inc. (Nasdaq: CNTM) (“ConnectM” or the “Company”), a technology company focused on the electrification economy, today announced that the Company’s Board of Directors has approved a debt equity swap to deleverage the balance sheet, converting up to $15 million of the Company’s outstanding debt to common equity at $2.00 per share. In addition to the Board’s approval of the debt-to-equity conversion, the Board approved a trading policy for the Company’s officers and directors, opening a window for share purchases by management, beginni...",,,"7.01,8.01,9.01",Y,https://www.sec.gov/cgi-bin/browse-edgar?action=getcompany&CIK=1895249
0001493152-24-034186:ex99-1.htm,"IR-Med, Inc.  (IRME)  (CIK 0001839133)",2024-08-28,"EX-99.1 3 ex99-1.htm Exhibit 99.1 IR-MED Appoints Ran Ziskind, Tech Entrepreneur, Growth Manager, and Inventor as Chief Executive Officer Rosh Pina, Israel, August 28, 2024 — IR-MED Inc. , (“IR-MED” or the “Company”) (OTCQB:IRME), developer of a noninvasive artificial intelligence (AI) driven spectrographic analysis technology platform to address significant healthcare needs, announced today that Mr. Ran Ziskind has joined the Company as Chief Executive Officer (CEO), effective September 1, 2024. Mr. Ronnie Klein, who had been serving as Interim CEO, continues to serve as the Company’s Chief Technology Officer. Mr. Ziskind is a highly experienced high-tech innovator and company leader with two decades of expertise in launching, developing, and expanding pioneering enterprises that were lat...",,,"5.02,8.01,9.01",Y,https://www.sec.gov/cgi-bin/browse-edgar?action=getcompany&CIK=1839133
0001477932-24-005362:asii_ex101.htm,"Accredited Solutions, Inc.  (ASII)  (CIK 0001464865)",2024-08-29,"EX-10.1 2 asii_ex101.htm EMPLOYMENT AGREEMENT asii_ex101.htm EXHIBIT 10.1 EMPLOYMENT AGREEMENT This Employment Agreement (the ""Agreement"") is made as of this 28th day of August, 2024 (the “Effective Date”) by and between Ben Farzam (“Employee”) and Accredited Solutions, Inc., on behalf of a to-be-formed subsidiary (“Growth Company”) (“Employer”), (each, a “Party” and collectively, the “Parties”). The Parties agree and covenant to be bound by the terms set forth in this Agreement as follows: 1. Employment. Employer shall employ Employee as CEO of Growth Company under this Agreement. In such capacity, Employee shall have the following duties and undertake the following responsibilities: ○ Oversee general corporate operations, company profit and loss, ○ Sourcing of Acquisition Targets, ○ Esta...",,,"1.01,9.01",Y,https://www.sec.gov/cgi-bin/browse-edgar?action=getcompany&CIK=1464865
0001213900-24-073909:ea021290901ex99-1_datchat.htm,"DatChat, Inc.  (DATS, DATSW)  (CIK 0001648960)",2024-08-29,"EX-99.1 3 ea021290901ex99-1_datchat.htm PRESS RELEASE DATED AUGUST 29, 2024 Exhibit 99.1 DatChat Acquires Advanced AI Tool to Enhance Myseum Platform DatChat expands its capabilities with the acquisition of an AI-driven media organization tool, set to redefine digital legacy management New Brunswick, NJ, August 29, 2024 – DatChat, Inc. (NASDAQ: DATS), a secure messaging, metaverse, and social media company, announced today it has entered into an asset purchase agreement to acquire the source code and complete rights to an artificial intelligence (AI) tool designed for media library organization. This proprietary software, which integrates seamlessly with leading AI models like Gemini, OpenAI, and Claude, will enhance DatChat’s ongoing commitment to providing secure, user-friendly digital l...",,,"1.01,8.01,9.01",Y,https://www.sec.gov/cgi-bin/browse-edgar?action=getcompany&CIK=1648960
0001213900-24-073909:ea021290901ex99-1_datchat.htm,"DatChat, Inc.  (DATS, DATSW)  (CIK 0001648960)",2024-08-29,"EX-99.1 3 ea021290901ex99-1_datchat.htm PRESS RELEASE DATED AUGUST 29, 2024 Exhibit 99.1 DatChat Acquires Advanced AI Tool to Enhance Myseum Platform DatChat expands its capabilities with the acquisition of an AI-driven media organization tool, set to redefine digital legacy management New Brunswick, NJ, August 29, 2024 – DatChat, Inc. (NASDAQ: DATS), a secure messaging, metaverse, and social media company, announced today it has entered into an asset purchase agreement to acquire the source code and complete rights to an artificial intelligence (AI) tool designed for media library organization. This proprietary software, which integrates seamlessly with leading AI models like Gemini, OpenAI, and Claude, will enhance DatChat’s ongoing commitment to providing secure, user-friendly digital l...",,,"1.01,8.01,9.01",Y,https://www.sec.gov/cgi-bin/browse-edgar?action=getcompany&CIK=1648960
0001654954-24-011449:rekr_ex991.htm,"Rekor Systems, Inc.  (REKR)  (CIK 0001697851)",2024-09-04,"EX-99.1 2 rekr_ex991.htm SHAREHOLDER LETTER rekr_ex991.htm EXHIBIT 99.1 Rekor Systems President and CEO David Desharnais Outlines Strategic Vision and Growth Milestones in New Shareholder Letter COLUMBIA, MD – September 4, 2024 — Rekor Systems, Inc. (NASDAQ: REKR), a leader in developing and implementing state-of-the-art roadway intelligence technology, today announced the release of a new shareholder letter from President and CEO David Desharnais. The letter offers an overview of the Company’s recent achievements, strategic milestones, and future growth prospects. In the letter, Mr. Desharnais discusses Rekor's notable financial performance, including a significant increase in year-over-year revenue, key customer wins, and the expanding adoption of the Company’s advanced roadway intellige...",,,"8.01,9.01",Y,https://www.sec.gov/cgi-bin/browse-edgar?action=getcompany&CIK=1697851
0001352010-24-000031:exhibit21materialdefinitiv.htm,"EPAM Systems, Inc.  (EPAM)  (CIK 0001352010)",2024-09-04,"EX-2.1 2 exhibit21materialdefinitiv.htm EX-2.1 Document Exhibit 2.1 STOCK PURCHASE AGREEMENT BY AND AMONG EPAM SYSTEMS, INC. SELLERS (as defined herein) and NEORIS N.V. Dated as of August 28, 2024 Execution Version TABLE OF CONTENTS Section 1.1 Definitions of Certain Terms 1 Section 1.2 Headings; Table of Contents 19 Section 1.3 Singular, Plural, Gender 19 Section 1.4 References 19 Section 1.5 Information 19 Section 1.6 Currency 19 Section 1.7 Interpretation 19 Section 1.8 Knowledge 20 Section 1.9 Illustrative Calculations 20 ARTICLE II SALE, PURCHASE AND TRANSFER OF THE PURCHASED INTEREST 20 Section 2.1 Purchase, Sale and Transfer of Shares 20 Section 2.2 Closing 20 Section 2.3 Sellers’ and Company’s Deliverables 21 Section 2.4 Buyer’s Deliverables 22 Section 2.5 Closing Steps 22 Section ...",,,"1.01,7.01,9.01",Y,https://www.sec.gov/cgi-bin/browse-edgar?action=getcompany&CIK=1352010
0001388658-24-000156:irtcbasil-voyagerpartner.htm,"iRhythm Technologies, Inc.  (IRTC)  (CIK 0001388658)",2024-09-04,"EX-99.1 2 irtcbasil-voyagerpartner.htm EX-99.1 irtcbasil-voyagerpartner Exhibit 99.1 iRhythm Technologies Enters License Agreement with BioIntelliSense for Multiparameter Sensor Technology to be Used in Ambulatory Cardiac Monitoring iRhythm granted exclusive license to BioIntelliSense’s patented pulse oximetry, accelerometry and trending non-invasive blood pressure technologies for use within ambulatory cardiac monitoring (ACM) market SAN FRANCISCO, SEPTEMBER 4, 2024 (GLOBE NEWSWIRE) -- iRhythm Technologies, Inc. (NASDAQ:IRTC), a leading digital health care company focused on creating trusted solutions that detect, predict, and prevent disease, announced today that the company has signed an exclusive license agreement with BioIntelliSense, Inc., a continuous health monitoring and clinical ...",,,1.01,Y,https://www.sec.gov/cgi-bin/browse-edgar?action=getcompany&CIK=1388658
0001213900-24-076294:ea021353201ex99-2_faraday.htm,"FARADAY FUTURE INTELLIGENT ELECTRIC INC.  (FFIE, FFIEW)  (CIK 0001805521)",2024-09-06,"EX-99.2 10 ea021353201ex99-2_faraday.htm PRESS RELEASE DATED SEPTEMBER 5, 2024, TO ANNOUNCE THAT THE COMPANY HAS REGAINED NASDAQ COMPLIANCE Exhibit 99.2 Faraday Future Regains Compliance with All Nasdaq Continued Listing Criteria Los Angeles, CA (Sept. 5, 2024) - Faraday Future Intelligent Electric Inc. (Nasdaq: FFIE) (“FF” or the “Company”), a California-based global shared intelligent electric mobility ecosystem company today announced that it received written notice from the Nasdaq Stock Market LLC (“Nasdaq”) stating that the Company regained compliance with the bid price requirement in Nasdaq Listing Rule 5550(a)(2) and the periodic filing requirement in Listing Rule 5250(c)(1). The Company is now in compliance with all Nasdaq continued listing criteria. As part of the compliance confi...",,,"1.01,2.03,3.02,7.01,8.01,9.01",Y,https://www.sec.gov/cgi-bin/browse-edgar?action=getcompany&CIK=1805521
0001552781-24-000522:e24386_e99-2.htm,PROGRESS SOFTWARE CORP /MA  (PRGS)  (CIK 0000876167),2024-09-09,"EX-99.2 4 e24386_e99-2.htm Exhibit 99.2 Yogesh Gupta Chief Executive Office September 9, 2024 Progress to Acquire ShareFile Supplemental Information 2 © 2024 Progress Software Corporation and/or its subsidiaries or affiliates. All rights reserved. Important Information Note Regarding Forward - Looking Statements This slide presentation contains statements that are “forward - looking statements” within the meaning of Section 27A of the Secur ities Act of 1933, as amended, and Section 21E of the Securities Exchange Act of 1934, as amended. Progress has identified some of these forward - looking statem ents with words like “believe,” “may,” “could,” “would,” “might,” “should,” “expect,” “intend,” “plan,” “target,” “anticipate” and “continue,” the ne gative of these words, other terms of simil...",,,"1.01,2.02,7.01,9.01",Y,https://www.sec.gov/cgi-bin/browse-edgar?action=getcompany&CIK=876167
0001213900-24-076717:ea021389101ex99-1_ondas.htm,Ondas Holdings Inc.  (ONDS)  (CIK 0001646188),2024-09-09,"EX-99.1 2 ea021389101ex99-1_ondas.htm PRESS RELEASE, DATED SEPTEMBER 9, 2024 Exhibit 99.1 Ondas Receives $8.0 Million Purchase Order for Iron Drone Raider Systems from Major Military Customer for Aerial Protection Against Hostile Drones Marks largest order ever for the Iron Drone Raider systems and a significant milestone in Ondas Autonomous Systems Inc (OAS) business unit’s expansion Anticipating further growth with military and security customers worldwide, as Iron Drone’s capabilities are utilized and demonstrated in live security operations through this purchase order Ondas believes the Iron Drone Raider system is one of the most innovative and promising technologies in the counter-drone market, featuring autonomous capabilities and cost-effective interception with minimal collateral d...",,,"8.01,9.01",Y,https://www.sec.gov/cgi-bin/browse-edgar?action=getcompany&CIK=1646188
0001493152-24-035627:ex99-1.htm,"IR-Med, Inc.  (IRME)  (CIK 0001839133)",2024-09-10,"EX-99.1 2 ex99-1.htm Exhibit 99.1 Methodist Healthcare Adopts IR-MED’s PressureSafe™ Device for Usability Study: Decision Support Device Aims to Reduce Substantial Healthcare Burden of Pressure Injuries ● Patient enrollment and monitoring with PressureSafe™ has commenced ● In a similar study conducted at the world’s 2 nd largest HMO, PressureSafe™ had efficacy of 92% in detection and the incidence of pressure injuries were reduced by 50% during the study ● A skin-color agnostic decision support device, PressureSafe™, uses an AI-based algorithm and infrared light to sense beneath the skin’s surface to detect biomarkers of pressure injuries ● $26.8 billion is spent each year on the prevention and treatment of pressure injuries, and pressure injuries directly result in the death of 60,000 peo...",,,"8.01,9.01",Y,https://www.sec.gov/cgi-bin/browse-edgar?action=getcompany&CIK=1839133
0001213900-24-077377:ea021406001ex99-2_varonis.htm,VARONIS SYSTEMS INC  (VRNS)  (CIK 0001361113),2024-09-10,"EX-99.2 5 ea021406001ex99-2_varonis.htm PRESS RELEASE DATED SEPTEMBER 5, 2024 Exhibit 99.2 Varonis Systems, Inc. Announces Pricing of its Upsized $400 Million of Convertible Senior Notes September 5, 2024 NEW YORK, Sept. 05, 2024 (GLOBE NEWSWIRE) -- Varonis Systems, Inc. (Nasdaq: VRNS) (“Company” or “Varonis”), announced today that it priced a private offering of $400 million aggregate principal amount of 1.00% Convertible Senior Notes due 2029 (the “Notes”). The Notes will only be sold to persons reasonably believed to be qualified institutional buyers pursuant to Rule 144A under the Securities Act of 1933, as amended (the “Securities Act”). The offering size was increased from the previously announced offering size of $350 million aggregate principal amount of notes. The Company also gra...",,,"1.01,2.03,3.02,8.01,9.01",Y,https://www.sec.gov/cgi-bin/browse-edgar?action=getcompany&CIK=1361113
0001193125-24-219180:d355136dex992.htm,"Acrivon Therapeutics, Inc.  (ACRV)  (CIK 0001781174)",2024-09-16,"EX-99.2 3 d355136dex992.htm EX-99.2 EX-99.2 CORPORATE R&D EVENT September 14, 2024 ACRIVON PREDICTIVE PRECISION PROTEOMICS (AP3) OVERCOMING LIMITATIONS OF GENETICS-BASED PRECISION MEDICINE Exhibit 99.2 Forward-looking statements Certain information contained in this presentation includes forward-looking statements within the meaning of the Private Securities Litigation Reform Act of 1995 regarding our future results of operations or financial condition, business strategy and plans and objectives of management for future operations. In some cases, you can identify forward-looking statements because they contain words such as “anticipate,” “believe,” “contemplate,” “continue,” “could,” “estimate,” “expect,” “intend,” “may,” “plan,” “potential,” “predict,” “project,” “should,” “target,” “will...",,,"7.01,8.01,9.01",Y,https://www.sec.gov/cgi-bin/browse-edgar?action=getcompany&CIK=1781174
0001493152-24-036279:ex99-1.htm,Artificial Intelligence Technology Solutions Inc.  (AITX)  (CIK 0001498148),2024-09-16,"EX-99.1 2 ex99-1.htm Exhibit 99.1 AITX’s Subsidiary RAD-R Unveils RADCam™, The Revolutionary Security Camera That Talks Back Creates New Class of Intelligent Home Security Cameras Detroit, Michigan, September 16, 2024 – Artificial Intelligence Technology Solutions, Inc. (the “Company”) ( OTCPK:AITX ), is proud to announce the launch of RADCam™, a groundbreaking residential security product from its subsidiary Robotic Assistance Devices Residential, Inc. (RAD-R). RADCam revolutionizes the concept of residential security by introducing what the Company sees as the world’s first AI-powered, purpose-built ‘Talking Security Camera’. RADCam offers all the features of traditional residential security cameras: monitoring, detecting, and recording activity — while adding new layers of security and ...",,,"8.01,9.01",Y,https://www.sec.gov/cgi-bin/browse-edgar?action=getcompany&CIK=1498148
0001104659-24-100674:tm2424240d1_ex99-1.htm,"ConnectM Technology Solutions, Inc.  (CNTM)  (CIK 0001895249)",2024-09-17,"EX-99.1 4 tm2424240d1_ex99-1.htm EXHIBIT 99.1 Exhibit 99.1 ConnectM Successfully Eliminates $7.5 Million in Debt, Reaching Halfway Mark in Debt-To-Equity Conversion ~ Conversion Reduces Annual Interest Expense by $1.8 Million Transferring to Free Cash Flow of Equal Value ~ Marlborough, MA, September 17, 2024 – ConnectM Technology Solutions, Inc. (Nasdaq: CNTM) (“ConnectM” or the “Company”), a technology company focused on the electrification economy, today announced the Company has completed more than half of its initial tranche of a debt-to-equity swap by converting $7.5 million of the Company’s outstanding debt to common equity at $2.00 per share. This action begins a series of balance sheet deleveragings as ConnectM seeks to maximize value for shareholders. Today’s transaction executes ...",,,"1.01,3.02,7.01,9.01",Y,https://www.sec.gov/cgi-bin/browse-edgar?action=getcompany&CIK=1895249
0001628280-24-040859:exhibit991-reversestockspl.htm,"Ontrak, Inc.  (OTRK, OTRKP)  (CIK 0001136174)",2024-09-19,"EX-99.1 3 exhibit991-reversestockspl.htm EX-99.1 Document EXHIBIT 99.1 Ontrak, Inc. Announces Reverse Stock Split Shares Expected to Begin Trading on Split-Adjusted Basis on September 23, 2024 Ontrak, Inc. (NASDAQ: OTRK), a leading AI-powered and technology-enabled behavioral healthcare company, today announced that it will implement a 1-for-15 reverse split of the issued shares of its common stock, effective at 12:01 a.m. Eastern Time on September 23, 2024. The Company's common stock is expected to begin trading on a split-adjusted basis when the market opens on September 23, 2024, and will continue to trade on The Nasdaq Capital Market under the symbol “OTRK.” The new CUSIP number for the common stock will be 683373 401. The reverse stock split is intended to increase the bid price of th...",,,"3.03,5.03,7.01,8.01,9.01",Y,https://www.sec.gov/cgi-bin/browse-edgar?action=getcompany&CIK=1136174
0001493152-24-037058:ex99-1.htm,Artificial Intelligence Technology Solutions Inc.  (AITX)  (CIK 0001498148),2024-09-19,"EX-99.1 2 ex99-1.htm Exhibit 99.1 AITX’s Subsidiary, Robotic Assistance Devices, Heads to GSX 2024 With ROSA Gen4 and RADCam, Participating with Key Partners Detroit, Michigan, September 19, 2024 — Artificial Intelligence Technology Solutions, Inc., (the “Company”) ( OTCPK:AITX ), along with its wholly owned subsidiary, Robotic Assistance Devices, Inc. (RAD), today announced its planned activities at the Global Security Exchange (GSX) Conference, September 23-25, in Orlando, Florida. Global Security Exchange (GSX) is the world’s most comprehensive event for security professionals. Powered by ASIS International, GSX delivers unbeatable benefits and opportunities to help security professionals stay a step ahead. “We are honored to be featured at GSX 2024, where we’ll have the opportunity to ...",,,"8.01,9.01",Y,https://www.sec.gov/cgi-bin/browse-edgar?action=getcompany&CIK=1498148
0001818502-24-000017:oppfiinvestorpresentatio.htm,"OppFi Inc.  (OPFI, OPFI-WT)  (CIK 0001818502)",2024-09-19,"EX-99.1 2 oppfiinvestorpresentatio.htm EX-99.1 oppfiinvestorpresentatio Investor Presentation September 2024 Disclaimer 2 This presentation (the “Presentation”) of OppFi Inc. (“OppFi” or the “Company”) is for information purposes only. Certain information contained herein has been derived from sources prepared by third parties. While such information is believed to be reliable for the purposes used herein, the Company makes no representation or warranty with respect to the accuracy of such information. Trademarks andtrade names referred to in this Presentation are the property of their respective owners. The information contained herein does not purport to be all-inclusive. This Presentation does not constitute investment, tax, or legal advice. No representation or warranty, express or imp...",,,"1.01,2.03,7.01,9.01",Y,https://www.sec.gov/cgi-bin/browse-edgar?action=getcompany&CIK=1818502
0001213900-24-080750:ea021527601ex10-1_treasure.htm,TREASURE GLOBAL INC  (TGL)  (CIK 0001905956),2024-09-20,"EX-10.1 2 ea021527601ex10-1_treasure.htm PARTNERSHIP AGREEMENT BETWEEN TREASURE GLOBAL INC AND CREDILAB SDN. BHD. DATED SEPTEMBER 20, 2024 Exhibit 10.1 PARTNERSHIP AGREEMENT THIS PARTNERSHIP AGREEMENT (“ AGREEMENT ”) is made on 20 th September 2024 (“ Effective Date”) . BETWEEN: TREASURE GLOBAL INC. (Registration No.: 7908921), a Nasdaq listed company incorporated in the State of Delaware, United States of America and having its registered office at 276 5th Avenue Suit, 704 #739 New York, NY 10001, United States (“ TGL ”) of the first part; AND CREDILAB SDN. BHD. (Registration No.: 202001025173(1381493-W)), a company incorporated in Malaysia and having its business address at B02-D-17, Menara 3, No. 3, Jalan Bangsar, KL Eco City, 59200 Kuala Lumpur, W.P. Kuala Lumpur (“ CLSB ”) of the seco...",,,"1.01,5.02,9.01",Y,https://www.sec.gov/cgi-bin/browse-edgar?action=getcompany&CIK=1905956
0001213900-24-081033:ea021534501ex99-1_gaxos.htm,GAXOS.AI INC.  (GXAI)  (CIK 0001895618),2024-09-23,"EX-99.1 6 ea021534501ex99-1_gaxos.htm PRESS RELEASE DATED SEPTEMBER 20, 2024 Exhibit 99.1 Gaxos.ai Inc. Announces Exercise of Warrants for $3.24 Million Gross Proceeds Roseland, NJ, September 20, 2024 (GLOBE NEWSWIRE) -- Gaxos.ai Inc. (NASDAQ: GXAI), (“Gaxos” or the “Company”), a company developing artificial intelligence applications across various sectors, today announced that it has entered into a definitive agreement for the exercise of certain existing warrants to purchase an aggregate of 1,256,734 shares of its common stock originally issued in March 2024 and having an original exercise price of $5.50 per share, at a reduced exercise price of $2.58 per share. The issuance and sale of the shares of common stock issuable upon exercise of the existing warrants is registered pursuant to ...",,,"1.01,3.02,8.01,9.01",Y,https://www.sec.gov/cgi-bin/browse-edgar?action=getcompany&CIK=1895618
0001883085-24-000140:pagaya-launchpressreleasep.htm,"Pagaya Technologies Ltd.  (PGY, PGYWW)  (CIK 0001883085)",2024-09-25,"EX-99.2 3 pagaya-launchpressreleasep.htm EX-99.2 Document Exhibit 99.2 Pagaya Announces Proposed Exchangeable Senior Notes Offering September 25, 2024 NEW YORK - (BUSINESS WIRE) – Pagaya Technologies LTD. (NASDAQ: PGY) (“Pagaya” or the “Company”), a global technology company delivering AI-driven product solutions for the financial ecosystem, today announced that its wholly owned subsidiary, Pagaya US Holding Company LLC (“Pagaya US”), intends to offer, subject to market and other conditions, $125 million aggregate principal amount of exchangeable senior notes due 2029 (the “notes”) in a private offering to persons reasonably believed to be qualified institutional buyers pursuant to Rule 144A under the Securities Act of 1933, as amended (the “Securities Act”). Pagaya US also expects to gran...",,,"7.01,8.01,9.01",Y,https://www.sec.gov/cgi-bin/browse-edgar?action=getcompany&CIK=1883085
0001640147-24-000234:exhibit991-pressrelease923.htm,Snowflake Inc.  (SNOW)  (CIK 0001640147),2024-09-27,"EX-99.1 5 exhibit991-pressrelease923.htm EX-99.1 Document Exhibit 99.1 Snowflake Announces Proposed Private Placement of $2.0 Billion of Convertible Senior Notes No-Headquarters/BOZEMAN, Mont. – September 23, 2024 – Snowflake Inc. (NYSE: SNOW) (“Snowflake”), the AI Data Cloud Company, today announced that it intends to offer, subject to market conditions and other factors, $1.0 billion aggregate principal amount of its Convertible Senior Notes due 2027 (the “2027 notes”) and $1.0 billion aggregate principal amount of its Convertible Senior Notes due 2029 (the “2029 notes,” and together with the 2027 notes, the “notes”) in a private placement (the “offering”) to persons reasonably believed to be qualified institutional buyers pursuant to Rule 144A under the Securities Act of 1933, as amende...",,,"1.01,2.03,3.02,8.01,9.01",Y,https://www.sec.gov/cgi-bin/browse-edgar?action=getcompany&CIK=1640147
0001493152-24-039073:ex99-1.htm,"Powerfleet, Inc.  (AIOT)  (CIK 0001774170)",2024-10-02,"EX-99.1 5 ex99-1.htm Exhibit 99.1 Powerfleet Closes Strategic Acquisition of Fleet Complete Acquisition Expected to Create a $400m+ Revenue Company, Including $300m+ of Recurring SaaS Revenue, $85m EBITDA, and Significant Expansion Opportunities WOODCLIFF LAKE, NJ – October 1, 2024 – Powerfleet, Inc. (Nasdaq: AIOT) has successfully closed the previously announced acquisition of Fleet Complete, a prominent player in connected vehicle technology and fleet management. With 2.6 million total combined subscribers and forecasted combined revenue of over $400 million, including more than $300 million of recurring SaaS revenue, this transformative acquisition is expected to solidify Powerfleet’s position as a true global leader in the rapidly expanding AIoT market. “We are thrilled to have complet...",,,"1.01,2.01,2.03,3.02,8.01,9.01",Y,https://www.sec.gov/cgi-bin/browse-edgar?action=getcompany&CIK=1774170
0001104659-24-105478:tm2425402d1_ex99-1.htm,Information Services Group Inc.  (III)  (CIK 0001371489),2024-10-02,"EX-99.1 3 tm2425402d1_ex99-1.htm EXHIBIT 99.1 Exhibit 99.1 Press Contact: Will Thoretz, ISG +1 203 517 3119 will.thoretz@isg-one.com Investor Contact: Michael Sherrick +1 203 517 3104 michael.sherrick@isg-one.com ISG Sells Its Automation Unit to UST Move sharpens ISG’s focus, strengthens balance sheet and immediately enhances shareholder value STAMFORD, Conn., October 2, 2024 — Information Services Group ( ISG ) (Nasdaq: III ), a leading global technology research and advisory firm, said today it has sold its automation unit to UST, a leading digital transformation solutions company, for $27 million in an all-cash transaction, with a portion of the proceeds placed in escrow, to be released contingent upon meeting certain conditions. The unit offers robotic process automation (RPA) software...",,,"1.01,2.01,7.01,9.01",Y,https://www.sec.gov/cgi-bin/browse-edgar?action=getcompany&CIK=1371489
0001493152-24-039074:form8-k.htm,"HALLMARK VENTURE GROUP, INC.  (HLLK)  (CIK 0001331421)",2024-10-02,"false 0001331421 0001331421 2024-09-20 2024-09-20 iso4217:USD xbrli:shares iso4217:USD xbrli:shares UNITED STATES SECURITIES AND EXCHANGE COMMISSION Washington D.C. 20549 Form 8-K CURRENT REPORT Pursuant to Section 13 or 15(d) of the Securities Exchange Act of 1934 Date of Report (Date of earliest event reported): September 20, 2024 HALLMARK VENTURE GROUP, INC. (Exact name of registrant as specified in its charter) Commission file number 000-56477 florida 34-2001531 (State or other jurisdiction of (I.R.S. Employer incorporation or organization) Identification No.) 5112 West Taft Road , Suite M , Liverpool , NY 13088 (Address of principal executive offices) (Zip Code) 877 - 646-4833 (Registrant’s telephone number, including area code) Check the appropriate box below if the Form 8-K filing i...",,,"1.01,2.01,5.01,5.02,5.06,9.01",Y,https://www.sec.gov/cgi-bin/browse-edgar?action=getcompany&CIK=1331421
0001193125-24-233331:d869362dex991.htm,BLUE OWL CAPITAL INC.  (OWL)  (CIK 0001823945),2024-10-07,"EX-99.1 2 d869362dex991.htm EX-99.1 EX-99.1 Exhibit 99.1 Blue Owl Capital to Acquire IPI Partners and to Partner with ICONIQ for Future Growth • Acquisition of digital infrastructure fund manager will add approximately $10.5 billion in assets under management and further augment Blue Owl’s existing digital infrastructure strategy. NEW YORK, October 7, 2024 — Blue Owl Capital Inc. (“Blue Owl”) (NYSE: OWL), a leading alternative asset manager, announced today it has entered into a definitive agreement to acquire the business of digital infrastructure fund manager IPI Partners, LLC (“IPI”) from an affiliate of ICONIQ Capital (“ICONIQ”) and an affiliate of Iron Point Partners (“Iron Point”) for a purchase price of approximately $1.0 billion. The purchase price will be comprised of approximatel...",,,"3.02,7.01,8.01,9.01",Y,https://www.sec.gov/cgi-bin/browse-edgar?action=getcompany&CIK=1823945
0001493152-24-040371:ex99-1.htm,Artificial Intelligence Technology Solutions Inc.  (AITX)  (CIK 0001498148),2024-10-08,"EX-99.1 2 ex99-1.htm Exhibit 99.1 AITX’s RAD Nearing 1000 Devices Deployed Milestone Major Milestone Approaching for Once Small Disruptor, Now Mainstream in the Security Industry Detroit, Michigan, October 8, 2024 — Robotic Assistance Devices, Inc. (RAD), a wholly owned subsidiary of Artificial Intelligence Technology Solutions, Inc. (the “ Company ” ) ( OTCPK:AITX ), a global leader in AI-driven security and productivity solutions for enterprise clients, is pleased to announce that the is approaching the significant milestone of 1,000 security devices deployed, including devices in the contracted backlog, pending delivery and acceptance. This achievement not only marks the Company’s rapid expansion but also signals RAD’s growing presence as a mainstream solution provider in the security i...",,,"8.01,9.01",Y,https://www.sec.gov/cgi-bin/browse-edgar?action=getcompany&CIK=1498148
0000950170-24-113527:zeta-ex99_1.htm,Zeta Global Holdings Corp.  (ZETA)  (CIK 0001851003),2024-10-08,"EX-99.1 2 zeta-ex99_1.htm EX-99.1 EX-99.1 Exhibit 99.1 Zeta Global to Acquire LiveIntent in a Highly Accretive Transaction · Expands Zeta’s identity graph, unveils new publisher cloud and accelerates growth in mobile and retail media · Acquisition meets Zeta’s four guiding M&A principles and is expected to be immediately accretive to Zeta’s earnings profile · Zeta reaffirms third quarter 2024 guidance October 8, 2024 ( NEW YORK, NY) – Zeta Global (NYSE: ZETA), the AI-Powered Marketing Cloud, today announced it has entered into an agreement to acquire LiveIntent. Founded in 2009, LiveIntent is a pioneer in people-based marketing, with proprietary technology powering mobile-centric experiences and first-party identity solutions to identify, unlock, engage, and monetize audiences across chann...",,,"3.02,7.01,8.01,9.01",Y,https://www.sec.gov/cgi-bin/browse-edgar?action=getcompany&CIK=1851003
0001683168-24-007058:radnet_ex9901.htm,"RadNet, Inc.  (RDNT)  (CIK 0000790526)",2024-10-11,"EX-99.1 2 radnet_ex9901.htm PRESENTATION FOR JEFFERIES INVESTOR CALL DATED OCTOBER 10, 2024 Exhibit 99.1 Jefferies Investor Update October 10, 2024 digital Safe Harbor This presentation contains forward - looking statements within the meaning of the U.S. Private Securities Litigation Reform Act of 1995. Specifically, statements concerning our ability to continue to grow the business by generating contracts, licensing software and AI solutions, growing our EBCD business and meeting RadNet's financial guidance, among others, are forward - looking statements within the meaning of the Safe Harbor. Forward - looking statements are based on management's current, preliminary expectations and are subject to risks and uncertainties which may cause our actual results to differ materially from the st...",,,"8.01,9.01",Y,https://www.sec.gov/cgi-bin/browse-edgar?action=getcompany&CIK=790526
0001441683-24-000091:appnex991-pressreleasedate.htm,APPIAN CORP  (APPN)  (CIK 0001441683),2024-10-11,"EX-99.1 2 appnex991-pressreleasedate.htm EX-99.1 Document Exhibit 99.1 Appian Names Mark Dorsey Chief Revenue Officer Proven executive brings over 25 years of strategic sales leadership experience to process automation industry leader MCLEAN, VA — October 11, 2024 — Appian (Nasdaq: APPN) today announced the appointment of Mark Dorsey as Chief Revenue Officer. Dorsey will lead the company’s global sales operation to accelerate growth, including through direct sales and partnerships. He will report to Appian’s CEO, Matt Calkins. “I’m thrilled to join Appian and collaborate with the entire team to accelerate growth,” said Mark Dorsey, Chief Revenue Officer, Appian. “I look forward to partnering with our customers to ensure their success using Appian’s trusted process automation technology to ...",,,"5.02,8.01,9.01",Y,https://www.sec.gov/cgi-bin/browse-edgar?action=getcompany&CIK=1441683
0001213900-24-087830:ea021749801ex99-1_ondas.htm,Ondas Holdings Inc.  (ONDS)  (CIK 0001646188),2024-10-15,"EX-99.1 3 ea021749801ex99-1_ondas.htm PRESS RELEASE, DATED OCTOBER 14, 2024 Exhibit 99.1 Ondas Secures $3.5 million Investment in Ondas Autonomous Systems in Transaction Led by Ondas Chairman and CEO Eric Brock and Board Member Joe Popolo Direct investment in Ondas Autonomous Systems (OAS) backed by investment companies of Joe Popolo, Board Member of Ondas, and Eric Brock, CEO and Chairman of Ondas and OAS Initial investment to support OAS’ substantial growth opportunity in providing unmanned aerial security and intelligence to defense, security and critical infrastructure and industrial markets BOSTON, MA / October 14, 2024 / Ondas Holdings Inc. (NASDAQ:ONDS) (“Ondas”, “Ondas Holdings” or the “Company”), a leading provider of private industrial wireless networks and commercial drone and a...",,,"1.01,2.03,8.01,9.01",Y,https://www.sec.gov/cgi-bin/browse-edgar?action=getcompany&CIK=1646188
0001437749-24-031240:ex_732560.htm,GB SCIENCES INC  (GBLX)  (CIK 0001165320),2024-10-15,"EX-99.1 2 ex_732560.htm EXHIBIT 99.1 ex_732560.htm Exhibit 99.1 GB Sciences Signs Licensing Deal with EndoPure Life Sciences for 5% Gross Sales Royalty & Sponsorship of First-in-Human Trial for their Cannabinoid-based Parkinson’s Drug As a part of their Exclusive Licensing Deal, EndoPure Life Sciences will finance and sponsor first-in-human clinical trials, which help to advance GB Sciences ’ cannabinoid-based products globally. Las Vegas, NV/ ACCESSWIRE/ Tuesday, October 15th, 2024/ GB Sciences, Inc. (OTCQB:GBLX), a leading data-driven, plant-inspired biopharmaceutical development company, has signed an exclusive licensing deal with EndoPure Life Sciences, LLC, a company with experience in regulatory approvals, manufacturing, and the distribution of cannabinoid-based treatments in Brazil ...",,,"1.01,9.01",Y,https://www.sec.gov/cgi-bin/browse-edgar?action=getcompany&CIK=1165320
0001840856-24-000033:soun-20241022ex991financia.htm,"SOUNDHOUND AI, INC.  (SOUN, SOUNW)  (CIK 0001840856)",2024-10-22,"EX-99.1 3 soun-20241022ex991financia.htm EX-99.1 Document CONSOLIDATED AND COMBINED FINANCIAL STATEMENTS AMELIA HOLDINGS, INC. AND SUBSIDIARIES As of December 31, 2023 and December 31, 2022 (Successor), and the year ended December 31, 2023 (Successor) and the periods from December 21, 2022 through December 31, 2022 (Successor), and January 1, 2022 through December 20, 2022 (Predecessor) With Report of Independent Auditors AMELIA HOLDINGS, INC. AND SUBSIDIARIES INDEX TO CONSOLIDATED AND COMBINED FINANCIAL STATEMENTS Consolidated and Combined Financial Statements Report of Independent Auditors 1 Consolidated Balance Sheets 3 Consolidated and Combined Statements of Operations and Comprehensive Loss 5 Consolidated and Combined Statements of Changes in Convertible Redeemable Preferred Stock and...",,,"2.01,9.01",Y,https://www.sec.gov/cgi-bin/browse-edgar?action=getcompany&CIK=1840856
0001654954-24-013215:nixx_ex993.htm,"Nixxy, Inc.  (NIXX, NIXXW)  (CIK 0001462223)",2024-10-22,"EX-99.3 4 nixx_ex993.htm EX-99.3 nixx_ex993.htm EXHIBIT 99.3 Nixxy Announces CognoGroup Spin-Off Plans Friday, 18 October 2024 07:35 AM CognoGroup Spin-Off Update NEW YORK, NY / ACCESSWIRE / October 18, 2024 / Nixxy (Nasdaq:NIXX) is moving forward with its previously announced plans to consolidate several of its assets and liabilities into Atlantic Energy Solutions (OTC:AESO), which is planned to be renamed CognoGroup (“CognoGroup”). As part of this restructuring, Nixxy will distribute shares of CognoGroup to eligible shareholders, aligning with its strategy to streamline operations and potentially unlock shareholder value. CognoGroup will focus on AI-driven projects aimed at enhancing human potential. Its core areas of focus include Work, Personal Growth, Wellness, Finance, and Creativity...",,,"7.01,8.01,9.01",Y,https://www.sec.gov/cgi-bin/browse-edgar?action=getcompany&CIK=1462223
0001663577-24-000265:ex99_1.htm,iQSTEL Inc  (IQST)  (CIK 0001527702),2024-10-22,"EX-99.1 6 ex99_1.htm PRESS RELEASE, DATED OCTOBER 21, 2024 IQST - iQSTEL Secures Major 12-Month Extension on Convertible Notes, Paving the Way for Explosive Growth and Nasdaq Uplisting New York, NY – October 21, 2024 – iQSTEL Inc. (OTC: IQST), a trailblazer in high-tech telecommunications and technology solutions, is thrilled to announce a significant development that accelerates its path to a Nasdaq uplisting. With unwavering investor confidence, iQSTEL has secured a 12-month extension on its convertible notes with M2B Funding Corp. – a strategic milestone that solidifies iQSTEL’s momentum and reinforces its vision of achieving $1 billion in revenue by 2027 . For the past six years, iQSTEL’s visionary leadership and relentless pursuit of innovation have built a robust business platform, e...",,,"1.01,2.03,8.01,9.01",Y,https://www.sec.gov/cgi-bin/browse-edgar?action=getcompany&CIK=1527702
0001213900-24-089677:ea021828401ex99-1_richtech.htm,RICHTECH ROBOTICS INC.  (RR)  (CIK 0001963685),2024-10-22,"EX-99.1 3 ea021828401ex99-1_richtech.htm PRESS RELEASE DATED OCTOBER 17, 2024 Exhibit 99.1 Richtech Robotics Expands Agreement with Ghost Kitchens to Manage 20 Additional Walmart-Located Restaurants, Growing its Restaurant Operations Model Company’s subsidiary, AlphaMax Management LLC, will optimize operations through the use of robotics and AI cloud technology at restaurants across Arizona, Colorado, and Texas LAS VEGAS, October 17, 2024 – Richtech Robotics Inc. (Nasdaq: RR) (“Richtech Robotics” or the “Company”), a Nevada-based provider of AI-driven service robots, today announces that it is expanding its restaurant operations model with the signing of a binding Letter of Intent (LOI) with Ghost Kitchens America. Under the terms of the LOI, Richtech Robotics agreed to enter into a franch...",,,"1.01,8.01,9.01",Y,https://www.sec.gov/cgi-bin/browse-edgar?action=getcompany&CIK=1963685
0001883085-24-000173:theoremclosingpr.htm,"Pagaya Technologies Ltd.  (PGY, PGYWW)  (CIK 0001883085)",2024-10-28,"EX-99.1 2 theoremclosingpr.htm EX-99.1 Document Pagaya Completes Acquisition of Theorem Technology, Inc. On a combined basis, the company now has access to more than $3 billion of fund capital to support strong investor demand NEW YORK – October 28, 2024 – Pagaya Technologies LTD. (NASDAQ: PGY) (""Pagaya"" or “the Company”), a global technology company delivering AI-driven product solutions for the financial ecosystem, today announced the completion of its acquisition of Theorem Technology, Inc. (“Theorem”), a machine-learning underwriting technology company that has powered billions of dollars of credit across its network since its founding in 2014. With a combined credit fund platform exceeding $3 billion in AUM, the transaction is expected to further strengthen Pagaya’s market-leading cap...",,,"3.02,8.01,9.01",Y,https://www.sec.gov/cgi-bin/browse-edgar?action=getcompany&CIK=1883085
0001493152-24-042589:ex99-1.htm,Artificial Intelligence Technology Solutions Inc.  (AITX)  (CIK 0001498148),2024-10-28,"EX-99.1 2 ex99-1.htm Exhibit 99.1 AITX’s RAD Achieves Strategic Cost Reductions in Q3 for Generation 4 Products, Highlighting Commitment to Innovation and Efficiency Detroit, Michigan, October 28, 2024 — Robotic Assistance Devices, Inc. ( RAD ), a subsidiary of Artificial Intelligence Technology Solutions , Inc. (the “ Company ” ) , ( OTCPK:AITX ) a global leader in AI-driven security and automation solutions, is pleased to announce significant cost reductions in its latest generation of products. The Company’s Generation 4 lineup, which launched in Q2 FY 2025, has seen impressive cost optimizations in Q3 as RAD implemented strategic manufacturing improvements. Overview of Product Evolution and Cost Efficiency For several years, RAD maintained consistent manufacturing costs with its Genera...",,,"8.01,9.01",Y,https://www.sec.gov/cgi-bin/browse-edgar?action=getcompany&CIK=1498148
0001660280-24-000151:q32024financialresults-ear.htm,"Tenable Holdings, Inc.  (TENB)  (CIK 0001660280)",2024-10-30,"EX-99.1 2 q32024financialresults-ear.htm EX-99.1 Document Tenable Announces Third Quarter 2024 Financial Results • Revenue of $227.1 million, up 13% year-over-year. • Calculated current billings of $248.4 million, up 11% year-over-year. • GAAP operating margin of (1)%; Non-GAAP operating margin of 20%. • Net cash provided by operating activities of $54.6 million; Unlevered free cash flow of $60.8 million. • $200 million expansion of our stock repurchase program. COLUMBIA, Maryland, October 30, 2024 — Tenable Holdings, Inc. (""Tenable"") (Nasdaq: TENB), the exposure management company, today announced financial results for the quarter ended September 30, 2024. ""We delivered strong results in Q3, surpassing expectations on both the top and bottom line,"" said Amit Yoran, Chairman and CEO of Ten...",,,"2.02,8.01,9.01",Y,https://www.sec.gov/cgi-bin/browse-edgar?action=getcompany&CIK=1660280
0001193125-24-248139:d877232dex991.htm,"FiscalNote Holdings, Inc.  (NOTE, NOTE-WT)  (CIK 0001823466)",2024-10-31,"EX-99.1 2 d877232dex991.htm EX-99.1 EX-99.1 Exhibit 99.1 FiscalNote Announces Sale Of Aicel Technologies, Inc. For $9.65 Million In Total Consideration Divestiture of Non-Core Asset Further Deleverages Balance Sheet with Gross Cash Consideration Simplification Facilitates Further Operating Efficiencies and Overall Profitability by Focusing and Driving Annual Recurring Revenue Through Core Business Board of Directors Continues to Review All Strategic Options Available to the Company to Maximize Shareholder Value WASHINGTON, D. C. – Thursday, October 31, 2024 – FiscalNote Holdings, Inc . (NYSE: NOTE) (“FiscalNote” or the “Company”), a leading AI-driven enterprise SaaS technology provider of policy and global intelligence, today announced the divestiture of its South Korean subsidiary, Aicel ...",,,"7.01,8.01,9.01",Y,https://www.sec.gov/cgi-bin/browse-edgar?action=getcompany&CIK=1823466
0001193125-24-248139:d877232dex991.htm,"FiscalNote Holdings, Inc.  (NOTE, NOTE-WT)  (CIK 0001823466)",2024-10-31,"EX-99.1 2 d877232dex991.htm EX-99.1 EX-99.1 Exhibit 99.1 FiscalNote Announces Sale Of Aicel Technologies, Inc. For $9.65 Million In Total Consideration Divestiture of Non-Core Asset Further Deleverages Balance Sheet with Gross Cash Consideration Simplification Facilitates Further Operating Efficiencies and Overall Profitability by Focusing and Driving Annual Recurring Revenue Through Core Business Board of Directors Continues to Review All Strategic Options Available to the Company to Maximize Shareholder Value WASHINGTON, D. C. – Thursday, October 31, 2024 – FiscalNote Holdings, Inc . (NYSE: NOTE) (“FiscalNote” or the “Company”), a leading AI-driven enterprise SaaS technology provider of policy and global intelligence, today announced the divestiture of its South Korean subsidiary, Aicel ...",,,"7.01,8.01,9.01",Y,https://www.sec.gov/cgi-bin/browse-edgar?action=getcompany&CIK=1823466
0001493152-24-043254:ex99-1.htm,Artificial Intelligence Technology Solutions Inc.  (AITX)  (CIK 0001498148),2024-11-01,"EX-99.1 2 ex99-1.htm Exhibit 99.1 AITX’s RAD Reveals Next Generation Wheeled Security Robot ‘ROAMEO Generation 4’ Poised to Fulfill Broad Market Need Detroit, Michigan, November 1, 2024 — Robotic Assistance Devices, Inc. (RAD), a subsidiary of Artificial Intelligence Technology Solutions, Inc. (the “ Company ” ) ( OTCPK:AITX ), reveals the core specifications for its highly anticipated next generation wheeled robot, ROAMEO™ Generation 4 (Gen 4). After years of development, this mobile robot is scheduled for customer demonstrations beginning in March 2025. This next-generation autonomous security robot is poised to finally fill a long-needed solution in the security and facility management industries: a versatile mobile security and concierge robot with enhanced capabilities, superior AI in...",,,"8.01,9.01",Y,https://www.sec.gov/cgi-bin/browse-edgar?action=getcompany&CIK=1498148
0001663577-24-000273:ex99_1.htm,iQSTEL Inc  (IQST)  (CIK 0001527702),2024-11-04,"EX-99.1 6 ex99_1.htm PRESS RELEASE, DATED NOVEMBER 4, 2024 IQST - iQSTEL Advances Global Expansion with Strategic Acquisition Agreement to Fully Consolidate SwissLink Carrier AG., Enhancing Telecom Powerhouse Vision New York, NY, November 4, 2024 — iQSTEL Inc. (OTC: IQST), a rapidly expanding leader in telecommunications, proudly announces a major step in its journey to global telecom dominance with the signing of a transformative Memorandum of Understanding (MOU) to acquire the remaining 49% of SwissLink Carrier AG. This strategic agreement accelerates iQSTEL’s consolidation of international telecom assets, enhancing its operational strength and advancing its mission to become a worldwide telecom powerhouse. The MOU gives Mr. Koehler to swap his 49% ownership in SwissLink, valued at $750,...",,,"1.01,8.01,9.01",Y,https://www.sec.gov/cgi-bin/browse-edgar?action=getcompany&CIK=1527702
0001213900-24-094213:ea0219932-8k_datchat.htm,"DatChat, Inc.  (DATS, DATSW)  (CIK 0001648960)",2024-11-04,"false 0001648960 0001648960 2024-10-29 2024-10-29 0001648960 DATS:CommonStock0.0001ParValueMember 2024-10-29 2024-10-29 0001648960 DATS:SeriesWarrantsEachWarrantExercisableForOneShareOfCommonStockAtExercisePriceOf4.98Member 2024-10-29 2024-10-29 iso4217:USD xbrli:shares iso4217:USD xbrli:shares UNITED STATES SECURITIES AND EXCHANGE COMMISSION Washington, D.C. 20549 FORM 8-K CURRENT REPORT Pursuant to Section 13 or 15(d) of the Securities Exchange Act of 1934 Date of Report (Date of earliest event reported): October 29, 2024 DATCHAT, INC. (Exact name of registrant as specified in its charter) Nevada 001-40729 47-2502264 (State or other jurisdiction of incorporation) (Commission File Number) (I. R. S. Employer Identification No.) 204 Neilson Street New Brunswick , NJ 08901 (Address of princi...",,,"1.01,9.01",Y,https://www.sec.gov/cgi-bin/browse-edgar?action=getcompany&CIK=1648960
0001213900-24-094213:ea0219932-8k_datchat.htm,"DatChat, Inc.  (DATS, DATSW)  (CIK 0001648960)",2024-11-04,"false 0001648960 0001648960 2024-10-29 2024-10-29 0001648960 DATS:CommonStock0.0001ParValueMember 2024-10-29 2024-10-29 0001648960 DATS:SeriesWarrantsEachWarrantExercisableForOneShareOfCommonStockAtExercisePriceOf4.98Member 2024-10-29 2024-10-29 iso4217:USD xbrli:shares iso4217:USD xbrli:shares UNITED STATES SECURITIES AND EXCHANGE COMMISSION Washington, D.C. 20549 FORM 8-K CURRENT REPORT Pursuant to Section 13 or 15(d) of the Securities Exchange Act of 1934 Date of Report (Date of earliest event reported): October 29, 2024 DATCHAT, INC. (Exact name of registrant as specified in its charter) Nevada 001-40729 47-2502264 (State or other jurisdiction of incorporation) (Commission File Number) (I. R. S. Employer Identification No.) 204 Neilson Street New Brunswick , NJ 08901 (Address of princi...",,,"1.01,9.01",Y,https://www.sec.gov/cgi-bin/browse-edgar?action=getcompany&CIK=1648960
0001493152-24-044437:ex99-1.htm,Artificial Intelligence Technology Solutions Inc.  (AITX)  (CIK 0001498148),2024-11-12,"EX-99.1 2 ex99-1.htm Exhibit 99.1 AITX’s RAD Featured in Construction Association of Michigan’s November Issue of CAM Magazine Detroit, Michigan, November 11, 2024 — Robotic Assistance Devices, Inc . (RAD), a wholly owned subsidiary of Artificial Intelligence Technology Solutions, Inc . (the “Company”) ( OTCPK:AITX ), a global leader in AI-driven security and productivity solutions for enterprise clients, is proud to announce its prominent feature in the November issue of CAM Magazine, the official monthly publication of the Construction Association of Michigan (CAM). With more than 1,700 member companies, including general contractors, architects, engineers, and essential service providers, CAM is at the forefront of Michigan’s construction industry. The feature article highlights RAD’s t...",,,"8.01,9.01",Y,https://www.sec.gov/cgi-bin/browse-edgar?action=getcompany&CIK=1498148
0001437749-24-034946:ex_747506.htm,Comstock Inc.  (LODE)  (CIK 0001120970),2024-11-13,"EX-10.1 2 ex_747506.htm EXHIBIT 10.1 ex_747506.htm Exhibit 10.1 DEEP INTERSTELLAR RESEARCH INC 1-19483 74th Avenue Surrey, BC V4N 6V7 RE: ASSIGNMENT AGREEMENT Reference is hereby made to that certain Limited Liability Company Operating Agreement effective June 24, 2021 (“ Operating Agreement ”), by and between COMSTOCK INC. (F/K/A COMSTOCK MINING INC.) (“ Comstock ”), DEEP INTERSTELLAR RESEARCH INC (“ DIR ”), and QUANTUM GENERATIVE MATERIALS LLC (“ GenMat ”), and various documents, instruments, and agreements executed in connection therewith (collectively, the “ Transaction Documents ”). Reference is hereby further made to that certain non-binding memorandum of understanding dated April 25, 2024, by and between Comstock and GenMat (“ MOU ”), and that certain agreement effective October 1, ...",,,"1.01,1.02,9.01",Y,https://www.sec.gov/cgi-bin/browse-edgar?action=getcompany&CIK=1120970
0001493152-24-046145:ex99-1.htm,Artificial Intelligence Technology Solutions Inc.  (AITX)  (CIK 0001498148),2024-11-15,"EX-99.1 2 ex99-1.htm Exhibit 99.1 AITX’s RAD Featured in NBC Affiliate KSDK’s Coverage of St. Louis AI Security Deployment Innovative RAD ROSA Systems to Enhance Downtown Safety Detroit, Michigan, November 15, 2024 — Artificial Intelligence Technology Solutions, Inc . (the “ Company ” ) ( OTCPK:AITX ), a global leader in AI-driven security and productivity solutions for enterprise clients, along with its subsidiary Robotic Assistance Devices (RAD) , are proud to announce that two ROSA ™ security solutions have been successfully deployed in downtown St. Louis and were featured in a news segment by KSDK, the local NBC affiliate. These AI-driven solution has been designed to boost safety and security at a prominent downtown location. The KSDK-TV segment can be viewed online at https://youtu.b...",,,"8.01,9.01",Y,https://www.sec.gov/cgi-bin/browse-edgar?action=getcompany&CIK=1498148
0001493152-24-047624:form8-k.htm,Connexa Sports Technologies Inc.  (YYAI)  (CIK 0001674440),2024-11-25,"false 0001674440 0001674440 2024-11-19 2024-11-19 iso4217:USD xbrli:shares iso4217:USD xbrli:shares UNITED STATES SECURITIES AND EXCHANGE COMMISSION WASHINGTON, D.C. 20549 FORM 8-K CURRENT REPORT Pursuant to Section 13 OR 15(d) of The Securities Exchange Act of 1934 November 19, 2024 Date of Report (Date of earliest event reported) CONNEXA SPORTS TECHNOLOGIES INC. (Exact name of registrant as specified in its charter) Delaware 1-41423 61-1789640 (State or other jurisdiction (Commission (IRS Employer of incorporation) File Number) Identification No.) 2709 N. Rolling Road , Suite 138 Windsor Mill Baltimore , MD 21244 (Address of principal executive offices) (443) 407-7564 (Registrant’s telephone number, including area code) N/A (Former name or former address, if changed since last report.) C...",,,"1.01,2.01,3.02,5.01,5.02,7.01,9.01",Y,https://www.sec.gov/cgi-bin/browse-edgar?action=getcompany&CIK=1674440
0000050863-24-000169:a11252024form8-kex991.htm,INTEL CORP  (INTC)  (CIK 0000050863),2024-11-27,"EX-99.1 2 a11252024form8-kex991.htm EX-99.1 Document Exhibit 99.1 Intel Corporation 2200 Mission College Blvd. Santa Clara, CA 95054-1549 News Release Intel, Biden-Harris Administration Finalize $7.86 Billion Funding Award Under US CHIPS Act Award to support Intel’s $100 billion investment plans to expand American semiconductor manufacturing and technology leadership. NEWS HIGHLIGHTS • The U.S. Department of Commerce has awarded Intel up to $7.86 billion in direct funding through the U.S. CHIPS and Science Act to advance Intel’s commercial semiconductor manufacturing and advanced packaging projects in Arizona, New Mexico, Ohio and Oregon. • This direct funding is in addition to the $3 billion contract awarded to Intel for the Secure Enclave program that is designed to expand trusted manufa...",,,"1.01,7.01",Y,https://www.sec.gov/cgi-bin/browse-edgar?action=getcompany&CIK=50863
0001213900-24-103788:ea022298801ex99-1_ondas.htm,Ondas Holdings Inc.  (ONDS)  (CIK 0001646188),2024-11-29,"EX-99.1 2 ea022298801ex99-1_ondas.htm PRESS RELEASE, DATED NOVEMBER 29, 2024 Exhibit 99.1 Ondas Note Holder Purchases $4.1 million of Convertible Notes: Funds Primarily to Support Drone Business Expansion and Build Inventory to Meet Growing Demand Investment to support the growth of the Ondas Autonomous Systems (OAS) business which has experienced substantial demand including $14.4 million in orders in Q3 2024 This represents the third investment in Ondas Holdings convertible notes, with aggregate principal of $50.1 million, since October of 2022 from this single institutional investor Boston, MA / November 29, 2024 / Ondas Holdings Inc. (NASDAQ:ONDS) (“Ondas Holdings” or the “Company”), a leading provider of private industrial wireless networks and commercial drone and automated data solu...",,,"8.01,9.01",Y,https://www.sec.gov/cgi-bin/browse-edgar?action=getcompany&CIK=1646188
0001104659-24-124583:tm2429895d1_ex99-1.htm,Monogram Technologies Inc.  (MGRM)  (CIK 0001769759),2024-12-02,"EX-99.1 2 tm2429895d1_ex99-1.htm EXHIBIT 99.1 Exhibit 99.1 Monogram Technologies Announces Management and Related Parties Complete Open Market Purchases of MGRM Common Stock Totaling $1 Million AUSTIN, TX – December 2, 2024 - Monogram Technologies Inc. (NASDAQ: MGRM) (""Monogram"" or the ""Company""), an AI-driven robotics company focused on improving human health with an initial focus on orthopedic surgery, today announced completed purchases of MGRM common stock on the open market by certain related parties including Chief Financial Officer Noel Knape, totaling approximately $1 million. Additional details can be found on the Form 8-K filed today by the Company under Item 8.01 Other Events. “Our senior management team has purchased shares in the open market, reflecting high confidence in our ...",,,"7.01,8.01,9.01",Y,https://www.sec.gov/cgi-bin/browse-edgar?action=getcompany&CIK=1769759
0001683168-24-008519:coeptis_ex9901.htm,"Coeptis Therapeutics Holdings, Inc.  (COEP, COEPW)  (CIK 0001759186)",2024-12-04,"EX-99.1 2 coeptis_ex9901.htm PRESS RELEASE Exhibit 99.1 Coeptis Therapeutics Executes Binding Letter of Intent to Acquire AI-Powered Marketing Solutions for Biotech, Pharmaceutical and Other Industries The Acquisition of NexGenAI Affiliates Network Expands Company’s Capabilities and Drives Innovation, Operational Efficiency, and Opportunity for Growth WEXFORD, PA., December 3, 2024 -- - Coeptis Therapeutics Holdings, Inc. (Nasdaq: COEP) (the ""Company"" or ""Coeptis""), a biopharmaceutical company developing innovative cell therapy platforms for cancer, autoimmune, and infectious diseases, is pleased to announce the execution of a Binding Letter of Intent for the acquisition of NexGenAI Affiliates Network, a platform developed by NexGenAI Solutions Group and its affiliates (“NexGenAI”) that of...",,,"8.01,9.01",Y,https://www.sec.gov/cgi-bin/browse-edgar?action=getcompany&CIK=1759186
0001493152-24-048611:ex99-1.htm,"Ainos, Inc.  (AIMD, AIMDW)  (CIK 0001014763)",2024-12-04,"EX-99.1 2 ex99-1.htm Exhibit 99.1 Ainos, Inc. Announces Strategic Partnership with Taiwan Tanabe Seiyaku to Advance Manufacturing and Taiwan Market Promotion of Sjögren’s Syndrome Drug San Diego, California—(Newsfile Corp. - December 2, 2024) - Ainos, Inc. (NASDAQ: AIMD) (NASDAQ: AIMDW) (“Ainos” or the “Company”), an innovative healthcare company focused on advanced AI-driven point-of-care testing (“POCT”) and low-dose interferon therapeutics, today proudly announced the signing of a strategically significant Memorandum of Understanding (MOU) with Taiwan Tanabe Seiyaku Co., Ltd. , a subsidiary of Mitsubishi Tanabe Pharma Corporation in Japan, brings extensive pharmaceutical development and manufacturing expertise to the partnership. The collaboration aims to advance the manufacturing and T...",,,"7.01,8.01,9.01",Y,https://www.sec.gov/cgi-bin/browse-edgar?action=getcompany&CIK=1014763
0000950170-24-133525:glue-ex99_2.htm,"Monte Rosa Therapeutics, Inc.  (GLUE)  (CIK 0001826457)",2024-12-05,"EX-99.2 3 glue-ex99_2.htm EX-99.2 From Serendipity to Rational Design Taking Molecular Glue Degraders to New Heights | December 2024 Forward-Looking Statements This communication includes express and implied “forward-looking statements,” including forward-looking statements within the meaning of the Private Securities Litigation Reform Act of 1995. Forward-looking statements include all statements that are not historical facts and, in some cases, can be identified by terms such as “may,” “might,” “will,” “could,” “would,” “should,” “expect,” “intend,” “plan,” “objective,” “anticipate,” “believe,” “estimate,” “predict,” “potential,” “continue,” “ongoing,” or the negative of these terms, or other comparable terminology intended to identify statements about the future. Forward-looking stateme...",,,"7.01,8.01,9.01",Y,https://www.sec.gov/cgi-bin/browse-edgar?action=getcompany&CIK=1826457
0001341768-24-000009:shonghoya8k2.htm,"SHONGHOYA INTL. GROUP, INC.  (CIK 0001341768)",2024-12-09,"8-K 1 shonghoya8k2.htm 8-K SNHO_8K UNITED STATES SECURITIES AND EXCHANGE COMMISSION WASHINGTON, D.C. 20549 FORM 8-K CURRENT REPORT Pursuant to Section 13 or 15(d) of the Securities Exchange Act of 1934 December 9, 2024 Date of Report (Date of earliest event reported) Shonghoya Intl. Group, Inc. (Exact name of registrant as specified in its charter) Nevada 000-52323 27-3911608 (State or other jurisdiction of incorporation) (Commission File Number) (IRS Employer Identification No. 401 Ryland st, ste 200a, Reno, NV 89502 (Address of principal executive offices) (Zip Code) Registrant’s telephone number, including area code (661) 519-5708 Check the appropriate box below if the Form 8-K filing is intended to simultaneously satisfy the filing obligation of the registrant under any of the followin...",,,8.01,Y,https://www.sec.gov/cgi-bin/browse-edgar?action=getcompany&CIK=1341768
0001493152-24-049374:ex99-1.htm,"Banzai International, Inc.  (BNZI, BNZIW)  (CIK 0001826011)",2024-12-10,"EX-99.1 7 ex99-1.htm Exhibit 99.1 Banzai Announces Definitive Agreement to Acquire OpenReel, Growing TTM Revenue 152% to $10.9M Banzai Adds Enterprise-Grade Branded Video Creation and Management Solution OpenReel to Growing Product Family SEATTLE – December 10, 2024 – Banzai International, Inc. (NASDAQ: BNZI) (“Banzai” or the “Company”), a leading marketing technology company that provides essential marketing and sales solutions, today announced that it has signed a definitive agreement to acquire OpenReel , a leading digital video creation platform. OpenReel enables companies to rapidly create high-quality, branded video content. Their solution allows companies to direct, record, create, and collaborate on high-definition video projects, dramatically reducing the time to create brand-comp...",,,"1.01,3.02,7.01,9.01",Y,https://www.sec.gov/cgi-bin/browse-edgar?action=getcompany&CIK=1826011
0001493152-24-049546:ex99-1.htm,Artificial Intelligence Technology Solutions Inc.  (AITX)  (CIK 0001498148),2024-12-11,"EX-99.1 2 ex99-1.htm Exhibit 99.1 AITX’s RAD-I and RAD-R Announce Major Tech Launches in Q4 FY 2025 Company Shares a Peek Under Its RAD Christmas Tree Detroit, Michigan, December 11, 2024 — Artificial Intelligence Technology Solutions, Inc. (the “ Company ” ) ( OTCPK:AITX ), a global leader in AI-driven security and productivity solutions for enterprise clients, along with its subsidiaries Robotic Assistance Devices (RAD-I) , and Robotic Assistance Devices Residential, Inc. (RAD-R) , is poised to deliver significant advancements in autonomous, AI-powered technology in the 4th quarter of its FY 2025, which concludes on February 28, 2025. With several groundbreaking solutions nearing market readiness, the Company is set to redefine how businesses and consumers approach security and operation...",,,"8.01,9.01",Y,https://www.sec.gov/cgi-bin/browse-edgar?action=getcompany&CIK=1498148
0001104659-24-128068:tm2430553d1_ex2-1.htm,"UPBOUND GROUP, INC.  (UPBD)  (CIK 0000933036)",2024-12-12,"EX-2.1 2 tm2430553d1_ex2-1.htm EXHIBIT 2.1 Exhibit 2.1 AGREEMENT AND PLAN OF MERGER by and among UPBOUND GROUP, INC., FORTUNA MERGER SUB, INC., BRIDGE IT, INC. and SHAREHOLDER REPRESENTATIVE SERVICES LLC, solely in its capacity as the Representative December 12, 2024 Table of Contents Page Article I THE MERGER Section 1.1 The Merger 2 Section 1.2 Effect on Company Stock and Merger Sub Common Stock 2 Section 1.3 Effect on Options 3 Section 1.4 Effect on Company SAFEs 5 Section 1.5 Exchange Procedures 5 Section 1.6 Organizational Documents 8 Section 1.7 Directors and Officers 8 Section 1.8 Allocation Certificate; Adjustments. 9 Section 1.9 Representative Holdback 15 Section 1.10 Deferred Consideration. 15 Section 1.11 Earnout 17 Section 1.12 Dissenting Shares 22 Section 1.13 Withholding 23 A...",,,"1.01,3.02,7.01,9.01",Y,https://www.sec.gov/cgi-bin/browse-edgar?action=getcompany&CIK=933036
0001828972-24-000249:exhibit99112122024final.htm,"BuzzFeed, Inc.  (BZFD, BZFDW)  (CIK 0001828972)",2024-12-12,"EX-99.1 4 exhibit99112122024final.htm EX-99.1 Document BUZZFEED, INC. ANNOUNCES SALE OF FIRST WE FEAST TO AN AFFILIATE OF SOROS FUND MANAGEMENT IN $82.5 MILLION ALL-CASH DEAL Post-Transaction the Company is Operating with a Cash Balance that Exceeds Remaining Debt NEW YORK, NY — December 12, 2024 — BuzzFeed, Inc. (Nasdaq: BZFD) (the “Company”) today announced the closing of its sale of First We Feast to a consortium led by an affiliate of Soros Fund Management LLC in an $82.5 million all-cash deal. The proceeds of the transaction combined with a partial prepayment of the Company’s outstanding convertible notes has the Company operating with a cash balance that exceeds its remaining debt. Refer to the Company’s 8-K filed with the SEC on December 12, 2024 for additional details. The divestit...",,,"1.01,2.01,5.02,7.01,9.01",Y,https://www.sec.gov/cgi-bin/browse-edgar?action=getcompany&CIK=1828972
0001070235-24-000149:a2024definitiveagreementpr.htm,BLACKBERRY Ltd  (BB)  (CIK 0001070235),2024-12-16,"EX-99.1 2 a2024definitiveagreementpr.htm EX-99.1 Document Arctic Wolf and BlackBerry Announce Acquisition Agreement for Cylance Arctic Wolf to enhance its Security Operations Aurora Platform with best-in-class endpoint prevention, detection, and response WATERLOO, ONTARIO and EDEN PRAIRIE, MINNESOTA – December 16, 2024 – Arctic Wolf ® and BlackBerry Limited (NYSE: BB; TSX:BB), two global leaders in security software and services, today announced they have entered into a definitive agreement for Arctic Wolf to acquire BlackBerry’s Cylance® endpoint security assets. Cylance is the pioneer of AI-based endpoint protection trusted by thousands of organizations around the world. With this acquisition, Arctic Wolf ushers in a new era of simplicity, flexibility, and outcomes to the endpoint securi...",,,"1.01,8.01,9.01",Y,https://www.sec.gov/cgi-bin/browse-edgar?action=getcompany&CIK=1070235
0001628280-24-051280:foghorncorppresentation1.htm,Foghorn Therapeutics Inc.  (FHTX)  (CIK 0001822462),2024-12-16,"EX-99.1 2 foghorncorppresentation1.htm EX-99.1 foghorncorppresentation1 December 2024 Unique biology Precision therapeutics Broad impact Exhibit 99.1 | Forward Looking Statements 2 This presentation contains forward-looking statements that are based on management's beliefs and assumptions and on information currently available to management. All statements other than statements of historical facts contained in this presentation are forward- looking statements. In some cases, you can identify forward-looking statements by terms such as “could,” “may,” “might,” “will,” “likely,” “anticipates,” “intends,” “plans,” “seeks,” “believes,” “estimates,” “expects,” “continues,” “projects” or the negative of these terms or other similar expressions, although not all forward-looking statements contain...",,,"7.01,8.01,9.01",Y,https://www.sec.gov/cgi-bin/browse-edgar?action=getcompany&CIK=1822462
0001683168-24-008765:coeptis_ex9901.htm,"Coeptis Therapeutics Holdings, Inc.  (COEP, COEPW)  (CIK 0001759186)",2024-12-17,"EX-99.1 2 coeptis_ex9901.htm PRESS RELEASE Exhibit 99.1 Coeptis Therapeutics Unveils New Technology Division: Coeptis Technologies Coeptis Technologies Signs Binding Letter of Intent to Acquire Key Assets from a Risk Mitigation Software Company with 10,000 customers in over 100 countries , Expanding into the Booming Data Security Sector following the upcoming acquisition of NexGenAI Affiliates Network WEXFORD, PA., December 12, 2024 Coeptis Therapeutics Holdings, Inc. (Nasdaq: COEP) (the ""Company"" or ""Coeptis""), a biopharmaceutical company focused on pioneering cell therapy platforms for cancer, autoimmune, and infectious diseases, is excited to announce the official launch of Coeptis Technologies, a new division aimed at diversifying and enhancing the company's growth potential. This stra...",,,"8.01,9.01",Y,https://www.sec.gov/cgi-bin/browse-edgar?action=getcompany&CIK=1759186
0001213900-24-110619:ea022543501ex99-1_faraday.htm,"FARADAY FUTURE INTELLIGENT ELECTRIC INC.  (FFIE, FFIEW)  (CIK 0001805521)",2024-12-19,"EX-99.1 2 ea022543501ex99-1_faraday.htm PRESS RELEASE, DATED DECEMBER 19, 2024 Exhibit 99.1 Faraday Future to Give FX Business Update and Show First FX Prototype Mules in Las Vegas, NV from January 5-7 · The arrival of the first FX mules in the U.S. the end of December will kick off the product development and U.S. regulatory testing phase. Los Angeles, CA (Dec. 19, 2024) -- Faraday Future Intelligent Electric Inc. (Nasdaq: FFIE) (“FF”, “Faraday Future”, or the “Company”), a California-based global shared intelligent electric mobility ecosystem company, today announced that its first Faraday X (FX) prototype mules will arrive in Los Angeles at the end of this month. The first two FX mules will begin their product development and testing in the U.S. shortly thereafter at FF’s manufacturing ...",,,"8.01,9.01",Y,https://www.sec.gov/cgi-bin/browse-edgar?action=getcompany&CIK=1805521
0001193125-24-284230:d915960dex991.htm,Cerence Inc.  (CRNC)  (CIK 0001768267),2024-12-23,"EX-99.1 2 d915960dex991.htm EX-99.1 EX-99.1 Exhibit 99.1 Cerence Announces Repurchase of $27 Million of 3% Senior Notes Due 2025 December 23, 2024 BURLINGTON, Mass., Dec. 23, 2024 (GLOBE NEWSWIRE) — Cerence Inc. (NASDAQ: CRNC) (“Cerence AI” or “the Company”), a global leader in AI for transportation, today announced that, in light of its current cash position and outlook for future cash generation, the Company entered into privately negotiated transactions with certain holders of its 3.00% Convertible Senior Notes Due 2025 (the “Notes”), pursuant to which the Company agreed to repurchase approximately $27 million aggregate principal amount of the Notes from such holders at a cash repurchase price equal to 98.5% of their principal amount, together with the accrued and unpaid interest to (bu...",,,"1.02,7.01,8.01,9.01",Y,https://www.sec.gov/cgi-bin/browse-edgar?action=getcompany&CIK=1768267
0000950142-24-002999:eh240572111_ex9901.htm,TERAWULF INC.  (WULF)  (CIK 0001083301),2024-12-26,"EX-99.1 2 eh240572111_ex9901.htm EXHIBIT 99.1 EXHIBIT 99.1 FINAL TRANSCRIPT 2024-12-23 Terawulf Inc (WULF US Equity) TeraWulf to Deliver over 70 MW of Data Center Infrastructure for G42s US Operations Company Participants · John Larkin, Director, Investor Relations · Kerri Langlais, Chief Strategy Officer · Nazar Khan, Co-Founder, Chief Operating Officer & Chief Technology Officer · Patrick Fleury, Chief Financial Officer · Paul Prager, Co-Founder, Chairman and Chief Executive Officer Presentation Operator Greetings, and welcome to the TeraWulf Investor Update Call. At this time, all participants are in listen-only mode. A fireside chat session will follow introductory remarks, and as a reminder, this call is being recorded. It is now my pleasure to introduce your host, John Larkin, TeraWu...",,,"8.01,9.01",Y,https://www.sec.gov/cgi-bin/browse-edgar?action=getcompany&CIK=1083301
0001493152-24-052248:ex99-1.htm,"BullFrog AI Holdings, Inc.  (BFRG, BFRGW)  (CIK 0001829247)",2024-12-27,"EX-99.1 2 ex99-1.htm Exhibit 99.1 BullFrog AI Issues Letter to Stockholders GAITHERSBURG, Md., Dec. 27, 2024 (GLOBE NEWSWIRE) — BullFrog AI Holdings, Inc. (NASDAQ: BFRG; BFRGW) (“BullFrog AI” or the “Company”), a technology-enabled drug development company using artificial intelligence (AI) and machine learning to enable the successful development of pharmaceuticals and biologics, issued a letter to stockholders from its CEO Vin Singh. Dear Fellow Stockholders, As the year comes to a close, I want to extend my deepest gratitude for your unwavering support and belief in our mission to revolutionize drug development. Your commitment fuels our drive to innovate and achieve transformational milestones. In thinking back on this past year, it is evident that 2024 was a year of significant progre...",,,"8.01,9.01",Y,https://www.sec.gov/cgi-bin/browse-edgar?action=getcompany&CIK=1829247
0001213900-24-112869:ea0226053ex99-1_ondas.htm,Ondas Holdings Inc.  (ONDS)  (CIK 0001646188),2024-12-27,"EX-99.1 2 ea0226053ex99-1_ondas.htm PRESS RELEASE, DATED DECEMBER 27, 2024. Exhibit 99.1 Ondas Holdings Regains Full Nasdaq Compliance BOSTON, MA / December 27, 2024 / Ondas Holdings Inc. (Nasdaq:ONDS) (""Ondas"" or the ""Company""), a leading provider of private industrial wireless networks and commercial drone and automated data solutions, announced today it has received a notification letter from Nasdaq Stock Market LLC (“Nasdaq”) confirming that it has regained compliance with the minimum bid price requirement set forth in Nasdaq Listing Rule 5550(a)(2) (“Rule”). To regain compliance with the Rule, the Company's common stock was required to maintain a minimum closing bid price of $1.00 or more for at least 10 consecutive business days, which was achieved on December 24, 2024. Therefore, th...",,,"8.01,9.01",Y,https://www.sec.gov/cgi-bin/browse-edgar?action=getcompany&CIK=1646188
0001493152-24-052582:ex99-1.htm,Artificial Intelligence Technology Solutions Inc.  (AITX)  (CIK 0001498148),2024-12-31,"EX-99.1 2 ex99-1.htm Exhibit 99.1 AITX’s 2024 Review Sets Up 2025 For Continued Strong Growth & Profitability Detroit, Michigan, December 31, 2024 — Artificial Intelligence Technology Solutions, Inc. (the “Company”) ( OTCPK:AITX ), a global leader in AI-driven security and productivity solutions for enterprise clients, today announced that CEO Steve Reinharz has shared insights on the Company’s pivotal achievements in calendar year 2024. In a video message released earlier today , Reinharz detailed AITX’s extraordinary growth and achievements in 2024, highlighted by exponential increases in total revenue and recurring monthly revenue for the third consecutive year. This sustained growth reflects the Company’s ability to consistently scale its operations while delivering significant value t...",,,"8.01,9.01",Y,https://www.sec.gov/cgi-bin/browse-edgar?action=getcompany&CIK=1498148
0001193125-25-001488:d905705dex101.htm,"Gritstone bio, Inc.  (GRTSQ)  (CIK 0001656634)",2025-01-03,"EX-10.1 2 d905705dex101.htm EX-10.1 EX-10.1 Exhibit 10.1 Execution Version ASSET PURCHASE AGREEMENT by and between SEATTLE PROJECT CORP., as Purchaser, and GRITSTONE BIO, INC., as Seller Dated as of December 30, 2024 Table of Contents Page ARTICLE 1 DEFINED TERMS 1 1.1 Defined Terms 1 1.2 Other Definitional and Interpretive Matters 10 ARTICLE 2 THE PURCHASE AND SALE; CLOSING 13 2.1 Purchase and Sale 13 2.2 Excluded Assets 14 2.3 Assumption of Liabilities 16 2.4 Excluded Liabilities 16 2.5 Excluded Contracts 17 2.6 Non-Transferred Asset 17 2.7 Closing 18 2.8 Closing Deliveries of the Parties 18 2.9 Purchase Price; Assumed Liabilities; Deposits 19 2.10 Transfer Taxes 19 2.11 Allocation of Purchase Price 19 ARTICLE 3 REPRESENTATIONS AND WARRANTIES OF THE SELLER 20 3.1 Organization, Good Stand...",,,"1.01,1.03,2.01,5.02,9.01",Y,https://www.sec.gov/cgi-bin/browse-edgar?action=getcompany&CIK=1656634
0001493152-25-000996:ex99-2.htm,"Roadzen Inc.  (RDZN, RDZNW)  (CIK 0001868640)",2025-01-06,"EX-99.2 6 ex99-2.htm Exhibit 99.2 Roadzen Inc. Announces Closing of Public Offering NEW YORK, January 6, 2025 — Roadzen Inc. (Nasdaq: RDZN), (“Roadzen” or the “Company”), a global leader in AI at the convergence of insurance and mobility, today announced the closing of its previously announced public offering of 2,222,300 ordinary shares (the “Offering”) on a best efforts basis at a public offering price of $2.25 per share, for gross proceeds of $5,000,175, before deducting placement agent discounts, commissions and Offering expenses. All of the ordinary shares were sold by the Company. The Company intends to use the net proceeds from the Offering primarily for costs directly related to sales and marketing, for research and development, working capital and general corporate purposes, inclu...",,,"1.01,3.02,8.01,9.01",Y,https://www.sec.gov/cgi-bin/browse-edgar?action=getcompany&CIK=1868640
0001437749-25-000371:ex_762068.htm,"Rekor Systems, Inc.  (REKR)  (CIK 0001697851)",2025-01-06,"EX-99.1 2 ex_762068.htm EXHIBIT 99.1 ex_762068.htm Exhibit 99.1 Rekor Systems Fully Satisfies Outstanding Balance from Yorkville Advisors COLUMBIA, MD – January 6, 2025 — Rekor Systems, Inc. (NASDAQ: REKR), a leader in developing and implementing state-of-the-art roadway intelligence technology, announced today that, as of December 31, 2024, it has fully satisfied the outstanding balance of $15 million under its August 2024 Prepaid Advance Agreement with an affiliate of Yorkville Advisors Global. Eyal Hen, Rekor's Chief Financial Officer, commented, ""This prepayment underscores our dedication to prudent financial management and shareholder value creation. By eliminating this obligation early, we have enhanced our balance sheet flexibility. This positions Rekor to better capitalize on strat...",,,"8.01,9.01",Y,https://www.sec.gov/cgi-bin/browse-edgar?action=getcompany&CIK=1697851
0001193125-25-001854:d878544d8k.htm,MICROSTRATEGY Inc  (MSTR)  (CIK 0001050446),2025-01-06,"8-K MICROSTRATEGY Inc false 0001050446 0001050446 2025-01-06 2025-01-06 UNITED STATES SECURITIES AND EXCHANGE COMMISSION WASHINGTON, D.C. 20549 FORM 8-K CURRENT REPORT PURSUANT TO SECTION 13 OR 15(d) OF THE SECURITIES EXCHANGE ACT OF 1934 Date of Report (Date of earliest event reported): January 6, 2025 MICROSTRATEGY INCORPORATED (Exact name of registrant as specified in its charter) Delaware 0-24435 51-0323571 (State or other jurisdiction of incorporation) (Commission File Number) (I.R.S. Employer Identification No.) 1850 Towers Crescent Plaza Tysons Corner , Virginia 22182 (Address of principal executive offices) (Zip Code) Registrant’s telephone number, including area code: (703) 848-8600 (Former name or former address, if changed since last report) Check the appropriate box below if th...",,,"2.02,7.01,8.01",Y,https://www.sec.gov/cgi-bin/browse-edgar?action=getcompany&CIK=1050446
0001193125-25-002903:d856120dex991.htm,"PAYCOR HCM, INC.  (PYCR)  (CIK 0001839439)",2025-01-07,"EX-99.1 3 d856120dex991.htm EX-99.1 EX-99.1 Exhibit 99.1 Paychex Enters into Definitive Agreement to Acquire Paycor Creates one of the most comprehensive suites of human capital management (HCM) solutions in the industry for organizations of all sizes Extends Paychex’s upmarket position and expands suite of AI-driven HR technology and advisory solutions Expected to be neutral to slightly accretive to adjusted diluted EPS in the first fiscal year post-close and accretive in the second fiscal year and beyond 1 Rochester, N.Y. (January 7, 2025) – Paychex, Inc. (Nasdaq: PAYX) (“Paychex”), an industry- leading human capital management (HCM) company delivering a full suite of technology and advisory solutions in human resources, employee benefit solutions, insurance, and payroll today announced ...",,,"1.01,5.07,8.01,9.01",Y,https://www.sec.gov/cgi-bin/browse-edgar?action=getcompany&CIK=1839439
0000950103-25-000267:dp223210_ex9901.htm,PAYCHEX INC  (PAYX)  (CIK 0000723531),2025-01-07,"EX-99.1 6 dp223210_ex9901.htm EXHIBIT 99.1 Exhibit 99.1 Paychex Enters into Definitive Agreement to Acquire Paycor Creates one of the most comprehensive suites of human capital management (HCM) solutions in the industry for organizations of all sizes Extends Paychex’s upmarket position and expands suite of AI-driven HR technology and advisory solutions Expected to be neutral to slightly accretive to adjusted diluted EPS in the first fiscal year post-close and accretive in the second fiscal year and beyond 1 Rochester, N.Y. (January 7, 2025) – Paychex, Inc. (Nasdaq: PAYX) (“Paychex”), an industry-leading human capital management (HCM) company delivering a full suite of technology and advisory solutions in human resources, employee benefit solutions, insurance, and payroll today announced it...",,,"1.01,7.01,9.01",Y,https://www.sec.gov/cgi-bin/browse-edgar?action=getcompany&CIK=723531
0001493152-25-001238:ex99-1.htm,"Powerfleet, Inc.  (AIOT)  (CIK 0001774170)",2025-01-07,"EX-99.1 2 ex99-1.htm Exhibit 99.1 Powerfleet Appoints Digital Transformation Expert Mike Powell as Chief Innovation Officer WOODCLIFF LAKE, NJ – January 7, 2025 – Powerfleet, Inc. (Nasdaq: AIOT), a global AIoT leader, announces Mike Powell as Chief Innovation Officer (CINO), effective immediately. Powell brings extensive expertise in organizations generating annual revenues in excess of $1 billion, covering the landscape of both a CTO and CIO, to focus on advancing both Powerfleet’s customer solutions and internal operations. As CINO, Powell will lead Powerfleet’s evolution by integrating internal transformation with cutting-edge customer technologies and continuing to enhance the company’s Unity AIoT ecosystem. His two-decade career in digital transformation and AI-driven growth across va...",,,"5.02,8.01,9.01",Y,https://www.sec.gov/cgi-bin/browse-edgar?action=getcompany&CIK=1774170
0001493152-25-001227:form8-k.htm,"Global AI, Inc.  (GLAI)  (CIK 0001473490)",2025-01-07,"false 0001473490 0001473490 2024-12-31 2024-12-31 iso4217:USD xbrli:shares iso4217:USD xbrli:shares UNITED STATES SECURITIES AND EXCHANGE COMMISSION Washington, D.C., 20549 FORM 8-K CURRENT REPORT Pursuant to Section 13 or 15(d) of the Securities Exchange Act of 1934 Date of Report (Date of earliest event reported): December 31, 2024 Global AI, Inc. (Exact name of registrant as specified in its charter) Nevada 333-163439 26-4170100 (State or other jurisdiction of incorporation) (Commission File Number) (IRS Employer Identification No.) 110 Front Street , Suite 300 , Jupiter , FL 33477 (Address of principal executive offices, including Zip Code) (561) 240-0333 (Registrant’s telephone number, including area code) N/A (Former name or former address, if changed since last report.) Check the ap...",,,"1.01,7.01,9.01",Y,https://www.sec.gov/cgi-bin/browse-edgar?action=getcompany&CIK=1473490
0001493152-25-001297:ex99-1.htm,Artificial Intelligence Technology Solutions Inc.  (AITX)  (CIK 0001498148),2025-01-08,"EX-99.1 2 ex99-1.htm Exhibit 99.1 AITX’s RAD-R Welcomes Steve Danelon as President, Strengthening Leadership for Residential Security Solutions Danelon Brings Two Decades of Leadership and Operational Expertise to Drive RAD-R’s Residential Security Expansion Detroit, Michigan, January 8, 2025 — Artificial Intelligence Technology Solutions , Inc. (the “Company”), a global leader in AI-driven security and productivity solutions, is pleased to announce that its subsidiary, Robotic Assistance Devices Residential, Inc. (RAD-R) , has appointed Steve Danelon as President of RAD-R. This key appointment underscores RAD-R’s commitment to redefining residential security with innovative, AI-driven solutions like the recently launched RADCam™. Steve Danelon brings with him an illustrious 30-year career...",,,"8.01,9.01",Y,https://www.sec.gov/cgi-bin/browse-edgar?action=getcompany&CIK=1498148
0001213900-25-002210:ea022722601ex99-1_faraday.htm,"FARADAY FUTURE INTELLIGENT ELECTRIC INC.  (FFIE, FFIEW)  (CIK 0001805521)",2025-01-10,"EX-99.1 2 ea022722601ex99-1_faraday.htm PRESS RELEASE, DATED JANUARY 8, 2025 Exhibit 99.1 Faraday Future Announces FX’s First Class AI-MPV Product Strategy and Planned Product—FX Super One, Giving FX Business Strategy Updates From Las Vegas ● FX camouflaged prototype mules shown for the first time to the public in Las Vegas, NV, as the Company outlined its product development and U.S. regulatory testing phase for the FX product lineup. ● The first planned FX models include the first U.S. AI-MPV product—the Super One, the FX 5 (expected price range of $20,000-$30,000), and FX 6 (expected price range of $30,000-$50,000), which could offer two types of powertrains: range-extended AIEV and battery-electric AIEV, with a targeted initial roll-off the line for at least one model by the end of 202...",,,"8.01,9.01",Y,https://www.sec.gov/cgi-bin/browse-edgar?action=getcompany&CIK=1805521
0001420720-25-000003:ibio-20250110xex99d1.htm,"iBio, Inc.  (IBIO)  (CIK 0001420720)",2025-01-10,"EX-99.1 2 ibio-20250110xex99d1.htm EX-99.1 Exhibit 99.1 Breakthrough Antibodies for Obesity and Cardiometabolic Diseases Enabled by an AI-Platform Scalable for Future High-Value Indications Corporate Presentation January 2025 Certain statements in this presentation constitute ""forward -looking statements"" within the meaning of the Private Securities Litigation Reform Act of 1995, as amended. Words such as ""may,"" ""might,"" ""will,"" ""should,"" ""believe,"" ""expect,"" ""anticipate,"" ""estimate,"" ""continue,"" ""predict,"" ""forecast,"" ""project,"" ""plan,"" ""intend"" or similar expressions, or statements regarding intent, belief, or current expectations, are forward -looking statements. These forward - looking statements are based upon current estimates and includes statements regarding near term catalysts. Wh...",,,"7.01,8.01,9.01",Y,https://www.sec.gov/cgi-bin/browse-edgar?action=getcompany&CIK=1420720
0001193125-25-005690:d870188dex991.htm,"Premier, Inc.  (PINC)  (CIK 0001577916)",2025-01-14,"EX-99.1 2 d870188dex991.htm EX-99.1 EX-99.1 Exhibit 99.1 43rd Annual J.P. Morgan Healthcare Conference January 14, 2025 Presented by: Michael J. Alkire Glenn Coleman President and CEO Chief Administrative and Financial Officer Forward-looking Statements Forward-looking statements – Statements made in this presentation and the accompanying webcast that are not statements of historical or current facts, such as those related to our ability to advance our long-term strategies and develop innovations for, transform and improve healthcare, our ability to find a partner for our Contigo Health business and the potential benefits thereof, our ability to fund and conduct share repurchases pursuant to the outstanding share repurchase authorization and the potential benefits thereof, the payment of d...",,,"7.01,8.01,9.01",Y,https://www.sec.gov/cgi-bin/browse-edgar?action=getcompany&CIK=1577916
0001628280-25-001612:final-jpm2025presentatio.htm,Absci Corp  (ABSI)  (CIK 0001672688),2025-01-15,"EX-99.1 2 final-jpm2025presentatio.htm EX-99.1 final-jpm2025presentatio GENERATIVE AI ABSCI CORPORATION 2025 ALL RIGHTS RESERVED DRUG CREATION 2025 J.P. MORGAN HEALTHCARE CONFERENCE 2C O P Y R I G H T © 2 0 2 5 A B S C I C O R P O R A T I O N . A L L R I G H T S R E S E R V E D . Disclaimers Forward-Looking Statements Certain statements in this presentation that are not historical facts are considered forward-looking within the meaning of Section 27A of the Securities Act of 1933, as amended, and Section 21E of the Securities Exchange Act of 1934, as amended, including statements containing the words “will,” “may,” “anticipates,” “plans,” “believes,” “forecast,” “estimates,” “expects,” “predicts,” “advancing,” “aim,” and “intends,” or similar expressions. We intend these forward-looking st...",,,"8.01,9.01",Y,https://www.sec.gov/cgi-bin/browse-edgar?action=getcompany&CIK=1672688
0001193125-25-006554:d903229dex992.htm,"GOLDMAN SACHS GROUP INC  (GS, GSCE, GS-PA, GS-PC, GS-PD)  (CIK 0000886982)",2025-01-15,"EX-99.2 3 d903229dex992.htm EX-99.2 EX-99.2 Exhibit 99.2 Full Year and Fourth Quarter 2024 Earnings Results Presentation January 15, 2025 Our culture and leading client franchise are the foundation of our strategy S TRA TE G I C Client Service OBJ EC T I VES Harness One GS to Serve Our Clients with Excellence Partnership Run World-Class, Differentiated, Durable Businesses Integrity Invest to Operate at Scale Excellence 1 World-class and interconnected franchises positioned to deliver mid-teens returns Leading Global Active 1 #1 M&A Advisor 3 Asset Manager One Global Banking & Asset & Wealth Goldman Top 5 Alternative 2 #1 Equities Franchise Markets Management 3 Sachs Asset Manager Leading FICC Premier Ultra High Net 2 Franchise Worth franchise 4 2024 SHAREHOLDER VALUE CREATION +48% +7% +9% ...",,,,REVIEW,https://www.sec.gov/cgi-bin/browse-edgar?action=getcompany&CIK=886982
0001193125-25-006554:d903229dex992.htm,"GOLDMAN SACHS GROUP INC  (GS, GSCE, GS-PA, GS-PC, GS-PD)  (CIK 0000886982)",2025-01-15,"EX-99.2 3 d903229dex992.htm EX-99.2 EX-99.2 Exhibit 99.2 Full Year and Fourth Quarter 2024 Earnings Results Presentation January 15, 2025 Our culture and leading client franchise are the foundation of our strategy S TRA TE G I C Client Service OBJ EC T I VES Harness One GS to Serve Our Clients with Excellence Partnership Run World-Class, Differentiated, Durable Businesses Integrity Invest to Operate at Scale Excellence 1 World-class and interconnected franchises positioned to deliver mid-teens returns Leading Global Active 1 #1 M&A Advisor 3 Asset Manager One Global Banking & Asset & Wealth Goldman Top 5 Alternative 2 #1 Equities Franchise Markets Management 3 Sachs Asset Manager Leading FICC Premier Ultra High Net 2 Franchise Worth franchise 4 2024 SHAREHOLDER VALUE CREATION +48% +7% +9% ...",,,,REVIEW,https://www.sec.gov/cgi-bin/browse-edgar?action=getcompany&CIK=886982
0001193125-25-006554:d903229dex992.htm,"GOLDMAN SACHS GROUP INC  (GS, GSCE, GS-PA, GS-PC, GS-PD)  (CIK 0000886982)",2025-01-15,"EX-99.2 3 d903229dex992.htm EX-99.2 EX-99.2 Exhibit 99.2 Full Year and Fourth Quarter 2024 Earnings Results Presentation January 15, 2025 Our culture and leading client franchise are the foundation of our strategy S TRA TE G I C Client Service OBJ EC T I VES Harness One GS to Serve Our Clients with Excellence Partnership Run World-Class, Differentiated, Durable Businesses Integrity Invest to Operate at Scale Excellence 1 World-class and interconnected franchises positioned to deliver mid-teens returns Leading Global Active 1 #1 M&A Advisor 3 Asset Manager One Global Banking & Asset & Wealth Goldman Top 5 Alternative 2 #1 Equities Franchise Markets Management 3 Sachs Asset Manager Leading FICC Premier Ultra High Net 2 Franchise Worth franchise 4 2024 SHAREHOLDER VALUE CREATION +48% +7% +9% ...",,,,REVIEW,https://www.sec.gov/cgi-bin/browse-edgar?action=getcompany&CIK=886982
0001193125-25-006554:d903229dex992.htm,"GOLDMAN SACHS GROUP INC  (GS, GSCE, GS-PA, GS-PC, GS-PD)  (CIK 0000886982)",2025-01-15,"EX-99.2 3 d903229dex992.htm EX-99.2 EX-99.2 Exhibit 99.2 Full Year and Fourth Quarter 2024 Earnings Results Presentation January 15, 2025 Our culture and leading client franchise are the foundation of our strategy S TRA TE G I C Client Service OBJ EC T I VES Harness One GS to Serve Our Clients with Excellence Partnership Run World-Class, Differentiated, Durable Businesses Integrity Invest to Operate at Scale Excellence 1 World-class and interconnected franchises positioned to deliver mid-teens returns Leading Global Active 1 #1 M&A Advisor 3 Asset Manager One Global Banking & Asset & Wealth Goldman Top 5 Alternative 2 #1 Equities Franchise Markets Management 3 Sachs Asset Manager Leading FICC Premier Ultra High Net 2 Franchise Worth franchise 4 2024 SHAREHOLDER VALUE CREATION +48% +7% +9% ...",,,,REVIEW,https://www.sec.gov/cgi-bin/browse-edgar?action=getcompany&CIK=886982
0001193125-25-006554:d903229dex992.htm,"GOLDMAN SACHS GROUP INC  (GS, GSCE, GS-PA, GS-PC, GS-PD)  (CIK 0000886982)",2025-01-15,"EX-99.2 3 d903229dex992.htm EX-99.2 EX-99.2 Exhibit 99.2 Full Year and Fourth Quarter 2024 Earnings Results Presentation January 15, 2025 Our culture and leading client franchise are the foundation of our strategy S TRA TE G I C Client Service OBJ EC T I VES Harness One GS to Serve Our Clients with Excellence Partnership Run World-Class, Differentiated, Durable Businesses Integrity Invest to Operate at Scale Excellence 1 World-class and interconnected franchises positioned to deliver mid-teens returns Leading Global Active 1 #1 M&A Advisor 3 Asset Manager One Global Banking & Asset & Wealth Goldman Top 5 Alternative 2 #1 Equities Franchise Markets Management 3 Sachs Asset Manager Leading FICC Premier Ultra High Net 2 Franchise Worth franchise 4 2024 SHAREHOLDER VALUE CREATION +48% +7% +9% ...",,,,REVIEW,https://www.sec.gov/cgi-bin/browse-edgar?action=getcompany&CIK=886982
0001104659-25-003620:tm253251d1_ex99-1.htm,"XWELL, Inc.  (XWEL)  (CIK 0001410428)",2025-01-15,"EX-99.1 7 tm253251d1_ex99-1.htm EXHIBIT 99.1 Exhibit 99.1 XWELL Announces Closing of $4 Million Private Placement Consisting of Convertible Preferred Stock and Warrants NEW YORK, January 15, 2025 -- XWELL, Inc. (Nasdaq: XWEL) (""XWELL"" or the ""Company""), an authority in wellness solutions for people on the go, today announced the closing of its private placement offering of $4 million of the Company’s newly designated Series G Convertible Preferred Stock. The Company also issued to the investors in the private placement Series A warrants and Series B warrants exercisable for the Company’s common stock. The gross proceeds of the private placement were approximately $4.0 million, before deducting other offering expenses payable by the Company. XWELL intends to use the net proceeds of this pri...",,,"1.01,3.02,3.03,5.03,8.01,9.01",Y,https://www.sec.gov/cgi-bin/browse-edgar?action=getcompany&CIK=1410428
0001104659-25-004168:tm253596d1_ex99-1.htm,"SURO CAPITAL CORP.  (SSSS, SSSSL)  (CIK 0001509470)",2025-01-16,"EX-99.1 2 tm253596d1_ex99-1.htm EXHIBIT 99.1 Exhibit 99.1 SuRo Capital Corp. Fourth Quarter 2024 Preliminary Investment Portfolio Update Continued to Focus on AI Strategy and Produced Notable Exits Net Asset Value Anticipated to be $6.50 to $7.00 Per Share NEW YORK, NY, January 16, 2025 (GLOBE NEWSWIRE) – SuRo Capital Corp. (“SuRo Capital”, the “Company”, “we”, “us”, and “our”) (Nasdaq: SSSS ) today provided the following preliminary update on its investment portfolio for the fourth quarter ended December 31, 2024. “Since inception, SuRo Capital has served as the public's gateway to venture capital, offering unique access to some of the world’s most innovative and sought-after private companies before they become publicly traded. Our diverse portfolio encompasses high-growth sectors includ...",,,"2.02,2.03,8.01,9.01",Y,https://www.sec.gov/cgi-bin/browse-edgar?action=getcompany&CIK=1509470
0001104659-25-004168:tm253596d1_ex99-1.htm,"SURO CAPITAL CORP.  (SSSS, SSSSL)  (CIK 0001509470)",2025-01-16,"EX-99.1 2 tm253596d1_ex99-1.htm EXHIBIT 99.1 Exhibit 99.1 SuRo Capital Corp. Fourth Quarter 2024 Preliminary Investment Portfolio Update Continued to Focus on AI Strategy and Produced Notable Exits Net Asset Value Anticipated to be $6.50 to $7.00 Per Share NEW YORK, NY, January 16, 2025 (GLOBE NEWSWIRE) – SuRo Capital Corp. (“SuRo Capital”, the “Company”, “we”, “us”, and “our”) (Nasdaq: SSSS ) today provided the following preliminary update on its investment portfolio for the fourth quarter ended December 31, 2024. “Since inception, SuRo Capital has served as the public's gateway to venture capital, offering unique access to some of the world’s most innovative and sought-after private companies before they become publicly traded. Our diverse portfolio encompasses high-growth sectors includ...",,,"2.02,2.03,8.01,9.01",Y,https://www.sec.gov/cgi-bin/browse-edgar?action=getcompany&CIK=1509470
0001045810-25-000007:nvda-20250113.htm,NVIDIA CORP  (NVDA)  (CIK 0001045810),2025-01-17,"nvda-20250113 0001045810 false 0001045810 2025-01-13 2025-01-13 UNITED STATES SECURITIES AND EXCHANGE COMMISSION WASHINGTON, DC 20549 ______________ FORM 8-K CURRENT REPORT PURSUANT TO SECTION 13 OR 15(d) OF THE SECURITIES EXCHANGE ACT OF 1934 Date of Report (Date of earliest event reported): January 13, 2025 NVIDIA CORP ORATION (Exact name of registrant as specified in its charter) Delaware 0-23985 94-3177549 (State or other jurisdiction (Commission (IRS Employer of incorporation) File Number) Identification No.) 2788 San Tomas Expressway , Santa Clara , CA 95051 (Address of principal executive offices) (Zip Code) Registrant’s telephone number, including area code: ( 408 ) 486-2000 Not Applicable (Former name or former address, if changed since last report) Check the appropriate box below...",,,8.01,Y,https://www.sec.gov/cgi-bin/browse-edgar?action=getcompany&CIK=1045810
0001493152-25-003319:ex99-1.htm,"Banzai International, Inc.  (BNZI, BNZIW)  (CIK 0001826011)",2025-01-23,"EX-99.1 8 ex99-1.htm Exhibit 99.1 Banzai Announces Definitive Agreement to Acquire Act-On Software, Growing TTM Revenue 152% to $44M Banzai Adds Enterprise Marketing Automation Platform, the Cornerstone of AI-driven B2B Marketing, to Growing Product Family SEATTLE – January 23, 2025 – Banzai International, Inc. (NASDAQ: BNZI) (“Banzai” or the “Company”), a leading marketing technology company that provides essential marketing and sales solutions, today announced that it has signed a definitive agreement to acquire Act-On Software Inc. (“Act-On”) , an enterprise marketing automation platform (MAP) provider. Act-On is an easy-to-use and intelligent marketing automation platform, powered by AI and supported by an open data architecture. In a landscape filled with complex marketing suites, Act...",,,"1.01,3.02,7.01,9.01",Y,https://www.sec.gov/cgi-bin/browse-edgar?action=getcompany&CIK=1826011
0001654954-25-000662:smc_ex991.htm,"SMC Entertainment, Inc.  (SMCE)  (CIK 0001497230)",2025-01-23,"EX-99.1 2 smc_ex991.htm PRESS RELEASE smc_ex991.htm EXHIBIT 99.1 SMC Entertainment Inc. Signs Letter of Intent to Acquire 100% of Flax Tech Ltd, a United Kingdom Crypto Disruptor Provider Press Release | 01/21/2025 BOCA RATON, Fla., Jan. 21, 2025 (GLOBE NEWSWIRE) -- SMC Entertainment, Inc. (“SMC” or the “Company”) (OTC PINK: SMCE), a Fintech incubator company focused on acquisition and support of commercialized financial services and technology (Fintech) companies, is pleased to announce that it has signed a Letter of Intent (“LOI”) to acquire a 100% of Flax Tech Ltd. (“Flax” or the “Subsidiary”). SMC is anticipating quickly reaching an executed definitive purchase agreement (“Purchase Agreement”) after conducting and completing its due diligence. Upon the completion of due diligence, at t...",,,"1.01,5.02,7.01,9.01",Y,https://www.sec.gov/cgi-bin/browse-edgar?action=getcompany&CIK=1497230
0001104659-25-005359:tm254146d1_ex2-1.htm,"Concentra Group Holdings Parent, Inc.  (CON)  (CIK 0002014596)",2025-01-23,"EX-2.1 2 tm254146d1_ex2-1.htm EXHIBIT 2.1 Exhibit 2.1 Execution Version EQUITY PURCHASE AGREEMENT by and among CONCENTRA HEALTH SERVICES, INC. THE U. ROHDE 2020 TRUST, U/T/A DATED DECEMBER 18, 2020 THE G. ROHDE 2020 TRUST, U/T/A DATED DECEMBER 18, 2020 THE J. ROHDE 2020 TRUST, U/T/A DATED DECEMBER 18, 2020 THE M. ROHDE 2020 TRUST, U/T/A DATED DECEMBER 18, 2020 OCCMED SERVICES, LLC U.S. OCCMED HOLDINGS, LLC D/B/A NOVA MEDICAL CENTERS And SHELTON FREY, AS SELLERS’ REPRESENTATIVE Dated: January 22, 2025 Table of Contents Page Article I. Definitions and Rules of Construction 1 1.1 Definitions 1 1.2 Rules of Construction 22 Article II. Acquisition 24 2.1 Acquisition 24 2.2 Payments at the Closing 24 2.3 Closing 26 2.4 Closing Date Estimates; Purchase Price Adjustment 26 2.5 Withholding 31 Artic...",,,"1.01,2.02,9.01",Y,https://www.sec.gov/cgi-bin/browse-edgar?action=getcompany&CIK=2014596
0001213900-25-006029:ea022857801ex99-1_xtiaero.htm,"XTI Aerospace, Inc.  (XTIA)  (CIK 0001529113)",2025-01-23,"EX-99.1 2 ea022857801ex99-1_xtiaero.htm PRESS RELEASE, DATED JANUARY 23, 2025 Exhibit 99.1 XTI Aerospace Provides Shareholder Update ENGLEWOOD, Colo., Jan. 23, 2025 /PRNewswire/ -- XTI Aerospace, Inc. (NASDAQ: XTIA) (“XTI” or the “Company”), a pioneer in advanced Vertical Takeoff and Landing (“VTOL”), Powered- Lift aircraft solutions, today issued the following letter to shareholders. Dear Fellow XTI Aerospace Shareholders – At the outset, I would like to take a moment to recognize that 2024 was a transformative year for XTI and extend my gratitude for your continued support in 2025 and beyond. Along with the rest of our management team, I would like to update you on recent accomplishments supportive of our growth including strengthening our balance sheet and improving our overall financia...",,,"2.02,8.01,9.01",Y,https://www.sec.gov/cgi-bin/browse-edgar?action=getcompany&CIK=1529113
0001628280-25-002263:exhibit991-repurchaseprogr.htm,"Better Home & Finance Holding Co  (BETR, BETRW)  (CIK 0001835856)",2025-01-23,"EX-99.1 2 exhibit991-repurchaseprogr.htm EX-99.1 Document Better Home & Finance Holding Company Announces $25 Million Share Repurchase Program January 22, 2025 04:30 PM Eastern Standard Time NEW YORK--( BUSINESS WIRE )--Better Home & Finance Holding Company (NASDAQ: BETR; BETRW) announces that its board of directors approved a $25 million share repurchase program. Better may repurchase shares of Class A common stock from time to time, at management’s discretion, through open market purchases or privately negotiated transactions, including accelerated repurchase transactions, block trades or trading plans intended to qualify under Rule 10b5-1 under the Securities Exchange Act of 1934, as amended. The timing and total amount of share repurchases will be based on ongoing evaluation of general...",,,8.01,Y,https://www.sec.gov/cgi-bin/browse-edgar?action=getcompany&CIK=1835856
0000045919-25-000002:exhibit991.htm,HARTE HANKS INC  (HHS)  (CIK 0000045919),2025-01-28,"EX-99.1 3 exhibit991.htm EX-99.1 Document Exhibit 99.1 Harte Hanks Announces Leadership Transition to Accelerate Data-Driven Customer Experience Innovation CHELMSFORD, MA / ACCESSWIRE / January 28, 2025 / Harte Hanks, Inc. (NASDAQ:HHS), a pioneer in data-driven customer experience solutions that has been transforming how companies connect with their customers for over 100 years, today announced a strategic leadership transition. Kirk Davis, the company’s Chief Executive Officer, has decided to step down for personal reasons after 19 months of stewarding the Company's transformation into an integrated customer experience powerhouse. ""Leading Harte Hanks through this transformative period has been extremely rewarding,"" said Mr. Davis. ""My decision reflects my confidence in Harte Hanks’ direc...",,,"5.02,7.01,8.01,9.01",Y,https://www.sec.gov/cgi-bin/browse-edgar?action=getcompany&CIK=45919
0001660280-25-000007:a1292025ex991.htm,"Tenable Holdings, Inc.  (TENB)  (CIK 0001660280)",2025-01-29,"EX-99.1 3 a1292025ex991.htm EX-99.1 Document Tenable Plans to Acquire Vulcan Cyber, Accelerate Leadership in Exposure Management COLUMBIA, Md. (January 29, 2025) — Tenable Holdings, Inc., (“Tenable”) (Nasdaq: TENB) the exposure management company, today announced that it has signed a definitive agreement to acquire Vulcan Cyber Ltd. (“Vulcan Cyber”), a leading innovator in exposure management. Vulcan Cyber’s capabilities will augment Tenable’s industry-leading Exposure Management platform, enhancing customers’ ability to consolidate exposures across their security stack, prioritize risks and streamline remediation efforts across the entire attack surface. Under the terms of the agreement, Tenable will acquire Vulcan Cyber for approximately $147 million in cash and $3 million of restricted ...",,,"1.01,7.01,9.01",Y,https://www.sec.gov/cgi-bin/browse-edgar?action=getcompany&CIK=1660280
0001193125-25-014912:d927353dex991.htm,"NASDAQ, INC.  (NDAQ)  (CIK 0001120193)",2025-01-29,"EX-99.1 2 d927353dex991.htm EX-99.1 EX-99.1 Exhibit 99.1 Nasdaq Reports Fourth Quarter and Full Year 2024 Results; A Year of Strong Financial Performance and Strategic Execution NEW YORK, January 29, 2025 —Nasdaq, Inc. (Nasdaq: NDAQ) today reported financial results for the fourth quarter and full year of 2024 • 2024 net revenues 1 were $4.6 billion , or $4.7 billion on a non-GAAP basis 2 , an increase of 19% over 2023, or up 9% on an adjusted 3 basis. This included Solutions 4 revenue increasing 25% , or up 10% on an adjusted basis. • Fourth quarter 2024 net revenue was $1.2 billion , an increase of 10% over the fourth quarter of 2023. This included Solutions revenue increasing 10% , or up 9% on an adjusted basis. • Annualized Recurring Revenue (ARR) 5 of $2.8 billion increased 7% over th...",,,"2.02,7.01,8.01,9.01",Y,https://www.sec.gov/cgi-bin/browse-edgar?action=getcompany&CIK=1120193
0001628280-25-003259:pressrelease-2025dividends.htm,"CuriosityStream Inc.  (CURI, CURIW)  (CIK 0001776909)",2025-01-31,"EX-99.1 2 pressrelease-2025dividends.htm EX-99.1 Document Exhibit 99.1 CuriosityStream Announces Quarterly Dividend Increase Company Signals Revenue Growth from Content Licensing for AI Training Silver Spring, Md., January 31, 2025 — CuriosityStream Inc. (Nasdaq: CURI), a leading global factual entertainment company, today announced that on January 30 th , 2025, its Board of Directors increased the previously announced dividend to be paid on March 28, 2025, from $0.025 per share of issued and outstanding Common Stock to $0.03 per share. This reflects a 20% increase over the previous quarter’s dividend. The dividend is payable in cash on March 28, 2025, to shareholders of record as of the close of business on March 14, 2025. “This dividend increase reflects the confidence we have in our tea...",,,"8.01,9.01",Y,https://www.sec.gov/cgi-bin/browse-edgar?action=getcompany&CIK=1776909
0001437749-25-002314:ex_772659.htm,Comstock Inc.  (LODE)  (CIK 0001120970),2025-01-31,"EX-10.1 2 ex_772659.htm EXHIBIT 10.1 ex_772659.htm Exhibit 10.1 MASTER LICENSE AGREEMENT This MASTER LICENSE AGREEMENT (this “ Agreement ”), dated as of JANUARY 30, 2025 , and effective as of SEPTEMBER 18, 2024 (“ Effective Date ”), is entered into by between COMSTOCK FUELS CORPORATION , with its office located at 4801 Gaillardia Parkway, Oklahoma City, Oklahoma 73142 (“ Licensor ”), and SACL PTE. LTD. , having a registered address of 100 Tras Street, No. 16-01 100 AM, Singapore (079027) (“ Licensee ” and, together with Licensor, sometimes referred to individually herein as a “ Party ” and, collectively, as the “ Parties ”). WHEREAS , Licensor owns and/or licenses certain intellectual properties comprising and relating to the conversion of lignocellulosic biomass into renewable fuels and r...",,,"1.01,9.01",Y,https://www.sec.gov/cgi-bin/browse-edgar?action=getcompany&CIK=1120970
0001070235-25-000041:a2025-02x03xarcticwolfandb.htm,BLACKBERRY Ltd  (BB)  (CIK 0001070235),2025-02-03,"EX-99.1 2 a2025-02x03xarcticwolfandb.htm EX-99.1 Document Arctic Wolf and BlackBerry Announce Closing of Acquisition for Cylance WATERLOO, ONTARIO and EDEN PRAIRIE, MINNESOTA – February 3, 2025 – Arctic Wolf ® and BlackBerry Limited (NYSE: BB; TSX:BB), two global leaders in security software and services, today announced the successful closing of the acquisition of BlackBerry’s Cylance® endpoint security assets by Arctic Wolf. The two companies entered into a definitive agreement on December 15, 2024. “We are pleased to have successfully closed this pivotal transaction for BlackBerry and look forward to continuing our relationship with Arctic Wolf as a customer, as a reseller of the portfolio to our large government customers , and as a shareholder of this dynamic , growing company,” said ...",,,"2.01,8.01,9.01",Y,https://www.sec.gov/cgi-bin/browse-edgar?action=getcompany&CIK=1070235
0001213900-25-009700:ea022973501ex99-2_health.htm,HealthLynked Corp  (HLYK)  (CIK 0001680139),2025-02-04,"EX-99.2 3 ea022973501ex99-2_health.htm PRESS RELEASE DATED FEBRUARY 4, 2025 Exhibit 99.2 HealthLynked Corp. Releases Annual Shareholder Letter Highlighting Recent Product Development and Strategic Vision for the Future “Highlights 2024 Collaborative Partnerships and Product Development Designed to Spur Growth in 2025 and Beyond” Naples, Florida – February 4, 2025 – HealthLynked Corp. (OTCQB: HLYK), a leading innovator in healthcare technology focused on revolutionizing patient-provider connectivity, is pleased to announce the release of its Annual Shareholder Letter. This Update outlines the company’s significant achievements in product development and platform enhancements as well as offering strategic priorities for the coming year. 2024: Excellent strides expanding our capabilities to s...",,,"8.01,9.01",Y,https://www.sec.gov/cgi-bin/browse-edgar?action=getcompany&CIK=1680139
0001262463-25-000043:paxh8k801.htm,PREAXIA HEALTH CARE PAYMENT SYSTEMS INC.  (PAXH)  (CIK 0001350156),2025-02-04,"false 0001350156 0001350156 2025-01-29 2025-01-29 iso4217:USD xbrli:shares iso4217:USD xbrli:shares UNITED STATES SECURITIES AND EXCHANGE COMMISSION WASHINGTON, D.C. 20549 FORM 8-K CURRENT REPORT Pursuant to Section 13 or 15(d) of the Securities Exchange Act of 1934 Date of Report (Date of earliest event reported): January 29, 2025 PREAXIA HEALTH CARE PAYMENT SYSTEMS INC. (Exact name of registrant as specified in its charter) Nevada 000-52365 20-4395271 (State or other jurisdiction of incorporation) (Commission File Number) (IRS Employer Identification No.) PO Box 24075 Westbrook PO, S1610-37th Street S.W., Calgary , Alberta T3C 3W2 (Address of Principal Executive Offices) (Zip Code) Registrant's telephone number, including area code ( 403 ) 850-4120 N/A (Former name or former address, if ...",,,"8.01,9.01",Y,https://www.sec.gov/cgi-bin/browse-edgar?action=getcompany&CIK=1350156
0001477932-25-000780:upxi_ex991.htm,"UPEXI, INC.  (UPXI)  (CIK 0001775194)",2025-02-07,"EX-99.1 2 upxi_ex991.htm PRESS RELEASE upxi_ex991.htm EXHIBIT 99.1 Upexi Provides Shareholder Update on Current Business Operations and Long-Term Strategic Crypto Portfolio and Mining Initiative TAMPA, FL, February 6, 2025 (ACCESSWIRE) – Upexi, Inc. (NASDAQ: UPXI) (the “Company” or “Upexi”), a brand owner specializing in the development, manufacturing and distribution of consumer products and is actively pursuing additional investment opportunities to expand its portfolio through further direct investment into coins, mining, and M&A in the fintech space, is today providing shareholders with a update on its current business operations and long-term strategic Crypto and mining initiative. Andrew Norstrud, Chief Financial Officer of Upexi, stated, “We have charted out a path for 2025 that wil...",,,"7.01,8.01,9.01",Y,https://www.sec.gov/cgi-bin/browse-edgar?action=getcompany&CIK=1775194
0001193125-25-023641:d929762dex991.htm,"TheRealReal, Inc.  (REAL)  (CIK 0001573221)",2025-02-10,"EX-99.1 4 d929762dex991.htm EX-99.1 EX-99.1 Exhibit 99.1 The RealReal Reports Strong Preliminary Fourth Quarter and Full Year 2024 Results; Projects Profitable Growth for 2025; Completes Strategic Debt Exchange Strengthening its Financial Position SAN FRANCISCO, February 10, 2025 — The RealReal (Nasdaq: REAL)—the world’s largest online marketplace for authenticated, resale luxury goods—today provided preliminary unaudited financial results for the fourth quarter and full year ended December 31, 2024 and announced its entry into strategic debt exchange transactions with certain holders of its 1.00% Convertible Senior Notes due 2028 (the “2028 Notes”), reducing its total indebtedness by approximately $37 million and extending a significant portion of its 2028 maturities to 2031. Preliminary ...",,,"1.01,2.02,2.03,3.02,7.01,9.01",Y,https://www.sec.gov/cgi-bin/browse-edgar?action=getcompany&CIK=1573221
0001683168-25-000885:connexionone_ex9901.htm,ConneXionONE Corp.  (CNNN)  (CIK 0001182731),2025-02-10,"EX-99.1 2 connexionone_ex9901.htm PRESS RELEASE Exhibit 99.1 FOR IMMEDIATE RELEASE ConneXionONE Corp. Shifts to AI Computing with YuGu AI Limited Partnership to Drive Future Growth PALO ALTO, Calif., Feb 10 th , 2025 – ConneXionONE Corp. (OTC: CNNN), a technology company focused on next-generation AI computing, is excited to announce a strategic partnership with YuGu AI Limited . This marks a significant move into the booming AI computing industry, ensuring strong long-term growth opportunities for the company and its shareholders. Why is ConneXionONE Moving from Social Media to AI Computing? ConneXionONE is shifting its focus from social media to AI computing infrastructure due to the massive demand for computing power driven by artificial intelligence advancements. This decision is based...",,,"1.01,2.02,8.01,9.01",Y,https://www.sec.gov/cgi-bin/browse-edgar?action=getcompany&CIK=1182731
0001614178-25-000007:ex101placesscoutupaedgar.htm,"Yext, Inc.  (YEXT)  (CIK 0001614178)",2025-02-10,"EX-10.1 2 ex101placesscoutupaedgar.htm EX-10.1 ex101placesscoutupaedgar Exhibit 10.1 Execution Version UNIT PURCHASE AGREEMENT BY AND AMONG YEXT, INC. MARK KABANA, JOSEPH ALCARAZ, KYLE COOK, PAVEL PUCHKAREV, KABANASOFT, LLC AND MARK KABANA, as SELLER REPRESENTATIVE Dated as of February 7, 2025 -i- TABLE OF CONTENTS Page ARTICLE I THE UNIT PURCHASE .................................................................................1 1.1 The Unit Purchase ......................................................................................1 1.2 The Closing .................................................................................................2 1.3 Closing Consideration.................................................................................2 1.4 Post-Closing Payments ...........",,,"1.01,2.02",Y,https://www.sec.gov/cgi-bin/browse-edgar?action=getcompany&CIK=1614178
0001413447-25-000015:projectkaratepressrelease.htm,NXP Semiconductors N.V.  (NXPI)  (CIK 0001413447),2025-02-10,"EX-99.1 2 projectkaratepressrelease.htm EX-99.1 Document NXP Agrees to Acquire Edge AI Pioneer Kinara to Redefine the Intelligent Edge • Enhances NXP's leading processing portfolio with cutting edge NPUs and AI software, driving intelligent system solutions across the industrial and automotive edge markets. • Delivers high-performance neural network processing with advanced generative AI to create transformative edge use cases. • Establishes a scalable platform for AI-powered edge systems, combining NXP’s broad portfolio of processing, connectivity, security, and advanced analog solutions, with Kinara’s AI hardware and software. Eindhoven, the Netherlands, February 10, 2025 – NXP Semiconductors N.V. (NASDAQ: NXPI) today announced it has entered into a definitive agreement to acquire Kinara...",,,8.01,Y,https://www.sec.gov/cgi-bin/browse-edgar?action=getcompany&CIK=1413447
0001437749-25-003661:ex_777432.htm,Comstock Inc.  (LODE)  (CIK 0001120970),2025-02-13,"EX-10.1 2 ex_777432.htm EXHIBIT 10.1 ex_777432.htm Exhibit 10.1 MASTER LICENSE AGREEMENT This MASTER LICENSE AGREEMENT (this “ Agreement ”), dated as of FEBRUARY 12, 2025 , and effective as of SEPTEMBER 18, 2024 (“ Effective Date ”), is entered into by between COMSTOCK FUELS CORPORATION , with its office located at 4801 Gaillardia Parkway, Oklahoma City, Oklahoma 73142 (“ Licensor ”), and GRESHAM ’ S EASTERN (PVT), LTD. , having a registered address of F-302 Sindh Industrial Trading Estate (S.I.T.E.), Karachi 75400, Pakistan (“ Licensee ” and, together with Licensor, sometimes referred to individually herein as a “ Party ” and, collectively, as the “ Parties ”). WHEREAS , Licensor owns and/or licenses certain intellectual properties comprising and relating to the conversion of lignocellulo...",,,"1.01,9.01",Y,https://www.sec.gov/cgi-bin/browse-edgar?action=getcompany&CIK=1120970
0001199835-25-000044:lsmg-ex10_02.htm,Lode-Star Mining Inc.  (LSMG)  (CIK 0001319643),2025-02-14,"EX-10.02 4 lsmg-ex10_02.htm LICENSE AGREEMENT Exhibit 10.02 LICENSE AGREEMENT This License Agreement (this “ Agreement ”) is made effective as of February 14, 2025, by and between Predictive Technologies, LLC, a Colorado limited liability company, having a principal place of business at 9800 Pyramid Court, Suite 400, Englewood, Colorado 80112 (“ Licensor ”), and Lode-Star Mining Inc., a Nevada corporation, having a principal place of business at 13529 Skinner Rd. Suite N. Cypress, Texas 77429 (“ Licensee ”). On the date hereof, Licensee shall change its name to “FinTrade Sherpa, Inc.” RECITALS WHEREAS, Licensor owns the entire right, title and interest in the Predictive News Event Mapping & Stock Impact Analysis System (PNE-SIA) including the application, underlying source code and object ...",,,"1.01,2.01,3.02,5.03,5.06,9.01",Y,https://www.sec.gov/cgi-bin/browse-edgar?action=getcompany&CIK=1319643
0001683168-25-001079:jaag_8k.htm,JAAG Enterprises Ltd.  (JAGL)  (CIK 0001951051),2025-02-18,"JAAG Enterprises LTD 8-K false 0001951051 0001951051 2025-02-15 2025-02-15 iso4217:USD xbrli:shares iso4217:USD xbrli:shares UNITED STATES SECURITIES AND EXCHANGE COMMISSION Washington, D.C. 20549 FORM 8-K CURRENT REPORT Pursuant to Section 13 or 15(d) of The Securities and Exchange Act of 1934 Date of Report (Date of earliest event reported): February 15, 2025 JAAG ENTERPRISES LTD. (Exact name of registrant as specified in its charter) Nevada 000-56715 38-4210123 (State or other jurisdiction of incorporation) (Commission File Number) (IRS Employer Identification No.) 1716 13 Avenue NW Calgary , AB , Canada T2N 1L1 (Address of Principal Executive Offices) (Zip Code) (403) - 616-7221 (Registrant’s telephone number, including area code) N/A (Former name or former address, if changed since la...",,,1.01,Y,https://www.sec.gov/cgi-bin/browse-edgar?action=getcompany&CIK=1951051
0001493152-25-007235:ex99-1.htm,PINEAPPLE EXPRESS CANNABIS Co  (PNXP)  (CIK 0001710495),2025-02-19,"EX-99.1 4 ex99-1.htm Exhibit 99.1 Pineapple Express Cannabis Company Announces Leadership Transition ATLANTA, GA — February 19, 2025 — Pineapple Express Cannabis Company (USOTC: PNXP) (“PNXP” or the “Company”), today announced that Matthew Feinstein has stepped down from his positions as Chief Executive Officer, President, and Chairman of the Board. The Board of Directors has appointed Franjose “Frank” Yglesias as Chief Executive Officer, President, and Chairman, effective immediately. “On behalf of the Board of Directors and the Investor Community, we want to thank Matt for his dedication and contributions to Pineapple Express Cannabis Company,” said Frank Yglesias, incoming CEO. “Under his leadership, the company established a strong foundation in the cannabis industry, and we wish him t...",,,"5.01,5.02,7.01,8.01",Y,https://www.sec.gov/cgi-bin/browse-edgar?action=getcompany&CIK=1710495
0001654954-25-001736:nixx_ex992.htm,"Nixxy, Inc.  (NIXX, NIXXW)  (CIK 0001462223)",2025-02-21,"EX-99.2 5 nixx_ex992.htm EX-99.2 nixx_ex992.htm EXHIBIT 99.2 Nixxy’s Auralink AI Enters Multi-Billion Dollar Telecom and Data Sectors · Enters a Fast-Growing Business Sector with a Primary $15 Billion TAM and 19% CAGRs · Expects its Disruptive Digital Telecom Software and Services Business Revenue to Accelerate in 2025 and Beyond · Company Initially Targets $5 Million Monthly Revenue Run Rate for Q2 and $10 Million Monthly Revenue Run Rate in Q3 NEW YORK, NY – February 21, 2025 – Nixxy (NASDAQ: NIXX) (“the Company”), today announced it is entering into the multi-billion dollar telecommunications and data sectors and has completed an asset purchase of state-of-the-art AI integration, billing, Unified Communications, and Contact Center software and systems with related intellectual property ...",,,"1.01,3.02,5.02,7.01,9.01",Y,https://www.sec.gov/cgi-bin/browse-edgar?action=getcompany&CIK=1462223
0001140361-25-005570:ef20044166_ex99-1.htm,INSMED Inc  (INSM)  (CIK 0001104506),2025-02-24,"EX-99.1 2 ef20044166_ex99-1.htm EXHIBIT 99.1 Exhibit 99.1 Insmed Announces that FDA Does Not Currently Plan to Hold Advisory Committee Meeting to Discuss New Drug Application for Brensocatib in Patients with Bronchiectasis —FDA Reaffirms Application is Under Priority Review with a PDUFA Target Action Date of August 12, 2025— BRIDGEWATER, N.J., February 24, 2025 / PRNewswire / -- Insmed Incorporated (Nasdaq: INSM), a people-first global biopharmaceutical company striving to deliver first- and best-in-class therapies to transform the lives of patients facing serious diseases , today announced that the U.S. Food and Drug Administration (FDA) has informed the Company that it does not currently plan to hold an advisory committee meeting to discuss the New Drug Application (NDA) for brensocatib ...",,,"7.01,8.01,9.01",Y,https://www.sec.gov/cgi-bin/browse-edgar?action=getcompany&CIK=1104506
0001213900-25-016825:ea023197001ex99-1_ondas.htm,Ondas Holdings Inc.  (ONDS)  (CIK 0001646188),2025-02-25,"EX-99.1 2 ea023197001ex99-1_ondas.htm PRESS RELEASE, DATED FEBRUARY 25, 2025 Exhibit 99.1 Ondas and Volatus Aerospace Forge Strategic Partnership to Elevate Border Surveillance with Advanced Drone Technologies Strategic partnership’s multi-modal approach significantly enhances homeland security agencies’ ability to detect and mitigate threats before they escalate, revolutionizing border security with persistent remote aerial operations and emergency response Volatus’ extensive sales, marketing, field support, and services capabilities extend Ondas’ market reach and accelerate market penetration for the Optimus System The Optimus System to be deployed as drone infrastructure for completely remote, autonomous operations providing aerial security and intelligence for sensitive locations, crit...",,,"8.01,9.01",Y,https://www.sec.gov/cgi-bin/browse-edgar?action=getcompany&CIK=1646188
0001628280-25-008136:pstg-ex991q4fy2025.htm,"Pure Storage, Inc.  (PSTG)  (CIK 0001474432)",2025-02-26,"EX-99.1 2 pstg-ex991q4fy2025.htm EX-99.1 Document Exhibit 99.1 Pure Storage Announces Fiscal Fourth Quarter and Full Year 2025 Financial Results Delivers double-digit revenue growth and strong profitability in Q4 Full year 2025 revenue surpasses $3 billion, representing growth of 12% year-over-year SANTA CLARA, Calif. – February 26, 2025 – Today Pure Storage (NYSE: PSTG), the IT pioneer that delivers the world’s most advanced data storage technologies and services, announced financial results for its fiscal fourth quarter and full year 2025 ended February 2, 2025. “Pure Storage delivered solid fourth quarter and full year results as we fundamentally transform data storage and management for enterprises and hyperscalers,” said Pure Storage CEO and Chairman Charles Giancarlo. “We are enablin...",,,"2.02,8.01,9.01",Y,https://www.sec.gov/cgi-bin/browse-edgar?action=getcompany&CIK=1474432
0001628280-25-008190:semrush8-kexhibit991q42024.htm,"SEMrush Holdings, Inc.  (SEMR)  (CIK 0001831840)",2025-02-26,"EX-99.1 2 semrush8-kexhibit991q42024.htm EX-99.1 Document Exhibit 99.1 Semrush Announces Fourth Quarter and Full Year 2024 Financial Results • SaaS industry veteran and Semrush Director William (Bill) R. Wagner to become CEO • Co-Founder Oleg Shchegolev, CEO for over 16 years, to focus exclusively on product innovation and AI as new CTO • Fourth quarter revenue of $102.6 million, up 23% year-over-year • Full year revenue of $376.8 million, up 22% year-over-year • Achieved ARR of $411.6 million, up 22% year-over-year • Net cash provided by operating activities of $11.9 million in Q4 and $47.0 million for 2024 February 26, 2025 — BOSTON — (BUSINESS WIRE) — Semrush Holdings, Inc. (NYSE: SEMR), a leading online visibility management SaaS platform, today reported financial results for the fourt...",,,"2.02,5.02,7.01,8.01,9.01",Y,https://www.sec.gov/cgi-bin/browse-edgar?action=getcompany&CIK=1831840
0001493152-25-008518:ex99-1.htm,"BullFrog AI Holdings, Inc.  (BFRG, BFRGW)  (CIK 0001829247)",2025-02-27,"EX-99.1 2 ex99-1.htm Exhibit 99.1 BullFrog AI and Eleison Pharmaceuticals Enter Agreement to Collaborate to Optimize Pivotal Phase 3 Trial Eleison to leverage BullFrog Data Networks TM to enhance patient clustering and safety analysis in glufosfamide clinical trials GAITHERSBURG, Md., Feb. 27, 2025 (GLOBE NEWSWIRE) — BullFrog AI Holdings, Inc. (NASDAQ: BFRG; BFRGW) (“BullFrog AI” or the “Company”), a technology-enabled drug development company using artificial intelligence (AI) and machine learning to enable the successful development of pharmaceuticals and biologics, today announced its entry into a collaboration agreement with Eleison Pharmaceuticals Inc. (“Eleison”), a Phase 3 oncology company focused on novel chemotherapeutic treatments for rare cancers. Under the terms of the agreemen...",,,"8.01,9.01",Y,https://www.sec.gov/cgi-bin/browse-edgar?action=getcompany&CIK=1829247
0001731122-25-000312:e6390_ex99-1.htm,RENOVARO INC.  (RENB)  (CIK 0001527728),2025-02-28,"EX-99.1 3 e6390_ex99-1.htm EXHIBIT 99.1 EXHIBIT 99.1 Renovaro and BioSymetrics Announce Definitive Merger Agreement to Advance AI-Driven Biomarker Discovery and Precision Medicine Strategic Combination Aims to Accelerate Biomarker Identification, Enhance Drug Discovery, and Expand Precision Medicine Applications in Cancer and Beyond LOS ANGELES – February 26, 2025 – Renovaro Biosciences Inc. (NASDAQ: RENB), a TechBio leader focused on next-generation diagnostics, drug discovery, and genetically enhanced cancer therapies, today announced a definitive agreement to merge with BioSymetrics, an artificial intelligence (AI)-driven drug discovery and biomarker identification company. This transformative partnership is designed to enhance Renovaro’s data repository, biomarker discovery capabilitie...",,,"1.01,3.02,7.01,9.01",Y,https://www.sec.gov/cgi-bin/browse-edgar?action=getcompany&CIK=1527728
0001493152-25-008984:form8-k.htm,"Verb Technology Company, Inc.  (VERB)  (CIK 0001566610)",2025-03-04,"false 0001566610 0001566610 2025-02-28 2025-02-28 iso4217:USD xbrli:shares iso4217:USD xbrli:shares UNITED STATES SECURITIES AND EXCHANGE COMMISSION Washington, D.C. 20549 FORM 8-K CURRENT REPORT PURSUANT TO SECTION 13 OR 15(d) OF THE SECURITIES EXCHANGE ACT OF 1934 Date of Report (Date of earliest event reported): February 28, 2025 VERB TECHNOLOGY COMPANY, INC. (Exact Name of Registrant as Specified in its Charter) Nevada 001-38834 90-1118043 (State or Other Jurisdiction (Commission (IRS Employer of Incorporation) File Number) Identification No.) 3024 Sierra Juniper Court Las Vegas , Nevada 89138 (Address of Principal Executive Offices, Zip Code) Registrant’s telephone number, including area code: (855) 250-2300 (Former name or former address, if changed since last report.) Check the appr...",,,"1.01,8.01,9.01",Y,https://www.sec.gov/cgi-bin/browse-edgar?action=getcompany&CIK=1566610
0001213900-25-019781:ea023288001ex99-1_ondas.htm,Ondas Holdings Inc.  (ONDS)  (CIK 0001646188),2025-03-04,"EX-99.1 2 ea023288001ex99-1_ondas.htm PRESS RELEASE, DATED MARCH 4, 2025 Exhibit 99.1 Ondas Appoints Oshri Lugasi as a Co-CEO of Ondas Autonomous Systems to Drive Defense Technology Business Expansion Brigadier General (Res.) Oshri Lugasi led the negotiation and execution of over $20 billion worth of defense contract sales at Rafael Advanced Defense Systems, Israel’s premier defense contractor As Chief of Engineering with the Israeli Defense Forces (IDF), Mr. Lugasi commanded over 30,0000 personnel including active-duty soldiers, building decades of leadership experience including implementation of advanced robotic systems By appointing Mr. Lugasi, Ondas expects to accelerate business expansion with American-Israeli allies in defense and homeland security markets Boston, MA / March 4, 2025...",,,"8.01,9.01",Y,https://www.sec.gov/cgi-bin/browse-edgar?action=getcompany&CIK=1646188
0001849820-25-000063:a2025-0304_seatrepidacqu.htm,"Nauticus Robotics, Inc.  (KITT, KITTW)  (CIK 0001849820)",2025-03-05,"EX-99.1 3 a2025-0304_seatrepidacqu.htm EX-99.1 a2025-0304_seatrepidacqu Nauticus Robotics Announces Intent to Acquire SeaTrepid International Combination Expands Addressable Market and Drives Operational Synergies HOUSTON, March 05, 2025 – Nauticus Robotics, Inc. (NASDAQ: KITT, “Nauticus”), a leading innovator in autonomous subsea robotics and software solutions, today announced signing of a definitive agreement to acquire all of the assets and business of SeaTrepid International, LLC (“SeaTrepid”), an expert in providing subsea robotic services to customers throughout the world. This strategic acquisition underscores Nauticus’ commitment to innovation and revenue growth in 2025. By integrating Nauticus’ AI-driven autonomy software, ToolKITT, into SeaTrepid’s existing ROV fleet, the combin...",,,"1.01,2.03,3.02,7.01,9.01",Y,https://www.sec.gov/cgi-bin/browse-edgar?action=getcompany&CIK=1849820
0000950170-25-034693:mchx-ex99_1.htm,MARCHEX INC  (MCHX)  (CIK 0001224133),2025-03-06,"EX-99.1 2 mchx-ex99_1.htm EX-99.1 EX-99.1 Exhibit 99.1 Marchex Announces Fourth Quarter and Full Year 2024 Results SEATTLE, WA – March 6, 2025 – Marchex, Inc . (NASDAQ: MCHX), which harnesses the power of artificial intelligence (""AI"") and conversational intelligence to drive operational excellence and revenue acceleration, today announced its financial results for the fourth quarter and full year ended December 31, 2024. Q4 2024 and Full Year 2024 Financial Highlights • GAAP revenue was $11.9 million for the fourth quarter of 2024, compared to $12.4 million for the fourth quarter of 2023. GAAP revenue was $48.1 million for 2024, compared to $49.9 million for 2023. • Net loss was $1.9 million for the fourth quarter of 2024 or $(0.04) per diluted share, compared to a net loss of $1.1 millio...",,,"1.01,2.02,5.02,9.01",Y,https://www.sec.gov/cgi-bin/browse-edgar?action=getcompany&CIK=1224133
0001213900-25-021805:ea023314001ex99-1_gdculture.htm,GD Culture Group Ltd  (GDC)  (CIK 0001641398),2025-03-07,"EX-99.1 4 ea023314001ex99-1_gdculture.htm PRESS RELEASE - GD CULTURE GROUP LIMITED ANNOUNCES PRICING OF PRIVATE PLACEMENT, DATED MARCH 4, 2025 Exhibit 99.1 GD Culture Group Limited Announces Pricing of Private Placement NEW YORK, March 5, 2025 (GLOBE NEWSWIRE) -- GD Culture Group Limited (“GDC” or the “Company”) (Nasdaq: GDC), and its subsidiary, AI Catalysis Corp. (“AI Catalysis”), today announced that it has entered into a securities purchase agreement (the “Agreement”) on March 4, 2025 with certain investor for the purchase and sale of up to an aggregate of 1,115,600 shares (the “Shares”) of the Company’s common stock, par value $0.0001 per share (the “Common Stock”), at a purchase price of about $0.896 per share in a private placement (the “Offering”). The aggregate gross proceeds to t...",,,"1.01,3.02,9.01",Y,https://www.sec.gov/cgi-bin/browse-edgar?action=getcompany&CIK=1641398
0001213900-25-021717:ea023363501ex99-1_nightfood.htm,"NightFood Holdings, Inc.  (NGTF)  (CIK 0001593001)",2025-03-07,"EX-99.1 2 ea023363501ex99-1_nightfood.htm PRESS RELEASE DATED MARCH 5, 2025. Exhibit 99.1 Nightfood Holdings, Inc. (NGTF) Signs Letter of Intent to Acquire Skytech Automated Solutions Inc. to Expand AI-Powered Robotics Portfolio TARRYTOWN, N.Y., March 3, 2025 (GLOBE NEWSWIRE) — via IBN – Nightfood Holdings, Inc. (OTCQB: NGTF), a pioneering force in in AI-powered automation solutions for the hospitality industry, is thrilled to announce the signing of a Letter of Intent (LOI) to acquire Skytech Automated Solutions Inc., a Delaware-based innovator in robotic automation and smart service technologies. This acquisition marks a pivotal milestone in Nightfood’s aggressive expansion strategy, reinforcing its leadership in the booming Robot-as-a-Service (RaaS) sector. By integrating Skytech’s cutt...",,,"7.01,8.01,9.01",Y,https://www.sec.gov/cgi-bin/browse-edgar?action=getcompany&CIK=1593001
0001654954-25-002465:nixx_8k.htm,"Nixxy, Inc.  (NIXX, NIXXW)  (CIK 0001462223)",2025-03-07,"nixx_8k.htm 0001462223 false 0001462223 2025-03-03 2025-03-03 0001462223 nixx:CommonStocksMember 2025-03-03 2025-03-03 0001462223 nixx:CommonStockPurchaseWarrantsMember 2025-03-03 2025-03-03 iso4217:USD xbrli:shares iso4217:USD xbrli:shares UNITED STATES SECURITIES AND EXCHANGE COMMISSION Washington, D.C. 20549 FORM 8-K CURRENT REPORT Pursuant to Section 13 or 15(d) of the Securities Exchange Act of 1934 Date of Report (Date of earliest event reported): March 3, 2025 NIXXY, INC. (Exact name of registrant as specified in its charter) Nevada 001-53641 90-1505893 (State or other jurisdiction of incorporation) (Commission File Number) (IRS Employer Identification No.) 123 Farmington Avenue , Suite 252 Bristol , CT 06010 (Address of principal executive offices) (Zip Code) Registrant’s telephone...",,,"1.01,3.02,9.01",Y,https://www.sec.gov/cgi-bin/browse-edgar?action=getcompany&CIK=1462223
0001393905-25-000105:pnxp_ex991.htm,PINEAPPLE EXPRESS CANNABIS Co  (PNXP)  (CIK 0001710495),2025-03-11,"EX-99.1 3 pnxp_ex991.htm PRESS RELEASE DATED MARCH 11, 2025 Press Release dated March 11, 2025 Pineapple Express Cannabis Company and Groovy Company Announce Strategic Share Exchange Agreement “ Strategic acquisition combines GROOVY ’ s blockchain-based cannabis authentication platform with Pineapple Express ’ s industry presence ” ATLANTA, GEORGIA / ACCESS Newswire / March 11 , 2025 / Pineapple Express Cannabis Company d/b/a PINYA XP (OTC PINK:PNXP) and GROOVY Company, Inc. f/k/a Santo Mining Corp. (USOTC:SANP) today announced the execution of a Share Exchange Agreement, creating a powerful partnership in the cannabis technology and authentication space. Under the terms of the agreement, Pineapple Express Cannabis Company will acquire a controlling interest in GROOVY Company, making GROOV...",,,"1.01,2.01,7.01,9.01",Y,https://www.sec.gov/cgi-bin/browse-edgar?action=getcompany&CIK=1710495
0001734722-25-000004:path-20250131xex991.htm,"UiPath, Inc.  (PATH)  (CIK 0001734722)",2025-03-12,"EX-99.1 2 path-20250131xex991.htm EX-99.1 Document UiPath Reports Fourth Quarter and Full Year Fiscal 2025 Financial Results Fourth Quarter Highlights Revenue of $424 million increases 5 percent year-over-year ARR of $1.666 billion increases 14 percent year-over-year GAAP operating income of $34 million and non-GAAP operating income of $134 million NEW YORK, NY – March 12, 2025 – UiPath, Inc. (NYSE: PATH), a leading enterprise automation and AI software company, today announced financial results for its fourth quarter and full year fiscal 2025 ended January 31, 2025. “Fiscal 2025 was our most innovative year in recent history, introducing a wealth of new AI capabilities, and redefining the future of automation through our groundbreaking new products: Autopilot, Agent Builder, Agentic Orche...",,,"2.02,2.05,8.01,9.01",Y,https://www.sec.gov/cgi-bin/browse-edgar?action=getcompany&CIK=1734722
0001568100-25-000019:ex991-pagerdutyq4fy25earni.htm,"PagerDuty, Inc.  (PD)  (CIK 0001568100)",2025-03-13,"EX-99.1 2 ex991-pagerdutyq4fy25earni.htm EX-99.1 Document PagerDuty Announces Fourth Quarter and Full Year Fiscal 2025 Financial Results Fourth quarter revenue increased 9.3% year over year to $121 million Fourth quarter loss from operations was $12 million; non-GAAP operating income was $22 million Announced $150 million share repurchase program Introduced Agentic Artificial Intelligence (""AI"") offerings in the PagerDuty Operations Cloud SAN FRANCISCO – (BUSINESS WIRE) – March 13, 2025 – PagerDuty, Inc. (NYSE:PD), a leader in digital operations management, today announced financial results for the fourth quarter and full year of fiscal 2025, ended January 31, 2025. “Our relentless focus on operational excellence and efficient growth delivered another strong quarter, exceeding both top and...",,,"2.02,8.01,9.01",Y,https://www.sec.gov/cgi-bin/browse-edgar?action=getcompany&CIK=1568100
0001213900-25-024275:ea023457901ex99-1_faraday.htm,"FARADAY FUTURE INTELLIGENT ELECTRIC INC.  (FFAI, FFIE, FFAIW, FFIEW)  (CIK 0001805521)",2025-03-17,"EX-99.1 2 ea023457901ex99-1_faraday.htm PRESS RELEASE, DATED MARCH 16, 2025 Exhibit 99.1 Faraday Future Establishes the World’s First AI Hybrid Extended-Range Electric Powertrain System Company - Future AIHER - and Hosts Its First FF Open AI Day ● The AI-focused event, held at the Company’s Los Angeles headquarters, consisted of AI experts, panel guests, potential future AI talents and FF employees, and showcased the Company’s current and future AI strategy developments. ● The new ‘Future AIHER’ subsidiary is dedicated to the commercialization and development of both AI extended range and AI hybrid extended-range electric powertrain systems and solutions for both FF and potential future FX models and to other automotive OEMs, as well as air, ground, and ocean applications, such as electric...",,,"8.01,9.01",Y,https://www.sec.gov/cgi-bin/browse-edgar?action=getcompany&CIK=1805521
0001437749-25-008494:ex_792415.htm,QUICKLOGIC Corp  (QUIK)  (CIK 0000882508),2025-03-20,"EX-99.1 3 ex_792415.htm EXHIBIT 99.1 ex_792415.htm Exhibit 99.1 QuickLogic Announces the Amendment and Extension of Credit Facility SAN JOSE, Calif., March 20, 2025 /PRNewswire/ -- QuickLogic Corporation (NASDAQ: QUIK) (""QuickLogic"" or the ""Company""), a leading provider of embedded FPGA (eFPGA) Hard IP, and ruggedized FPGAs, today announced that, effective March 17, 2025, it entered into an eighth amendment (the ""Eighth Amendment"") to its amended and restated credit facility, dated as of December 21, 2018 (as amended, the ""Credit Agreement"") to maintain the line of credit and extend the maturity date. The Eighth Amendment maintains the credit facility of $20M and extends the maturity date from December 31, 2025 to December 31, 2026. ""We are pleased to have the continued support of Heritage...",,,"1.01,2.03,8.01,9.01",Y,https://www.sec.gov/cgi-bin/browse-edgar?action=getcompany&CIK=882508
0001171843-25-001586:exh_991.htm,Predictive Oncology Inc.  (POAI)  (CIK 0001446159),2025-03-20,"EX-99.1 3 exh_991.htm PRESS RELEASE EdgarFiling EXHIBIT 99.1 Predictive Oncology Completes Sale of Skyline Medical Assets to DeRoyal Industries Deal positions STREAMWAY ® Systems with an established market leader to drive accelerating growth Transaction allows Predictive Oncology to be highly focused on its core AI-driven drug discovery capabilities and integrate seamlessly with Renovaro Biosciences PITTSBURGH, March 20, 2025 (GLOBE NEWSWIRE) -- Predictive Oncology Inc. (NASDAQ: POAI), a leader in AI-driven drug discovery, announced today that it has completed the sale of assets related to its wholly owned subsidiary, Skyline Medical Inc., to DeRoyal Industries, Inc., a global manufacturer and supplier of medical products. As previously disclosed, Skyline Medical’s business operated outsid...",,,"1.01,8.01,9.01",Y,https://www.sec.gov/cgi-bin/browse-edgar?action=getcompany&CIK=1446159
0000950170-25-042783:buru-20250314.htm,"Nuburu, Inc.  (BURU, BURUW)  (CIK 0001814215)",2025-03-20,"8-K false 0001814215 0001814215 2025-03-14 2025-03-14 UNITED STATES SECURITIES AND EXCHANGE COMMISSION WASHINGTON, D.C. 20549 FORM 8-K CURRENT REPORT Pursuant to Section 13 or 15(d) of the Securities Exchange Act of 1934 Date of Report (Date of earliest event reported): March 14, 2025 Nuburu, Inc. (Exact name of Registrant as Specified in Its Charter) Delaware 001-39489 85-1288435 (State or Other Jurisdiction of Incorporation) (Commission File Number) (IRS Employer Identification No.) 7442 S Tucson Way Suite 130 Centennial , Colorado 80112 (Address of Principal Executive Offices) (Zip Code) Registrant’s Telephone Number, Including Area Code: (720) 767-1400 (Former Name or Former Address, if Changed Since Last Report) Check the appropriate box below if the Form 8-K filing is intended to sim...",,,"1.01,3.02,9.01",Y,https://www.sec.gov/cgi-bin/browse-edgar?action=getcompany&CIK=1814215
0001663577-25-000081:ex99_1.htm,iQSTEL Inc  (IQST)  (CIK 0001527702),2025-03-21,"EX-99.1 2 ex99_1.htm MEMORANDUM OF UNDERSTANDING, DATED MARCH 19, 2025 MEMORANDUM OF UNDERSTANDING This Memorandum of Understanding (""MOU"") is entered into as of March 19, 2025, by and between: - iQSTEL Inc. (""iQSTEL""), a Nevada corporation. - Craig Span (“Seller”). the sole owner of Globetopper, LLC (www.globetopper.com), a Delaware limited liability company (“GT”) as of the close of the transactions contemplated herein. - Accredited Solutions, Inc. (“ASII”), a corporation registered in the State of California. Collectively, iQSTEL, ASII, and Seller shall be referred to as the “Parties”. 1. Purpose The purpose of this MOU is to establish the preliminary terms and mutual understanding to the negotiation and execution of a definitive Purchase Agreement. - The remaining 49% ownership will be...",,,"8.01,9.01",Y,https://www.sec.gov/cgi-bin/browse-edgar?action=getcompany&CIK=1527702
0001096906-25-000287:tpia_ex10z1.htm,"AIBOTICS, INC.  (AIBT)  (CIK 0001763329)",2025-03-24,"EX-10.1 2 tpia_ex10z1.htm SOFTWARE DEVELOPMENT AGREEMENT Ben Kaplan, herein duly represented by it’s legal representative Ben Kaplan, herein after referred to as the “CONTRACTEE”. and on the other hand. b. GMF VENTURES LLC. With a Mailing address of 6330 N Andrews Ave, Ste 101, Ft Lauderdale, FL 33309 herein duly represented by it’s legal representative Steve Fleurimont hereinafter referred to as the “CONTRACTOR”. The Parties. by mutual agreement and in the best form of law. agree to enter into this private instrument of (General Service Agreement Agreement). under the terms and conditions set forth below: 1. OBJECT OF THE CONTRACT 1.1 The object of the agreement is the development of machine learning systems. computer vision algorithms and robotic solutions. 1.2 Scope. The services will b...",,,"1.01,9.01",Y,https://www.sec.gov/cgi-bin/browse-edgar?action=getcompany&CIK=1763329
0001641172-25-000537:ex99-2.htm,"Oncotelic Therapeutics, Inc.  (OTLC)  (CIK 0000908259)",2025-03-25,"EX-99.2 3 ex99-2.htm Exhibit 99.2 Oncotelic Therapeutics Announces Successful Completion of Phase 1 Trial of OT-101 and IL-2, Highlights Findings at SWCR 2025 Conference AGOURA HILLS, Calif., March x, 2025 (GLOBE NEWSWIRE) – Oncotelic Therapeutics, Inc (OTCQB:OTLC) (“Oncotelic”, the “Company” or “We” or “Our”), “), a leader in RNA-based therapeutics, announced today the successful completion of a Phase 1 clinical trial evaluating OT-101, in combination with IL-2 for advanced or metastatic solid tumors. These results set the stage for new studies that combine OT-101,an antisense therapeutic targeting Transforming Growth Factor Beta 2 (TGFβ2), with checkpoint inhibitors (“CKIs”) and recombinant IL-2 (aldesleukin) (“IL-2”). The announcement coincides with a presentation delivered by Vuong Tri...",,,"8.01,9.01",Y,https://www.sec.gov/cgi-bin/browse-edgar?action=getcompany&CIK=908259
0001830210-25-000016:ex992pressreleaseissuedmar.htm,"Benson Hill, Inc.  (BHIL, BHILW)  (CIK 0001830210)",2025-03-25,"EX-99.2 6 ex992pressreleaseissuedmar.htm EX-99.2 PRESS RELEASE ISSUED MARCH 25, 2025 Document Exhibit 99.2 Benson Hill Receives Court Approval of First-Day Motions to Support Ongoing Operations During Chapter 11 Process • Operations will continue as normal for the Company during the transitional period. • Employee wages and benefits will be paid following DIP financing approval. • Court authorizes vendor payments and critical operational support. ST. LOUIS, MO – March 25, 2025 - Benson Hill, Inc. (Nasdaq: BHIL, “Benson Hill”), a seed innovation company, today announced that the U.S. Bankruptcy Court for the District of Delaware has approved the Company’s initial “first-day” motions following its voluntary filing for relief under Chapter 11 of the U.S. Bankruptcy Code on March 20, 2025. The...",,,"1.01,1.03,2.03,2.05,2.06,3.01,5.02,7.01,9.01",Y,https://www.sec.gov/cgi-bin/browse-edgar?action=getcompany&CIK=1830210
0001013762-25-002818:ea023576601ex99-1_spectral.htm,"Spectral AI, Inc.  (MDAI, MDAIW)  (CIK 0001833498)",2025-03-26,"EX-99.1 11 ea023576601ex99-1_spectral.htm PRESS RELEASE ISSUED BY SPECTRAL AI, INC. ON MARCH 24, 2025 Exhibit 99.1 Spectral AI Raises up to $15 Million of Debt Financing and Strengthens Financial Position for U.S. Commercialization Your publication date and time will appear here. | Source: Spectral AI , Inc. Share DALLAS, March 24, 2025 (GLOBE NEWSWIRE) -- Spectral AI, Inc. (NASDAQ: MDAI) (“Spectral AI” or the “Company”), a leading developer of the AI-driven DeepView® System, which uses multi-spectral imaging and AI algorithms to predict burn healing potential, today announced the successful completion of a debt financing agreement of up to $15.0 million in funding from Avenue Venture Opportunities Fund II, L.P., a fund of Avenue Capital Group, with an initial draw down of $8.5 million. In...",,,"1.01,2.03,3.02,7.01,9.01",Y,https://www.sec.gov/cgi-bin/browse-edgar?action=getcompany&CIK=1833498
0001641172-25-001023:ex99-1.htm,CIMG Inc.  (IMG)  (CIK 0001527613),2025-03-28,"EX-99.1 2 ex99-1.htm Exhibit 99.1 CIMG Inc. entered into a Business Cooperation Intent Agreement with Xilin Online (Beijing) E-commerce Co., Ltd. Beijing, China, March 27, 2025 — CIMG Inc. (“CIMG” or the “Company”) (NASDAQ: IMG), a company with a heritage in specialty coffee and an emerging business in broader consumer food and beverage products, today announced that its wholly-owned subsidiary in China, Zhongyan Shangyue Technology Co., Ltd., has signed a Business Cooperation Intent Agreement (the “Agreement”)with Xilin Online (Beijing) E-commerce Co., Ltd.(“Xilin Online”). Pursuant to the Agreement, certain shareholders of Xilin Online intend to transfer an aggregate of 51% of their equity interest in Xilin Online to Zhongyan Shangyue (the “Transfer”) within 15 calendar days from the dat...",,,"7.01,8.01,9.01",Y,https://www.sec.gov/cgi-bin/browse-edgar?action=getcompany&CIK=1527613
0001013762-25-004080:ea0236158-8k_treasure.htm,TREASURE GLOBAL INC  (TGL)  (CIK 0001905956),2025-03-28,"false 0001905956 0001905956 2025-03-24 2025-03-24 iso4217:USD xbrli:shares iso4217:USD xbrli:shares UNITED STATES SECURITIES AND EXCHANGE COMMISSION WASHINGTON, D.C. 20549 FORM 8-K CURRENT REPORT PURSUANT TO SECTION 13 OR 15(d) OF THE SECURITIES EXCHANGE ACT OF 1934 Date of Report (Date of earliest event reported): March 24, 2025 TREASURE GLOBAL INC (Exact name of registrant as specified in its charter) Delaware 001-41476 36-4965082 (State or other jurisdiction of Incorporation) (Commission File Number) (IRS Employer Identification Number) 276 5th Avenue , Suite 704 #739 New York , New York 10001 (Address of registrant’s principal executive office) (Zip code) +6012 643 7688 (Registrant’s telephone number, including area code) Not Applicable (Former name or former address, if changed since ...",,,"1.01,3.02,9.01",Y,https://www.sec.gov/cgi-bin/browse-edgar?action=getcompany&CIK=1905956
0001654954-25-003501:smc_ex991.htm,"SMC Entertainment, Inc.  (SMCE)  (CIK 0001497230)",2025-03-28,"EX-99.1 2 smc_ex991.htm PRESS RELEASE smc_ex991.htm EXHIBIT 99.1 SMC Announces Technology Consolidation Under One Platform: Bateau Update Press Release | 03/28/2025 BOCA RATON, FL / ACCESS Newswire / March 28, 2025 / SMC Entertainment, Inc. (""SMC"" or the ""Company"") (OTC PINK:SMCE), a Fintech incubator company focused on acquisition and support of commercialized financial services and technology (Fintech) companies, is pleased to announce the following: Technology Platform Consolidation . SMC is in the process of consolidating all of its current and legacy technologies (Fyniti, Chaintrade AI, AI Advisor and its Plato partnership) under one technology platform which will be referred to as FYNN AI. This consolidation will help SMC to effectively manage and streamline product offering, removal...",,,"1.02,5.02,7.01,8.01,9.01",Y,https://www.sec.gov/cgi-bin/browse-edgar?action=getcompany&CIK=1497230
0001193125-25-073989:d938485d8k.htm,"MICROSTRATEGY Inc  (MSTR, STRF, STRK)  (CIK 0001050446)",2025-04-07,"8-K MICROSTRATEGY Inc false 0001050446 0001050446 2025-04-07 2025-04-07 0001050446 us-gaap:CommonStockMember 2025-04-07 2025-04-07 0001050446 strf:M8.00SeriesAPerpetualStrikePreferredStock0.001ParValuePerShareMember 2025-04-07 2025-04-07 0001050446 strf:M10.00SeriesAPerpetualStrifePreferredStock0.001ParValuePerShareMember 2025-04-07 2025-04-07 UNITED STATES SECURITIES AND EXCHANGE COMMISSION WASHINGTON, D.C. 20549 FORM 8-K CURRENT REPORT PURSUANT TO SECTION 13 OR 15(d) OF THE SECURITIES EXCHANGE ACT OF 1934 Date of Report (Date of earliest event reported): April 7, 2025 MICROSTRATEGY INCORPORATED (Exact name of registrant as specified in its charter) Delaware 001-42509 51-0323571 (State or other jurisdiction of incorporation) (Commission File Number) (I.R.S. Employer Identification No.) 18...",,,"2.02,8.01",Y,https://www.sec.gov/cgi-bin/browse-edgar?action=getcompany&CIK=1050446
0001641172-25-003135:ex99-1.htm,Aspira Women's Health Inc.  (AWH)  (CIK 0000926617),2025-04-08,"EX-99.1 3 ex99-1.htm Exhibit 99.1 Aspira Appoints Three New Directors, Executes $2.0 Million Equity Purchase Agreement New Directors Bring Extensive Commercial Healthcare Relationships to Expand Business Development Opportunities. April 8, 2025 (GLOBE NEWSWIRE) — Aspira Women’s Health Inc. (“Aspira” or the “Company”) (NASDAQ: AWH), a bio-analytical based women’s health company focused on the development of gynecologic disease diagnostic tools, today announced the appointment of three new Directors to its Board of Directors. These appointments were part of a planned Board change, aligned with the upcoming annual shareholders meeting. Each of the three new appointees brings extensive resumes, with the first two Directors, Dr. Jeffrey Cohen and Cindy Hundorfean, bringing decades of experience...",,,"1.01,3.02,5.02,8.01,9.01",Y,https://www.sec.gov/cgi-bin/browse-edgar?action=getcompany&CIK=926617
0001641172-25-003424:ex99-1.htm,"HUMBL, INC.  (HMBL)  (CIK 0001119190)",2025-04-09,"EX-99.1 4 ex99-1.htm Exhibit 99.1 HUMBL, Inc. Announces Joint Venture Agreement with MultiCortex to Expand its Artificial Intelligence (AI) Distribution San Diego, CA – April 8, 2025 – HUMBL, Inc. (OTC: HMBL) is pleased to announce a joint venture agreement with MultiCortex, LLC, a U.S. and Brazilian-based company specializing in artificial intelligence (AI) and high-performance computing. Under the terms of the agreement, HUMBL, Inc. will hold a 51% equity stake in the joint venture, while MultiCortex co-founders Bruno Ghizoni and Alessandro Faria will retain 49% and lead daily operations. HUMBL, Inc. will invest up to $3 million USD from its upcoming Regulation A+ public offering to support go-to-market initiatives and expansion. The partnership will enable MultiCortex to further complet...",,,"1.01,7.01,9.01",Y,https://www.sec.gov/cgi-bin/browse-edgar?action=getcompany&CIK=1119190
0001828852-25-000020:tabhipressreleaseapril2025.htm,"Mondee Holdings, Inc.  (CIK 0001828852)",2025-04-09,"EX-99.1 2 tabhipressreleaseapril2025.htm EX-99.1 Document Tabhi acquires Mondee out of Chapter 11 Restructuring and Boosts Liquidity and Capital Structure News provided by Mondee April 04, 2025, 08:00 ET Mondee, a leading travel marketplace and artificial intelligence (AI) technology company, has been acquired and recapitalized AUSTIN, Texas, April 04, 2025 (GLOBE NEWSWIRE) – Mondee Holdings, Inc. announces its acquisition by Tabhi, and exit from Chapter 11 restructuring. Tabhi acquired substantially all the assets of Mondee Holdings, Inc. and strengthened its balance sheet by investing additional equity, significantly reducing debt and other obligations. Tabhi ownership includes affiliates of TCW Asset Management Company LLC (“TCW”), Morgan Stanley Investment Management (“MSIM”), and Pras...",,,"2.01,5.02,7.01,8.01,9.01",Y,https://www.sec.gov/cgi-bin/browse-edgar?action=getcompany&CIK=1828852
0001477932-25-002617:global_ex101.htm,GlobalTech Corp  (GLTK)  (CIK 0001938338),2025-04-11,"EX-10.1 3 global_ex101.htm CORE ENGINE ACQUISITION AGREEMENT global_ex101.htm EXHIBIT 10.1 CORE ENGINE ACQUISITION AGREEMENT This Core Engine Acquisition Agreement (“Agreement”) is made at Dubai, United Arab Emirates on this 7 th day of April, 2025, BY AND BETWEEN GlobalTech Corporation, a company incorporated and existing under the laws of Nevada, United States of America, having its Principal office at 3550 Barron Way Suite 13a, Reno, NV 89511, USA (hereinafter referred to as “GTC”, which term shall, where the context so permits include its respective successors in interest and assigns) of the First Part ; And CricksLab L.L.C-FZ, a limited liability company, incorporated and existing under the laws of United Arab Emirates, having its registered office at Meydan Grandstand, 6th floor, Mey...",,,"1.01,2.01,3.02,7.01,9.01",Y,https://www.sec.gov/cgi-bin/browse-edgar?action=getcompany&CIK=1938338
0001641172-25-003692:ex99-1.htm,Currenc Group Inc.  (CURR)  (CIK 0001862935),2025-04-11,"EX-99.1 2 ex99-1.htm Exhibit 99.1 CURRENC Group Inc. Regains Full Compliance with Nasdaq’s Continued Listing Rule Singapore, April 10, 2025 (Globe Newswire) — CURRENC Group Inc. (Nasdaq: CURR) (“CURRENC” or the “Company”), a fintech and digital remittance pioneer empowering financial institutions worldwide with artificial intelligence (AI) solutions, today announced that on April 9, 2025, it received written notice from Nasdaq stating that the Listing Qualifications Staff of the Nasdaq Stock Market LLC (“Nasdaq”) has determined that for at least the last ten consecutive business days, the Company’s ordinary shares have maintained a minimum market value of publicly held shares (“MVPHS”) of $5,000,000 or greater, satisfying The Nasdaq Global Market’s continued listing requirement set forth i...",,,"7.01,8.01,9.01",Y,https://www.sec.gov/cgi-bin/browse-edgar?action=getcompany&CIK=1862935
0001641172-25-004561:ex99-1.htm,"NightFood Holdings, Inc.  (NGTF)  (CIK 0001593001)",2025-04-14,"EX-99.1 3 ex99-1.htm Exhibit 99.1 Nightfood Holdings (OTCQB: NGTF) Signs $41M LOI to Acquire Victorville Hotel as Model Property for Robotics-Enabled Hospitality Deal marks major step in NGTF’s expansion strategy, combining AI-powered automation with real estate value creation TARRYTOWN, N.Y., April 8, 2025 — via IBN — Nightfood Holdings, Inc. (OTCQB: NGTF), an emerging leader in AI-powered automation and next-generation hospitality solutions, today announces its entry into a letter of intent (LOI) to acquire the assets of Victorville Treasure Holdings, LLC, owner and operator of a 155-room Holiday Inn (R) located at 15494 Palmdale Road in Victorville, California. The property is currently undergoing a major renovation, including the addition of a new state-of-the-art fitness center, to qu...",,,"1.01,7.01,8.01,9.01",Y,https://www.sec.gov/cgi-bin/browse-edgar?action=getcompany&CIK=1593001
0001104659-25-034664:tm2512231d1_ex99-1.htm,"Knightscope, Inc.  (KSCP)  (CIK 0001600983)",2025-04-14,"EX-99.1 2 tm2512231d1_ex99-1.htm EXHIBIT 99.1 Exhibit 99.1 Knightscope Secures New 33,000 Sq Ft Silicon Valley Headquarters to Power Next Phase of Growth as a New Era Begins Thu, 10 Apr 2025 09:35:00 -0400 | Business Wire Content Section Knightscope, Inc. (NASDAQ: KSCP ), a leader in AI-powered autonomous public safety and emergency communication technologies, today announced the signing of a lease for its new 33,355-square-foot corporate headquarters at 305 North Mathilda Avenue in Sunnyvale, California. Timed to mark the Company's 12th anniversary since its founding in 2013, this expansion signifies a bold step forward in Knightscope's mission to make America the safest country in the world. This press release features multimedia. View the full release here: https://www.businesswire.com/...",,,"1.01,8.01,9.01",Y,https://www.sec.gov/cgi-bin/browse-edgar?action=getcompany&CIK=1600983
0001193125-25-079727:d901587dex991.htm,INTEL CORP  (INTC)  (CIK 0000050863),2025-04-14,"EX-99.1 2 d901587dex991.htm EX-99.1 EX-99.1 Exhibit 99.1 Intel Announces Strategic Investment by Silver Lake in Altera Raghib Hussain Appointed Chief Executive Officer of Altera Sale of 51% Stake to Silver Lake to Accelerate Altera’s Independence and Leadership in Programmable Semiconductor Solutions Advances Intel’s Strategy to Focus on its Core Business and Strengthen its Financial Position SANTA CLARA, Calif.; SAN JOSE, Calif.; and Menlo Park, Calif., April 14, 2025 – Intel Corporation today announced that it has entered into a definitive agreement to sell 51% of its Altera business to Silver Lake, a global leader in technology investing. The transaction, which values Altera at $8.75 billion, establishes Altera’s operational independence and makes it the largest pure-play FPGA (field pr...",,,"8.01,9.01",Y,https://www.sec.gov/cgi-bin/browse-edgar?action=getcompany&CIK=50863
0001213900-25-031330:ea023813101ex99-1_ondas.htm,Ondas Holdings Inc.  (ONDS)  (CIK 0001646188),2025-04-14,"EX-99.1 2 ea023813101ex99-1_ondas.htm PRESS RELEASE, DATED APRIL 14, 2025 Exhibit 99.1 Association of American Railroads Selects dot16 Protocol Pioneered by Ondas Networks for Next-Generation HOT-EOT (“NGHE”) Communications Ondas Networks Has Led the Development of the IEEE 802.16t (“dot16”) Wireless Standard in Close Collaboration with Industry Ondas Networks Estimates 70,000 Systems Will Need to be Upgraded in the North American Rail Infrastructure The IEEE 802.16t DDP Protocol Enables Enhanced Safety and Operational Efficiencies for Train Telemetry Supporting the Operation of Longer Trains SUNNYVALE, CA / April 14, 2025 / Ondas Holdings Inc. (NASDAQ: ONDS) (“Ondas” or the “Company”), a leading provider of private industrial wireless networks and commercial drone and automated data solut...",,,"8.01,9.01",Y,https://www.sec.gov/cgi-bin/browse-edgar?action=getcompany&CIK=1646188
0001091818-25-000047:sntw041520258k.htm,Summit Networks Inc.  (SNTW)  (CIK 0001619096),2025-04-15,"false 0001619096 0001619096 2025-04-10 2025-04-10 iso4217:USD xbrli:shares iso4217:USD xbrli:shares UNITED STATES SECURITIES AND EXCHANGE COMMISSION WASHINGTON, D.C. 20549 FORM 8-K CURRENT REPORT PURSUANT TO SECTION 13 OR 15(D) OF THE SECURITIES EXCHANGE ACT OF 1934 Date of Report (Date of Earliest Event Reported): April 10, 2025 SUMMIT NETWORKS INC. (Exact name of registrant as specified in its charter) Nevada 333-199108 35-2511257 (State or other jurisdiction of incorporation or organization) (Commission File Number) (IRS Employer Identification No.) S101-5289 Cambie Street , Vancouver BC Canada V5Z 0J5 (Address of principal executive offices) + 1 - 604 - 336-5353 (Registrant’s telephone number, including area code) N/A (Former name or former address, if changed since last report) Check ...",,,"1.01,9.01",Y,https://www.sec.gov/cgi-bin/browse-edgar?action=getcompany&CIK=1619096
0001104659-25-034992:tm2511737d2_ex99-1.htm,"KULR Technology Group, Inc.  (KULR)  (CIK 0001662684)",2025-04-15,"EX-99.1 2 tm2511737d2_ex99-1.htm EXHIBIT 99.1 Exhibit 99.1 KULR Expands into High-Growth Robotics Market with German Bionic AI-Powered Exoskeletons for U.S. Workforce HOUSTON / GLOBENEWSWIRE / April 15, 2025 / KULR Technology Group, Inc. (NYSE American: KULR) (the ""Company"" or ""KULR""), a leader in advanced energy management platforms, today announced the launch of a new strategic partnership with German Bionic (“GB”), a leading global robotics company known for its groundbreaking robotic exoskeleton, Apogee ULTRA, to expand into the rapidly growing fields of robotics and artificial intelligence. GB counts global logistics companies, large retailers, hospitals, and major international airports among its customers, including Dachser Intelligent Logistics, GXO, Nuremberg Airport, Canadian Tir...",,,"7.01,8.01,9.01",Y,https://www.sec.gov/cgi-bin/browse-edgar?action=getcompany&CIK=1662684
0001437749-25-012200:lglg20250407_8k.htm,"LGL GROUP INC  (LGL, LGL-WT)  (CIK 0000061004)",2025-04-17,"lglg20250407_8k.htm false 0000061004 0000061004 2025-04-11 2025-04-11 0000061004 lgl:CommonStockParValue001CustomMember 2025-04-11 2025-04-11 0000061004 lgl:WarrantsToPurchaseCommonStockParValue001CustomMember 2025-04-11 2025-04-11 UNITED STATES SECURITIES AND EXCHANGE COMMISSION Washington, D.C. 20549 FORM 8-K CURRENT REPORT Pursuant to Section 13 or 15(d) of the Securities Exchange Act of 1934 Date of report (Date of earliest event reported): April 16, 2025 ( April 11, 2025 ) THE LGL GROUP, INC . (Exact Name of Registrant as Specified in Charter) Delaware 001-00106 38-1799862 (State or Other Jurisdiction of Incorporation) (Commission File Number) (IRS Employer Identification No.) 2525 Shader Road , Orlando , FL 32804 (Address of Principal Executive Offices) (Zip Code) Registrant’s Teleph...",,,"1.01,7.01,8.01",Y,https://www.sec.gov/cgi-bin/browse-edgar?action=getcompany&CIK=61004
0001641172-25-005161:form8-k.htm,"Verb Technology Company, Inc.  (VERB)  (CIK 0001566610)",2025-04-17,"false 0001566610 0001566610 2025-04-11 2025-04-11 iso4217:USD xbrli:shares iso4217:USD xbrli:shares UNITED STATES SECURITIES AND EXCHANGE COMMISSION Washington, D.C. 20549 FORM 8-K CURRENT REPORT PURSUANT TO SECTION 13 OR 15(d) OF THE SECURITIES EXCHANGE ACT OF 1934 Date of Report (Date of earliest event reported): April 11, 2025 VERB TECHNOLOGY COMPANY, INC. (Exact Name of Registrant as Specified in its Charter) Nevada 001-38834 90-1118043 (State or Other Jurisdiction (Commission (IRS Employer of Incorporation) File Number) Identification No.) 3024 Sierra Juniper Court Las Vegas , Nevada 89138 (Address of Principal Executive Offices, Zip Code) Registrant’s telephone number, including area code: (855) 250-2300 (Former name or former address, if changed since last report.) Check the appropr...",,,"1.01,2.01,3.02,7.01,9.01",Y,https://www.sec.gov/cgi-bin/browse-edgar?action=getcompany&CIK=1566610
0001213900-25-033402:ea023886601ex99-1_optimize.htm,OptimizeRx Corp  (OPRX)  (CIK 0001448431),2025-04-18,"EX-99.1 2 ea023886601ex99-1_optimize.htm PRESS RELEASE OF OPTIMIZERX CORPORATION ISSUED ON APRIL 18, 2025 Exhibit 99.1 OptimizeRx Corporation Announces Plan for Additional Board of Directors Refreshment WALTHAM, MA – April 18, 2025 – OptimizeRx Corp. (the “Company”) (Nasdaq: OPRX), a leading provider of healthcare technology solutions helping life sciences companies reach and engage healthcare professionals (HCPs) and patients, today announced that, as part of OptimizeRx’s ongoing process to refresh and expand its board of directors (the “Board”), it intends to appoint a new independent director to its Board of Directors during the second half of this year. With the appointment of a new independent director in 2025, OptimizeRx will have refreshed its Board, which is currently comprised of ...",,,"7.01,8.01,9.01",Y,https://www.sec.gov/cgi-bin/browse-edgar?action=getcompany&CIK=1448431
0001477932-25-002850:fstj_8k.htm,First America Resources Corp  (FSTJ)  (CIK 0001525306),2025-04-21,"fstj_8k.htm 0001525306 false 0001525306 2025-04-16 2025-04-16 iso4217:USD xbrli:shares iso4217:USD xbrli:shares UNITED STATES SECURITIES AND EXCHANGE COMMISSION WASHINGTON, D.C. 20549 FORM 8-K CURRENT REPORT PURSUANT TO SECTION 13 OR 15(d) OF THE SECURITIES EXCHANGE ACT OF 1934 Date of Report (Date of earliest event reported): April 16, 2025 First America Resources Corporation (Name of registrant as specified in its charter) Nevada 333-175482 27-2563052 (State or other jurisdiction of incorporation or organization) (SEC File No.) (IRS Employer Identification Number) 1000 East Armstrong Street Morris , IL 60450 (Address of principal executive offices) (Zip Code) Issuer’s telephone number: 815 - 941-9888 Check the appropriate box below if the Form 8-K filing is intended to simultaneously sat...",,,"1.01,2.01,3.02,5.06",Y,https://www.sec.gov/cgi-bin/browse-edgar?action=getcompany&CIK=1525306
0001420720-25-000020:ibio-20250421xex99d1.htm,"iBio, Inc.  (IBIO)  (CIK 0001420720)",2025-04-22,"EX-99.1 3 ibio-20250421xex99d1.htm EX-99.1 Exhibit 99.1 iBio Expands Cardiometabolic and Obesity Pipeline through Licensing of First-in-Class Antibody Targeting Activin E from AstralBio ​ In-Licensing of novel activin E antibody underscores iBio’s commitment to delivering meaningful benefits to patients living with obesity and cardiometabolic diseases ​ SAN DIEGO, April 22, 2025 (GLOBE NEWSWIRE) -- iBio, Inc. (Nasdaq: IBIO), an AI-driven innovator of precision antibody therapies, today announced a licensing agreement with AstralBio Inc. for a preclinical first-in-class antibody targeting Activin E, which was discovered using iBio’s patented Machine-Learning Antibody Engine . Activin E is a promising novel therapeutic target whose inhibition is believed to induce fat-selective weight loss a...",,,"1.01,7.01,9.01",Y,https://www.sec.gov/cgi-bin/browse-edgar?action=getcompany&CIK=1420720
0001104659-25-038037:tm2513002d1_ex99-1.htm,ScanTech AI Systems Inc.  (STAI)  (CIK 0001994624),2025-04-23,"EX-99.1 2 tm2513002d1_ex99-1.htm EXHIBIT 99.1 Exhibit 99.1 ScanTech AI Announces Receipt of Nasdaq Deficiency Letter Atlanta, GA, April 23, 2025 (GLOBE NEWSWIRE) − ScanTech AI Systems Inc. (Nasdaq: STAI) (the “Company” or “ScanTech AI”), a leading publicly-traded innovator of next-generation checkpoint security scanning products and technology, today announced that the Company received a letter from Nasdaq, dated April 17, 2025, stating that the Company is not in compliance with the requirements of Nasdaq Listing Rule 5250(c)(1) as a result of not having timely filed with the U.S. Securities and Exchange Commission its Annual Report on Form 10-K for the year ended December 31, 2024 (the “Annual Report”). The Notice has no immediate effect on the listing of the Company’s common stock on The...",,,"3.01,8.01,9.01",Y,https://www.sec.gov/cgi-bin/browse-edgar?action=getcompany&CIK=1994624
0001193125-25-092227:d859494dex991.htm,"NASDAQ, INC.  (NDAQ)  (CIK 0001120193)",2025-04-24,"EX-99.1 2 d859494dex991.htm EX-99.1 EX-99.1 Exhibit 99.1 Nasdaq Reports First Quarter 2025 Results; Diversified Business Model Driving Broad-Based Revenue Growth NEW YORK, April 24, 2025 —Nasdaq, Inc. (Nasdaq: NDAQ) today reported financial results for the first quarter of 2025. • First quarter 2025 net revenue 1 was $1.2 billion , an increase of 11% over the first quarter of 2024, or up 12.5% on an adjusted 2 basis. This included Solutions 3 revenue growing 9% , or up 11% on an adjusted basis. • Annualized Recurring Revenue (ARR) 4 of $2.8 billion increased 8% over the first quarter of 2024, or up 9% on an organic basis. Annualized SaaS revenue increased 14% and represented 37% of ARR. • Financial Technology revenue of $432 million increased 10% over the first quarter of 2024 with Financi...",,,"2.02,7.01,8.01,9.01",Y,https://www.sec.gov/cgi-bin/browse-edgar?action=getcompany&CIK=1120193
0001213900-25-037052:ea024007901ex10-1_gdculture.htm,GD Culture Group Ltd  (GDC)  (CIK 0001641398),2025-04-30,"EX-10.1 2 ea024007901ex10-1_gdculture.htm SOFTWARE PURCHASE AGREEMENT, DATED APRIL 28, 2025 Exhibit 10.1 SOFTWARE PURCHASE AGREEMENT This SOFTWARE PURCHASE AGREEMENT (“ Agreement ”), dated as of April 28, 2025, is made by and between Gongzheng Xu and Qing Wang (“ Sellers ”), and GD Culture Group Limited, a Nevada corporation (“ Buyer ”). WHEREAS, Sellers wish to sell to Buyer, and Buyer wishes to purchase from Sellers, all of Sellers’ right, title, and interest in and to certain Software (as defined below), including all copyrights and related rights in the Software, subject to the terms and conditions set forth herein. NOW THEREFORE, in consideration of the mutual covenants and agreements set forth herein and for other good and valuable consideration, the receipt and sufficiency of which ...",,,"1.01,2.01,3.02,9.01",Y,https://www.sec.gov/cgi-bin/browse-edgar?action=getcompany&CIK=1641398
0001641172-25-007246:ex99-1.htm,"Freight Technologies, Inc.  (FRGT)  (CIK 0001687542)",2025-04-30,"EX-99.1 3 ex99-1.htm EX-99.1 Exhibit 99.1 Freight Technologies Secures up to USD $20 Million to Create an Official Trump Token ($TRUMP) Treasury - - -Capital dedicated for the strategic accumulation of Official Trump ($TRUMP) cryptocurrency- -Creates diversified crypto treasury strategy alongside recent purchase of FET tokens- HOUSTON - April 30, 2025 — Freight Technologies, Inc . (Nasdaq: FRGT, “Fr8Tech” or the “Company”), a logistics management innovation company, offering a diverse portfolio of technology-driven solutions, today announced that it has entered into an agreement for the issuance of convertible notes (the “Agreement”) through a facility of up to USD $20 million with an institutional investor signed on April 29, 2025. Capital from the financing is exclusively earmarked for p...",,,"1.01,5.02,7.01,9.01",Y,https://www.sec.gov/cgi-bin/browse-edgar?action=getcompany&CIK=1687542
0001641172-25-008631:ex99-1.htm,Bubblr Inc.  (BBLR)  (CIK 0001873722),2025-05-05,"EX-99.1 2 ex99-1.htm EX-99.1 Exhibit 99.1 Ethical Web AI (EWA) announces ground-breaking Software partnership with AWS and full AWS Marketplace Integration NEW YORK, April 29, 2025 (GLOBE NEWSWIRE) – Bubblr Inc (d/b/a EthicalWeb.AI) (OTCQB: BBLR), a world-leading innovator in Generative AI security solutions, today announced it had become a validated partner with the world’s leading cloud platform, Amazon Web Services (AWS), making its enterprise-grade Generative AI Security solution (AI Vault) available on AWS Marketplace. This is a highly significant milestone for EWA and validation of its innovative approach to enterprise software development. This collaboration brings scalable, real-time protection and governance for generative AI applications/ChatGPT directly to enterprises worldwide....",,,"8.01,9.01",Y,https://www.sec.gov/cgi-bin/browse-edgar?action=getcompany&CIK=1873722
0001213900-25-039422:ea024085501ex99-1_faraday.htm,"FARADAY FUTURE INTELLIGENT ELECTRIC INC.  (FFAI, FFAIW)  (CIK 0001805521)",2025-05-05,"EX-99.1 2 ea024085501ex99-1_faraday.htm PRESS RELEASE, DATED MAY 4, 2025 Exhibit 99.1 Faraday Future’s FX Brand Announces an Additional Significant Pre-Order for its FX Super One MPV, Adding 300 Units in Another B2B Agreement ● This marks the second bulk order for the FX Super One MPV (Multi-purpose vehicle) in a one-week span and signifies the strong market demand and momentum for the FX brand and its lineup of new vehicles. ● A total number of 1,300 units through non-binding pre-orders marks the continuous breakthroughs of B2B co-creation ecosystem model. ● Non-binding fleet pre-orders have now been completed in both the East Coast and West Coast markets signifying National interest in the FX vehicle lineup. Both non-refundable deposits have been received. Los Angeles, CA (May 4, 2025) –...",,,"8.01,9.01",Y,https://www.sec.gov/cgi-bin/browse-edgar?action=getcompany&CIK=1805521
0001599916-25-000050:pr_5525.htm,"C2 Blockchain,Inc.  (CBLO)  (CIK 0001882781)",2025-05-06,"EX-99.1 2 pr_5525.htm PRESS RELEASE DATED MAY 5, 2025 C2 Blockchain Inc. Launches AI-Powered Crypto Chatbot in Beta, Pioneering New Subscription Revenue Model and Advancing Toward Market Leadership in Web3 Intelligence MIAMI BEACH, FL / ACCESS Newswire / May 5, 2025 / C2 Blockchain Inc. (OTC PINK:CBLO), a forward-thinking blockchain infrastructure and digital asset strategy company, proudly announces the beta launch of its proprietary AI-powered crypto chatbot - a powerful trading assistant aimed at transforming how individuals and institutions engage with the crypto markets. With this launch, the company not only deepens its technological footprint but also introduces a scalable, recurring subscription-based revenue stream. An Intelligent Crypto Companion Built for the Next Era of Digital...",,,"7.01,8.01,9.01",Y,https://www.sec.gov/cgi-bin/browse-edgar?action=getcompany&CIK=1882781
0001213900-25-041611:ea024156101ex99-1_defi.htm,"DeFi Development Corp.  (DFDV, JNVR)  (CIK 0001805526)",2025-05-09,"EX-99.1 2 ea024156101ex99-1_defi.htm PRESS RELEASE, DATED AS OF MAY 7, 2025 Exhibit 99.1 May 07, 2025 DeFi Development Corp. Announces Seven-For-One Stock Split BOCA RATON, FL — May 07, 2025 — DeFi Development Corp. (Nasdaq: DFDV) (“DeFi Dev Corp” or the “Company”), or formally known as Janover Inc. (Nasdaq: JNVR), the leading public-market vehicle for Solana (“SOL”) accumulation, today announced that its Board of Directors has approved a 7-for-1 forward stock split of the Company’s issued and outstanding common shares. The stock split will result in each shareholder of record as of the close of business on May 19, 2025, receiving six additional shares for every one share held. The implementation of the stock split is subject to the filing of an amendment to the Company’s Amended and Resta...",,,"8.01,9.01",Y,https://www.sec.gov/cgi-bin/browse-edgar?action=getcompany&CIK=1805526
0001641172-25-009587:form8-k.htm,"My Size, Inc.  (MYSZ)  (CIK 0001211805)",2025-05-12,"false 0001211805 0001211805 2025-05-09 2025-05-09 iso4217:USD xbrli:shares iso4217:USD xbrli:shares UNITED STATES SECURITIES AND EXCHANGE COMMISSION Washington, D.C. 20549 FORM 8-K CURRENT REPORT Pursuant to Section 13 OR 15(d) of the Securities Exchange Act of 1934 Date of Report (Date of earliest event reported): May 9, 2025 MY SIZE, INC. (Exact name of registrant as specified in its charter) Delaware 001-37370 51-0394637 (State or other jurisdiction of incorporation) (Commission File Number) (IRS Employer Identification No.) 4 HaNegev , POB 1026 Airport City , Israel IL 7010000 (Address of principal executive offices and Zip Code) Registrant’s telephone number, including area code + 972 - 3-600-9030 N/A (Former name or former address, if changed since last report.) Check the appropriate...",,,"1.01,2.01,7.01,9.01",Y,https://www.sec.gov/cgi-bin/browse-edgar?action=getcompany&CIK=1211805
0001683168-25-003432:nixxy_ex9901.htm,"Nixxy, Inc.  (NIXX, NIXXW)  (CIK 0001462223)",2025-05-12,"EX-99.1 3 nixxy_ex9901.htm PRESS RELEASE, ISSUED ON MAY 6, 2025 Exhibit 99.1 Nixxy Announces Preliminary $1.4 Million in April Revenue; Executive Appointments to Strengthen Telecom Strategy Strong Start to Q2 with $1.4M in April Revenue and Early Momentum in May; Targeting $200M+ Annual Revenue Run Rate by End of Year NEW YORK, NY / ACCESS Newswire / May 6, 2025 / Nixxy, Inc. (NASDAQ: NIXX), Nixxy, or the Company, today announced preliminary revenue performance for its telecom operations, based on internal system data. The results reflect ongoing growth in voice infrastructure and new platform activation, positioning the Company to scale across multiple communication channels. The Company continues to execute on its AI-driven telecom strategy, with commercial SMS traffic expected to contri...",,,"1.01,5.02,7.01,9.01",Y,https://www.sec.gov/cgi-bin/browse-edgar?action=getcompany&CIK=1462223
0001683168-25-003376:kinetic_ex9901.htm,Kinetic Seas Inc.  (KSEZ)  (CIK 0001945619),2025-05-12,"EX-99.1 2 kinetic_ex9901.htm PRESS RELEASE Exhibit 99.1 Kinetic Seas Incorporated (OTCQB: KSEZ) Officially Uplisted to OTCQB Venture Market Schaumburg, IL – May 12, 2025 – Kinetic Seas Incorporated (OTCQB: KSEZ), a provider of advanced AI consulting and infrastructure solutions, is proud to announce that its common shares are now actively quoted on the OTCQB® Venture Market , a key milestone in the company’s growth and its ongoing commitment to transparency, innovation, and long-term value creation. “This has been a long time coming,” said Edward Honour, CEO of Kinetic Seas. “On behalf of our entire team, I want to personally thank our shareholders—both current and future—for their patience, belief, and continued support. This uplisting isn’t the finish line—it’s the launchpad for our next...",,,"8.01,9.01",Y,https://www.sec.gov/cgi-bin/browse-edgar?action=getcompany&CIK=1945619
0001104659-25-049673:tm2514561d2_ex2-1.htm,"NRG ENERGY, INC.  (NRG)  (CIK 0001013871)",2025-05-16,"EX-2.1 2 tm2514561d2_ex2-1.htm EXHIBIT 2.1 Exhibit 2.1 Execution Version PURCHASE AND SALE AGREEMENT by and among NRG Energy, Inc., NRG East Generation Holdings LLC, NRG Texas LLC, NRG Demand Response Holdings LLC, NRG Gas Development Company, LLC, Lightning Power Holdings, LLC, CCS Power Holdings, LLC, Thunder Generation, LLC and Linebacker Power Development Funding, LLC dated as of May 12, 2025 Table of contents Page Article 1 Definitions 2 Section 1.01. Definitions 2 Section 1.02. Other Definitional and Interpretative Provisions 28 Section 1.03. Drafting Matters 28 Article 2 Purchase and Sale 29 Section 2.01. Purchase and Sale 29 Section 2.02. Closing 29 Section 2.03. Closing Transactions and Deliverables 29 Section 2.04. Estimated Closing Calculations; Adjustment 31 Section 2.05. Cash ...",,,"1.01,3.02,9.01",Y,https://www.sec.gov/cgi-bin/browse-edgar?action=getcompany&CIK=1013871
0000950170-25-074598:hscs-ex99_1.htm,"HeartSciences Inc.  (HSCS, HSCSW)  (CIK 0001468492)",2025-05-19,"EX-99.1 2 hscs-ex99_1.htm EX-99.1 EX-99.1 Exhibit 99.1 HeartSciences Provides Business Update and Reports Third Quarter Fiscal 2025 Financial Results Southlake, TX, March 13, 2025 (GLOBE NEWSWIRE) – HeartSciences Inc. (Nasdaq: HSCS; HSCSW) (""HeartSciences"" or the ""Company"") , an artificial intelligence (“AI”)-powered medical technology company focused on transforming ECGs/EKGs to save lives through earlier detection of heart disease, today reported financial results for the third quarter fiscal 2025 ended January 31, 2025 and provided a business update. Third Fiscal Quarter 2025 Highlights: During the third quarter of fiscal year 2025 (“Q3 FY2025”) and to date in 2025, HeartSciences has seen material progress towards FDA submissions of our products and there have been significant positive ...",,,"3.01,8.01",Y,https://www.sec.gov/cgi-bin/browse-edgar?action=getcompany&CIK=1468492
0001104659-25-050437:tm2515499d1_ex99-2.htm,SANMINA CORP  (SANM)  (CIK 0000897723),2025-05-19,"EX-99.2 5 tm2515499d1_ex99-2.htm EXHIBIT 99.2 Exhibit 99.2 Sanmina To Acquire ZT Systems Manufacturing From AMD May 19, 2025 Today’s Presenters Jure Sola Chairman & CEO Jon Faust EVP & CFO 2 3 Transaction Overview Sanmina to acquire ZT Systems Manufacturing, a leading provider of Cloud and AI infrastructure to the world’s largest hyperscalers, from AMD Positions Sanmina to capitalize on long-term growth trends in Cloud and AI infrastructure spend Establishes a strategic commercial partnership for NPI with AMD to accelerate quality and time-to-deployment of AMD rack and cluster-scale AI solutions Acquired manufacturing expertise will allow for expansion of Sanmina’s position in the Cloud and AI market Purchase Price of $2.55 Billion Cash and Equity, Plus $450 Million in Contingent Considera...",,,"1.01,3.02,7.01,9.01",Y,https://www.sec.gov/cgi-bin/browse-edgar?action=getcompany&CIK=897723
0000019617-25-000483:investordaypresentation.htm,"JPMORGAN CHASE & CO  (JPM, AMJB, VYLD, JPM-PC, JPM-PD, JPM-PJ, JPM-PK, JPM-PL, JPM-PM)  (CIK 0000019617)",2025-05-19,EX-99.2 3 investordaypresentation.htm JPMORGAN CHASE & CO. 2025 INVESTOR DAY PRESENTATION SLIDES investordaypresentation ► Firm Overview Consumer & Community Banking Asset & Wealth Management Commercial & Investment Bank Investor Day 2025 Firm Overview Exhibit 99.2 Complete Global Diversified At Scale We have a proven operating model that is supported by a consistent strategic framework ⚫ Continuously investing in the future while maintaining expense discipline ⚫ Focus on customer experience and innovation ⚫ Employer of choice for top talent from all backgrounds Long-term shareholder value ⚫ Customer centric and easy to do business with ⚫ Comprehensive set of products and services ⚫ Focus on safety and security ⚫ Powerful brands ⚫ Fortress balance sheet ⚫ Risk governance and controls ⚫ Cul...,,,,REVIEW,https://www.sec.gov/cgi-bin/browse-edgar?action=getcompany&CIK=19617
0000019617-25-000483:investordaypresentation.htm,"JPMORGAN CHASE & CO  (JPM, AMJB, VYLD, JPM-PC, JPM-PD, JPM-PJ, JPM-PK, JPM-PL, JPM-PM)  (CIK 0000019617)",2025-05-19,EX-99.2 3 investordaypresentation.htm JPMORGAN CHASE & CO. 2025 INVESTOR DAY PRESENTATION SLIDES investordaypresentation ► Firm Overview Consumer & Community Banking Asset & Wealth Management Commercial & Investment Bank Investor Day 2025 Firm Overview Exhibit 99.2 Complete Global Diversified At Scale We have a proven operating model that is supported by a consistent strategic framework ⚫ Continuously investing in the future while maintaining expense discipline ⚫ Focus on customer experience and innovation ⚫ Employer of choice for top talent from all backgrounds Long-term shareholder value ⚫ Customer centric and easy to do business with ⚫ Comprehensive set of products and services ⚫ Focus on safety and security ⚫ Powerful brands ⚫ Fortress balance sheet ⚫ Risk governance and controls ⚫ Cul...,,,,REVIEW,https://www.sec.gov/cgi-bin/browse-edgar?action=getcompany&CIK=19617
0000019617-25-000483:investordaypresentation.htm,"JPMORGAN CHASE & CO  (JPM, AMJB, VYLD, JPM-PC, JPM-PD, JPM-PJ, JPM-PK, JPM-PL, JPM-PM)  (CIK 0000019617)",2025-05-19,EX-99.2 3 investordaypresentation.htm JPMORGAN CHASE & CO. 2025 INVESTOR DAY PRESENTATION SLIDES investordaypresentation ► Firm Overview Consumer & Community Banking Asset & Wealth Management Commercial & Investment Bank Investor Day 2025 Firm Overview Exhibit 99.2 Complete Global Diversified At Scale We have a proven operating model that is supported by a consistent strategic framework ⚫ Continuously investing in the future while maintaining expense discipline ⚫ Focus on customer experience and innovation ⚫ Employer of choice for top talent from all backgrounds Long-term shareholder value ⚫ Customer centric and easy to do business with ⚫ Comprehensive set of products and services ⚫ Focus on safety and security ⚫ Powerful brands ⚫ Fortress balance sheet ⚫ Risk governance and controls ⚫ Cul...,,,,REVIEW,https://www.sec.gov/cgi-bin/browse-edgar?action=getcompany&CIK=19617
0000019617-25-000483:investordaypresentation.htm,"JPMORGAN CHASE & CO  (JPM, AMJB, VYLD, JPM-PC, JPM-PD, JPM-PJ, JPM-PK, JPM-PL, JPM-PM)  (CIK 0000019617)",2025-05-19,EX-99.2 3 investordaypresentation.htm JPMORGAN CHASE & CO. 2025 INVESTOR DAY PRESENTATION SLIDES investordaypresentation ► Firm Overview Consumer & Community Banking Asset & Wealth Management Commercial & Investment Bank Investor Day 2025 Firm Overview Exhibit 99.2 Complete Global Diversified At Scale We have a proven operating model that is supported by a consistent strategic framework ⚫ Continuously investing in the future while maintaining expense discipline ⚫ Focus on customer experience and innovation ⚫ Employer of choice for top talent from all backgrounds Long-term shareholder value ⚫ Customer centric and easy to do business with ⚫ Comprehensive set of products and services ⚫ Focus on safety and security ⚫ Powerful brands ⚫ Fortress balance sheet ⚫ Risk governance and controls ⚫ Cul...,,,,REVIEW,https://www.sec.gov/cgi-bin/browse-edgar?action=getcompany&CIK=19617
0000019617-25-000483:investordaypresentation.htm,"JPMORGAN CHASE & CO  (JPM, AMJB, VYLD, JPM-PC, JPM-PD, JPM-PJ, JPM-PK, JPM-PL, JPM-PM)  (CIK 0000019617)",2025-05-19,EX-99.2 3 investordaypresentation.htm JPMORGAN CHASE & CO. 2025 INVESTOR DAY PRESENTATION SLIDES investordaypresentation ► Firm Overview Consumer & Community Banking Asset & Wealth Management Commercial & Investment Bank Investor Day 2025 Firm Overview Exhibit 99.2 Complete Global Diversified At Scale We have a proven operating model that is supported by a consistent strategic framework ⚫ Continuously investing in the future while maintaining expense discipline ⚫ Focus on customer experience and innovation ⚫ Employer of choice for top talent from all backgrounds Long-term shareholder value ⚫ Customer centric and easy to do business with ⚫ Comprehensive set of products and services ⚫ Focus on safety and security ⚫ Powerful brands ⚫ Fortress balance sheet ⚫ Risk governance and controls ⚫ Cul...,,,,REVIEW,https://www.sec.gov/cgi-bin/browse-edgar?action=getcompany&CIK=19617
0000019617-25-000483:investordaypresentation.htm,"JPMORGAN CHASE & CO  (JPM, AMJB, VYLD, JPM-PC, JPM-PD, JPM-PJ, JPM-PK, JPM-PL, JPM-PM)  (CIK 0000019617)",2025-05-19,EX-99.2 3 investordaypresentation.htm JPMORGAN CHASE & CO. 2025 INVESTOR DAY PRESENTATION SLIDES investordaypresentation ► Firm Overview Consumer & Community Banking Asset & Wealth Management Commercial & Investment Bank Investor Day 2025 Firm Overview Exhibit 99.2 Complete Global Diversified At Scale We have a proven operating model that is supported by a consistent strategic framework ⚫ Continuously investing in the future while maintaining expense discipline ⚫ Focus on customer experience and innovation ⚫ Employer of choice for top talent from all backgrounds Long-term shareholder value ⚫ Customer centric and easy to do business with ⚫ Comprehensive set of products and services ⚫ Focus on safety and security ⚫ Powerful brands ⚫ Fortress balance sheet ⚫ Risk governance and controls ⚫ Cul...,,,,REVIEW,https://www.sec.gov/cgi-bin/browse-edgar?action=getcompany&CIK=19617
0000019617-25-000483:investordaypresentation.htm,"JPMORGAN CHASE & CO  (JPM, AMJB, VYLD, JPM-PC, JPM-PD, JPM-PJ, JPM-PK, JPM-PL, JPM-PM)  (CIK 0000019617)",2025-05-19,EX-99.2 3 investordaypresentation.htm JPMORGAN CHASE & CO. 2025 INVESTOR DAY PRESENTATION SLIDES investordaypresentation ► Firm Overview Consumer & Community Banking Asset & Wealth Management Commercial & Investment Bank Investor Day 2025 Firm Overview Exhibit 99.2 Complete Global Diversified At Scale We have a proven operating model that is supported by a consistent strategic framework ⚫ Continuously investing in the future while maintaining expense discipline ⚫ Focus on customer experience and innovation ⚫ Employer of choice for top talent from all backgrounds Long-term shareholder value ⚫ Customer centric and easy to do business with ⚫ Comprehensive set of products and services ⚫ Focus on safety and security ⚫ Powerful brands ⚫ Fortress balance sheet ⚫ Risk governance and controls ⚫ Cul...,,,,REVIEW,https://www.sec.gov/cgi-bin/browse-edgar?action=getcompany&CIK=19617
0000019617-25-000483:investordaypresentation.htm,"JPMORGAN CHASE & CO  (JPM, AMJB, VYLD, JPM-PC, JPM-PD, JPM-PJ, JPM-PK, JPM-PL, JPM-PM)  (CIK 0000019617)",2025-05-19,EX-99.2 3 investordaypresentation.htm JPMORGAN CHASE & CO. 2025 INVESTOR DAY PRESENTATION SLIDES investordaypresentation ► Firm Overview Consumer & Community Banking Asset & Wealth Management Commercial & Investment Bank Investor Day 2025 Firm Overview Exhibit 99.2 Complete Global Diversified At Scale We have a proven operating model that is supported by a consistent strategic framework ⚫ Continuously investing in the future while maintaining expense discipline ⚫ Focus on customer experience and innovation ⚫ Employer of choice for top talent from all backgrounds Long-term shareholder value ⚫ Customer centric and easy to do business with ⚫ Comprehensive set of products and services ⚫ Focus on safety and security ⚫ Powerful brands ⚫ Fortress balance sheet ⚫ Risk governance and controls ⚫ Cul...,,,,REVIEW,https://www.sec.gov/cgi-bin/browse-edgar?action=getcompany&CIK=19617
0000019617-25-000483:investordaypresentation.htm,"JPMORGAN CHASE & CO  (JPM, AMJB, VYLD, JPM-PC, JPM-PD, JPM-PJ, JPM-PK, JPM-PL, JPM-PM)  (CIK 0000019617)",2025-05-19,EX-99.2 3 investordaypresentation.htm JPMORGAN CHASE & CO. 2025 INVESTOR DAY PRESENTATION SLIDES investordaypresentation ► Firm Overview Consumer & Community Banking Asset & Wealth Management Commercial & Investment Bank Investor Day 2025 Firm Overview Exhibit 99.2 Complete Global Diversified At Scale We have a proven operating model that is supported by a consistent strategic framework ⚫ Continuously investing in the future while maintaining expense discipline ⚫ Focus on customer experience and innovation ⚫ Employer of choice for top talent from all backgrounds Long-term shareholder value ⚫ Customer centric and easy to do business with ⚫ Comprehensive set of products and services ⚫ Focus on safety and security ⚫ Powerful brands ⚫ Fortress balance sheet ⚫ Risk governance and controls ⚫ Cul...,,,,REVIEW,https://www.sec.gov/cgi-bin/browse-edgar?action=getcompany&CIK=19617
0001683168-25-003853:kinetic_ex9901.htm,Kinetic Seas Inc.  (KSEZ)  (CIK 0001945619),2025-05-20,"EX-99.1 2 kinetic_ex9901.htm PRESS RELEASED DATED MAY 20, 2025 Exhibit 99.1 Kinetic Seas Launches KineticMD, a New In-Office AI Assistant for Physicians, and Enters Licensing Agreement with ABBSI for Initial Deployment in Longevity Medicine Schaumburg, IL – May 20, 2025 — Kinetic Seas Incorporated (OTCQB: KSEZ), an emerging provider of secure AI systems for healthcare and enterprise environments, is proud to announce the launch of KineticMD, an advanced large language model (LLM) platform designed for in-office use by physicians and medical professionals. Unlike cloud-based AI tools, KineticMD runs entirely on-site, ensuring that sensitive patient data remains local, private, and fully under the control of each clinic. KineticMD was co-developed with longevity physician Dr. Sasoon Moulavi,...",,,"8.01,9.01",Y,https://www.sec.gov/cgi-bin/browse-edgar?action=getcompany&CIK=1945619
0001193125-25-124002:d913721dex991.htm,"Lumen Technologies, Inc.  (LUMN)  (CIK 0000018926)",2025-05-21,"EX-99.1 3 d913721dex991.htm EX-99.1 EX-99.1 Exhibit 99.1 Lumen Technologies Advances Enterprise Market Focus with Sale of Consumer Fiber-to-the-Home Business to AT&T • AT&T to acquire Lumen’s Mass Markets fiber-to-the-home business for a total consideration of $5.75 billion in cash • Lumen retains infrastructure critical to its enterprise strategy, including its national, regional, state, and metro fiber backbone and consumer copper broadband and voice services • Accelerates Lumen’s investment in network expansion, differentiated digital platform, and network architecture innovation • Transaction to materially reduce Lumen’s debt, improve annual cash flow, and position Lumen for additional refinancing opportunities DENVER, May 21, 2025 - Lumen Technologies, Inc. (NYSE: LUMN) today announce...",,,"1.01,7.01,9.01",Y,https://www.sec.gov/cgi-bin/browse-edgar?action=getcompany&CIK=18926
0001829126-25-004053:opgeninc_8k.htm,OPGEN INC  (OPGN)  (CIK 0001293818),2025-05-29,"false 0001293818 0001293818 2024-10-02 2024-10-02 iso4217:USD xbrli:shares iso4217:USD xbrli:shares UNITED STATES SECURITIES AND EXCHANGE COMMISSION Washington, DC 20549 FORM 8-K CURRENT REPORT Pursuant to Section 13 or 15(d) of the Securities Exchange Act of 1934 October 2, 2024 Date of Report (date of earliest event reported) OpGen, Inc. (Exact name of Registrant as specified in its charter) Delaware 001-37367 06-1614015 (State or other jurisdiction of incorporation or organization) (Commission File Number) (I.R.S. Employer Identification Number) 23219 Stringtown Road, Suite 300 Clarksburg , MD 20871 (Address of principal executive offices)(Zip code) (240) 813-1260 (Registrant's telephone number, including area code) Not Applicable (Former name or former address, if changed since last re...",,,"1.01,9.01",Y,https://www.sec.gov/cgi-bin/browse-edgar?action=getcompany&CIK=1293818
0000950170-25-078936:ntap-ex99_1.htm,"NetApp, Inc.  (NTAP)  (CIK 0001002047)",2025-05-29,"EX-99.1 2 ntap-ex99_1.htm EX-99.1 EX-99.1 Exhibit 99.1 NetApp Reports Record Results for Fourth Quarter and Fiscal Year 2025 Fourth quarter net revenues of $1.73 billion, an increase of 4% year-over-year; Fiscal year 2025 net revenues of $6.57 billion, an increase of 5% year-over-year • Record all-flash array annualized net revenue run rate 1 of $4.1 billion, an increase of 14% year-over-year • Record first-party and marketplace Public Cloud services revenue of $416 million in fiscal year 2025, an increase of 43% year-over-year • Record billings 2 of $6.78 billion for fiscal year 2025, an increase of 8% year-over-year • Record GAAP gross profit of $1.19 billion for the fourth quarter; record non-GAAP gross profit 2 of $1.20 billion • Record GAAP gross profit of $4.61 billion for fiscal yea...",,,"2.02,5.02,8.01,9.01",Y,https://www.sec.gov/cgi-bin/browse-edgar?action=getcompany&CIK=1002047
0001973047-25-000011:ex99_1.htm,MARKY CORP.  (MRKY)  (CIK 0001973047),2025-05-30,"EX-99.1 3 ex99_1.htm EXHIBIT 99.1 MARKY Corp. Announces Strategic Partnership to Develop Generative AI-Driven Tools On May 28, 2025, MARKY Corp. (""the Company"") entered into a strategic partnership with Shenzhen Wanhongxin Trading Co., Ltd, a leading innovator in the fashion-industry based in Shenzhen, China, to develop a suite of generative AI-driven tools. This collaboration aims to leverage generative artificial intelligence to create innovative tools capable of generating or modifying content such as images and text. The partnership combines MARKY Corp.'s hardware support with Shenzhen Wanhongxin Trading Co., Ltd's technical expertise and development capabilities to jointly research, design, and develop generative AI software. Objective: The partnership focuses on developing generative...",,,"1.01,7.01,9.01",Y,https://www.sec.gov/cgi-bin/browse-edgar?action=getcompany&CIK=1973047
0001663577-25-000175:ex99_1.htm,iQSTEL Inc  (IQST)  (CIK 0001527702),2025-05-30,"EX-99.1 3 ex99_1.htm PRESS RELEASE, DATED MAY 29, 2025 IQST – IQSTEL Sparks Rapid Global Fintech Expansion with GlobeTopper Acquisition — Fast-Tracking $1 Billion Growth Plan New York, NY – May 29, 2025 – IQSTEL Inc. (NASDAQ: IQST) , a rapidly expanding multinational leader in telecommunications and emerging technologies, proudly announces the execution of a definitive agreement to acquire 51% of GlobeTopper (GlobeTopper.com) — a dynamic fintech innovator with operations across America, Europe, and Africa . The transaction becomes effective July 1, 2025 , marking a transformative milestone in IQSTEL’s journey toward becoming a $1 billion revenue corporation . This milestone follows the signing of a Memorandum of Understanding (MOU) on March 21, 2025 , and reinforces IQSTEL’s strategic visi...",,,"1.01,7.01,9.01",Y,https://www.sec.gov/cgi-bin/browse-edgar?action=getcompany&CIK=1527702
0001213900-25-049661:ea024418701ex99-1_faraday.htm,"FARADAY FUTURE INTELLIGENT ELECTRIC INC.  (FFAI, FFAIW)  (CIK 0001805521)",2025-06-02,"EX-99.1 2 ea024418701ex99-1_faraday.htm PRESS RELEASE DATED JUNE 1, 2025 Exhibit 99.1 Faraday Future Holds First Annual Stockholders’ Day, Company Provides FX Product Updates, Confirms FX Super One Launch Timing, and Secures 600 New Deposits from Multi-Channel Network (MCN) Agencies ● The successful event reflects Faraday Future’s commitment to transparency, stockholder engagement, and long-term value creation as the Company accelerates toward its mission of revolutionizing the intelligent electric vehicle space. ● The first exclusive offline product launch event for the FX Super One is scheduled on June 29, tailored for five key groups including stockholders and investors; the Super One Online Global Product Launch, a large-scale public launch event, is scheduled to be held on July 17. ● ...",,,"8.01,9.01",Y,https://www.sec.gov/cgi-bin/browse-edgar?action=getcompany&CIK=1805521
0001607939-25-000075:revolvingcreditfacilityprq.htm,"Udemy, Inc.  (UDMY)  (CIK 0001607939)",2025-06-03,"EX-99.1 3 revolvingcreditfacilityprq.htm EX-99.1 Document Udemy Secures $200 Million Revolving Credit Facility New facility enhances financial flexibility to invest in future growth initiatives SAN FRANCISCO—June 3, 2025—Udemy (Nasdaq: UDMY), a leading AI-powered skills development platform with nearly 80 million users globally, today announced the closing of a new $200 million senior secured revolving credit facility (“the Facility”). The Facility, which matures on May 30, 2030, provides Udemy with enhanced financial flexibility to support its long-term strategic growth initiatives. The credit line remains undrawn at closing. Udemy enters into the agreement with no outstanding debt and a robust liquidity profile, including more than $350 million in cash, cash equivalents, and marketable s...",,,"1.01,2.03,7.01",Y,https://www.sec.gov/cgi-bin/browse-edgar?action=getcompany&CIK=1607939
0001437749-25-019217:ex_826235.htm,"Rekor Systems, Inc.  (REKR)  (CIK 0001697851)",2025-06-03,"EX-99.1 2 ex_826235.htm EXHIBIT 99.1 ex_826235.htm Exhibit 99.1 Rekor Systems Selected for Statewide Texas DOT Contract to Deploy Rekor Command ® Platform Award Includes Blanket Purchase Order to Enable Deployment Across All TxDOT Metropolitan, Urban, and Rural Districts COLUMBIA, MD – June 3, 2025, Rekor Systems, Inc. (NASDAQ: REKR) (the “Company”), a leader in developing and implementing state-of-the-art roadway intelligence technology, today announced it has been selected for a multi-year statewide contract by the Texas Department of Transportation (TxDOT). The award approves the implementation of Rekor Command®— the Company’s advanced incident management and situational awareness platform, to enhance traffic operations, reduce congestion, and improve roadway safety. It includes an eigh...",,,"8.01,9.01",Y,https://www.sec.gov/cgi-bin/browse-edgar?action=getcompany&CIK=1697851
0001193125-25-133841:d92964dex991.htm,QUANTUM CORP /DE/  (QMCO)  (CIK 0000709283),2025-06-03,"EX-99.1 2 d92964dex991.htm EX-99.1 EX-99.1 Exhibit 99.1 Quantum Announces Leadership Changes Provides Update on Efforts to Transform Capital Structure SAN JOSE, Calif. — June 3, 2025 — Quantum Corporation (Nasdaq: QMCO) (“Quantum” or the “Company”), a leader in solutions for AI and unstructured data, today announced leadership changes supporting its efforts to transform Quantum’s ability to deliver consistent profitability and growth. The Company appointed Hugues Meyrath as its new Chief Executive Officer, effective June 2. Meyrath is a storage industry veteran with over 30 years of experience, most of which includes affiliation with Quantum as a supplier, employee, competitor, and independent member of the Company’s Board of Directors. “I am extremely excited to continue my journey with Q...",,,"2.02,5.02,8.01,9.01",Y,https://www.sec.gov/cgi-bin/browse-edgar?action=getcompany&CIK=709283
0001341768-25-000003:shonghoya8k3.htm,"SHONGHOYA INTL. GROUP, INC.  (CIK 0001341768)",2025-06-03,"8-K 1 shonghoya8k3.htm 8-K SNHO_8K UNITED STATES SECURITIES AND EXCHANGE COMMISSION WASHINGTON, D.C. 20549 FORM 8-K CURRENT REPORT Pursuant to Section 13 or 15(d) of the Securities Exchange Act of 1934 June 3, 2025 Date of Report (Date of earliest event reported) Shonghoya Intl. Group, Inc. (Exact name of registrant as specified in its charter) Nevada 000-52323 27-3911608 (State or other jurisdiction of incorporation) (Commission File Number) (IRS Employer Identification No. 401 Ryland st, ste 200a, Reno, NV 89502 (Address of principal executive offices) (Zip Code) Registrant’s telephone number, including area code (661) 519-5708 Check the appropriate box below if the Form 8-K filing is intended to simultaneously satisfy the filing obligation of the registrant under any of the following pr...",,,8.01,Y,https://www.sec.gov/cgi-bin/browse-edgar?action=getcompany&CIK=1341768
0001641172-25-013370:ex99-1.htm,"CISO Global, Inc.  (CISO)  (CIK 0001777319)",2025-06-03,"EX-99.1 2 ex99-1.htm EX-99.1 Exhibit 99.1 CISO Global Receives NASDAQ Full Compliance Scottsdale, AZ — June 3, 2025 — CISO Global Inc. (NASDAQ: CISO), an industry leader in AI-powered security software, managed cybersecurity, and compliance, is pleased to announce it has received formal notifications from NASDAQ confirming that the company is in full compliance with all NASDAQ listing standards. The NASDAQ notifications verified that CISO Global has satisfied all previously outstanding listing requirements, underscoring the company’s strong commitment to corporate governance, transparency, and shareholder value. CISO Global also reaffirmed its previous financial guidance , expecting to achieve approximately $35 million in cybersecurity services revenue and $5 million in software bookings f...",,,"8.01,9.01",Y,https://www.sec.gov/cgi-bin/browse-edgar?action=getcompany&CIK=1777319
0001213900-25-050980:ea024445101ex99-1_safe.htm,Safe & Green Development Corp  (SGD)  (CIK 0001959023),2025-06-04,"EX-99.1 7 ea024445101ex99-1_safe.htm PRESS RELEASE DATED JUNE 3, 2025 Exhibit 99.1 Safe and Green Development Corporation Achieves Strategic Milestone with Acquisition of Resource Group MIAMI, FL – June 3 rd , 2025 – Safe and Green Development Corporation (NASDAQ: SGD) (“SGD” or the “Company”), a publicly traded real estate and development company, today announced it has completed its acquisition of Resource Group US Holdings LLC (“Resource Group”), a next-generation environmental solutions company focused on transforming organic green waste materials into engineered soil and mulch products. This strategic acquisition marks a significant milestone in SGD’s realignment toward revenue-generating operations. Through this transaction, SGD has acquired Resource Group’s integrated operational pl...",,,"1.01,2.01,2.03,3.02,5.03,7.01,8.01,9.01",Y,https://www.sec.gov/cgi-bin/browse-edgar?action=getcompany&CIK=1959023
0001829126-25-004231:fiee_ex99-1.htm,"FiEE, Inc.  (MINM)  (CIK 0001467761)",2025-06-04,"EX-99.1 2 fiee_ex99-1.htm EXHIBIT 99.1 Exhibit 99.1 FiEE, Inc. Announces Reinitiation of Trading on Nasdaq May 30, 2025 Company will resume trading under its existing symbol “MINM” Hong Kong, May 30, 2025 — FiEE, Inc. (“FiEE, Inc.” or the “Company”), a technology company integrating IoT, connectivity and AI to redefine brand management solutions in the digital era, is pleased to announce that following a hearing before the Nasdaq Hearings Panel (the “Panel”) on May 13, 2025, the Panel issued a decision on May 29, 2025, stating that Nasdaq will reinstate trading of the Company’s common stock on the Nasdaq Capital Market at the open of business on Monday, June 2, 2025 under the ticker symbol “MINM”. Rafael Li, Chief Executive Officer of FiEE, commented, “We are honored to announce the reinit...",,,"3.01,8.01,9.01",Y,https://www.sec.gov/cgi-bin/browse-edgar?action=getcompany&CIK=1467761
0001641172-25-013598:ex10-2.htm,"VIP Play, Inc.  (VIPZ)  (CIK 0001832161)",2025-06-04,"EX-10.2 2 ex10-2.htm EX-10.2 Exhibit 10.2 EMPLOYMENT AGREEMENT This EMPLOYMENT AGREEMENT (this “ Agreement ”) is effective as of June 2, 2025 (the “ Effective Date ”), between VIP PLAY, INC., a Nevada corporation (“ Company ”), and LES OTTOLENGHI, an individual residing in the State of Colorado (the “ Executive ”). Company and Executive are each referred to as a “ Party ” and collectively as the “ Parties .” RECITALS Company desires to employ Executive and Executive desires to be employed by Company on the terms and conditions set forth herein. NOW, THEREFORE, in consideration of the mutual covenants contained herein and other good and valuable consideration, the receipt and sufficiency of which are hereby acknowledged, the parties hereto agree as follows: Section 1. Employment . Company w...",,,"1.01,2.03,3.02,5.02,9.01",Y,https://www.sec.gov/cgi-bin/browse-edgar?action=getcompany&CIK=1832161
0001641172-25-013851:ex99-1.htm,"GIFTIFY, INC.  (GIFT)  (CIK 0001760233)",2025-06-05,"EX-99.1 3 ex99-1.htm EX-99.1 Exhibit 99.1 Giftify, Inc. Announces Strategic Acquisition of TakeOut7 to Expand Restaurant Technology and Digital Marketing Platform Acquisition adds comprehensive restaurant ordering and AI-powered marketing solutions to Giftify’s digital commerce ecosystem Combined platform connects over 185,000 restaurants with enhanced technology suite for independent operators SCHAUMBURG, IL, June 05, 2025 (GLOBE NEWSWIRE) — Giftify, Inc. (NASDAQ: GIFT) (the “Company”), the owner and operator of CardCash.com and Restaurant.com, and a leader in the incentives and rewards industry, today announced the strategic acquisition of TakeOut7, a restaurant technology company offering comprehensive online ordering solutions through its TakeOut7 platform and AI-powered digital market...",,,"1.01,9.01",Y,https://www.sec.gov/cgi-bin/browse-edgar?action=getcompany&CIK=1760233
0001437749-25-019603:ex_827774.htm,"Rekor Systems, Inc.  (REKR)  (CIK 0001697851)",2025-06-06,"EX-99.1 2 ex_827774.htm EXHIBIT 99.1 ex_827774.htm Exhibit 99.1 Sun Belt State Transportation Agency to Deploy 150 Rekor Discover ® Systems Under Rekor's Data-as-a-Service Model Rekor Discover ® to Replace Outdated Roadway Intrusive Technology with FHWA-Compliant AI That Advances Transportation Planning and Operations COLUMBIA, MD – June 6, 2025 – Rekor Systems, Inc. (NASDAQ: REKR) (the ""Company), a leader in developing and implementing state-of-the-art roadway intelligence technology, today announced a transformative deployment with a Sun Belt state transportation agency. As part of a new state initiative to upgrade its planning and operations capabilities, Rekor will deploy 150 Rekor Discover ® systems under a one-year Data-as-a-Service contract valued at $1.2 million. The Company expect...",,,"8.01,9.01",Y,https://www.sec.gov/cgi-bin/browse-edgar?action=getcompany&CIK=1697851
0001641172-25-014420:ex99-1.htm,"Brand Engagement Network Inc.  (BNAI, BNAIW)  (CIK 0001838163)",2025-06-10,"EX-99.1 3 ex99-1.htm EX-99.1 Exhibit 99.1 BEN Reports First Quarter 2025 Results and Business Highlights WILMINGTON, Del. , June 9, 2025 – Brand Engagement Network Inc . (BEN) (NASDAQ: BNAI), an innovator in AI-driven customer engagement solutions, today announced its results and key business highlights for the first quarter ended March 31, 2025. “Q1 marked a strong start to 2025, as we launched our iSKYE platform and deepened strategic partnerships that demonstrate the growing demand for secure, scalable AI solutions,” said Paul Chang, CEO of Brand Engagement Network. “We’ve enhanced our platform with features that deliver greater accuracy and relevance for users, while providing the control and engagement enterprise clients want. Looking ahead, iSKYE ’s modular architecture positions us ...",,,"1.01,2.02,2.03,9.01",Y,https://www.sec.gov/cgi-bin/browse-edgar?action=getcompany&CIK=1838163
0001641172-25-014872:ex99-1.htm,"BullFrog AI Holdings, Inc.  (BFRG, BFRGW)  (CIK 0001829247)",2025-06-12,"EX-99.1 2 ex99-1.htm EX-99.1 Exhibit 99.1 BullFrog AI Announces Strategic Collaboration with Sygnature Discovery to Introduce BullFrog Data Networks™ to Global Biopharma Clients GAITHERSBURG, Md., June 12, 2025 (GLOBE NEWSWIRE) — BullFrog AI Holdings, Inc. (NASDAQ: BFRG; BFRGW) (“BullFrog AI” or the “Company”), a technology-enabled drug development company using artificial intelligence (AI) and machine learning to enable the successful development of pharmaceuticals and biologics, today announced a strategic collaboration with Sygnature Discovery, a leading UK-based contract research organization (CRO) specializing in drug discovery. Through this collaboration, Sygnature will introduce BullFrog Data Networks™—BullFrog’s proprietary AI-driven data insights platform powered by the bfLEAP™ en...",,,"8.01,9.01",Y,https://www.sec.gov/cgi-bin/browse-edgar?action=getcompany&CIK=1829247
0001193125-25-139950:d940498d8k.htm,"Rein Therapeutics, Inc.  (RNTX)  (CIK 0001420565)",2025-06-12,"8-K NASDAQ false 0001420565 0001420565 2025-06-10 2025-06-10 UNITED STATES SECURITIES AND EXCHANGE COMMISSION WASHINGTON, DC 20549 FORM 8-K CURRENT REPORT Pursuant to Section 13 or 15(d) of the Securities Exchange Act of 1934 Date of report (Date of earliest event reported): June 10, 2025 Rein Therapeutics, Inc. (Exact Name of Registrant as Specified in Charter) Delaware 001-38130 13-4196017 (State or Other Jurisdiction of Incorporation) (Commission File Number) (IRS Employer Identification No.) 12407 N. Mopac Expy. Suite 250 #390 Austin , Texas 78758 (Address of Principal Executive Offices) (Zip Code) Registrant’s telephone number, including area code: (737) 802-1989 (Former Name or Former Address, if Changed Since Last Report) Check the appropriate box below if the Form 8-K filing is int...",,,8.01,Y,https://www.sec.gov/cgi-bin/browse-edgar?action=getcompany&CIK=1420565
0001655759-25-000103:ehadatarelease61325.htm,"ARVINAS, INC.  (ARVN)  (CIK 0001655759)",2025-06-13,"EX-99.1 2 ehadatarelease61325.htm EX-99.1 ehadatarelease61325 Exhibit 99.1 Arvinas Presents Preclinical Data for PROTAC BCL6 Degrader, ARV-393, at the European Hematology Association 2025 Congress – ARV-393 demonstrated significant single-agent activity in models of nodal T-follicular helper cell lymphoma, angioimmunoblastic-type (also known as AITL) and transformed follicular lymphoma – – In combination with small molecule inhibitors, ARV-393 demonstrated enhanced tumor growth inhibition, including tumor regressions, in models of aggressive diffuse large B-cell lymphoma (DLBCL) – NEW HAVEN, Conn., June 13, 2025 (GLOBE NEWSWIRE) -- Arvinas, Inc. (Nasdaq: ARVN), a clinical-stage biotechnology company working to develop a new class of drugs based on targeted protein degradation, today presen...",,,"7.01,8.01,9.01",Y,https://www.sec.gov/cgi-bin/browse-edgar?action=getcompany&CIK=1655759
0001213900-25-055182:ea024593301ex99-1_citius.htm,"CITIUS ONCOLOGY, INC.  (CTOR)  (CIK 0001851484)",2025-06-17,"EX-99.1 2 ea024593301ex99-1_citius.htm PRESS RELEASE, DATED JUNE 17, 2025 Exhibit 99.1 Citius Oncology Anticipates Commercial Launch of LYMPHIR™ in 2025 CRANFORD, N.J., June 17, 2025 – Citius Oncology, Inc. (“Citius Oncology”) (Nasdaq: CTOR), the oncology-focused subsidiary of Citius Pharmaceuticals, Inc. (“Citius Pharma”) (Nasdaq: CTXR), today announced that preparations for the commercial launch of LYMPHIR™, an FDA-approved immunotherapy for the treatment of adults with relapsed or refractory cutaneous T-cell lymphoma (CTCL), are nearing completion. The Company believes it is now operationally positioned to transition from a development-stage enterprise to a fully integrated commercial organization, with all major launch-enabling activities underway. Final preparations are in process for...",,,"8.01,9.01",Y,https://www.sec.gov/cgi-bin/browse-edgar?action=getcompany&CIK=1851484
0001104659-25-060634:tm2518313d1_8k.htm,INNODATA INC  (INOD)  (CIK 0000903651),2025-06-18,"false 0000903651 0000903651 2025-06-12 2025-06-12 iso4217:USD xbrli:shares iso4217:USD xbrli:shares UNITED STATES SECURITIES AND EXCHANGE COMMISSION Washington, D.C. 20549 FORM 8-K CURRENT REPORT Pursuant to Section 13 or 15(d) of the Securities Exchange Act of 1934 Date of Report (Date of earliest event reported): June 12, 2025 INNODATA INC. (Exact name of registrant as specified in its charter) Delaware 001-35774 13-3475943 (State or other jurisdiction of (Commission File Number) (I.R.S. Employer incorporation) Identification No.) 55 Challenger Road Ridgefield Park , NJ 07660 (Address of principal executive offices) (Zip Code) Registrant's telephone number, including area code ( 201 ) 371-8000 (Former name or former address, if changed since last report) Check the appropriate box below i...",,,8.01,Y,https://www.sec.gov/cgi-bin/browse-edgar?action=getcompany&CIK=903651
0001213900-25-056199:ea024639601ex99-1_datchat.htm,"DatChat, Inc.  (DATS, DATSW)  (CIK 0001648960)",2025-06-20,"EX-99.1 2 ea024639601ex99-1_datchat.htm PRESS RELEASE DATED JUNE 17, 2025 Exhibit 99.1 DatChat’s Subsidiary RPM Interactive Files Registration Statement for Proposed Initial Public Offering DatChat Currently Owns 34% of the AI-generated Publishing Platform and Software Company NEW BRUNSWICK, N.J., June 17, 2025 / -- DatChat, Inc. (Nasdaq: DATS) (“DatChat” or the “Company”), a secure messaging and social media company, today announced that its former subsidiary RPM Interactive, an AI-generated publishing and software company, has filed a registration statement on Form S-1 with the U.S. Securities and Exchange Commission (the “SEC”) relating to a proposed initial public offering of shares of its common stock. The number of shares to be offered and the price range for the proposed offering ha...",,,"8.01,9.01",Y,https://www.sec.gov/cgi-bin/browse-edgar?action=getcompany&CIK=1648960
0001213900-25-056199:ea024639601ex99-1_datchat.htm,"DatChat, Inc.  (DATS, DATSW)  (CIK 0001648960)",2025-06-20,"EX-99.1 2 ea024639601ex99-1_datchat.htm PRESS RELEASE DATED JUNE 17, 2025 Exhibit 99.1 DatChat’s Subsidiary RPM Interactive Files Registration Statement for Proposed Initial Public Offering DatChat Currently Owns 34% of the AI-generated Publishing Platform and Software Company NEW BRUNSWICK, N.J., June 17, 2025 / -- DatChat, Inc. (Nasdaq: DATS) (“DatChat” or the “Company”), a secure messaging and social media company, today announced that its former subsidiary RPM Interactive, an AI-generated publishing and software company, has filed a registration statement on Form S-1 with the U.S. Securities and Exchange Commission (the “SEC”) relating to a proposed initial public offering of shares of its common stock. The number of shares to be offered and the price range for the proposed offering ha...",,,"8.01,9.01",Y,https://www.sec.gov/cgi-bin/browse-edgar?action=getcompany&CIK=1648960
0001017386-25-000086:ex103.htm,"Securetech Innovations, Inc.  (SCTH)  (CIK 0001703157)",2025-06-24,"EX-10.3 3 ex103.htm ACQUISITION AND STOCK PURCHASE AGREEMENT DATED JUNE 23, 2025 Acquisition and Stock Purchase Agreement (AI UltraProd) Dated June 23, 2025 ACQUISITION AND STOCK PURCHASE AGREEMENT This Acquisition and Stock Purchase Agreement (“ Ag reement ”) is entered into as of June 23, 2025 (“ Closing Date ”), made by and among: SecureTech Innovations, Inc., a Wyoming corporation, with its mailing address at (“ Parent Corporation ”): 2355 Highway 36 West Suite 400 Roseville, MN 55113 USA AND: AI UltraProd, Inc., a Wyoming corporation and wholly owned subsidiary of the Parent Corporation, with its mailing address at (“ Purchaser ”): 2355 Highway 36 West Suite 400 Roseville, MN 55113 USA AND: Aiultraprod Group Limited (formerly, Jizhu Group Limited), a Hong Kong limited liability compan...",,,"1.01,2.01,3.02,7.01,9.01",Y,https://www.sec.gov/cgi-bin/browse-edgar?action=getcompany&CIK=1703157
0001641172-25-016533:ex99-1.htm,Currenc Group Inc.  (CURR)  (CIK 0001862935),2025-06-25,"EX-99.1 4 ex99-1.htm EX-99.1 Exhibit 99.1 CURRENC and Galaxy Payroll Group Partner to Develop AI-Powered HR Solutions New Scenarios Expand CURRENC’s “AI Staff for Hire” Applications for Global Financial Industry SINGAPORE, June 24, 2025 (GLOBE NEWSWIRE) — CURRENC Group Inc. (Nasdaq: CURR) (“CURRENC” or the “Company”), a fintech pioneer empowering financial institutions worldwide with artificial intelligence (AI) solutions, today announced that it has entered a strategic partnership with Galaxy Payroll Group Limited (Nasdaq: GLXG) (“Galaxy Group”) to jointly create innovative AI-powered human resources solutions for CURRENC’s “AI Staff for Hire” platform. Leveraging Galaxy Group’s deep industry expertise and CURRENC’s advanced AI technology, the parties will develop two new modules, AI HR M...",,,"1.01,3.02,8.01,9.01",Y,https://www.sec.gov/cgi-bin/browse-edgar?action=getcompany&CIK=1862935
0001654954-25-007383:smc_ex101.htm,"SMC Entertainment, Inc.  (SMCE)  (CIK 0001497230)",2025-06-25,"EX-10.1 2 smc_ex101.htm JOINT VENTURE AGREEMENT smc_ex101.htm EXHIBIT 10.1 JOINT VENTURE AGREEMENT This Joint Venture Agreement (the “Agreement”) is entered into as of June 20 2025, by and between: Circle Energy Sweden AB, a company organized and existing under the laws of Sweden, with its principal office located at Skeppargatan 8, 114 32 Stockholm, Sweden, and listed on the NASDAQ First North stock exchange (“Circle Energy”), and SMC Entertainment Inc, is a public corporation organized and existing under the laws of the State of Nevada, USA, with its principal office located at 9170 Glades Road Suite 150 Boca Raton Florida 33434 ] (“SMCE”). Each a “Party” and together, the “Parties”. 1. Formation of the Joint Venture 1.1 Purpose The Parties agree to form a joint venture to develop and op...",,,"1.01,7.01,9.01",Y,https://www.sec.gov/cgi-bin/browse-edgar?action=getcompany&CIK=1497230
0001185185-25-000690:mitiex99-1.htm,"Mitesco, Inc.  (MITI)  (CIK 0000802257)",2025-06-25,"EX-99.1 2 mitiex99-1.htm EXHIBIT 99.1 Exhibit 99.1 Mitesco Advances on Robo-Agent A.I. Project for Sales Automation, Follow-up-Boss Integration, Major Agencies Engaged in Test Bed For Immediate Release Vero Beach, Florida – June 18, 2025 – Mitesco, Inc. (OTC:MITI, www.mitescoinc.com ) today announced that its software development project known as Robo-Agent is well underway with a beta test team from major residential real estate players engaging to advance the effort. It also announces that it intends to rollout the initial version as an add-on to a popular existing CRM platform, Follow-up-Boss TM . “While Robo-Agent is ultimately intended for broader business-to-consumer (B2C) applications, our initial implementation targets the residential real estate market,” said Mack Leath , CEO of M...",,,"8.01,9.01",Y,https://www.sec.gov/cgi-bin/browse-edgar?action=getcompany&CIK=802257
0001683168-25-004832:nixxy_ex9901.htm,"Nixxy, Inc.  (NIXX, NIXXW)  (CIK 0001462223)",2025-06-30,"EX-99.1 2 nixxy_ex9901.htm PRESS RELEASE, ISSUED ON JUNE 30, 2025 Exhibit 99.1 FOR IMMEDIATE RELEASE Nixxy, Inc. (NASDAQ: NIXX) Added to Russell 3000E® Index New York, NY – June 30, 2025 – Nixxy, Inc. (NASDAQ: NIXX), a next-generation communications company integrating AI-driven technologies into telecom infrastructure, announced today that it has been added to the Russell 3000E® Index, effective at the conclusion of the annual reconstitution of the Russell US Indexes. https://www.lseg.com/content/dam/ftse-russell/en_us/documents/other/rmicro-additions-20250523.pdf. The index is reconstituted annually to reflect changes in the U.S. markets over the past year. The Russell 3000E® Index represents the broadest U.S. equity index, combining the Russell 3000® Index with the Russell Microcap® Ind...",,,"7.01,8.01,9.01",Y,https://www.sec.gov/cgi-bin/browse-edgar?action=getcompany&CIK=1462223
0001213900-25-059641:ea024758501ex99-1_richtech.htm,RICHTECH ROBOTICS INC.  (RR)  (CIK 0001963685),2025-06-30,"EX-99.1 3 ea024758501ex99-1_richtech.htm PRESS RELEASE, DATED JUNE 30, 2025 Exhibit 99.1 Richtech Robotics Joint Venture Partner Secures $4M Sales Agreement to Expand Reach in Asia’s AI Robotics Market Agreement with Beijing Tongchuang Technology Development Co., Ltd. strengthens regional momentum through purchase, service, and licensing of flagship products LAS VEGAS, June 30, 2025 (GLOBE NEWSWIRE) -- Richtech Robotics Inc. (Nasdaq: RR) (“Richtech Robotics” or the “Company”), a Nevada-based provider of AI-driven service robots, today announced the signing of a multi-million-dollar sales agreement with Beijing Tongchuang Technology Development Co., Ltd. by its Chinese joint venture, Boyu Artificial Intelligence Technology Co., Ltd. The agreement, valued at over $4 million, includes the pur...",,,"1.01,8.01,9.01",Y,https://www.sec.gov/cgi-bin/browse-edgar?action=getcompany&CIK=1963685
0001193125-25-152683:d92068dex991.htm,"Lumen Technologies, Inc.  (LUMN)  (CIK 0000018926)",2025-06-30,"EX-99.1 3 d92068dex991.htm EX-99.1 EX-99.1 Exhibit 99.1 Lumen Technologies Advances Financial Strategy to Support AI-Era Infrastructure Growth Closes $2 Billion of First Lien Notes Due 2033 DENVER, June 30, 2025 — As part of an ongoing financial strategy to strengthen its capital structure and accelerate its transformation into a leading digital network services company, Lumen Technologies, Inc. (“Lumen”, “us,” “we” or “our”) (NYSE: LUMN) today announced that its wholly-owned subsidiary, Level 3 Financing, Inc. (“Level 3 Financing”), has closed its previously announced offering of $2.0 billion aggregate principal amount of 6.875% First Lien Notes due 2033 (the “First Lien Notes”). The First Lien Notes have a maturity date of June 30, 2033, and are guaranteed and secured on a first lien bas...",,,"1.01,2.03,8.01,9.01",Y,https://www.sec.gov/cgi-bin/browse-edgar?action=getcompany&CIK=18926
0001062993-25-012317:exhibit99-1.htm,Artificial Intelligence Technology Solutions Inc.  (AITX)  (CIK 0001498148),2025-07-01,"EX-99.1 2 exhibit99-1.htm EXHIBIT 99.1 Artificial Intelligence Technology Solutions, Inc.: Exhibit 99.1 - Filed by newsfilecorp.com Exhibit 99.1 AITX's RAD to Deploy RIO for State Emergency Services Department Initial Deployment Follows Two Years of Collaboration and Rigorous Field Testing with State Emergency Authorities Detroit, Michigan, July 1, 2025 -- Artificial Intelligence Technology Solutions, Inc. (the ""Company"") ( OTCPK:AITX ), a global leader in AI-driven security and productivity solutions for enterprise clients, today announced that its wholly owned subsidiary Robotic Assistance Devices, Inc. (RAD), will soon deploy a RIO™ 360 solar-powered security tower at a remote, high-security installation operated by a U.S. state agency. This initial deployment was contracted through the...",,,"8.01,9.01",Y,https://www.sec.gov/cgi-bin/browse-edgar?action=getcompany&CIK=1498148
0001193125-25-155007:d91487dex991.htm,Xerox Holdings Corp  (XRX)  (CIK 0001770450),2025-07-02,"EX-99.1 7 d91487dex991.htm EX-99.1 EX-99.1 Exhibit 99.1 News from Xerox Holdings Corporation Xerox Completes the Acquisition of Lexmark, Uniting Two Industry Leaders NORWALK, Conn., July 1, 2025 – Xerox Holdings Corporation (NASDAQ: XRX) today completed its acquisition of Lexmark International, Inc . from Ninestar Corporation, PAG Asia Capital, and Shanghai Shouda Investment Centre. The transaction, valued at $1.5 billion inclusive of assumed liabilities, marks a significant milestone in the company’s strategic transformation and reinforces its commitment to delivering innovative workplace solutions in an evolving hybrid environment. “We’ve long admired Lexmark’s strong print and managed print services reputation, robust client and partner base, and global presence. Over the years, we’ve b...",,,"1.01,2.01,2.03,3.02,7.01,8.01,9.01",Y,https://www.sec.gov/cgi-bin/browse-edgar?action=getcompany&CIK=1770450
0001641172-25-017613:ex99-1.htm,Jet.AI Inc.  (JTAI)  (CIK 0001861622),2025-07-02,"EX-99.1 4 ex99-1.htm EX-99.1 Exhibit 99.1 Jet.AI and Consensus Core Execute Definitive Agreement for Phased Execution of Canadian Hyperscale Data Center LAS VEGAS, June 26, 2025 (GLOBE NEWSWIRE) — Jet.AI Inc. (“Jet.AI” or the “Company”) (Nasdaq: JTAI) and Consensus Core Technologies Inc. (“Consensus Core”), a provider of high-performance GPU infrastructure and AI cloud services, announced the execution of a definitive agreement to jointly develop a phased hyperscale data center campus in Midwestern Canada (the “Midwestern Project” or “Project”). The initiative positions Jet.AI as a pure-play AI data center enterprise targeting critical infrastructure shortages in the rapidly expanding artificial intelligence market. The hyperscale campus is expected to leverage Canada’s significant low-cos...",,,"1.01,2.01,8.01,9.01",Y,https://www.sec.gov/cgi-bin/browse-edgar?action=getcompany&CIK=1861622
0001193125-25-155862:d98718dex992.htm,WNS (HOLDINGS) LTD  (WNS)  (CIK 0001356570),2025-07-07,"EX-99.2 4 d98718dex992.htm EX-99.2 EX-99.2 Exhibit 99.2 Capgemini and WNS Creating a leader in Intelligent Operations July 07, 2025 Disclaimers This presentation (together with any oral or supplemental information provided in connection therewith, this “Presentation”) is being delivered by or on behalf of Capgemini SE (“Capgemini” or the “Company”) in connection with Capgemini’s proposed acquisition of WNS (Holdings) Limited (“WNS”) (the “Transaction”). This disclaimer applies to this document and the verbal or written comments of any person presenting it. This Presentation is based on information provided by or on behalf of the Company and other sources. Any estimates and projections contained herein have been prepared or adopted by the management of the Company, obtained from public sour...",,,"1.01,7.01,8.01,9.01",Y,https://www.sec.gov/cgi-bin/browse-edgar?action=getcompany&CIK=1356570
0001628280-25-034372:pressrelease-cybersecurity.htm,Ingram Micro Holding Corp  (INGM)  (CIK 0001897762),2025-07-07,"EX-99.1 2 pressrelease-cybersecurity.htm EX-99.1 Document Exhibit 99.1 Ingram Micro Issues Statement Regarding Cybersecurity Incident IRVINE, Calif.—July 5, 2025 -- Ingram Micro Holding Corporation (NYSE: INGM) (“Ingram Micro” or the “Company”) today issued the following statement with respect to an ongoing system outage: Ingram Micro recently identified ransomware on certain of its internal systems. Promptly after learning of the issue, the Company took steps to secure the relevant environment, including proactively taking certain systems offline and implementing other mitigation measures. The Company also launched an investigation with the assistance of leading cybersecurity experts and notified law enforcement. Ingram Micro is working diligently to restore the affected systems so that i...",,,"8.01,9.01",Y,https://www.sec.gov/cgi-bin/browse-edgar?action=getcompany&CIK=1897762
0001213900-25-061649:ea024824001ex99-1_health.htm,"Healthcare Triangle, Inc.  (HCTI)  (CIK 0001839285)",2025-07-07,"EX-99.1 2 ea024824001ex99-1_health.htm PRESS RELEASE, DATED JULY 7, 2025 Exhibit 99.1 Healthcare Triangle, Inc. Announces Nasdaq Hearings Panel’s Grant of the Company’s Request for Continued Listing of its Securities. Pleasanton, California, July 7, 2025. (NewsMediaWire) -- Healthcare Triangle, Inc. (Nasdaq: HCTI) (“HCTI” or the “Company”), a visionary leader in digital transformation solutions for the healthcare and life sciences industries, today announced today announces that the Nasdaq Stock Market (or “Nasdaq”) Hearings Panel (or “the Company’s Panel”) has granted the company’s request for its continued listing of the Company’s securities on the Nasdaq. This decision followed a review of a Public Interest Concern raised by Nasdaq’s Listing Qualifications Department. After careful cons...",,,"8.01,9.01",Y,https://www.sec.gov/cgi-bin/browse-edgar?action=getcompany&CIK=1839285
0001758699-25-000019:exhibit99_1.htm,TRANSUITE.ORG INC.  (TRSO)  (CIK 0001758699),2025-07-08,"EX-99.1 3 exhibit99_1.htm PRESS RELEASE Press Release Transuite.Org Inc. (TRSO) Announces Proposed Acquisition of SolanAI Global Limited, a Leading AI Social Agent Company Las Vegas, NV — July 8, 2025 — Transuite.Org Inc. (OTCQB: TRSO), a Nevada-registered publicly traded company, today announced its intent to acquire a 51% stake in SolanAI Global Limited (“SolanAI”) , a privately held company specializing in AI Social Agent (ASA) technology . This strategic acquisition is expected to significantly enhance TRSO’s technological capabilities and market reach in the rapidly growing AI sector. A Pioneering AI Social Agent Platform Solan AI Social Agent is the world’s first AI Social Agent service platform , delivering hyper-realistic human-like interaction, multilingual support (100+ languages...",,,"1.01,7.01,9.01",Y,https://www.sec.gov/cgi-bin/browse-edgar?action=getcompany&CIK=1758699
0001104659-25-066301:tm2516378d2_ex99-1.htm,Monogram Technologies Inc.  (MGRM)  (CIK 0001769759),2025-07-08,"EX-99.1 2 tm2516378d2_ex99-1.htm EXHIBIT 99.1 Exhibit 99.1 Monogram Technologies Announces the Mandatory Conversion of 8.00% Series D Convertible Cumulative Preferred Stock AUSTIN, TX – July 8, 2025 - Monogram Technologies Inc. (NASDAQ: MGRM) (“Monogram” or the “Company”), an AI-driven robotics company revolutionizing orthopedic surgery, today announced the mandatory conversion of all outstanding shares of 8.00% Series D Convertible Cumulative Preferred Stock (the “Series D Preferred Stock”) that were issued in connection with the Company’s offering that closed on October 1, 2024 (the “Offering”). During the Offering, the Company issued and sold units, with each unit consisting of (a) one share of the Company’s Series D Preferred Stock and (b) one common stock purchase warrant to purchase ...",,,"3.03,8.01,9.01",Y,https://www.sec.gov/cgi-bin/browse-edgar?action=getcompany&CIK=1769759
0001663577-25-000222:ex99_1.htm,iQSTEL Inc  (IQST)  (CIK 0001527702),2025-07-09,"EX-99.1 5 ex99_1.htm PRESS RELEASE, DATED JULY 9, 2025 IQST – IQSTEL Strengthens Equity Position with $6.9 Million Debt Cut — Almost $2 Per Share New York, NY — July 9, 2025 — IQSTEL Inc. (NASDAQ: IQST), a leading global telecommunications and technology company, is pleased to announce a significant reduction of $6.9 million in debt from its balance sheet, marking a strategic milestone in the company’s ongoing financial strengthening and long-term growth plan. This debt reduction will have a direct and positive impact on the company’s net stockholders’ equity , which stood at $11.34 million as of Q1 2025 . The reduction was achieved through a combination of debt conversions into common shares and Series D Preferred Shares . The conversion into Series D Preferred Shares reflects investor co...",,,"1.01,2.03,3.02,3.03,5.03,7.01,9.01",Y,https://www.sec.gov/cgi-bin/browse-edgar?action=getcompany&CIK=1527702
0001641172-25-019584:form8-k.htm,"Brand Engagement Network Inc.  (BNAI, BNAIW)  (CIK 0001838163)",2025-07-15,"false 0001838163 0001838163 2025-07-14 2025-07-14 0001838163 BNAI:CommonStockParValue0.0001PerShareMember 2025-07-14 2025-07-14 0001838163 BNAI:RedeemableWarrantsEachWholeWarrantExercisableForOneShareOfCommonStockAtExercisePriceOf11.50PerShareMember 2025-07-14 2025-07-14 iso4217:USD xbrli:shares iso4217:USD xbrli:shares UNITED STATES SECURITIES AND EXCHANGE COMMISSION Washington, D.C. 20549 FORM 8-K CURRENT REPORT Pursuant to Section 13 or Section 15(d) of the Securities Exchange Act of 1934 Date of Report (Date of earliest event reported): July 14, 2025 Brand Engagement Network Inc. (Exact name of registrant as specified in its charter) Delaware 001-40130 98-1574798 (State or other jurisdiction of incorporation or organization) (Commission File Number) (I.R.S. Employer Identification No.)...",,,"5.02,8.01",Y,https://www.sec.gov/cgi-bin/browse-edgar?action=getcompany&CIK=1838163
0001493152-25-011263:ex99-1.htm,"Ainos, Inc.  (AIMD, AIMDW)  (CIK 0001014763)",2025-07-16,"EX-99.1 2 ex99-1.htm EX-99.1 Exhibit 99.1 Ainos Regains Nasdaq Compliance, Sets 90-Day Roadmap to Scale AI Nose Platform in 2026 Commercial Momentum Accelerates with Partnerships to Drive AI-Powered Scent Intelligence for IndustrialAI and HealthcareAI SAN DIEGO, CALIFORNIA / ACCESS Newswire / July 16, 2025 / Ainos, Inc. (NASDAQ:AIMD)(NASDAQ:AIMDW) (“Ainos” or the “Company”), a pioneer in AI-powered scent digitization, today announced it has regained compliance with the minimum bid price requirement for continued listing on The Nasdaq Capital Market. The compliance confirmation comes as Ainos gains momentum across its AI Nose platform, with strategic deployments, commercial partnerships, and a 90-day execution plan aimed at enabling large-scale commercialization by 2026. “Over the past six ...",,,"8.01,9.01",Y,https://www.sec.gov/cgi-bin/browse-edgar?action=getcompany&CIK=1014763
0000070858-25-000254:bac063025ex992.htm,"BANK OF AMERICA CORP /DE/  (BAC, BAC-PB, BAC-PE, BAC-PK, BAC-PL, BAC-PM, BAC-PN, BAC-PO, BAC-PP, BML-PG, BML-PH, BML-PJ, BML-PL)  (CIK 0000070858)",2025-07-16,"EX-99.2 3 bac063025ex992.htm THE PRESENTATION MATERIALS bac063025ex992 Bank of America 2Q25 Financial Results July 16, 2025 Note: ROE stands for return on average common shareholders’ equity. ROTCE stands for return on average tangible common shareholders’ equity. ROA stands for return on average assets. 1 Revenue, net of interest expense. 2 Diluted earnings per share. 3 End of period (EOP). 4 CET1 stands for common equity tier 1 capital. CET1 ratio at June 30, 2025, is preliminary. 5 GLS stands for average Global Liquidity Sources. See note A on slide 30 for definition of Global Liquidity Sources. 6 Represents a non-GAAP financial measure. For important presentation information, see slide 33. 2Q25 Highlights 2 Growth in earnings Continued balance sheet strength Healthy returns Revenue $26...",,,,REVIEW,https://www.sec.gov/cgi-bin/browse-edgar?action=getcompany&CIK=70858
0000070858-25-000254:bac063025ex992.htm,"BANK OF AMERICA CORP /DE/  (BAC, BAC-PB, BAC-PE, BAC-PK, BAC-PL, BAC-PM, BAC-PN, BAC-PO, BAC-PP, BML-PG, BML-PH, BML-PJ, BML-PL)  (CIK 0000070858)",2025-07-16,"EX-99.2 3 bac063025ex992.htm THE PRESENTATION MATERIALS bac063025ex992 Bank of America 2Q25 Financial Results July 16, 2025 Note: ROE stands for return on average common shareholders’ equity. ROTCE stands for return on average tangible common shareholders’ equity. ROA stands for return on average assets. 1 Revenue, net of interest expense. 2 Diluted earnings per share. 3 End of period (EOP). 4 CET1 stands for common equity tier 1 capital. CET1 ratio at June 30, 2025, is preliminary. 5 GLS stands for average Global Liquidity Sources. See note A on slide 30 for definition of Global Liquidity Sources. 6 Represents a non-GAAP financial measure. For important presentation information, see slide 33. 2Q25 Highlights 2 Growth in earnings Continued balance sheet strength Healthy returns Revenue $26...",,,,REVIEW,https://www.sec.gov/cgi-bin/browse-edgar?action=getcompany&CIK=70858
0000070858-25-000254:bac063025ex992.htm,"BANK OF AMERICA CORP /DE/  (BAC, BAC-PB, BAC-PE, BAC-PK, BAC-PL, BAC-PM, BAC-PN, BAC-PO, BAC-PP, BML-PG, BML-PH, BML-PJ, BML-PL)  (CIK 0000070858)",2025-07-16,"EX-99.2 3 bac063025ex992.htm THE PRESENTATION MATERIALS bac063025ex992 Bank of America 2Q25 Financial Results July 16, 2025 Note: ROE stands for return on average common shareholders’ equity. ROTCE stands for return on average tangible common shareholders’ equity. ROA stands for return on average assets. 1 Revenue, net of interest expense. 2 Diluted earnings per share. 3 End of period (EOP). 4 CET1 stands for common equity tier 1 capital. CET1 ratio at June 30, 2025, is preliminary. 5 GLS stands for average Global Liquidity Sources. See note A on slide 30 for definition of Global Liquidity Sources. 6 Represents a non-GAAP financial measure. For important presentation information, see slide 33. 2Q25 Highlights 2 Growth in earnings Continued balance sheet strength Healthy returns Revenue $26...",,,,REVIEW,https://www.sec.gov/cgi-bin/browse-edgar?action=getcompany&CIK=70858
0000070858-25-000254:bac063025ex992.htm,"BANK OF AMERICA CORP /DE/  (BAC, BAC-PB, BAC-PE, BAC-PK, BAC-PL, BAC-PM, BAC-PN, BAC-PO, BAC-PP, BML-PG, BML-PH, BML-PJ, BML-PL)  (CIK 0000070858)",2025-07-16,"EX-99.2 3 bac063025ex992.htm THE PRESENTATION MATERIALS bac063025ex992 Bank of America 2Q25 Financial Results July 16, 2025 Note: ROE stands for return on average common shareholders’ equity. ROTCE stands for return on average tangible common shareholders’ equity. ROA stands for return on average assets. 1 Revenue, net of interest expense. 2 Diluted earnings per share. 3 End of period (EOP). 4 CET1 stands for common equity tier 1 capital. CET1 ratio at June 30, 2025, is preliminary. 5 GLS stands for average Global Liquidity Sources. See note A on slide 30 for definition of Global Liquidity Sources. 6 Represents a non-GAAP financial measure. For important presentation information, see slide 33. 2Q25 Highlights 2 Growth in earnings Continued balance sheet strength Healthy returns Revenue $26...",,,,REVIEW,https://www.sec.gov/cgi-bin/browse-edgar?action=getcompany&CIK=70858
0000070858-25-000254:bac063025ex992.htm,"BANK OF AMERICA CORP /DE/  (BAC, BAC-PB, BAC-PE, BAC-PK, BAC-PL, BAC-PM, BAC-PN, BAC-PO, BAC-PP, BML-PG, BML-PH, BML-PJ, BML-PL)  (CIK 0000070858)",2025-07-16,"EX-99.2 3 bac063025ex992.htm THE PRESENTATION MATERIALS bac063025ex992 Bank of America 2Q25 Financial Results July 16, 2025 Note: ROE stands for return on average common shareholders’ equity. ROTCE stands for return on average tangible common shareholders’ equity. ROA stands for return on average assets. 1 Revenue, net of interest expense. 2 Diluted earnings per share. 3 End of period (EOP). 4 CET1 stands for common equity tier 1 capital. CET1 ratio at June 30, 2025, is preliminary. 5 GLS stands for average Global Liquidity Sources. See note A on slide 30 for definition of Global Liquidity Sources. 6 Represents a non-GAAP financial measure. For important presentation information, see slide 33. 2Q25 Highlights 2 Growth in earnings Continued balance sheet strength Healthy returns Revenue $26...",,,,REVIEW,https://www.sec.gov/cgi-bin/browse-edgar?action=getcompany&CIK=70858
0000070858-25-000254:bac063025ex992.htm,"BANK OF AMERICA CORP /DE/  (BAC, BAC-PB, BAC-PE, BAC-PK, BAC-PL, BAC-PM, BAC-PN, BAC-PO, BAC-PP, BML-PG, BML-PH, BML-PJ, BML-PL)  (CIK 0000070858)",2025-07-16,"EX-99.2 3 bac063025ex992.htm THE PRESENTATION MATERIALS bac063025ex992 Bank of America 2Q25 Financial Results July 16, 2025 Note: ROE stands for return on average common shareholders’ equity. ROTCE stands for return on average tangible common shareholders’ equity. ROA stands for return on average assets. 1 Revenue, net of interest expense. 2 Diluted earnings per share. 3 End of period (EOP). 4 CET1 stands for common equity tier 1 capital. CET1 ratio at June 30, 2025, is preliminary. 5 GLS stands for average Global Liquidity Sources. See note A on slide 30 for definition of Global Liquidity Sources. 6 Represents a non-GAAP financial measure. For important presentation information, see slide 33. 2Q25 Highlights 2 Growth in earnings Continued balance sheet strength Healthy returns Revenue $26...",,,,REVIEW,https://www.sec.gov/cgi-bin/browse-edgar?action=getcompany&CIK=70858
0000070858-25-000254:bac063025ex992.htm,"BANK OF AMERICA CORP /DE/  (BAC, BAC-PB, BAC-PE, BAC-PK, BAC-PL, BAC-PM, BAC-PN, BAC-PO, BAC-PP, BML-PG, BML-PH, BML-PJ, BML-PL)  (CIK 0000070858)",2025-07-16,"EX-99.2 3 bac063025ex992.htm THE PRESENTATION MATERIALS bac063025ex992 Bank of America 2Q25 Financial Results July 16, 2025 Note: ROE stands for return on average common shareholders’ equity. ROTCE stands for return on average tangible common shareholders’ equity. ROA stands for return on average assets. 1 Revenue, net of interest expense. 2 Diluted earnings per share. 3 End of period (EOP). 4 CET1 stands for common equity tier 1 capital. CET1 ratio at June 30, 2025, is preliminary. 5 GLS stands for average Global Liquidity Sources. See note A on slide 30 for definition of Global Liquidity Sources. 6 Represents a non-GAAP financial measure. For important presentation information, see slide 33. 2Q25 Highlights 2 Growth in earnings Continued balance sheet strength Healthy returns Revenue $26...",,,,REVIEW,https://www.sec.gov/cgi-bin/browse-edgar?action=getcompany&CIK=70858
0000070858-25-000254:bac063025ex992.htm,"BANK OF AMERICA CORP /DE/  (BAC, BAC-PB, BAC-PE, BAC-PK, BAC-PL, BAC-PM, BAC-PN, BAC-PO, BAC-PP, BML-PG, BML-PH, BML-PJ, BML-PL)  (CIK 0000070858)",2025-07-16,"EX-99.2 3 bac063025ex992.htm THE PRESENTATION MATERIALS bac063025ex992 Bank of America 2Q25 Financial Results July 16, 2025 Note: ROE stands for return on average common shareholders’ equity. ROTCE stands for return on average tangible common shareholders’ equity. ROA stands for return on average assets. 1 Revenue, net of interest expense. 2 Diluted earnings per share. 3 End of period (EOP). 4 CET1 stands for common equity tier 1 capital. CET1 ratio at June 30, 2025, is preliminary. 5 GLS stands for average Global Liquidity Sources. See note A on slide 30 for definition of Global Liquidity Sources. 6 Represents a non-GAAP financial measure. For important presentation information, see slide 33. 2Q25 Highlights 2 Growth in earnings Continued balance sheet strength Healthy returns Revenue $26...",,,,REVIEW,https://www.sec.gov/cgi-bin/browse-edgar?action=getcompany&CIK=70858
0000070858-25-000254:bac063025ex992.htm,"BANK OF AMERICA CORP /DE/  (BAC, BAC-PB, BAC-PE, BAC-PK, BAC-PL, BAC-PM, BAC-PN, BAC-PO, BAC-PP, BML-PG, BML-PH, BML-PJ, BML-PL)  (CIK 0000070858)",2025-07-16,"EX-99.2 3 bac063025ex992.htm THE PRESENTATION MATERIALS bac063025ex992 Bank of America 2Q25 Financial Results July 16, 2025 Note: ROE stands for return on average common shareholders’ equity. ROTCE stands for return on average tangible common shareholders’ equity. ROA stands for return on average assets. 1 Revenue, net of interest expense. 2 Diluted earnings per share. 3 End of period (EOP). 4 CET1 stands for common equity tier 1 capital. CET1 ratio at June 30, 2025, is preliminary. 5 GLS stands for average Global Liquidity Sources. See note A on slide 30 for definition of Global Liquidity Sources. 6 Represents a non-GAAP financial measure. For important presentation information, see slide 33. 2Q25 Highlights 2 Growth in earnings Continued balance sheet strength Healthy returns Revenue $26...",,,,REVIEW,https://www.sec.gov/cgi-bin/browse-edgar?action=getcompany&CIK=70858
0000070858-25-000254:bac063025ex992.htm,"BANK OF AMERICA CORP /DE/  (BAC, BAC-PB, BAC-PE, BAC-PK, BAC-PL, BAC-PM, BAC-PN, BAC-PO, BAC-PP, BML-PG, BML-PH, BML-PJ, BML-PL)  (CIK 0000070858)",2025-07-16,"EX-99.2 3 bac063025ex992.htm THE PRESENTATION MATERIALS bac063025ex992 Bank of America 2Q25 Financial Results July 16, 2025 Note: ROE stands for return on average common shareholders’ equity. ROTCE stands for return on average tangible common shareholders’ equity. ROA stands for return on average assets. 1 Revenue, net of interest expense. 2 Diluted earnings per share. 3 End of period (EOP). 4 CET1 stands for common equity tier 1 capital. CET1 ratio at June 30, 2025, is preliminary. 5 GLS stands for average Global Liquidity Sources. See note A on slide 30 for definition of Global Liquidity Sources. 6 Represents a non-GAAP financial measure. For important presentation information, see slide 33. 2Q25 Highlights 2 Growth in earnings Continued balance sheet strength Healthy returns Revenue $26...",,,,REVIEW,https://www.sec.gov/cgi-bin/browse-edgar?action=getcompany&CIK=70858
0000070858-25-000254:bac063025ex992.htm,"BANK OF AMERICA CORP /DE/  (BAC, BAC-PB, BAC-PE, BAC-PK, BAC-PL, BAC-PM, BAC-PN, BAC-PO, BAC-PP, BML-PG, BML-PH, BML-PJ, BML-PL)  (CIK 0000070858)",2025-07-16,"EX-99.2 3 bac063025ex992.htm THE PRESENTATION MATERIALS bac063025ex992 Bank of America 2Q25 Financial Results July 16, 2025 Note: ROE stands for return on average common shareholders’ equity. ROTCE stands for return on average tangible common shareholders’ equity. ROA stands for return on average assets. 1 Revenue, net of interest expense. 2 Diluted earnings per share. 3 End of period (EOP). 4 CET1 stands for common equity tier 1 capital. CET1 ratio at June 30, 2025, is preliminary. 5 GLS stands for average Global Liquidity Sources. See note A on slide 30 for definition of Global Liquidity Sources. 6 Represents a non-GAAP financial measure. For important presentation information, see slide 33. 2Q25 Highlights 2 Growth in earnings Continued balance sheet strength Healthy returns Revenue $26...",,,,REVIEW,https://www.sec.gov/cgi-bin/browse-edgar?action=getcompany&CIK=70858
0000070858-25-000254:bac063025ex992.htm,"BANK OF AMERICA CORP /DE/  (BAC, BAC-PB, BAC-PE, BAC-PK, BAC-PL, BAC-PM, BAC-PN, BAC-PO, BAC-PP, BML-PG, BML-PH, BML-PJ, BML-PL)  (CIK 0000070858)",2025-07-16,"EX-99.2 3 bac063025ex992.htm THE PRESENTATION MATERIALS bac063025ex992 Bank of America 2Q25 Financial Results July 16, 2025 Note: ROE stands for return on average common shareholders’ equity. ROTCE stands for return on average tangible common shareholders’ equity. ROA stands for return on average assets. 1 Revenue, net of interest expense. 2 Diluted earnings per share. 3 End of period (EOP). 4 CET1 stands for common equity tier 1 capital. CET1 ratio at June 30, 2025, is preliminary. 5 GLS stands for average Global Liquidity Sources. See note A on slide 30 for definition of Global Liquidity Sources. 6 Represents a non-GAAP financial measure. For important presentation information, see slide 33. 2Q25 Highlights 2 Growth in earnings Continued balance sheet strength Healthy returns Revenue $26...",,,,REVIEW,https://www.sec.gov/cgi-bin/browse-edgar?action=getcompany&CIK=70858
0000070858-25-000254:bac063025ex992.htm,"BANK OF AMERICA CORP /DE/  (BAC, BAC-PB, BAC-PE, BAC-PK, BAC-PL, BAC-PM, BAC-PN, BAC-PO, BAC-PP, BML-PG, BML-PH, BML-PJ, BML-PL)  (CIK 0000070858)",2025-07-16,"EX-99.2 3 bac063025ex992.htm THE PRESENTATION MATERIALS bac063025ex992 Bank of America 2Q25 Financial Results July 16, 2025 Note: ROE stands for return on average common shareholders’ equity. ROTCE stands for return on average tangible common shareholders’ equity. ROA stands for return on average assets. 1 Revenue, net of interest expense. 2 Diluted earnings per share. 3 End of period (EOP). 4 CET1 stands for common equity tier 1 capital. CET1 ratio at June 30, 2025, is preliminary. 5 GLS stands for average Global Liquidity Sources. See note A on slide 30 for definition of Global Liquidity Sources. 6 Represents a non-GAAP financial measure. For important presentation information, see slide 33. 2Q25 Highlights 2 Growth in earnings Continued balance sheet strength Healthy returns Revenue $26...",,,,REVIEW,https://www.sec.gov/cgi-bin/browse-edgar?action=getcompany&CIK=70858
0000070858-25-000254:bac063025ex992.htm,"BANK OF AMERICA CORP /DE/  (BAC, BAC-PB, BAC-PE, BAC-PK, BAC-PL, BAC-PM, BAC-PN, BAC-PO, BAC-PP, BML-PG, BML-PH, BML-PJ, BML-PL)  (CIK 0000070858)",2025-07-16,"EX-99.2 3 bac063025ex992.htm THE PRESENTATION MATERIALS bac063025ex992 Bank of America 2Q25 Financial Results July 16, 2025 Note: ROE stands for return on average common shareholders’ equity. ROTCE stands for return on average tangible common shareholders’ equity. ROA stands for return on average assets. 1 Revenue, net of interest expense. 2 Diluted earnings per share. 3 End of period (EOP). 4 CET1 stands for common equity tier 1 capital. CET1 ratio at June 30, 2025, is preliminary. 5 GLS stands for average Global Liquidity Sources. See note A on slide 30 for definition of Global Liquidity Sources. 6 Represents a non-GAAP financial measure. For important presentation information, see slide 33. 2Q25 Highlights 2 Growth in earnings Continued balance sheet strength Healthy returns Revenue $26...",,,,REVIEW,https://www.sec.gov/cgi-bin/browse-edgar?action=getcompany&CIK=70858
0000070858-25-000254:bac063025ex992.htm,"BANK OF AMERICA CORP /DE/  (BAC, BAC-PB, BAC-PE, BAC-PK, BAC-PL, BAC-PM, BAC-PN, BAC-PO, BAC-PP, BML-PG, BML-PH, BML-PJ, BML-PL)  (CIK 0000070858)",2025-07-16,"EX-99.2 3 bac063025ex992.htm THE PRESENTATION MATERIALS bac063025ex992 Bank of America 2Q25 Financial Results July 16, 2025 Note: ROE stands for return on average common shareholders’ equity. ROTCE stands for return on average tangible common shareholders’ equity. ROA stands for return on average assets. 1 Revenue, net of interest expense. 2 Diluted earnings per share. 3 End of period (EOP). 4 CET1 stands for common equity tier 1 capital. CET1 ratio at June 30, 2025, is preliminary. 5 GLS stands for average Global Liquidity Sources. See note A on slide 30 for definition of Global Liquidity Sources. 6 Represents a non-GAAP financial measure. For important presentation information, see slide 33. 2Q25 Highlights 2 Growth in earnings Continued balance sheet strength Healthy returns Revenue $26...",,,,REVIEW,https://www.sec.gov/cgi-bin/browse-edgar?action=getcompany&CIK=70858
0000070858-25-000254:bac063025ex992.htm,"BANK OF AMERICA CORP /DE/  (BAC, BAC-PB, BAC-PE, BAC-PK, BAC-PL, BAC-PM, BAC-PN, BAC-PO, BAC-PP, BML-PG, BML-PH, BML-PJ, BML-PL)  (CIK 0000070858)",2025-07-16,"EX-99.2 3 bac063025ex992.htm THE PRESENTATION MATERIALS bac063025ex992 Bank of America 2Q25 Financial Results July 16, 2025 Note: ROE stands for return on average common shareholders’ equity. ROTCE stands for return on average tangible common shareholders’ equity. ROA stands for return on average assets. 1 Revenue, net of interest expense. 2 Diluted earnings per share. 3 End of period (EOP). 4 CET1 stands for common equity tier 1 capital. CET1 ratio at June 30, 2025, is preliminary. 5 GLS stands for average Global Liquidity Sources. See note A on slide 30 for definition of Global Liquidity Sources. 6 Represents a non-GAAP financial measure. For important presentation information, see slide 33. 2Q25 Highlights 2 Growth in earnings Continued balance sheet strength Healthy returns Revenue $26...",,,,REVIEW,https://www.sec.gov/cgi-bin/browse-edgar?action=getcompany&CIK=70858
0000070858-25-000254:bac063025ex992.htm,"BANK OF AMERICA CORP /DE/  (BAC, BAC-PB, BAC-PE, BAC-PK, BAC-PL, BAC-PM, BAC-PN, BAC-PO, BAC-PP, BML-PG, BML-PH, BML-PJ, BML-PL)  (CIK 0000070858)",2025-07-16,"EX-99.2 3 bac063025ex992.htm THE PRESENTATION MATERIALS bac063025ex992 Bank of America 2Q25 Financial Results July 16, 2025 Note: ROE stands for return on average common shareholders’ equity. ROTCE stands for return on average tangible common shareholders’ equity. ROA stands for return on average assets. 1 Revenue, net of interest expense. 2 Diluted earnings per share. 3 End of period (EOP). 4 CET1 stands for common equity tier 1 capital. CET1 ratio at June 30, 2025, is preliminary. 5 GLS stands for average Global Liquidity Sources. See note A on slide 30 for definition of Global Liquidity Sources. 6 Represents a non-GAAP financial measure. For important presentation information, see slide 33. 2Q25 Highlights 2 Growth in earnings Continued balance sheet strength Healthy returns Revenue $26...",,,,REVIEW,https://www.sec.gov/cgi-bin/browse-edgar?action=getcompany&CIK=70858
0001829126-25-005119:aeriestech_ex99-1.htm,"Aeries Technology, Inc.  (AERT, AERTW)  (CIK 0001853044)",2025-07-17,"EX-99.1 2 aeriestech_ex99-1.htm EXHIBIT 99.1 Exhibit 99.1 Aeries Technology Regains Compliance with Nasdaq Listing Requirements New York, July 17, 2025 - Aeries Technology (Nasdaq: AERT), a global leader in AI-powered value creation, business transformation, and Global Capability Center (GCC) delivery for private-equity (PE) portfolio companies, today announced that it has restored compliance with the minimum bid price requirement under Nasdaq Listing Rule 5550(a)(2) and will continue to trade on the Nasdaq Capital Market. No hearing or appeal process was necessary, and the matter is now fully closed. “We’re pleased to have restored compliance and appreciate the continued support of our shareholders as we focus on execution and long-term value creation,” said Ajay Khare, Chief Executive Of...",,,"7.01,8.01,9.01",Y,https://www.sec.gov/cgi-bin/browse-edgar?action=getcompany&CIK=1853044
0001213900-25-064887:ea024931301ex99-1_defi.htm,DeFi Development Corp.  (DFDV)  (CIK 0001805526),2025-07-17,"EX-99.1 2 ea024931301ex99-1_defi.htm PRESS RELEASE DATED JULY 17, 2025 Exhibit 99.1 DeFi Dev Corp. Announces Global Expansion Through Strategic Treasury Franchising Model - DFDV Treasury Accelerator Partnerships with Kraken, Pantera, Arrington, RK Capital, and Borderless Capital to Power Global Rollout BOCA RATON, FL — July 17, 2025 — DeFi Development Corp. (Nasdaq: DFDV) (the “Company”), the first public company with a treasury strategy built to accumulate and compound Solana (“SOL”), today announced the launch of its international expansion initiative: a strategic franchise model designed to support regional public Solana treasury vehicles around the world. This initiative, branded as the DFDV Treasury Accelerator , is launching with support from a consortium of global partners – Kraken,...",,,"8.01,9.01",Y,https://www.sec.gov/cgi-bin/browse-edgar?action=getcompany&CIK=1805526
0001477932-25-005149:fstj_8ka.htm,First America Resources Corp  (FSTJ)  (CIK 0001525306),2025-07-18,"fstj_8ka.htm 0001525306 true Amendment 0001525306 2025-04-16 2025-04-16 iso4217:USD xbrli:shares iso4217:USD xbrli:shares UNITED STATES SECURITIES AND EXCHANGE COMMISSION WASHINGTON, D.C. 20549 FORM 8-K/A CURRENT REPORT PURSUANT TO SECTION 13 OR 15(d) OF THE SECURITIES EXCHANGE ACT OF 1934 Date of Report (Date of earliest event reported): April 16, 2025 Amendment No 1 First America Resources Corporation (Name of registrant as specified in its charter) Nevada 333-175482 27-2563052 (State or other jurisdiction of incorporation or organization) (SEC File No.) (IRS Employer Identification Number) 1000 East Armstrong Street Morris , IL 60450 (Address of principal executive offices) (Zip Code) Issuer’s telephone number: 815 - 941-9888 Check the appropriate box below if the Form 8-K filing is int...",,,"1.01,2.01,3.02,5.06",Y,https://www.sec.gov/cgi-bin/browse-edgar?action=getcompany&CIK=1525306
0001641172-25-020247:ex99-01.htm,"Adapti, Inc.  (ADTI)  (CIK 0001420924)",2025-07-18,"EX-99.01 7 ex99-01.htm EX-99.01 Exhibit 99.01 Adapti, Inc. (OTC: ADTI) Announces Closing of The Ballengee Group Acquisition Company Intends to Begin a New Era in AI-Driven Sports and Social Media Management Las Vegas, NV – July 17, 2025 – Adapti, Inc. (OTC: ADTI) announced that on July 14, 2025, it has closed its acquisition of 100% of the membership interests of The Ballengee Group, LLC, (“Ballengee”) a Dallas-based baseball sports management agency which represents approximately 200 professional athletes. Pursuant to the acquisition, the security holders of Ballengee are entitled to receive: (i) 6,500,000 shares of Common Stock of Adapti, (ii) a promissory note in the principal amount of $7,500,000 (the “Note”), and (iii) contingent earnout consideration of up to $20,000,000, payable in ...",,,"1.01,2.01,2.03,3.02,5.01,5.02,8.01,9.01",Y,https://www.sec.gov/cgi-bin/browse-edgar?action=getcompany&CIK=1420924
0001641172-25-020156:ex10-1.htm,"Phoenix Plus Corp.  (PXPC, PXPCD)  (CIK 0001785493)",2025-07-18,"EX-10.1 2 ex10-1.htm EX-10.1 Exhibit 10.1 Dated July 15, 2025 SOFTWARE PURCHASE AGREEMENT AMONG SUNRAY EQUITY GROUP LIMITED (Registration No. 2181544) (THE “SELLER”) AND PHOENIX PLUS CORP (ENTITY No. E0517742018-6) (THE “PURCHASER”) TABLE OF CONTENTS CONTENTS PAGE 1. Definitions and Interpretation 1 2. SALE AND PURCHASE OF SOFTWARE 4 3. PURCHASE CONSIDERATION OF SOFTWARE 5 4. COMPLETION OF SALE AND PURCHASE OF SOFTWARE 6 5. REPRESENTATIONS AND WARRANTIES 6 6. INDEMNIFICATION 8 7. DURATION AND TERMINATION OF AGREEMENT 8 8. SPECIFIC PERFORMANCE 9 9. FURTHER ASSURANCE 9 10. TAXES 9 11. CONFIDENTIALITY 9 12. NOTICES 10 13. RIGHTS AND REMEDIES 11 14. FORCE MAJEURE 11 15. AMENDMENTS AND WAIVERS 11 16. ASSIGNMENT 12 17. SUCCESSORS AND ASSIGNS 12 18. NO AGENCY 12 19. ENTIRE AGREEMENT 12 20. TIME 1...",,,"1.01,9.01",Y,https://www.sec.gov/cgi-bin/browse-edgar?action=getcompany&CIK=1785493
0001213900-25-065900:ea024957601ex99-1_ondas.htm,Ondas Holdings Inc.  (ONDS)  (CIK 0001646188),2025-07-21,"EX-99.1 2 ea024957601ex99-1_ondas.htm PRESS RELEASE, DATED JULY 21, 2025 Exhibit 99.1 Ondas Holdings Retires All Outstanding Convertible Notes, Fortifies Strong Balance Sheet and Liquidity Position BOSTON, MA / July 21, 2025 / Ondas Holdings Inc. (NASDAQ: ONDS) (“Ondas” or the “Company”), a leading provider of private industrial wireless networks and autonomous drone and data solutions through its Ondas Networks and Ondas Autonomous Systems business units, today announced the full retirement of its outstanding convertible notes. As of July 18, 2025, all previously issued convertible notes of Ondas, including the 2023 Additional Notes, the December 3, 2024 Additional Notes, the December 17, 2024 Additional Notes, and the December 31, 2024 Additional Notes, have been fully settled and no lon...",,,"8.01,9.01",Y,https://www.sec.gov/cgi-bin/browse-edgar?action=getcompany&CIK=1646188
0001829126-25-005217:skyconstantcentury_8k.htm,Sky Constant Century Inc.  (CIK 0001573766),2025-07-21,"false 0001573766 0001573766 2025-07-21 2025-07-21 iso4217:USD xbrli:shares iso4217:USD xbrli:shares UNITED STATES SECURITIES AND EXCHANGE COMMISSION WASHINGTON, DC 20549 FORM 8-K CURRENT REPORT Pursuant to Section 13 or 15(d) of the Securities Exchange Act of 1934 Date of Report (Date of Earliest Event Reported): July 21, 2025 SKY CONSTANT CENTURY INC . (Exact name of registrant as specified in its charter) Delaware 000-54956 46-2323674 (State or other jurisdiction of incorporation) (Commission File Number) (IRS Employer Identification No.) Room 1805-06 , Tower 6 , 33 Canton Road Tsim Sha Tsui , Hong Kong 00000 (Address of principal executive offices & zip code) ( +86 ) 18217702866 (Registrants’ telephone number) Check the appropriate box below if the Form 8-K filing is intended to simulta...",,,8.01,Y,https://www.sec.gov/cgi-bin/browse-edgar?action=getcompany&CIK=1573766
0001663577-25-000247:ex99_1.htm,iQSTEL Inc  (IQST)  (CIK 0001527702),2025-07-21,"EX-99.1 2 ex99_1.htm PRESS RELEASE, DATED JULY 21, 2025 IQST - IQSTEL Issues Recap Shareholder Letter Highlighting $2 Debt Reduction Per Share, $400 Million Run Rate in Q3 (Ahead of Schedule), and Analyst Coverage Targeting $18–$22 Price Range Company Recaps Milestones After Two Months on NASDAQ: Accelerated Growth, Strengthened Balance Sheet, Launch of High-Margin Tech Products, and Strategic Acquisition of Globetopper New York, NY – July 21, 2025 — IQSTEL Inc. (NASDAQ: IQST) has released a shareholder letter reflecting on its strategic and financial achievements during its first two months trading on the NASDAQ. The letter outlines the company’s accelerating growth trajectory, successful execution of its high-margin technology strategy, strengthened capital structure, and enhanced instit...",,,"2.01,9.01",Y,https://www.sec.gov/cgi-bin/browse-edgar?action=getcompany&CIK=1527702
0001883085-25-000157:projectprism_closingpr.htm,"Pagaya Technologies Ltd.  (PGY, PGYWW)  (CIK 0001883085)",2025-07-28,"EX-99.1 4 projectprism_closingpr.htm EX-99.1 projectprism_closingpr Pagaya Closes Upsized $500 Million 8.875% Senior Unsecured Notes Offering, Signaling Strong Investor Confidence ● 5x oversubscribed transaction reflects robust investor interest in Pagaya as one of the first fintechs to access the senior notes market ● Refinancing transaction materially lowers cost of capital, enhances capital efficiency, while maintaining generally flat net leverage NEW YORK – July 28, 2025 – Pagaya Technologies Ltd. NASDAQ PGY (“Pagayaˮ or the “Companyˮ), a global technology company delivering AI-driven product solutions for the financial ecosystem, today announced the successful closing of its upsized offering of $500 million of 8.875% senior unsecured notes due 2030 (the “notesˮ). Net proceeds from ...",,,"1.01,8.01,9.01",Y,https://www.sec.gov/cgi-bin/browse-edgar?action=getcompany&CIK=1883085
0001660280-25-000087:q22025financialresults-ear.htm,"Tenable Holdings, Inc.  (TENB)  (CIK 0001660280)",2025-07-30,"EX-99.1 2 q22025financialresults-ear.htm EX-99.1 Document Tenable Announces Second Quarter 2025 Financial Results • Revenue of $247.3 million, up 12% year-over-year. • Calculated current billings of $238.6 million, up 8% year-over-year. • GAAP operating margin of (3)%; Non-GAAP operating margin of 19%. • Net cash provided by operating activities of $42.5 million; Unlevered free cash flow of $44.3 million. • Announced a $250 million expansion of our existing stock repurchase program. COLUMBIA, Maryland, July 30, 2025 — Tenable Holdings, Inc. (""Tenable"") (Nasdaq: TENB), the exposure management company, today announced financial results for the quarter ended June 30, 2025. ""We beat all of our guided metrics during the quarter, delivering 12% revenue growth and 19% operating margin,"" said Stev...",,,"2.02,8.01,9.01",Y,https://www.sec.gov/cgi-bin/browse-edgar?action=getcompany&CIK=1660280
0001104659-25-071952:tm2521918d1_ex99-1.htm,"Evolv Technologies Holdings, Inc.  (EVLV, EVLVW)  (CIK 0001805385)",2025-07-30,"EX-99.1 3 tm2521918d1_ex99-1.htm EXHIBIT 99.1 Exhibit 99.1 Evolv Technology Secures Up to $75 Million in Non-Dilutive Debt Financing – New Facility Supports Growing Demand for Company’s Long Term Subscription Model – Waltham, Massachusetts – July 30, 2025 – Evolv Technologies Holdings, Inc (NASDAQ: EVLV), a leading security technology company pioneering AI-based solutions designed to help create safer experiences, today announced that it has entered into a new $75 million credit facility with MidCap Financial, consisting of a $60 million tranched term loan ($30 million of which was drawn at close with an additional $30 million available to be drawn at the Company’s sole discretion over the next two years) and a $15 million undrawn revolving credit facility. The Company’s agreement includes...",,,"1.01,9.01",Y,https://www.sec.gov/cgi-bin/browse-edgar?action=getcompany&CIK=1805385
0001517375-25-000114:spt-20250730.htm,"Sprout Social, Inc.  (SPT)  (CIK 0001517375)",2025-07-30,"spt-20250730 0001517375 false 0001517375 2025-07-30 2025-07-30 UNITED STATES SECURITIES AND EXCHANGE COMMISSION Washington, D.C. 20549 FORM 8-K CURRENT REPORT PURSUANT TO SECTION 13 OR 15(d) OF THE SECURITIES EXCHANGE ACT OF 1934 Date of report (Date of earliest event reported): July 30, 2025 Sprout Social, Inc. (Exact Name of Registrant as Specified in its Charter) Delaware 001-39156 27-2404165 (State or Other Jurisdiction of Incorporation) (Commission File Number) (IRS Employer Identification No.) 131 South Dearborn St., Suite 700 60603 Chicago , Illinois (Address of Principal Executive Offices) (Zip Code) ( 866 ) 878-3231 (Registrant’s telephone number, including area code) Not applicable (Former Name or Former Address, if Changed Since Last Report) Check the appropriate box below if th...",,,"1.01,9.01",Y,https://www.sec.gov/cgi-bin/browse-edgar?action=getcompany&CIK=1517375
0001477932-25-005379:nbbi_ex102.htm,NEURALBASE AI LTD.  (NBBI)  (CIK 0001130781),2025-08-01,"EX-10.2 3 nbbi_ex102.htm ASSET TRANSFER AGREEMENT nbbi_ex102.htm EXHIBIT 10.2 ASSET TRANSFER AGREEMENT This ASSET TRANSFER AGREEMENT ( “Agreement” ) is made and entered into as of July 29, 2025, (the “Effective Date” ) by and among, on one hand, NeuralBase AI Ltd. , a Nevada corporation ( “Assignee” ), and Ahmed Mohammed Zaheer Uddin , an individual, ( “Assignor” ). Buyer and Seller are sometimes referred to herein individually as a “Party” and collectively as the “Parties” to this Agreement. The capitalized terms used herein and not otherwise defined herein have the meanings given to such terms as set forth in Appendix A hereto. BACKGROUND WHEREAS , on July 29, 2025, the Parties entered into an Asset Purchase Agreement, a copy of which is attached hereto as “ Exhibit A ”, (the “APA” ), pu...",,,"1.01,2.01,3.02,9.01",Y,https://www.sec.gov/cgi-bin/browse-edgar?action=getcompany&CIK=1130781
0001213900-25-070323:ea025122801ex99-1_ondas.htm,Ondas Holdings Inc.  (ONDS)  (CIK 0001646188),2025-08-01,"EX-99.1 2 ea025122801ex99-1_ondas.htm PRESS RELEASE, DATED AUGUST 1, 2025 Exhibit 99.1 Ondas Holdings Appoints Brigadier General (Res.) Yaniv Rotem to Ondas Autonomous Systems’ Advisory Board Newly Formed Advisory Board to Support OAS’s Global Expansion and Leadership in Autonomous Drone and AI-Powered Intelligence, Surveillance, and Reconnaissance (“ISR”) Platforms Mr. Rotem is Former Head of Military R&D at Israel’s Ministry of Defense to Guide Strategic Technology Development He Brings Deep Expertise in Air Defense, Laser Systems, and Advanced Weapons Programs BOSTON, MA / August 1, 2025 / Ondas Holdings Inc. (NASDAQ:ONDS) (“Ondas” or the “Company”), a leading provider of private industrial wireless networks and commercial drone and automated data solutions, today announced the appointm...",,,"8.01,9.01",Y,https://www.sec.gov/cgi-bin/browse-edgar?action=getcompany&CIK=1646188
0001096906-25-001226:fccn_ex99z1.htm,SPECTRAL CAPITAL Corp  (FCCN)  (CIK 0001131903),2025-08-04,"EX-99.1 4 fccn_ex99z1.htm PRESS RELEASE ISSUED BY SPECTRAL CAPITAL CORPORATION ON JULY 31, 2025 Spectral Capital Completes Acquisition of 42 Telecom Ltd. Integration of Spectral’s AI and quantum IP expected to transform 42 into enterprise-scale CRM and messaging powerhouse Acquisition includes $16 million in guaranteed profitable revenue for 2025 SEATTLE, August 4, 2025 /PRNewswire/ — Spectral Capital Corporation (OTC: FCCN), a technology company focused on the convergence of artificial intelligence and emerging quantum computing technologies, today announced that it has completed the acquisition of 42 Telecom Ltd. (“42”), a global provider of enterprise messaging infrastructure. The acquisition closed on August 3, 2025, following the execution of a Closing Certificate confirming the satis...",,,"1.01,2.01,9.01",Y,https://www.sec.gov/cgi-bin/browse-edgar?action=getcompany&CIK=1131903
0001213900-25-071124:ea025146901ex99-1_defi.htm,DeFi Development Corp.  (DFDV)  (CIK 0001805526),2025-08-04,"EX-99.1 2 ea025146901ex99-1_defi.htm PRESS RELEASE DATED AUGUST 4, 2025 Exhibit 99.1 DeFi Dev Corp. Purchases $18M SOL, Grows Treasury to 1.29M SOL BOCA RATON, FL — August 4, 2025 — DeFi Development Corp. (Nasdaq: DFDV) (the “Company”) the first public company with a treasury strategy built to accumulate and compound Solana (“SOL”), today announced it now holds approximately 1,293,562 SOL and SOL equivalents on its balance sheet, inclusive of rewards generated through staking and onchain activities. The increase follows the Company’s purchase of 110,466 SOL at an average purchase price of $166.61, representing a total value of approximately $18.4 million. As a result, the Company’s key performance metric, SOL per share (“SPS”), rose 7% to 0.0618 as of August 1, 2025. Below is a summary of ...",,,"7.01,8.01,9.01",Y,https://www.sec.gov/cgi-bin/browse-edgar?action=getcompany&CIK=1805526
0000950170-25-102108:mrin-ex99_1.htm,MARIN SOFTWARE INC  (MRINQ)  (CIK 0001389002),2025-08-04,"EX-99.1 2 mrin-ex99_1.htm EX-99.1 EX-99.1 Exhibit 99.1 CONFIRMATION VERSION IN THE UNITED STATES BANKRUPTCY COURT FOR THE DISTRICT OF DELAWARE In re: MARIN SOFTWARE INCORPORATED, 1 Debtor. Chapter 11 Case No. 25-11263 (LSS) FIRST AMENDED COMBINED DISCLOSURE STATEMENT AND PLAN OF REORGANIZATION OF MARIN SOFTWARE INCORPORATED UNDER CHAPTER 11 OF THE BANKRUPTCY CODE James E. O’Neill (DE Bar No. 4042) Debra I. Grassgreeen (admitted pro hac vice) Jason Rosell (admitted pro hac vice ) 919 North Market Street, 17th Floor P.O. Box 8750 Wilmington, Delaware 19899-8705 Tel: 302-652-4100 Email: joneill@pszjlaw.com dgrassgreen@pszjlaw.com jrosell@pszjlaw.com Counsel to the Debtor Dated: July 30, 2025 1 The last four digits of the Debtor’s federal tax identification number are 7180. The Debtor’s addres...",,,"1.01,1.03,2.03,9.01",Y,https://www.sec.gov/cgi-bin/browse-edgar?action=getcompany&CIK=1389002
0001641172-25-022152:ex99-1.htm,"CISO Global, Inc.  (CISO)  (CIK 0001777319)",2025-08-05,"EX-99.1 5 ex99-1.htm EX-99.1 Exhibit 99.1 FOR IMMEDIATE RELEASE CISO Global Completes Balance Sheet Restructuring as Key Investors Exchange Over $9 Million of Debt into Preferred Shares Scottsdale, AZ — August 5, 2025 — CISO Global (NASDAQ: CISO), a premier provider of AI-powered cybersecurity software and compliance services, announced today a significant investor-driven financial restructuring. Over $9 million in convertible debt was exchanged into newly issued Preferred Shares by two strategic long-term investors. Both principal investors involved in this restructuring have a longstanding commitment to CISO Global, with one serving as a current Director and the other as a member of the Advisory Board. Their decision to convert their notes underscores their confidence in the Company’s st...",,,"1.01,3.02,5.03,7.01,9.01",Y,https://www.sec.gov/cgi-bin/browse-edgar?action=getcompany&CIK=1777319
0001641172-25-022535:ex99-1.htm,"Lottery.com Inc.  (SEGG, LTRYW)  (CIK 0001673481)",2025-08-07,"EX-99.1 2 ex99-1.htm EX-99.1 Exhibit 99.1 FOR OFFICIAL RELEASE 5049 Edwards Ranch Rd, 4 th Floor Fort Worth, TX 76109 SEGG Media Completes $10 Million Acquisition of GXR World Sports Platform Transaction Rounds Out $20 Million Month for Company Fort Worth, Texas SEGG Media Corporation (NASDAQ: SEGG, LTRYW) (“SEGG Media” or the “Company”), a leading technology company owning Sports.com, Concerts.com, and Lottery.com, today announced it has completed a $10 million acquisition of the technology assets and current active user base of more than 1,000,000 from GXR Racer Holdings Limited (“GXR”) (the “Transaction”). The Transaction marks SEGG Media’s second completed acquisition in July following the earlier acquisition of Concerts.com. The total pre-money valuation of the Company’s completed Jul...",,,"1.01,9.01",Y,https://www.sec.gov/cgi-bin/browse-edgar?action=getcompany&CIK=1673481
0001641172-25-022621:ex99-1.htm,"Algorhythm Holdings, Inc.  (RIME)  (CIK 0000923601)",2025-08-07,"EX-99.1 3 ex99-1.htm EX-99.1 Exhibit 99.1 FOR IMMEDIATE RELEASE Algorhythm Completes $4.5 Million Sale of Singing Machine Karaoke Business Accelerated SemiCab Momentum Fuels Capital Shift Toward Growth Fort Lauderdale, FL , August 4, 2025 – Algorhythm Holdings, Inc. (“Algorhythm”) (NASDAQ: RIME ), a leading AI technology and consumer electronics holding company, announced today that it has sold its Singing Machine karaoke consumer electronics business to Stingray (“Stingray”), an industry leader in music and video content distribution, business services, and advertising solutions. Under the terms of the deal, Stingray’s subsidiary, Stingray Music USA, Inc., acquired all of the assets of the Singing Machine’s karaoke business. The consideration for the purchased assets (which includes marke...",,,"1.01,2.01,7.01,9.01",Y,https://www.sec.gov/cgi-bin/browse-edgar?action=getcompany&CIK=923601
0001213900-25-073334:ea025242001ex99-1_ondas.htm,Ondas Holdings Inc.  (ONDS)  (CIK 0001646188),2025-08-08,"EX-99.1 2 ea025242001ex99-1_ondas.htm PRESS RELEASE, DATED AUGUST 8, 2025 Exhibit 99.1 Ondas Holdings Makes Strategic Investment in Rift Dynamics—Advances Presence in Europe and Gains Exclusive Distribution of Low-Cost Attritable Drone Systems for U.S. Defense Market Norway-based Rift Dynamics has developed an NDAA-compliant, scalable supply chain capable of global production of over 20,000 systems per month The Wåsp, a low-cost loitering strike platform for perimeter and battlefield applications, complements Ondas’ Optimus and Iron Drone Raider, enhancing Ondas Autonomous Systems’ layered defense portfolio Ondas plans an initial order of 500 Wåsp systems to launch in U.S. defense and security markets Ondas’ Eric Brock is expected to join the Rift Dynamics Board of Directors upon closing o...",,,"8.01,9.01",Y,https://www.sec.gov/cgi-bin/browse-edgar?action=getcompany&CIK=1646188
0001683168-25-005889:kinetic_ex9901.htm,Kinetic Seas Inc.  (KSEZ)  (CIK 0001945619),2025-08-11,"EX-99.1 2 kinetic_ex9901.htm PRESS RELEASE Exhibit 99.1 Kinetic Seas Launches Skilliks: A Unified Platform to Support the Full Lifecycle of AI-Driven Software Projects New enterprise platform unifies project management, training, HR, and DevOps in a single AI-powered system Schaumburg, IL — August 7, 2025 — Kinetic Seas Incorporated (OTCQB: KSEZ) today announced the launch of Skilliks, the first integrated platform designed to address the full spectrum of challenges in modern AI-powered software development. As artificial intelligence rapidly transforms software development through tools like Claude Code, Cursor, and Gemini CLI, many organizations face a widening gap between AI capabilities and what internal teams can realistically support. Skilliks bridges this gap by combining project ma...",,,"8.01,9.01",Y,https://www.sec.gov/cgi-bin/browse-edgar?action=getcompany&CIK=1945619
0001193125-25-182730:d905181dex991.htm,"Lumen Technologies, Inc.  (LUMN)  (CIK 0000018926)",2025-08-18,"EX-99.1 3 d905181dex991.htm EX-99.1 EX-99.1 Exhibit 99.1 Lumen Technologies Further Enhances Capital Structure to Power AI-Era Network Expansion Closes $2 Billion First Lien Notes Due 2034, Supporting Strategy to Lower Costs, Extend Maturities, and Accelerate Digital Infrastructure Growth DENVER, August 18, 2025 — Lumen Technologies, Inc. (“Lumen”, “us,” “we” or “our”) (NYSE: LUMN) today announced that its wholly-owned subsidiary, Level 3 Financing, Inc. (“Level 3 Financing”), has closed its previously announced offering of $2.0 billion aggregate principal amount of 7.000% First Lien Notes due 2034 (the “First Lien Notes”). The First Lien Notes have a maturity date of March 31, 2034 and are guaranteed and secured on a first lien basis by Level 3 Parent, LLC, the direct parent of Level 3 Fi...",,,"1.01,2.03,8.01,9.01",Y,https://www.sec.gov/cgi-bin/browse-edgar?action=getcompany&CIK=18926
0001653558-25-000107:assetpurchaseagreement-boo.htm,"Priority Technology Holdings, Inc.  (PRTH, PRTHU)  (CIK 0001653558)",2025-08-19,"EX-10.4 5 assetpurchaseagreement-boo.htm EX-10.4 Document EXHIBIT 10.4 ASSET PURCHASE AGREEMENT by and between Priority Boom, LLC, as Buyer, Priority Payment Systems, LLC (solely with respect to Section 8.12(a) ) Eventus Holdings, LLC, Riverside Management, LLC, and National Payment Systems, LLC, as Sellers, the Principal Guarantors (solely with respect to Section 8.12(b) ), Sabin Burrell and John Hynes, as Principals, and John Hynes, as Seller Representative TABLE OF CONTENTS The table of contents is empty. Heading styles must be applied in the document and be selected in the table of contents properties panel. Exhibits : Exhibit A: Definitions Exhibit B: Amended Schedule A Exhibit C: Ownership Percentages Exhibit D: Litigation Matters Exhibit E: Pending Matter 3 Annex A: EBITDA Methodolo...",,,"1.01,2.03,9.01",Y,https://www.sec.gov/cgi-bin/browse-edgar?action=getcompany&CIK=1653558
0001653558-25-000107:assetpurchaseagreement-boo.htm,"Priority Technology Holdings, Inc.  (PRTH, PRTHU)  (CIK 0001653558)",2025-08-19,"EX-10.4 5 assetpurchaseagreement-boo.htm EX-10.4 Document EXHIBIT 10.4 ASSET PURCHASE AGREEMENT by and between Priority Boom, LLC, as Buyer, Priority Payment Systems, LLC (solely with respect to Section 8.12(a) ) Eventus Holdings, LLC, Riverside Management, LLC, and National Payment Systems, LLC, as Sellers, the Principal Guarantors (solely with respect to Section 8.12(b) ), Sabin Burrell and John Hynes, as Principals, and John Hynes, as Seller Representative TABLE OF CONTENTS The table of contents is empty. Heading styles must be applied in the document and be selected in the table of contents properties panel. Exhibits : Exhibit A: Definitions Exhibit B: Amended Schedule A Exhibit C: Ownership Percentages Exhibit D: Litigation Matters Exhibit E: Pending Matter 3 Annex A: EBITDA Methodolo...",,,"1.01,2.03,9.01",Y,https://www.sec.gov/cgi-bin/browse-edgar?action=getcompany&CIK=1653558
0001288847-25-000194:five9q22025investorprese.htm,"Five9, Inc.  (FIVN)  (CIK 0001288847)",2025-08-22,"EX-99.1 2 five9q22025investorprese.htm EX-99.1 five9q22025investorprese Q2 2025 Investor Presentation Five9 (NASDAQ: FIVN) ©Five9, Inc. All rights reserved. | 2 Safe Harbor This presentation is proprietary and is intended solely for the information of the persons to whom it is presented. Disclosure of this presentation, its contents, extracts or abstracts to third parties is not authorized without the express written permission of Five9, Inc. (the “Company”), and it may not be retained, reproduced or distributed, in whole or in part, by any means (including electronic) without the prior written consent of Five9, Inc. This presentation speaks only as the date of first publication, its availability after such date shall not constitute an express or implied confirmation of such information as...",,,"8.01,9.01",Y,https://www.sec.gov/cgi-bin/browse-edgar?action=getcompany&CIK=1288847
0001493152-25-012294:ex99-1.htm,"CareCloud, Inc.  (CCLD, CCLDO)  (CIK 0001582982)",2025-08-25,"EX-99.1 14 ex99-1.htm EX-99.1 Exhibit 99.1 CareCloud Closes Medsphere Acquisition, Expanding into the Hospital IT Market Transformational acquisition extends CareCloud’s reach into inpatient EHR and RCM, bringing affordable solutions to small and mid-sized hospitals nationwide. SOMERSET, N.J., August 25, 2025 (GLOBE NEWSWIRE) – CareCloud, Inc. (Nasdaq: CCLD, CCLDO) (“CareCloud” or the “Company”), a leader in healthcare technology and AI-powered solutions, today announced it has acquired the business assets of Medsphere Systems Corporation (“Medsphere”), a provider of enterprise inpatient and ambulatory solutions with a 23-year legacy and more than 600 current clients across 50 states and U.S. territories. “Medsphere and CareCloud are creating a next-generation platform—faster, smarter, and...",,,"1.01,2.01,2.03,8.01,9.01",Y,https://www.sec.gov/cgi-bin/browse-edgar?action=getcompany&CIK=1582982
0001844505-25-000098:a991qtigulfmedical_082225x.htm,"QT IMAGING HOLDINGS, INC.  (QTIH, QTIWW)  (CIK 0001844505)",2025-08-25,"EX-99.1 3 a991qtigulfmedical_082225x.htm EX-99.1 Document Exhibit 99.1 QT Imaging Inks Exclusive Distribution Agreement with Gulf Medical for Saudi Arabia Shipments of five scanners per quarter starting on Q1’26 for total revenue of approximately $33 million over three years Novato, Calif. – QT Imaging Holdings, Inc. (“QTI” or the “Company”) (OTCQB: QTIH), a medical device company engaged in research, development, and commercialization of innovative body imaging systems, is pleased to announce that it has entered into an exclusive distribution agreement (the ""Agreement"") with Gulf Medical Co. (“GMC”) in Saudi Arabia (the ""Territory""). The U.S. FDA-cleared QTI Breast Acoustic CT™ scanner is the first non-invasive breast imaging technology that provides a true 3D image of the breast anatomy ...",,,"1.01,8.01,9.01",Y,https://www.sec.gov/cgi-bin/browse-edgar?action=getcompany&CIK=1844505
0001641172-25-025343:ex99-1.htm,Connexa Sports Technologies Inc.  (YYAI)  (CIK 0001674440),2025-08-25,"EX-99.1 2 ex99-1.htm EX-99.1 Exhibit 99.1 Connexa and JuCoin Sign $500 million Agreement to Launch a New Cryptocurrency Exchange focused on RWA The Parties Have Also Signed a Strategic Memorandum of Understanding to: ● Launch a New Stablecoin in Asia; ● Drive Growth in the Stablecoin Sector; and ● Develop Next-Generation Financing Solutions Smyrna, Delaware and Singapore, August 25, 2025 — In a landmark collaboration set to drive the future of digital finance, Connexa Sports Technologies Inc. (Nasdaq:YYAI) (“YYAI”) and JuCoin Capital Pte Ltd (“JuCoin”), a leading crypto exchange in Asia, have signed a $500 million agreement to jointly establish aiRWA , a next-generation cryptocurrency exchange focused on RWA to bridge the physical and digital worlds. The parties have also signed a Memorand...",,,"8.01,9.01",Y,https://www.sec.gov/cgi-bin/browse-edgar?action=getcompany&CIK=1674440
0001185185-25-001092:miti8k082725.htm,"Mitesco, Inc.  (MITI)  (CIK 0000802257)",2025-08-28,"false 0000802257 0000802257 2025-08-24 2025-08-24 iso4217:USD xbrli:shares iso4217:USD xbrli:shares UNITED STATES SECURITIES AND EXCHANGE COMMISSION Washington, DC 20549 FORM 8-K CURRENT REPORT Pursuant to Section 13 or 15(d) of the Securities Exchange Act of 1934 Date of Report (Date of earliest event reported): August 24, 2025 MITESCO, INC. (Exact Name of Registrant as Specified in Charter) Nevada 000-53601 87-0496850 (State or another jurisdiction of incorporation) (Commission File Number) (IRS Employer Identification No.) 505 Beachland Blvd. , Suite 1377 Vero Beach , Florida 32963 (Address of principal executive offices) (Zip Code) (844) 383-8689 (Registrant’s telephone number, including area code) Check the appropriate box below if the Form 8-K filing is intended to simultaneously sat...",,,"1.01,3.02,5.01,5.02,8.01,9.01",Y,https://www.sec.gov/cgi-bin/browse-edgar?action=getcompany&CIK=802257
0001683168-25-006590:kinetic_ex9901.htm,Kinetic Seas Inc.  (KSEZ)  (CIK 0001945619),2025-08-29,"EX-99.1 2 kinetic_ex9901.htm PRESS RELEASE Exhibit 99.1 Kinetic Seas and Sagtec Enter into Major Five-Year Agreement to Launch Private White-Labeled SKILLIKS Platform August 25, 2025 – Schaumburg, IL & Kuala Lumpur, Malaysia — Kinetic Seas Incorporated (OTCQB: KSEZ) and Sagteс Global Limited (NASDAQ: SAGT) today announced the signing of a multi-year agreement to deploy a private white-labeled version of the SKILLIKS AI platform, hosted in the United States. SKILLIKS is the first AI development platform that integrates AI assisted software engineering into enterprise level application and product development. SKILLIKS makes it possible for medium and large organizations to seamlessly integrate AI into their existing software development and support processes. The deal represents a significa...",,,"8.01,9.01",Y,https://www.sec.gov/cgi-bin/browse-edgar?action=getcompany&CIK=1945619
0001096906-25-001456:bsai_ex99z1.htm,BLUSKY AI INC.  (BSAI)  (CIK 0001416090),2025-09-02,"EX-99.1 3 bsai_ex99z1.htm PRESS RELEASE DATED SEPTEMBER 2, 2025 FOR IMMEDIATE RELEASE September 2, 2025 BluSky AI Executes Purchase and Sale Agreement for its Fifth AI Factory Location. The Strategic 36-Acre Site in Walsenburg, Colorado Expands Neocloud Network. BluSky AI Inc. (OTCID: BSAI) (“BluSky AI” or the “Company”), Headquartered in Salt Lake City, Utah, is a Neocloud purpose-built for artificial intelligence through rapidly deployable SkyMod data centers. SkyMods are next-generation, scalable AI Factories. As a provider of GPU-as-a-Service, today announced the execution of a Purchase and Sale Agreement (PSA) with Snowy River Ranches LLC for the acquisition of a 36.06-acre parcel in Huerfano County, Colorado. The site, located at 1 Hwy 69/Indian Pool Ranch, Walsenburg, CO 81089, is p...",,,"1.01,7.01,9.01",Y,https://www.sec.gov/cgi-bin/browse-edgar?action=getcompany&CIK=1416090
0001213900-25-082976:ea025547401ex99-1_ondas.htm,Ondas Holdings Inc.  (ONDS)  (CIK 0001646188),2025-09-02,"EX-99.1 2 ea025547401ex99-1_ondas.htm PRESS RELEASE, DATED SEPTEMBER 2, 2025 Exhibit 99.1 Ondas Holdings Launches Ondas Capital Expected to Deploy $150 Million to Accelerate Global Defense and Security Technologies Investment Program to Rapidly Scale Mature and Combat Proven Unmanned Systems and AI Solutions James Acuna Will Lead the Ondas Capital Investment Program Intends to Establish a New European Headquarters to support Ondas’ International Operations Launch Event Planned for September 11, 2025, at the DSEI Exhibition in London BOSTON, MA / September 2, 2025 / Ondas Holdings Inc. (NASDAQ: ONDS) (“Ondas” or the “Company”), a leading provider of private industrial wireless networks and autonomous drone and robotics solutions, today announced the launch of Ondas Capital, a new business u...",,,"8.01,9.01",Y,https://www.sec.gov/cgi-bin/browse-edgar?action=getcompany&CIK=1646188
0001641172-25-026153:ex99-1.htm,Pineapple Financial Inc.  (PAPL)  (CIK 0001938109),2025-09-02,"EX-99.1 2 ex99-1.htm EX-99.1 Exhibit 99.1 Pineapple Financial Announces the Launch of $100M Injective Digital Asset Treasury Strategy, Becoming the First Publicly Traded INJ Holder Worldwide INJ, the native asset of Injective, the leading finance-focused blockchain, provides one of the higher staking yields in the industry while creating potential new liquidity rails for the estimated multi-trillion dollar tokenization market ● Pineapple will utilize the net proceeds to launch a dedicated Injective treasury and purchase INJ, becoming the first publicly listed company to do so. ● INJ, the native asset of Injective, offers industry leading yields while powering new liquidity rails for the multi-trillion-dollar tokenization market. ● The transaction drew participation from leading investors a...",,,"1.01,3.02,7.01,9.01",Y,https://www.sec.gov/cgi-bin/browse-edgar?action=getcompany&CIK=1938109
0001663577-25-000273:ex10_1.htm,iQSTEL Inc  (IQST)  (CIK 0001527702),2025-09-03,"EX-10.1 2 ex10_1.htm STOCK-FOR-STOCK EXCHANGE AGREEMENT, DATED SEPTEMBER 2, 2025 STOCK-FOR-STOCK EXCHANGE AGREEMENT This Stock-for-Stock Exchange Agreement (the ""Agreement"") is entered into as of September, 02 2025 (the ""Effective Date""), by and between: IQSTEL Inc., a corporation organized under the laws of the State of Nevada with its principal office at 300 Aragon Avenue, Suite 375 Coral Gables, FL 33134 (""IQSTEL""), and Cycurion, Inc., a corporation organized under the laws of State of Delaware, with its principal office at 1640 Boro Place, Fourth Floor McLean, Virginia 22102 (""CYCU""). IQSTEL and CYCU are collectively referred to as the ""Parties"" and individually as a ""Party."" RECITALS WHEREAS , IQSTEL, through its subsidiaries, operates as a global connectivity and technology corporati...",,,"1.01,7.01,9.01",Y,https://www.sec.gov/cgi-bin/browse-edgar?action=getcompany&CIK=1527702
0001477932-25-006486:btbd_ex991.htm,"BT Brands, Inc.  (BTBD, BTBDW)  (CIK 0001718224)",2025-09-03,"EX-99.1 4 btbd_ex991.htm PRESS RELEASE btbd_ex991.htm EXHIBIT 99.1 BT Brands and Aero Velocity Announce Execution of Definitive Merger Agreement Combined company to focus on advanced drone technologies that improve efficiency and sustainability for its customer base of government and commercial clients Aero Velocity provides comprehensive drone services and integrates Artificial Intelligence (AI) and data science to derive actionable insights from data acquired via Unmanned Aerial Vehicles (UAVs) MINNETONKA, MN and CINCINNATI, OH—September 3, 2025—BT Brands, Inc. (Nasdaq: BTBD) (“BT Brands”) and Aero Velocity Inc. (“Aero Velocity”), a drone solutions and technology company, today jointly announced that they have entered into a definitive merger agreement to combine in an all-stock transact...",,,"1.01,7.01,9.01",Y,https://www.sec.gov/cgi-bin/browse-edgar?action=getcompany&CIK=1718224
0001866368-25-000022:cwan-20250903xexx991.htm,"Clearwater Analytics Holdings, Inc.  (CWAN)  (CIK 0001866368)",2025-09-03,"EX-99.1 2 cwan-20250903xexx991.htm EX-99.1 Document Exhibit 99.1 FOR IMMEDIATE RELEASE CWAN Announces $100 Million Share Repurchase Program BOISE, Idaho, NEW YORK, CHICAGO, LONDON and HONG KONG, September 3, 2025 – Clearwater Analytics (NYSE: CWAN) (“CWAN” or “Company”), the most comprehensive technology platform for investment management, today announced that its Board of Directors has authorized a $100 million share repurchase program. At yesterday’s closing price of $20.19, the $100 million share repurchase program would result in the buyback of approximately 5 million shares. This would partially offset the dilutive impact of recent share issuances and reduce the Company’s public float. “The Company remains committed to reducing its debt-to-EBITDA ratio below 3.0 by December 2026,” sai...",,,"8.01,9.01",Y,https://www.sec.gov/cgi-bin/browse-edgar?action=getcompany&CIK=1866368
0001005757-25-000006:csgs-ex99_1.htm,CSG SYSTEMS INTERNATIONAL INC  (CSGS)  (CIK 0001005757),2025-09-04,"EX-99.1 2 csgs-ex99_1.htm EX-99.1 EX-99.1 EXHIBIT 99.1 CSG Announces Contract Extension with Charter Communications Expansion of long-standing relationship creates significant value for both companies DENVER, Sept. 4, 2025 – CSG ® (NASDAQ: CSGS) and Charter Communications today announce that they have signed a multi-year contract extension and expansion of their decades-long relationship. With this extension, CSG will continue as a revenue management and monetization partner for Charter through September 30, 2031, and will expand its support to include new areas of growth in Charter’s business. “For more than 25 years, CSG has supported Charter teams in delivering innovative communications, entertainment and connectivity products and services,” said Mike Woods, EVP and President of North A...",,,"1.01,7.01,9.01",Y,https://www.sec.gov/cgi-bin/browse-edgar?action=getcompany&CIK=1005757
0001641172-25-026525:ex99-1.htm,Limitless X Holdings Inc.  (LIMX)  (CIK 0001803977),2025-09-04,"EX-99.1 2 ex99-1.htm EX-99.1 Exhibit 99.1 Limitless X Holdings Issues Shareholder Letter Detailing Strategic Transformation, Reg A+ Qualification, Capital Markets Milestones, and Near-Term Growth Outlook LOS ANGELES, CA – September 03, 2025 – Limitless X Holdings, Inc. (OTCQX: LIMX). Dear Valued Shareholders, On behalf of the Board of Directors and Management Team at Limitless X Holdings, Inc., I am pleased to share an important update on the Significant Progress we have made in Repositioning and Strengthening our Company over the past several months. This Letter is both a Reflection on where we have been and a Vision for where we are heading. Limitless X: A Transformed Company, Built for Phenomenal Growth Today, Limitless X is a Transformed Company. We have completely reshaped the way we ...",,,"8.01,9.01",Y,https://www.sec.gov/cgi-bin/browse-edgar?action=getcompany&CIK=1803977
0001477932-25-006553:global_ex991.htm,GlobalTech Corp  (GLTK)  (CIK 0001938338),2025-09-08,"EX-99.1 4 global_ex991.htm PRESS RELEASE global_ex991.htm EXHIBIT 99.1 DRAFT - PRESS RELEASE GlobalTech Announces Closing of $1.4M Private Placement Offering of Convertible Notes RENO, NV., September 8, 2025 (GLOBE NEWSWIRE) — GlobalTech Corporation (OTCID: GTLK) (“GlobalTech” or the “Company”), a U.S.-headquartered technology holding company specializing in artificial intelligence (AI), big data, and emerging technologies, today announced the successful closing of a convertible note private placement funding, securing gross proceeds of USD $1.4 million. The Convertible Promissory Notes do not accrue interest unless an event of default thereunder occurs, and are automatically convertible into shares of common stock of the Company upon the occurrence of a going public transaction pursuant t...",,,"1.01,2.03,3.02,7.01,9.01",Y,https://www.sec.gov/cgi-bin/browse-edgar?action=getcompany&CIK=1938338
0001062993-25-015375:exhibit99-1.htm,Artificial Intelligence Technology Solutions Inc.  (AITX)  (CIK 0001498148),2025-09-08,"EX-99.1 2 exhibit99-1.htm EXHIBIT 99.1 Artificial Intelligence Technology Solutions, Inc.: Exhibit 99.1 - Filed by newsfilecorp.com Exhibit 99.1 AITX's RAD-M Appoints Former Knightscope Co-Founder Stacy Stephens as Senior Vice President of Sales Industry Veteran Behind Knightscope Joins to Lead ROAMEO, RADDOG and HERO Mobile Security Robots Detroit, Michigan, September 8, 2025 -- Artificial Intelligence Technology Solutions, Inc. (the ""Company"") ( OTCID:AITX ), a global leader in AI-driven security and productivity solutions, today announced that its subsidiary, Robotic Assistance Devices Mobile, Inc. (RAD-M), has appointed Stacy Stephens, former co-founder of Knightscope, Inc. (NASDAQ:KSCP), as Senior Vice President of Sales, effective immediately. In this role, Stephens will lead sales i...",,,"8.01,9.01",Y,https://www.sec.gov/cgi-bin/browse-edgar?action=getcompany&CIK=1498148
0001213900-25-086243:ea025660401ex99-1_sound.htm,"SOUNDHOUND AI, INC.  (SOUN, SOUNW)  (CIK 0001840856)",2025-09-09,"EX-99.1 3 ea025660401ex99-1_sound.htm PRESS RELEASE ISSUED BY SOUNDHOUND AI, INC. DATED SEPTEMBER 9, 2025 Exhibit 99.1 SoundHound AI Strengthens Its Leadership in Agentic AI with the Acquisition of Interactions, a Pioneer in AI for Customer Service and Workflow Orchestration Deal Further Positions SoundHound AI at the Forefront of Breakthrough Innovation and the Rapid Expansion of AI Agents SANTA CLARA, Calif., September 9, 2025 – SoundHound AI, Inc. (Nasdaq: SOUN), a global leader in voice and conversational AI, today announced the acquisition of Interactions, a pioneer in AI for customer service and workflow orchestration. This strategic deal is expected to strengthen and extend SoundHound’s growing leadership in Agentic AI and accelerate its market penetration in customer service across...",,,"1.01,2.01,7.01,8.01,9.01",Y,https://www.sec.gov/cgi-bin/browse-edgar?action=getcompany&CIK=1840856
0001493152-25-012845:ex99-1.htm,"CareCloud, Inc.  (CCLD, CCLDO)  (CIK 0001582982)",2025-09-09,"EX-99.1 4 ex99-1.htm EX-99.1 Exhibit 99.1 CareCloud Secures Credit Facility on Favorable Terms with Provident Bank to Support Medsphere Acquisition New Facility Replaces Prior Acquisition-Related Promissory Note Obligation to Wells Fargo; Provides More Favorable Terms and Strengthens Liquidity while Supporting Future Growth SOMERSET, N.J., September 9, 2025 (GLOBE NEWSWIRE) – CareCloud, Inc. (NASDAQ: CCLD, CCLDO) (“CareCloud” or the “Company”), a leader in healthcare technology and AI-powered solutions for hospitals and medical practices nationwide, today announced it has closed a new $10 million credit facility with Provident Bank (“Provident”) on September 3, 2025, approximately $8.3 million of which was drawn down at closing to support the recent acquisition of the assets of Medsphere S...",,,"1.01,9.01",Y,https://www.sec.gov/cgi-bin/browse-edgar?action=getcompany&CIK=1582982
0001641172-25-027066:ex99-2.htm,Pineapple Financial Inc.  (PAPL)  (CIK 0001938109),2025-09-10,"EX-99.2 14 ex99-2.htm EX-99.2 Exhibit 99.2 Investor Relations Pineapple Financial Closes $100 Million Private Placement and Initiates Injective Digital Asset Treasury Strategy, Becoming the First Publicly Traded INJ Holder on a National Exchange Published on 05 Sep 2025 INJ , the native asset of Injective , the leading finance focused blockchain, offers one of the highest staking yields in the industry and is designed to power new liquidity rails for the estimated multi trillion-dollar tokenization market. Pineapple will use net proceeds to establish a dedicated Injective treasury and purchase INJ, becoming the first publicly listed company to do so. INJ offers industry leading yields while powering next generation liquidity rails for tokenized finance. The financing drew participation fro...",,,"1.01,3.02,7.01,9.01",Y,https://www.sec.gov/cgi-bin/browse-edgar?action=getcompany&CIK=1938109
0001062993-25-015551:exhibit99-1.htm,Artificial Intelligence Technology Solutions Inc.  (AITX)  (CIK 0001498148),2025-09-11,"EX-99.1 2 exhibit99-1.htm EXHIBIT 99.1 Artificial Intelligence Technology Solutions, Inc.: Exhibit 99.1 - Filed by newsfilecorp.com Exhibit 99.1 AITX's RAD Surges Toward 100 ROAMEO Deployments as Demand Accelerates 100-Unit Quote Request, Fortune 500 Pilot and Expanded Production Underscore ROAMEO's Rising Role in Transforming Physical Security Detroit, Michigan, September 11, 2025 - Artificial Intelligence Technology Solutions, Inc. (the ""Company"") ( OTCID:AITX ), a global leader in AI-driven security and productivity solutions, today announced accelerating momentum at its subsidiary, Robotic Assistance Devices, Inc. (RAD), for the ROAMEO ™ Gen 4 mobile security robot as demand from major clients rapidly builds. A large enterprise has requested a quote for 100 units, while a Fortune 500 c...",,,"8.01,9.01",Y,https://www.sec.gov/cgi-bin/browse-edgar?action=getcompany&CIK=1498148
0001493152-25-013135:ex10-1.htm,"My Size, Inc.  (MYSZ)  (CIK 0001211805)",2025-09-12,"EX-10.1 2 ex10-1.htm EX-10.1 Exhibit 10.1 Certain confidential information contained in this document, marked by brackets and asterisk ([***]), has been omitted pursuant to Item 601(b)(10)(iv) of Regulation S-K, because the Company customarily and actually treats such information as private or confidential and the omitted information is not material. SHARE SALE AND PURCHASE AGREEMENT OF THE COMPANY SHOESIZE.ME AG Dated September 8, 2025 September 8, 2025 (the date of this Agreement). PARTIES On the one hand, - Mr. Timo Steitz , of legal age, of German nationality, with address for these purposes in [***], and holder of I.D. number [***], in force. In his own name and on his own behalf. - Mr. Wilhelm Steitz , of legal age, of German nationality, with address for these purposes in [***], and...",,,"1.01,2.01,3.02,7.01,9.01",Y,https://www.sec.gov/cgi-bin/browse-edgar?action=getcompany&CIK=1211805
0001493152-25-013145:ex99-1.htm,"TON Strategy Co  (TONX, VERB)  (CIK 0001566610)",2025-09-12,"EX-99.1 2 ex99-1.htm EX-99.1 Exhibit 99.1 TON Strategy Company Announces Initial Share Repurchases Under $250 Million Program, Buying Below Treasury Asset Value Per Share, and Start of Staking ● Repurchased over 250,000 shares of common stock under previously announced share repurchase program, at prices below Treasury Asset Value (TAV) per share, which stood at $12.18 as of September 11, 2025 ● Has begun staking of $TON holdings, as planned, creating a recurring source of on-chain revenues in addition to long-term treasury appreciation LAS VEGAS – September 12, 2025 – TON Strategy Company (Nasdaq: TONX) (the “Company”), a digital asset treasury company committed to holding Toncoin ($TON), today announced that it has repurchased over 250,000 shares of its common stock under its previously ...",,,"7.01,8.01,9.01",Y,https://www.sec.gov/cgi-bin/browse-edgar?action=getcompany&CIK=1566610
0000050863-25-000153:intc-20250912.htm,INTEL CORP  (INTC)  (CIK 0000050863),2025-09-15,"intc-20250912 0000050863 false 0000050863 2025-09-12 2025-09-12 UNITED STATES SECURITIES AND EXCHANGE COMMISSION Washington, D.C. 20549 FORM 8-K CURRENT REPORT Pursuant to Section 13 or 15(d) of the Securities Exchange Act of 1934 Date of Report (Date of earliest event reported): September 12, 2025 INTEL CORPORATION (Exact name of registrant as specified in its charter) Delaware 000-06217 94-1672743 (State or other jurisdiction (Commission (IRS Employer of incorporation) File Number) Identification No.) 2200 Mission College Boulevard , Santa Clara , California 95054-1549 (Address of principal executive offices) (Zip Code) Registrant's telephone number, including area code: (408) 765-8080 Not Applicable (Former name or former address, if changed since last report) Check the appropriate box ...",,,"2.01,7.01,9.01",Y,https://www.sec.gov/cgi-bin/browse-edgar?action=getcompany&CIK=50863
0001654954-25-010772:lpth_ex991.htm,LIGHTPATH TECHNOLOGIES INC  (LPTH)  (CIK 0000889971),2025-09-15,"EX-99.1 4 lpth_ex991.htm EX-99.1 lpth_ex991.htm EXHIBIT 99.1 LightPath Announces $8.0 Million Strategic Investment from Ondas Holdings and Unusual Machines Strategic Investments from Leading Drone Industry Providers to Support LightPath Technology Deployment in Drone Applications ORLANDO, FL – September 15, 2025 – LightPath Technologies, Inc. (NASDAQ: LPTH) (""LightPath,"" the ""Company,"" ""we,"" or ""our""), a leading provider of next-generation optics and imaging systems for both defense and commercial applications, today announced it has entered into a definitive agreement with Ondas Holdings Inc. (NASDAQ: ONDS), a leading provider of autonomous aerial and ground robot intelligence solutions, and Unusual Machines, Inc. (NYSE American: UMAC), a leading provider of NDAA-compliant drone component...",,,"1.01,3.02,7.01,9.01",Y,https://www.sec.gov/cgi-bin/browse-edgar?action=getcompany&CIK=889971
0001193125-25-205017:mchx-ex99_1.htm,MARCHEX INC  (MCHX)  (CIK 0001224133),2025-09-16,"EX-99.1 2 mchx-ex99_1.htm EX-99.1 EX-99.1 Exhibit 99.1 Marchex Announces Executive Team Updates SEATTLE, WA – September 16, 2025 – Marchex, Inc . (NASDAQ: MCHX), which harnesses the power of AI and conversational intelligence to drive revenue acceleration and operational excellence, today announced that Edwin Miller, CEO, is stepping down from this role and will be serving as a senior advisor to the Chairman going forward. In addition, the Company announced that Troy Hartless, Chief Revenue Officer, has also been appointed President; Francis Feeney, Chief Corporate and Legal Affairs Officer, has also been appointed Chief Operating Officer; and Brian Nagle, Senior Vice President, Controller, has been appointed Chief Financial Officer. “I want to personally thank Edwin for his leadership at ...",,,"1.01,5.02,9.01",Y,https://www.sec.gov/cgi-bin/browse-edgar?action=getcompany&CIK=1224133
0001640334-25-001688:trso_ex101.htm,TRANSUITE.ORG INC.  (TRSO)  (CIK 0001758699),2025-09-16,"EX-10.1 2 trso_ex101.htm LETTER OF INTENT trso_ex101.htm EXHIBIT 10.1 Letter Of Intent This Letter of Intent (hereinafter referred to as the “LOI”) sets forth the preliminary consensus reached between Transuite.Org Inc. (“Party A”) and Fujian Wochong Intelligent Technology Co., Ltd. (“Party B”) regarding their intention to proceed with a merger and acquisition transaction (hereinafter referred to as the “Transaction”), whereby Party A (TRSO) will acquire fifty-one percent (51%) of the equity of Party B (the “Target Company”) through the issuance of TRSO common stock, and this acquisition shall be completed with the signing and execution of definitive acquisition documents by December 31, 2025. This LOI is executed on September 15, 2025. Whereas , Party A is a company incorporated under the...",,,"1.01,7.01,9.01",Y,https://www.sec.gov/cgi-bin/browse-edgar?action=getcompany&CIK=1758699
0001213900-25-087946:ea025752801ex99-1_gdculture.htm,GD Culture Group Ltd  (GDC)  (CIK 0001641398),2025-09-16,"EX-99.1 3 ea025752801ex99-1_gdculture.htm PRESS RELEASE ENTITLED ""GD CULTURE ENTERS INTO SHARE EXCHANGE AGREEMENT TO ACQUIRE PALLAS CAPITAL'S ASSETS, INCLUDING 7,500 BITCOIN, FOR 39,189,344 SHARES"", FURNISHED HEREWITH Exhibit 99.1 GD Culture Enters into Share Exchange Agreement to Acquire Pallas Capital’s Assets, Including 7,500 Bitcoin, for 39,189,344 Shares NEW YORK, September 16, 2025 (GLOBE NEWSWIRE) -- GD Culture Group Limited (“GDC” or the “Company”) (Nasdaq: GDC), today announced that on September 10, 2025, it entered into a share exchange agreement (the “Agreement”) to acquire 100% of the issued and outstanding ordinary shares of Pallas Capital Holding Ltd. (“Pallas Capital”), a British Virgin Islands registered company. Upon closing, the Company will issue 39,189,344 shares of com...",,,"1.01,2.01,3.02,7.01,9.01",Y,https://www.sec.gov/cgi-bin/browse-edgar?action=getcompany&CIK=1641398
0001779128-25-000114:cardio-stockpurchaseandsal.htm,"Strata Critical Medical, Inc.  (SRTA, SRTAW)  (CIK 0001779128)",2025-09-16,"EX-2.1 2 cardio-stockpurchaseandsal.htm EX-2.1 Document Exhibit 2.1 PURCHASE AND SALE AGREEMENT among STRATA CRITICAL, INC., KEYSTONE PERFUSION SERVICES, LLC, LRV HOLDCO, INC., LOUIS VERDETTO IRREVOCABLE TRUST, LOUIS VERDETTO, and solely for the purposes set forth herein, STRATA CRITICAL MEDICAL, INC. dated as of September 16, 2025 TABLE OF CONTENTS Page 1 REPRESENTATIONS AND WARRANTIES OF THE TARGET COMPANY GROUP 2 1.1 Transaction 2 1.2 Purchase Price 2 1.3 Closing Date Statement 2 1.4 Payment of Estimated Purchase Price 2 1.5 Purchase Price Adjustment 3 1.6 Earn-Out Payments. 4 1.7 Parent Common Stock 7 1.8 Payment Direction 8 1.9 Tax Treatment of Payments 8 1.10 Withholding 8 2 REPRESENTATIONS AND WARRANTIES OF THE TARGET COMPANY GROUP 8 2.1 Due Organization and Power 8 2.2 Authority 9 ...",,,"1.01,2.01,3.02,7.01,9.01",Y,https://www.sec.gov/cgi-bin/browse-edgar?action=getcompany&CIK=1779128
0001477932-25-006875:onar_ex991.htm,Onar Holding Corp  (ONAR)  (CIK 0001682265),2025-09-19,"EX-99.1 3 onar_ex991.htm PRESS RELEASE onar_ex991.htm EXHIBIT 99.1 ONAR Signs Definitive Agreement to Acquire JUICE, Doubling Revenue and Expanding AI-Driven Marketing Capabilities Miami, FL – September 18, 2025 – Onar Holding Corporation (OTCQB: ONAR), a leading marketing technology company and network of marketing agencies, today announced it has signed a definitive securities purchase agreement to acquire 100% of the membership interests of JUICE, via ONAR’s subsidiary Storia, in a cash and stock transaction. Founded in 2017, JUICE is an award-winning digital marketing agency specializing in paid digital advertising, search engine optimization, email marketing, and content marketing campaigns. JUICE holds a wide range of highly esteemed certifications and has preferred partner partnersh...",,,"1.01,2.01,2.03,3.02,7.01,9.01",Y,https://www.sec.gov/cgi-bin/browse-edgar?action=getcompany&CIK=1682265
0001437749-25-029602:ex_821457.htm,"LGL GROUP INC  (LGL, LGL-WT)  (CIK 0000061004)",2025-09-22,"EX-99.1 2 ex_821457.htm PRESS RELEASE ex_821457.htm Exhibit 99.1 THE LGL GROUP, INC. ANNOUNCES COMMENCEMENT OF SHARE REPURCHASE ORLANDO, FL. – September 18, 2025 – The LGL Group, Inc. (NYSE American: LGL) (""LGL,"" ""LGL Group,"" or the ""Company"") announced today that its Board of Directors authorized the commencement of the repurchase of $500,000 to $700,000 of shares of LGL Group common stock under its existing share repurchase plan at such times, amounts and prices management deems appropriate. The repurchase will be made subject to availability and relative to book value and is not expected to exceed 100,000 shares within its existing authority. This repurchase is expected to begin this quarter. Additionally, LGL Group's warrants are exercisable today through November 17, 2025 and contain ...",,,"2.02,7.01,8.01,9.01",Y,https://www.sec.gov/cgi-bin/browse-edgar?action=getcompany&CIK=61004
0001193125-25-210050:d902312d8k.htm,"Rein Therapeutics, Inc.  (RNTX)  (CIK 0001420565)",2025-09-22,"8-K NASDAQ false 0001420565 0001420565 2025-09-16 2025-09-16 UNITED STATES SECURITIES AND EXCHANGE COMMISSION WASHINGTON, DC 20549 FORM 8-K CURRENT REPORT Pursuant to Section 13 or 15(d) of the Securities Exchange Act of 1934 Date of report (Date of earliest event reported): September 16, 2025 REIN THERAPEUTICS, INC. (Exact Name of Registrant as Specified in Its Charter) Delaware 001-38130 13-4196017 (State or Other Jurisdiction of Incorporation) (Commission File Number) (I.R.S. Employer Identification Number) 12407 N. Mopac Expy. , Suite 250 , #390 Austin , Texas 78758 (Address of principal executive offices) (737) 802-1989 (Registrant’s telephone number, including area code) N/A (Former name or former address, if changed since last report) Check the appropriate box below if the Form 8-K ...",,,8.01,Y,https://www.sec.gov/cgi-bin/browse-edgar?action=getcompany&CIK=1420565
0001213900-25-090345:ea025840101ex99-1_ondas.htm,Ondas Holdings Inc.  (ONDS)  (CIK 0001646188),2025-09-23,"EX-99.1 2 ea025840101ex99-1_ondas.htm PRESS RELEASE, DATED SEPTEMBER 23, 2025 Exhibit 99.1 Ondas Holdings Adds General Patrick Huston to Advisory Board General Huston to Support Growth of Ondas Autonomous Systems’ (OAS) Defense and Security Platforms Bringing Extensive Military and Technology Experience, General Huston Retired from the Pentagon After a 35-year Military Career Including Service as a Commanding General, Army Ranger, Helicopter Pilot, and Prosecutor, with 5 Combat Tours Provides OAS Strategic Insight into Defense Procurement, Regulatory Frameworks, and Integration of Autonomous Technologies in Mission-Critical Environments BOSTON, MA / September 23, 2025 / Ondas Holdings Inc. (Nasdaq: ONDS) (“Ondas” or the “Company”), a leading provider of autonomous aerial and ground robot i...",,,"8.01,9.01",Y,https://www.sec.gov/cgi-bin/browse-edgar?action=getcompany&CIK=1646188
0002008589-25-000089:realpha_ex991.htm,reAlpha Tech Corp.  (AIRE)  (CIK 0001859199),2025-09-23,"EX-99.1 2 realpha_ex991.htm PRESS RELEASE realpha_ex991.htm EXHIBIT 99.1 reAlpha Regains Compliance With Nasdaq Minimum Market Value of Listed Securities Requirement DUBLIN, OH – Sept. 23, 2025 (GLOBE NEWSWIRE) – reAlpha Tech Corp. (Nasdaq: AIRE) (“reAlpha” or the “Company”), an AI-powered real estate technology company, today announced that on September 22, 2025, it received a letter from the Listing Qualifications Department (the “Staff”) of Nasdaq Stock Market LLC (“Nasdaq”) stating that the Company has regained compliance with the minimum market value of listed securities (“MVLS”) requirement, as set forth in Nasdaq Listing Rule 5550(b)(2) (the “Rule”). As previously disclosed on July 1, 2025, the Company received notice from the Staff indicating that it was not in compliance with the ...",,,"8.01,9.01",Y,https://www.sec.gov/cgi-bin/browse-edgar?action=getcompany&CIK=1859199
0001493152-25-014728:ex99-1.htm,Connexa Sports Technologies Inc.  (YYAI)  (CIK 0001674440),2025-09-24,"EX-99.1 2 ex99-1.htm EX-99.1 Exhibit 99.1 Connexa Sports Technologies Inc. Signs Contract with Inca Digital to Strengthen Security Framework for aiRWA Exchange Smyrna, Delaware – September 24, 2025 (GLOBE NEWSWIRE) – Connexa Sports Technologies Inc. (Nasdaq: YYAI) (“Connexa”) today announced that it has signed a service agreement with Inca Digital, a leading provider of digital asset intelligence and security solutions, to support the development of its previously announced joint venture with JuCoin Capital Pte Ltd (“JuCoin”). This agreement is designed to provide greater certainty, resilience, and oversight for the aiRWA platform, a $500 million joint initiative between Connexa and JuCoin focused on tokenizing real-world assets (RWAs). The collaboration with Inca Digital will add advanced...",,,"8.01,9.01",Y,https://www.sec.gov/cgi-bin/browse-edgar?action=getcompany&CIK=1674440
0001628280-25-042691:ex101fscnewwayequitypurc.htm,FEDERAL SIGNAL CORP /DE/  (FSS)  (CIK 0000277509),2025-09-25,EX-10.1 2 ex101fscnewwayequitypurc.htm EQUITY PURCHASE AGREEMENT ex101fscnewwayequitypurc Exhibit 10.1 Execution Copy EQUITY PURCHASE AGREEMENT FOR THE PURCHASE OF ALL OF THE EQUITY INTERESTS OF SCRANTON MANUFACTURING COMPANY INC. i TABLE OF CONTENTS ARTICLE 1 – SALE AND PURCHASE OF INTERESTS ........................................................................ 1 ARTICLE 2 – PURCHASE PRICE AND ADJUSTMENT ........................................................................ 1 2.1 Purchase Price .................................................................................................................... 1 2.2 Calculation of Estimated Base Purchase Price for Closing ............................................... 1 2.3 Payment of Estimated Base Purchase Price at Closing and Relat...,,,"1.01,9.01",Y,https://www.sec.gov/cgi-bin/browse-edgar?action=getcompany&CIK=277509
0001663577-25-000287:iqst8k092625.htm,iQSTEL Inc  (IQST)  (CIK 0001527702),2025-09-26,"iQSTEL Inc. - Form 8-K - September 26, 2025 false 0001527702 0001527702 2025-09-26 2025-09-26 iso4217:USD xbrli:shares iso4217:USD xbrli:shares SECURITIES AND EXCHANGE COMMISSION WASHINGTON, D.C. 20549 ____________________ FORM 8-K CURRENT REPORT PURSUANT TO SECTION 13 OR 15(d) OF THE SECURITIES EXCHANGE ACT OF 1934 Date of Report (Date of earliest event reported): September 26, 2025 iQSTEL Inc. (Exact name of registrant as specified in its charter) Nevada 000-55984 45-2808620 (State or other jurisdiction of incorporation) (Commission File Number) (I.R.S. Employer Identification No.) 300 Aragon Avenue , Suite 375 Coral Gables , FL 33134 33134 (Address of principal executive offices) (Zip Code) Registrant’s telephone number, including area code: (954) 951-8191 ______________________________...",,,"1.01,9.01",Y,https://www.sec.gov/cgi-bin/browse-edgar?action=getcompany&CIK=1527702
0001213900-25-092085:ea025882701ex10-2_next.htm,Next Technology Holding Inc.  (NXTT)  (CIK 0001784970),2025-09-26,"EX-10.2 3 ea025882701ex10-2_next.htm HOTEL MONITORING AND MANAGEMENT SOFTWARE NEXT SMS SYSTEM DEVELOPMENT AGREEMENT DATED JUNE 27, 2025, BY AND AMONG ALOHA ASIA PACIFIC LIMITED AND THE COMPANY Exhibit 10.2 Hotel Monitoring and Management Software NEXT SMS System Development Agreement Date of Signing: 2025, June 27 Parties to the Agreement Party A (Client): ALOHA Asia Pacific Limited Party B (Developer): Next Technology Holding Inc. Whereas: 1. Party A is a company established and existing in accordance with the relevant laws and regulations of Hong Kong, with full legal personality. It has obtained authorization through a board resolution to purchase the AI+SaaS technical support system NEXT SMS pursuant to this Agreement, and operates 20 hotels and resorts in the Asia-Pacific region; 2. P...",,,"1.01,8.01,9.01",Y,https://www.sec.gov/cgi-bin/browse-edgar?action=getcompany&CIK=1784970
0001193125-25-223206:d47306dex991.htm,"Lumen Technologies, Inc.  (LUMN)  (CIK 0000018926)",2025-09-29,"EX-99.1 3 d47306dex991.htm EX-99.1 EX-99.1 Exhibit 99.1 Lumen Technologies Further Enhances Capital Structure to Fuel AI-Driven Transformation Company successfully repriced term loans under the Level 3 Financing, Inc. Credit Agreement and closed on an additional $425 million of first lien notes due 2034 to refinance higher coupon debt and extend maturities These transactions in combination with financings completed earlier this year provide greater financial freedom to accelerate Lumen’s investment in digital networking services for the AI economy DENVER, Sept. 29, 2025 – Lumen Technologies, Inc. (NYSE: LUMN) (“Lumen” or the “Company”) today announced the successful completion of a repricing transaction of Level 3 Financing, Inc.’s (“Level 3”) $2.4 billion credit facilities at Term SOFR + ...",,,"1.01,2.03,7.01,9.01",Y,https://www.sec.gov/cgi-bin/browse-edgar?action=getcompany&CIK=18926
0001640334-25-001734:trso_ex991.htm,TRANSUITE.ORG INC.  (TRSO)  (CIK 0001758699),2025-09-29,"EX-99.1 3 trso_ex991.htm PRESS RELEASE trso_ex991.htm EXHIBIT 99.1 Press Release U.S. Listed Company TRSO Announces Intent to Acquire 51% Equity in Australian Digital Currency Exchange (SGX) to Jointly Build a Global Innovative Platform Bridging Traditional and Crypto Finance Las Vegas, US / Sydney, Australia – September 26, 2025 – TRANSUITE.ORG INC. (“TRSO”) (Stock Ticker: TRSO), Nevada-based innovator in AI-driven business solutions, and SYD GOLDX PTY LTD (“SGX”), a licensed Digital Currency Exchange headquartered in Sydney, Australia, today jointly announced the signing of a Letter of Intent (“LOI”) on September 26, 2025. Under the agreement, TRSO intends to acquire a 51% equity stake in SGX. The parties plan to complete due diligence and execute the definitive acquisition agreement by ...",,,"1.01,7.01,9.01",Y,https://www.sec.gov/cgi-bin/browse-edgar?action=getcompany&CIK=1758699
0001493152-25-015890:ex99-1.htm,"CISO Global, Inc.  (CISO)  (CIK 0001777319)",2025-09-29,"EX-99.1 4 ex99-1.htm EX-99.1 Exhibit 99.1 FOR IMMEDIATE RELEASE CISO Global Enters Into a $15 Million Convertible Preferred Equity Facility to Fund Expansion Initiatives Scottsdale, AZ — September 29, 2025 — CISO Global (NASDAQ: CISO) (“CISO” or the “Company”), a leading provider of AI-powered cybersecurity software and compliance services, today announced that the Company entered into a private financing arrangement with a fund managed by B. Riley Securities Holdings, Inc. (“B. Riley”), pursuant to which the Company has the right, but not an obligation, to sell up to $15 million of a newly created series of convertible preferred stock to B. Riley. The convertible preferred stock issuable under the equity facility (the “Facility”) has a stated value and purchase price of $1,000 per share, ...",,,"1.01,3.02,5.03,7.01,9.01",Y,https://www.sec.gov/cgi-bin/browse-edgar?action=getcompany&CIK=1777319
0001193125-25-225008:zeta-ex99_1.htm,Zeta Global Holdings Corp.  (ZETA)  (CIK 0001851003),2025-09-30,"EX-99.1 2 zeta-ex99_1.htm EX-99.1 EX-99.1 Exhibit 99.1 Zeta Global to Acquire Marigold’s Enterprise Business • Acquisition of Marigold’s enterprise software business aligns with all of Zeta’s guiding M&A principles • Expected to be accretive to adjusted EBITDA and free cash flow in year one • Increases penetration of Fortune 500 brands and subscription revenue • Advances One Zeta model by creating cross-sell and up-sell opportunities to over 100 new global enterprise brands • Zeta reaffirms third quarter and full year 2025 guidance; transaction is expected to be incremental to Zeta 2028 targets NEW YORK—September 30, 2025 — Zeta Global (NYSE: ZETA), the AI Marketing Cloud, today announced it has entered into a definitive agreement with Marigold to acquire Marigold’s enterprise software bus...",,,"3.02,7.01,8.01,9.01",Y,https://www.sec.gov/cgi-bin/browse-edgar?action=getcompany&CIK=1851003
0001493152-25-016453:ex99-3.htm,"Reliance Global Group, Inc.  (RELI, RELIW)  (CIK 0001812727)",2025-10-01,"EX-99.3 4 ex99-3.htm EX-99.3 Exhibit 99.3 Reliance Global Group (RELI) Adds XRP to Digital Asset Treasury, Expanding Enterprise-Grade Blockchain Portfolio Fourth-Largest Cryptocurrency Powers Cost-Efficient, Scalable Cross-Border Payments LAKEWOOD, N.J., September 30, 2025 — Reliance Global Group, Inc. (Nasdaq: RELI) (“Reliance”, “we” or the “Company”) today announced that it has completed a purchase of XRP, the native token of the XRP Ledger and the cryptocurrency used within the Ripple payment network. This transaction marks Reliance’s latest measured step in its Digital Asset Treasury (“DAT”) initiative, introducing diversified exposure to a top-tier asset recognized for its speed, scalability, and strong adoption in the global banking and financial services sector. The addition of XRP ...",,,"7.01,8.01,9.01",Y,https://www.sec.gov/cgi-bin/browse-edgar?action=getcompany&CIK=1812727
0001139552-25-000010:exhibit99110125form8-k.htm,WFN CREDIT CO LLC  (CIK 0001139552),2025-10-02,"EX-99.1 2 exhibit99110125form8-k.htm EX-99.1 Document Exhibit 99.1 FOURTH ADDENDUM TO SIXTH AMENDED AND RESTATED SERVICE AGREEMENT This Fourth Addendum to that certain Sixth Amended and Restated Service Agreement (the “Addendum”) effective as of the 1st day of October, 2025 (the “Effective Date”), is entered into by and between Comenity Bank (“Bank”), a Delaware state bank, with its principal place of business at One Righter Parkway, Suite 100, Wilmington, Delaware 19803 and Comenity Servicing LLC (“Servicer”), a Texas limited liability company with its principal place of business at 3095 Loyalty Circle, Columbus, OH 43219. RECITALS WHEREAS, Bank and Servicer entered into that certain Sixth Amended and Restated Service Agreement as of January 1, 2025, (the “Agreement”) to outsource certain...",,,"1.01,9.01",Y,https://www.sec.gov/cgi-bin/browse-edgar?action=getcompany&CIK=1139552
0001628280-25-043526:a101assetpurchaseandcontri.htm,"Priority Technology Holdings, Inc.  (PRTH, PRTHU)  (CIK 0001653558)",2025-10-02,"EX-10.1 2 a101assetpurchaseandcontri.htm EX-10.1 Document EXHIBIT 10.1 ASSET PURCHASE AND CONTRIBUTION AGREEMENT by and among Priority DMS, LLC, as Buyer, DMSJV, LLC, as Seller, Amberly Allen and Laura Sherman, as Principals, and solely for the purpose of Section 1.1 , Priority Payment Systems, LLC, as Parent TABLE OF CONTENTS The table of contents is empty. Heading styles must be applied in the document and be selected in the table of contents properties panel. 2 ASSET PURCHASE AND CONTRIBUTION AGREEMENT This Asset Purchase and Contribution Agreement (this “ Agreement ”) is entered into as of September ____, 2025, by and among Priority DMS, LLC, a Delaware limited liability company (“ Buyer ”), on the one hand, and DMSJV, LLC, a Texas limited liability company (“ Seller ”), Amberly Allen,...",,,"1.01,9.01",Y,https://www.sec.gov/cgi-bin/browse-edgar?action=getcompany&CIK=1653558
0001628280-25-043526:a101assetpurchaseandcontri.htm,"Priority Technology Holdings, Inc.  (PRTH, PRTHU)  (CIK 0001653558)",2025-10-02,"EX-10.1 2 a101assetpurchaseandcontri.htm EX-10.1 Document EXHIBIT 10.1 ASSET PURCHASE AND CONTRIBUTION AGREEMENT by and among Priority DMS, LLC, as Buyer, DMSJV, LLC, as Seller, Amberly Allen and Laura Sherman, as Principals, and solely for the purpose of Section 1.1 , Priority Payment Systems, LLC, as Parent TABLE OF CONTENTS The table of contents is empty. Heading styles must be applied in the document and be selected in the table of contents properties panel. 2 ASSET PURCHASE AND CONTRIBUTION AGREEMENT This Asset Purchase and Contribution Agreement (this “ Agreement ”) is entered into as of September ____, 2025, by and among Priority DMS, LLC, a Delaware limited liability company (“ Buyer ”), on the one hand, and DMSJV, LLC, a Texas limited liability company (“ Seller ”), Amberly Allen,...",,,"1.01,9.01",Y,https://www.sec.gov/cgi-bin/browse-edgar?action=getcompany&CIK=1653558
0001628280-25-044062:wtmexhibit21.htm,WHITE MOUNTAINS INSURANCE GROUP LTD  (WTM)  (CIK 0000776867),2025-10-03,"EX-2.1 2 wtmexhibit21.htm EX-2.1 wtmexhibit21 Execution Version CONFIDENTIAL SECURITIES PURCHASE AGREEMENT by and among MIRAMAR INTERMEDIATE, LLC, as Purchaser MIRAMAR BLOCKER HOLDCO, LP, as Blocker Purchaser MIRAMAR HOLDCO, LLC, as Purchaser Parent MIRAMAR DEBT MERGER SUB, LLC, as Merger Sub WM PIERCE HOLDINGS, INC., as Blocker, WHITE MOUNTAINS INVESTMENTS (LUXEMBOURG) S.À R.L., as Blocker Seller and the Sellers’ Representative, PM HOLDINGS LLC, as Company Seller and BAMBOO IDE8 INSURANCE SERVICES, LLC, as the Company Dated as of October 2, 2025 Exhibit 2.1 i TABLE OF CONTENTS Page ARTICLE I Purchase and Sale; Closing 4 SECTION 1.01. Purchase and Sale ........................................................................................4 SECTION 1.02. Closing ..............................",,,"1.01,9.01",Y,https://www.sec.gov/cgi-bin/browse-edgar?action=getcompany&CIK=776867
0001493152-25-016923:ex99-1.htm,"Qualigen Therapeutics, Inc.  (QLGN)  (CIK 0001460702)",2025-10-03,"EX-99.1 2 ex99-1.htm EX-99.1 Exhibit 99.1 Qualigen Therapeutics Announces Successful Closing of $41 Million PIPE Financing Led by Faraday Future, Accelerating New Business Transformation into Crypto Carlsbad, CA – September 29, 2025 – Qualigen Therapeutics, Inc. (NASDAQ: QLGN) (“Qualigen” or “the Company”) today announced the successful closing of a $41 million private investment in public equity (PIPE) financing led by Faraday Future Intelligent Electric Inc. (NASDAQ: FFAI) (“FF”), along with its Founder and Global Co-CEO YT Jia, President Jerry Wang, SIGN Foundation – a blockchain technology company backed by Binance Labs, Sequoia Capital (US, India, China), IDG, and Circle, and other leading investors. FF has invested $30 million in QLGN common and preferred stock, representing approxim...",,,"1.01,3.02,8.01,9.01",Y,https://www.sec.gov/cgi-bin/browse-edgar?action=getcompany&CIK=1460702
0001640334-25-001779:trso_8k.htm,TRANSUITE.ORG INC.  (TRSO)  (CIK 0001758699),2025-10-06,"trso_8k.htm 0001758699 false 0001758699 2025-10-03 2025-10-03 iso4217:USD xbrli:shares iso4217:USD xbrli:shares UNITED STATES SECURITIES AND EXCHANGE COMMISSION Washington, D.C. 20549 FORM 8-K CURRENT REPORT Pursuant to Section 13 or 15(d) of the Securities Exchange Act of 1934 Date of Report (Date of earliest event reported): October 3, 2025 TRANSUITE.ORG INC. (Exact name of registrant as specified in its charter) Nevada 333-255178 30-1129581 (State or other jurisdiction of incorporation) (Commission File Number) (IRS Employer Identification No.) 732 S 6th St # 4304 Las Vegas , NV 89101 (Address of Principal Executive Offices) ( 775 ) 295-4295 Registrant’s telephone number, including area code Check the appropriate box below if the Form 8-K filing is intended to simultaneously satisfy the...",,,"1.01,2.01,3.02,9.01",Y,https://www.sec.gov/cgi-bin/browse-edgar?action=getcompany&CIK=1758699
0001171843-25-006299:exh_991.htm,"ITRON, INC.  (ITRI)  (CIK 0000780571)",2025-10-06,"EX-99.1 2 exh_991.htm PRESS RELEASE EdgarFiling EXHIBIT 99.1 Itron Signs Definitive Agreement to Acquire Urbint, Inc LIBERTY LAKE, Wash., Oct. 06, 2025 (GLOBE NEWSWIRE) -- Itron, Inc. (NASDAQ: ITRI), which is innovating new ways for utilities and cities to manage energy and water, announced today the signing of a definitive agreement to acquire Urbint, Inc. (“Urbint”), a privately held software company based in Miami, Florida. The purchase price for the acquisition is $325 million and will be funded through cash on hand. The transaction is expected to close during the fourth quarter of 2025. “The addition of Urbint to Itron’s portfolio signifies another step in the execution of our strategy to enable Itron’s customers to address the most pressing issues in the industry today,” commented To...",,,"7.01,8.01,9.01",Y,https://www.sec.gov/cgi-bin/browse-edgar?action=getcompany&CIK=780571
0001104659-25-097138:tm2528018d1_ex99-1.htm,"Entero Therapeutics, Inc.  (ENTO)  (CIK 0001604191)",2025-10-06,"EX-99.1 5 tm2528018d1_ex99-1.htm EXHIBIT 99.1 Exhibit 99.1 ENTERO THERAPEUTICS (NASDAQ: ENTO) Acquires 100% of GRID AI, a Grid-Edge AI Platform Optimizing Next-Gen Power Demand Transaction positions ENTO in the high-growth AI energy-infrastructure market, amid a surge of multi-billion-dollar hyperscaler spending on data centers, and rapid growth in behind-the-meter energy storage solutions Boca Raton, Florida — October 1, 2025 — Entero Therapeutics, Inc. (NASDAQ: ENTO) (“ENTO” or the “Company”) today announced it has acquired 100% of GRID AI Corp (“GRID AI”), a grid-edge, AI-driven software and device platform that enables utilities, retailers, and large power users to dynamically manage load and distributed energy resources (“DERs”). Over $50 million has been invested since 2019 to commer...",,,"1.01,2.01,3.02,5.03,7.01,8.01,9.01",Y,https://www.sec.gov/cgi-bin/browse-edgar?action=getcompany&CIK=1604191
0001616533-25-000057:pengq4-25form8xkxex991.htm,"Penguin Solutions, Inc.  (PENG)  (CIK 0001616533)",2025-10-07,"EX-99.1 2 pengq4-25form8xkxex991.htm EX-99.1 Document Exhibit 99.1 Press Release FOR IMMEDIATE RELEASE PENGUIN SOLUTIONS REPORTS Q4 AND FULL YEAR FISCAL 2025 FINANCIAL RESULTS Fiscal 2025 Net Sales up 17% compared to the prior year GAAP EPS of $0.28, up from ($0.85) Non-GAAP EPS of $1.90, up 53% Fremont, Calif. – October 7, 2025 – Penguin Solutions, Inc. (“Penguin Solutions,” “we,” “us,” or the “Company”) (NASDAQ: PENG) today reported financial results for the fourth quarter and full year fiscal 2025. Fiscal 2025 Highlights • Net sales of $1.37 billion versus $1.17 billion in fiscal year 2024 • GAAP gross margin of 28.8%, down 30 basis points versus fiscal year 2024 • Non-GAAP gross margin of 31.0%, down 90 basis points versus fiscal year 2024 • GAAP diluted EPS of $0.28 versus $(0.85) in ...",,,"2.02,8.01,9.01",Y,https://www.sec.gov/cgi-bin/browse-edgar?action=getcompany&CIK=1616533
0001193125-25-233473:d938765dex991.htm,"ZIMMER BIOMET HOLDINGS, INC.  (ZBH)  (CIK 0001136869)",2025-10-07,"EX-99.1 2 d938765dex991.htm EX-99.1 EX-99.1 Exhibit 99.1 Zimmer Biomet Completes Acquisition of Monogram Technologies Transaction creates the broadest, most flexible portfolio of orthopedic robotics and navigation technologies, including pathway towards the first fully autonomous robotic technology for orthopedic procedures (WARSAW, Ind.) October 7, 2025 — Zimmer Biomet Holdings, Inc. (NYSE and SIX: ZBH) (“Zimmer Biomet”), a global medical technology leader, today announced it has completed the acquisition of Monogram Technologies Inc. (“Monogram”), an AI-driven, next-generation orthopedic robotics company. Monogram’s surgeon-guided semi- and fully autonomous robotic technologies are expected to add new and differentiated capabilities to Zimmer Biomet’s already broad suite of customer-cent...",,,"8.01,9.01",Y,https://www.sec.gov/cgi-bin/browse-edgar?action=getcompany&CIK=1136869
0001096906-25-001655:fccn_ex99z1.htm,SPECTRAL CAPITAL Corp  (FCCN)  (CIK 0001131903),2025-10-08,"EX-99.1 4 fccn_ex99z1.htm PRESS RELEASE ISSUED BY SPECTRAL CAPITAL ON OCTOBER 7, 2025. Spectral Capital Executes Binding Term Sheet to Acquire Snack Prompt Aiming to Build the #1 SMB Platform for AI Workflow Automations Seattle, WA — October 7, 2025 — Spectral Capital Corporation (OTCQB: FCCN) (“Spectral”) today announced it has executed a binding term sheet to acquire Snack Prompt Corp. (“Snack Prompt”), a fast-growing marketplace for AI workflow automations serving small and medium-sized businesses (SMBs). Under the term sheet, Spectral will acquire 100% of Snack Prompt’s equity for 10,000,000 shares of Spectral common stock (1,500,000 initial shares and up to 8,500,000 earn-out shares), and will commit up to $5,000,000 of growth capital subject to agreed milestones and audit conditions....",,,"1.01,9.01",Y,https://www.sec.gov/cgi-bin/browse-edgar?action=getcompany&CIK=1131903
0001213900-25-097242:ea026065201ex99-1_defi.htm,DeFi Development Corp.  (DFDV)  (CIK 0001805526),2025-10-08,"EX-99.1 2 ea026065201ex99-1_defi.htm PRESS RELEASE, DATED OCTOBER 8, 2025 Exhibit 99.1 October 8, 2025 DeFi Development Corp. Announces Dividend of Warrant to Stockholders BOCA RATON, FL — October 8, 2025 — DeFi Development Corp. (Nasdaq: DFDV) (the “Company”), today announced a special dividend to be distributed in the form of warrants to holders of the Company’s common stock as of October 23, 2025 (the “Record Date”). Each registered stockholder as of the Record Date will receive one (1) warrant for every ten (10) shares of Company common stock held, rounded down to the nearest whole warrant. Additionally, in lieu of an adjustment to the applicable conversion rate, holders of the Company’s Convertible Senior Notes due 2030 will receive warrants on an as converted to common stock basis in...",,,"7.01,8.01,9.01",Y,https://www.sec.gov/cgi-bin/browse-edgar?action=getcompany&CIK=1805526
0001171843-25-006348:exh_991.htm,Predictive Oncology Inc.  (POAI)  (CIK 0001446159),2025-10-08,"EX-99.1 2 exh_991.htm PRESS RELEASE EdgarFiling EXHIBIT 99.1 Predictive Oncology Inc. Announces Closing of $343.5 Million in Private Placements to Initiate Digital Asset Treasury Strategy Investment creates the world’s first Strategic Compute Reserve Strategy complements Predictive Oncology’s AI/ML-driven drug discovery and development activities PITTSBURGH, Oct. 08, 2025 (GLOBE NEWSWIRE) -- Predictive Oncology Inc. (“Predictive Oncology” or the “Company”) (Nasdaq: POAI) today announced the closing of two previously announced private investment in public equity transactions (“PIPEs”) totaling approximately $343.5 million to support the Company’s adoption of a digital asset treasury strategy focused on ATH, the native utility token of the Aethir ecosystem. The Company raised an aggregate of...",,,"7.01,8.01,9.01",Y,https://www.sec.gov/cgi-bin/browse-edgar?action=getcompany&CIK=1446159
0001213900-25-098302:ea026104501ex99-1_zedge.htm,"Zedge, Inc.  (ZDGE)  (CIK 0001667313)",2025-10-14,"EX-99.1 2 ea026104501ex99-1_zedge.htm PRESS RELEASE, DATED OCTOBER 14, 2025, ANNOUNCING THE INITIATION OF A QUARTERLY CASH DIVIDEND Exhibit 99.1 Zedge Announces Initiation of Quarterly Cash Dividend Strong cash position, debt free balance sheet, ongoing free cash flow generation and share repurchase program highlight confidence in long-term growth and innovation strategy New York, NY/ ACCESS Newswire / October 14, 2025 / Zedge, Inc. (NYSE AMERICAN: ZDGE), $ZDGE, a leader in digital marketplaces and interactive games that provide content, enable creativity, empower self-expression and facilitate community , today announced that its Board of Directors has approved the initiation of a quarterly cash dividend program, expanding the Company’s capital return initiatives to further enhance shareh...",,,"7.01,8.01,9.01",Y,https://www.sec.gov/cgi-bin/browse-edgar?action=getcompany&CIK=1667313
0000200406-25-000201:a2025q3exhibit991.htm,JOHNSON & JOHNSON  (JNJ)  (CIK 0000200406),2025-10-14,"EX-99.1 2 a2025q3exhibit991.htm EX-99.1 Document Exhibit 99.1 Media contact: media-relations@its.jnj.com Investor contact: investor-relations@its.jnj.com For immediate release Johnson & Johnson reports Q3 2025 results; raises 2025 sales outlook • 2025 Third-Quarter reported sales growth of 6.8% to $24.0 Billion with operational growth of 5.4%* and adjusted operational growth of 4.4%* • 2025 Third-Quarter reflects earnings per share (EPS) of $2.12 and adjusted EPS of $2.80 • Significant innovation including approvals of INLEXZO for high-risk non-muscle invasive bladder cancer and TREMFYA subcutaneous in ulcerative colitis, submission of icotrokinra for plaque psoriasis, landmark data for RYBREVANT plus LAZCLUZE overall survival in non-small cell lung cancer, and DanGer Shock long-term survi...",,,"2.02,8.01,9.01",Y,https://www.sec.gov/cgi-bin/browse-edgar?action=getcompany&CIK=200406
0001493152-25-017931:ex99-1.htm,"Cingulate Inc.  (CING, CINGW)  (CIK 0001862150)",2025-10-14,"EX-99.1 2 ex99-1.htm EX-99.1 Exhibit 99.1 FDA Accepts Cingulate’s New Drug Application for CTx-1301 in Attention-Deficit/Hyperactivity Disorder (ADHD) and sets a May 31, 2026 PDUFA Date ● Once-daily Precision Timed Release™ (PTR™) stimulant designed to deliver rapid onset of effect and entire active-day duration ● NDA accepted under the FDA’s 505(b)(2) regulatory pathway KANSAS CITY, Kan., October 14, 2025 — Cingulate Inc. (NASDAQ: CING) a biopharmaceutical company developing and advancing a pipeline of next-generation pharmaceutical products utilizing its proprietary Precision Timed Release™ (PTR™) drug-delivery platform, today announced that the U.S. Food and Drug Administration (FDA) has accepted for review the New Drug Application (NDA) for CTx-1301 (dexmethylphenidate), the company’s ...",,,"7.01,8.01,9.01",Y,https://www.sec.gov/cgi-bin/browse-edgar?action=getcompany&CIK=1862150
0001437749-25-030936:ex_869221.htm,"Professional Diversity Network, Inc.  (IPDN)  (CIK 0001546296)",2025-10-14,"EX-99.1 2 ex_869221.htm EXHIBIT 99.1 PRESS RELEASE DATED OCTOBER 13, 2025 - PROFESSIONAL DIVERSITY NETWORK, INC. ANNOUNCES ESTABLISHMENT OF JAPANESE SUBSIDIARY. ex_869221.htm Exhibit 99.1 Professional Diversity Network, Inc. Established a Japanese Subsidiary, Launching a New Phase of Its Asia Strategy and Global Expansion CHICAGO, Oct. 13, 2025 (GLOBE NEWSWIRE) -- Professional Diversity Network, Inc. (Nasdaq: IPDN) (“IPDN” or the “Company”), a technology holding company focused on the application of AI technologies and AI-powered solutions, today announced the establishment of a wholly owned subsidiary in Tokyo, Japan. This marks a significant milestone in the Company’s ongoing globalization strategy, and further strengthens its presence in Asia, with Japan serving as the central hub for b...",,,"8.01,9.01",Y,https://www.sec.gov/cgi-bin/browse-edgar?action=getcompany&CIK=1546296
0001213900-25-100416:ea026179701ex99-1_mobile.htm,"Mobile Global Esports, Inc.  (MGAM)  (CIK 0001886362)",2025-10-20,"EX-99.1 3 ea026179701ex99-1_mobile.htm PRESS RELEASE DATED OCTOBER 20, 2025 Exhibit 99.1 MGAM Signs Definitive Agreement to Acquire Reality Sports Online Assets, Accelerating Fantasy Sports Growth Accelerates Expansion into Fantasy Sports and Predictive Gaming; Adds Proven Contract-Based Platform Built on NFL Rules and Real-World Economics WESTPORT, CT, CA / ACCESS Newswire / October 20, 2025 / Mobile Global Esports Inc. (“MGAM” or the “Company”) (OTC:MGAM), a technology and IP company at the intersection of iGaming, fantasy sports, and entertainment, today announced that it has entered into a definitive asset purchase agreement (the “Agreement”) to acquire substantially all assets of Reality Sports Online (“RSO”), a leading fantasy sports platform built on real-world NFL rules, player con...",,,"1.01,3.02,9.01",Y,https://www.sec.gov/cgi-bin/browse-edgar?action=getcompany&CIK=1886362
0001062993-25-016251:exhibit99-1.htm,Artificial Intelligence Technology Solutions Inc.  (AITX)  (CIK 0001498148),2025-10-22,"EX-99.1 2 exhibit99-1.htm EXHIBIT 99.1 Artificial Intelligence Technology Solutions, Inc.: Exhibit 99.1 - Filed by newsfilecorp.com Exhibit 99.1 AITX's RAD Signs Propertysec as Master Distributor to UK Strategic Appointment Expands RAD's Global Footprint, Bringing Advanced AI Security and Property Protection Solutions to UK Markets Detroit, Michigan, October 22, 2025 -- Artificial Intelligence Technology Solutions, Inc. (the ""Company"") ( OTCID:AITX ), along with its wholly owned subsidiary, Robotic Assistance Devices, Inc. (RAD), has signed Property Security Services PSS Ltd. ( Propertysec ) as Master Distributor for the United Kingdom. This appointment represents a key milestone in RAD's international expansion strategy, enabling the Company to introduce its ecosystem of AI-powered securi...",,,"8.01,9.01",Y,https://www.sec.gov/cgi-bin/browse-edgar?action=getcompany&CIK=1498148
0001213900-25-101825:ea026231901ex99-1_oramed.htm,ORAMED PHARMACEUTICALS INC.  (ORMP)  (CIK 0001176309),2025-10-24,"EX-99.1 3 ea026231901ex99-1_oramed.htm SHAREHOLDER LETTER, DATED OCTOBER 23, 2025 Exhibit 99.1 Oramed Releases Letter to Shareholders, Highlighting Developments in its Oral Insulin Program, Significant Investment Appreciation, and Upcoming Growth Initiatives ● Oramed Advancing Oral Insulin Program Independently; Announces Launch of New U.S. Trial ● Diversified Investment Portfolio Delivers Strong Returns ● Company Accelerating Growth Through Strategic Partnerships, Innovation, and Value-Driven Expansion ● Company Reaffirms Commitment to Rewarding Shareholders, Including Plans for a One-Time Dividend NEW YORK, October 23, 2025 -- Oramed Pharmaceuticals Inc. (Nasdaq/TASE: ORMP) (“Oramed” or the “Company” or “we”), a clinical-stage pharmaceutical company, today issued a Letter to Shareholders...",,,"1.01,1.02,2.02,8.01,9.01",Y,https://www.sec.gov/cgi-bin/browse-edgar?action=getcompany&CIK=1176309
0001193125-25-250803:d917887dex991.htm,ADVANCED MICRO DEVICES INC  (AMD)  (CIK 0000002488),2025-10-27,"EX-99.1 2 d917887dex991.htm EX-99.1 EX-99.1 Exhibit 99.1 PRESS RELEASE Contacts: Brandi Martina AMD Communications 512-705-1720 brandi.martina@amd.com Investor Contact Liz Stine AMD Investor Relations (720) 652-3965 liz.stine@amd.com AMD Completes Divestiture of ZT Systems Data Center Infrastructure Manufacturing Business to Sanmina News Highlights • AMD retains ZT Systems’ rack-scale AI solutions design and customer enablement expertise • Strategic partnership with Sanmina to accelerate quality and time-to-deployment for cloud customers SANTA CLARA, Calif. — October 27, 2025 — AMD (NASDAQ: AMD) today announced the completion of the agreement to divest the ZT Systems U.S.-headquartered data center infrastructure manufacturing business to Sanmina (NASDAQ: SANM). As part of the transaction, ...",,,"2.01,7.01,9.01",Y,https://www.sec.gov/cgi-bin/browse-edgar?action=getcompany&CIK=2488
0001403161-25-000077:q42025earningsrelease.htm,VISA INC.  (V)  (CIK 0001403161),2025-10-28,"EX-99.1 2 q42025earningsrelease.htm EXHIBIT 99.1 Document Visa Reports Fiscal Fourth Quarter and Full-Year 2025 Results San Francisco, October 28, 2025 – Visa (NYSE: V) Fiscal Fourth Quarter Results: • GAAP net income of $5.1B or $2.62 per share and non-GAAP net income of $5.8B or $2.98 per share • Net revenue of $10.7B, an increase of 12%, or 11% on a constant-dollar basis Fiscal Full-Year Results: • GAAP net income of $20.1B or $10.20 per share and non-GAAP net income of $22.5B or $11.47 per share • Net revenue of $40.0B, an increase of 11%, or 12% on a constant-dollar basis Other Highlights: • Fiscal fourth quarter growth in payments volume, cross-border volume and processed transactions remained strong • Share repurchases and dividends of $6.1B and $22.8B for fiscal fourth quarter and ...",,,"2.02,8.01,9.01",Y,https://www.sec.gov/cgi-bin/browse-edgar?action=getcompany&CIK=1403161
0001171843-25-006726:exh_991.htm,Brookfield Asset Management Ltd.  (BAM)  (CIK 0001937926),2025-10-28,"EX-99.1 2 exh_991.htm PRESS RELEASE EdgarFiling EXHIBIT 99.1 United States Government, Brookfield and Cameco Announce Transformational Partnership to Deliver Long-term Value Using Westinghouse Nuclear Reactor Technology At least $80 billion to construct new Westinghouse nuclear power reactors Partnership will accelerate nuclear power and artificial intelligence deployment in America All values are USD TOKYO and CRANBERRY, Pa., Oct. 28, 2025 (GLOBE NEWSWIRE) -- Westinghouse Electric Company (“Westinghouse”), Cameco Corporation (“Cameco”) and Brookfield Asset Management (“Brookfield”) today announced that the United States Government (“U.S. Government”) has entered into a strategic partnership to accelerate the deployment of nuclear power, in accordance with the President’s May 23, 2025 Exec...",,,"8.01,9.01",Y,https://www.sec.gov/cgi-bin/browse-edgar?action=getcompany&CIK=1937926
0001213900-25-103498:ea026290301ex99-1_gdculture.htm,GD Culture Group Ltd  (GDC)  (CIK 0001641398),2025-10-29,"EX-99.1 4 ea026290301ex99-1_gdculture.htm PRESS RELEASE - GD CULTURE ANNOUNCES CLOSING OF US$2.8 MILLION PRIVATE PLACEMENT Exhibit 99.1 GD Culture Announces Closing of US$2.8 Million Private Placement NEW YORK, October 28, 2025 (GLOBE NEWSWIRE) -- GD Culture Group Limited (“GDC” or the “Company”) (Nasdaq: GDC) today announced the successful closing of a private placement (the “Transaction”) with certain investor for the purchase and sale of an aggregate of 1,333,334 shares (the “Shares”) of the Company’s common stock, par value $0.0001 per share (the “Common Stock”), at a purchase price of $2.10 per share, pursuant to a securities purchase agreement entered into on October 24, 2025 (the “Agreement”). The aggregate gross proceeds to the Company were approximately $2.8 million. The Transacti...",,,"1.01,3.02,7.01,9.01",Y,https://www.sec.gov/cgi-bin/browse-edgar?action=getcompany&CIK=1641398
0001420720-25-000033:ibio-20251030xex99d1.htm,"iBio, Inc.  (IBIO)  (CIK 0001420720)",2025-10-30,"EX-99.1 2 ibio-20251030xex99d1.htm EX-99.1 Exhibit 99.1 ​ ​ iBio Unveils New Non-Human Primate Data on IBIO-610, an Activin E Antibody with Strong Therapeutic Potential for Fat-Selective Weight-Loss and Weight Maintenance Previously reported data showed that in a diet-induced obesity mouse model, IBIO-610 drives fat-selective, GLP-1-synergistic weight loss and prevents weight regain following GLP-1 treatment discontinuation New non-human primate data projects a human half-life of up to 100 days, potentially enabling treatment with only twice-yearly dosing Extended half-life data and differentiated mechanism of action reinforce IBIO-610’s potential as a leading next-generation therapy for obesity and cardiometabolic disease SAN DIEGO, Oct. 30, 2025 (GLOBE NEWSWIRE) -- iBio, Inc. (NASDAQ: IB...",,,"7.01,8.01,9.01",Y,https://www.sec.gov/cgi-bin/browse-edgar?action=getcompany&CIK=1420720
0001193125-25-258690:mstr-ex99_1.htm,"Strategy Inc  (MSTR, STRC, STRD, STRF, STRK)  (CIK 0001050446)",2025-10-30,"EX-99.1 2 mstr-ex99_1.htm EX-99.1 EX-99.1 Exhibit 99.1 Contact: Strategy Shirish Jajodia Corporate Treasurer ir@strategy.com Strategy Announces Third Quarter 2025 Financial Results; Net Income of $2.8 Billion and Diluted EPS of $8.42 Earnings Highlights • $3.9 billion of Operating Income in Q3 • $2.8 billion of Net Income in Q3 • $8.42 of Diluted Earnings per Share in Q3 Bitcoin Highlights (as of October 26, 2025) • 640,808 bitcoin holdings at a total cost of $47.44 billion, or $74,032 per bitcoin • 26.0% BTC Yield achieved in 2025 YTD • $12.9 billion BTC $ Gain achieved in 2025 YTD FY2025 Earnings Guidance • Operating Income of $34 billion • Net Income of $24 billion • Diluted Earnings per Share of $80 per share TYSONS CORNER, Va., October 30, 2025 – Strategy Inc (Nasdaq: STRF/STRC/STRK/S...",,,"2.02,7.01,8.01,9.01",Y,https://www.sec.gov/cgi-bin/browse-edgar?action=getcompany&CIK=1050446
0001193125-25-258690:mstr-ex99_1.htm,"Strategy Inc  (MSTR, STRC, STRD, STRF, STRK)  (CIK 0001050446)",2025-10-30,"EX-99.1 2 mstr-ex99_1.htm EX-99.1 EX-99.1 Exhibit 99.1 Contact: Strategy Shirish Jajodia Corporate Treasurer ir@strategy.com Strategy Announces Third Quarter 2025 Financial Results; Net Income of $2.8 Billion and Diluted EPS of $8.42 Earnings Highlights • $3.9 billion of Operating Income in Q3 • $2.8 billion of Net Income in Q3 • $8.42 of Diluted Earnings per Share in Q3 Bitcoin Highlights (as of October 26, 2025) • 640,808 bitcoin holdings at a total cost of $47.44 billion, or $74,032 per bitcoin • 26.0% BTC Yield achieved in 2025 YTD • $12.9 billion BTC $ Gain achieved in 2025 YTD FY2025 Earnings Guidance • Operating Income of $34 billion • Net Income of $24 billion • Diluted Earnings per Share of $80 per share TYSONS CORNER, Va., October 30, 2025 – Strategy Inc (Nasdaq: STRF/STRC/STRK/S...",,,"2.02,7.01,8.01,9.01",Y,https://www.sec.gov/cgi-bin/browse-edgar?action=getcompany&CIK=1050446
0001193125-25-258690:mstr-ex99_1.htm,"Strategy Inc  (MSTR, STRC, STRD, STRF, STRK)  (CIK 0001050446)",2025-10-30,"EX-99.1 2 mstr-ex99_1.htm EX-99.1 EX-99.1 Exhibit 99.1 Contact: Strategy Shirish Jajodia Corporate Treasurer ir@strategy.com Strategy Announces Third Quarter 2025 Financial Results; Net Income of $2.8 Billion and Diluted EPS of $8.42 Earnings Highlights • $3.9 billion of Operating Income in Q3 • $2.8 billion of Net Income in Q3 • $8.42 of Diluted Earnings per Share in Q3 Bitcoin Highlights (as of October 26, 2025) • 640,808 bitcoin holdings at a total cost of $47.44 billion, or $74,032 per bitcoin • 26.0% BTC Yield achieved in 2025 YTD • $12.9 billion BTC $ Gain achieved in 2025 YTD FY2025 Earnings Guidance • Operating Income of $34 billion • Net Income of $24 billion • Diluted Earnings per Share of $80 per share TYSONS CORNER, Va., October 30, 2025 – Strategy Inc (Nasdaq: STRF/STRC/STRK/S...",,,"2.02,7.01,8.01,9.01",Y,https://www.sec.gov/cgi-bin/browse-edgar?action=getcompany&CIK=1050446
0001193125-25-258571:plmr-ex2_1.htm,"Palomar Holdings, Inc.  (PLMR)  (CIK 0001761312)",2025-10-30,"EX-2.1 2 plmr-ex2_1.htm EX-2.1 EX-2.1 Execution Version Exhibit 2.1 EQUITY PURCHASE AGREEMENT by and among PALOMAR INSURANCE HOLDINGS, INC., BCP Surety Group Sole Member, llc and the GRAY CASUALTY & SURETY COMPANY Dated as of OCTOBER 27, 2025 NOTE: STRICTLY PRIVATE AND CONFIDENTIAL DRAFT FOR DISCUSSION PURPOSES ONLY. CIRCULATION OF THIS DRAFT SHALL NOT GIVE RISE TO ANY DUTY TO NEGOTIATE OR CREATE OR IMPLY ANY OTHER LEGAL OBLIGATION. NO LEGAL OBLIGATION OF ANY KIND WILL ARISE UNLESS AND UNTIL A DEFINITIVE WRITTEN AGREEMENT IS EXECUTED AND DELIVERED BY ALL PARTIES. THIS DRAFT IS FOR DISCUSSION PURPOSES ONLY AND REMAINS SUBJECT TO COMPLETION OF BUYER’S DUE DILIGENCE AND SPECIALIST AND ACCOUNTING REVIEW IN ALL RESPECTS. TABLE OF CONTENTS Page Article I CERTAIN DEFINITIONS 2 Section 1.1 Certain...",,,"1.01,7.01,9.01",Y,https://www.sec.gov/cgi-bin/browse-edgar?action=getcompany&CIK=1761312
0001193125-25-261623:d10924dex991.htm,Vertiv Holdings Co  (VRT)  (CIK 0001674101),2025-11-03,"EX-99.1 3 d10924dex991.htm EX-99.1 EX-99.1 Exhibit 99.1 News release Vertiv Announces Intent to Acquire PurgeRite, a Leading Provider of Specialized Fluid Management Services, to Expand Liquid Cooling Services Portfolio ~$1.0 Billion planned acquisition expected to strengthen Vertiv’s leadership in next-generation thermal chain services for high-density and AI-driven environments Columbus, Ohio November 3, 2025 – Vertiv Holdings Co (NYSE: VRT), a global leader in critical digital infrastructure, today announced it has entered into an agreement to acquire Purge Rite Intermediate, LLC, (“PurgeRite”) a leading provider of mechanical flushing, purging and filtration services for data centers and other mission-critical facilities, from Milton Street Capital LLC for approximately $1.0 billion in...",,,"1.01,7.01,9.01",Y,https://www.sec.gov/cgi-bin/browse-edgar?action=getcompany&CIK=1674101
0001213900-25-105664:ea026367501ex99-2_ondas.htm,Ondas Holdings Inc.  (ONDS)  (CIK 0001646188),2025-11-04,"EX-99.2 4 ea026367501ex99-2_ondas.htm PRESS RELEASE, DATED NOVEMBER 4, 2025 Exhibit 99.2 Ondas to Acquire Sentrycs, a Global Leader in Counter-UAS Cyber Technology, Expanding Global Reach to Tier-1 Defense and Security Agencies Across 25+ Countries Sentrycs has achieved rapid global adoption, with operational deployments in 25 countries, and proven threat-mitigation performance — positioning the company as one of the fastest-growing and most trusted names in the Counter-UAS industry Sentrycs’ technology powers authorities to take control of hostile drones within seconds, offering what Ondas believes is unmatched reliability in the world’s most complex and contested airspaces Sentrycs’ Cyber-over-RF technology adds a powerful detection and control layer to Ondas’ counter-UAS ecosystem, crea...",,,"1.01,3.02,7.01,8.01,9.01",Y,https://www.sec.gov/cgi-bin/browse-edgar?action=getcompany&CIK=1646188
0001472375-25-000120:exhibit10-3.htm,Agassi Sports Entertainment Corp.  (AASP)  (CIK 0000930245),2025-11-05,EX-10.3 4 exhibit10-3.htm STATEMENT OF WORK Filed by Avantafile.com - Agassi Sports Entertainment Corp. - Exhibit 10.3 Exhibit 10.3 Certain confidential portions of this Exhibit are omitted by means of marking such portions with brackets (“[***]”) because the identified confidential portions (i) are not material and (ii) the Company customarily and actually treats that information as private or confidential. IBM Consulting Services Statement of Work 1 (SOW 1) Agassi Digital transformation partner Prepared for Agassi Sports Entertainment Corp. (ASE) 2025-10-31 The information in this Statement of Work is confidential and may only be used within Client’s enterprise. SoW 1 - Agassi Digital transformation partner Page 1 of 19 1. Statement of Work Overview. 3 1.1 Executive summary. 3 2. Project...,,,"1.01,7.01,9.01",Y,https://www.sec.gov/cgi-bin/browse-edgar?action=getcompany&CIK=930245
0001393883-25-000113:a2025-11dhisharebuybackpro.htm,"DHI GROUP, INC.  (DHX)  (CIK 0001393883)",2025-11-06,"EX-99.1 2 a2025-11dhisharebuybackpro.htm EX-99.1 STOCK REPURCHASE PROGRAM Document DHI Group Announces New $5 Million Stock Repurchase Program CENTENNIAL, Colo., November 6, 2025 -- DHI Group, Inc. (NYSE: DHX) today announced that its Board of Directors authorized a new stock repurchase program that permits the repurchase of up to $5 million of the Company's common stock. This new authorization will be effective November 13, 2025 and is approved to run through November 12, 2026. Under the program, management has discretion in determining the conditions under which shares may be purchased from time to time through open market purchases and in negotiated transactions, including block trades. ""DHI’s Board of Directors and management team are optimistic in our outlook for the future,"" said Gre...",,,"8.01,9.01",Y,https://www.sec.gov/cgi-bin/browse-edgar?action=getcompany&CIK=1393883
0001493152-25-021075:ex99-1.htm,"Cycurion, Inc.  (CYCU, CYCUW)  (CIK 0001868419)",2025-11-06,"EX-99.1 2 ex99-1.htm EX-99.1 Exhibit 99.1 Cycurion Secures $1.1 Million Data Modernization Contract for One of America’s Largest Counties, Further Solidifying $73.6 Million Backlog and Mission-Essential Resilience MCLEAN, Va., Nov. 05, 2025 (GLOBE NEWSWIRE) — Cycurion, Inc. (“Cycurion” or the “Company”) (NASDAQ: CYCU), a publicly traded leader in AI-powered technology and staffing solutions for the public sector, today announced that its subsidiary, SLG Innovation, Inc. (“SLG”), has been awarded a $1.1 million contract to modernize legacy data systems for one of America’s largest county-level public guardian offices. This high-impact engagement—delivered in partnership with a leading national provider of case management technology—adds another marquee win to Cycurion’s rapidly expanding po...",,,"8.01,9.01",Y,https://www.sec.gov/cgi-bin/browse-edgar?action=getcompany&CIK=1868419
0001437749-25-033739:ex_884873.htm,"Professional Diversity Network, Inc.  (IPDN)  (CIK 0001546296)",2025-11-07,"EX-99.1 4 ex_884873.htm EXHIBIT 99.1 PRESS RELEASE ISSUED BY PROFESSIONAL DIVERSITY NETWORK, INC. ON NOVEMBER 7, 2025. ex_884873.htm Exhibit 99.1 IPDN Welcomes His Highness Shaikh Ali Sultan Al Nuaimi of the UAE Royal Family as Independent Director CHICAGO, Nov. 07, 2025 (GLOBE NEWSWIRE) -- Professional Diversity Network, Inc. (Nasdaq: IPDN) (“IPDN” or the “Company”), a technology holding company focused on the application of AI technologies and AI-powered solutions, today announced the appointment of His Highness Shaikh Ali Sultan Al Nuaimi, a distinguished member of the Ajman Royal Family of the United Arab Emirates, to its Board of Directors as an Independent Director, effective as of November 5, 2025. This appointment is intended to support IPDN’s planned strategic expansion into the M...",,,"5.02,8.01,9.01",Y,https://www.sec.gov/cgi-bin/browse-edgar?action=getcompany&CIK=1546296
0001104659-25-108696:tm2530707d1_ex99-1.htm,Datavault AI Inc.  (DVLT)  (CIK 0001682149),2025-11-10,"EX-99.1 2 tm2530707d1_ex99-1.htm EXHIBIT 99.1 Exhibit 99.1 UNITED STATES DISTRICT COURT NORTHERN DISTRICT OF ILLINOIS EASTERN DIVISION Datavault AI, INC. and Nathaniel T. Bradley, Plaintiffs, -against- Wolfpack Research LLC and Dan David, Defendants. Case No.: JURY TRIAL DEMANDED COMPLAINT Plaintiffs Datavault AI, Inc. (“Datavault”) and Nathaniel Bradley, (collectively, “Plaintiffs”), by and through their attorneys, Paul Hastings LLP, as and for its complaint against Wolfpack Research LLC (“Wolfpack Research”) and Dan David (collectively, “Defendants”), hereby state as follows: PRELIMINARY STATEMENT 1. Plaintiffs bring this action to redress a deliberate, malicious, and defamatory “short-and-distort” campaign carried out by defendant Dan David, a self-styled “activist short seller,” 1 agai...",,,"8.01,9.01",Y,https://www.sec.gov/cgi-bin/browse-edgar?action=getcompany&CIK=1682149
0001213900-25-108312:ea026481501ex99-1_ondas.htm,Ondas Holdings Inc.  (ONDS)  (CIK 0001646188),2025-11-10,"EX-99.1 2 ea026481501ex99-1_ondas.htm PRESS RELEASE, DATED NOVEMBER 10, 2025 Exhibit 99.1 Ondas Appoints Former Rafael President & CEO Major General (Ret.) Yoav Har-Even to Ondas Autonomous Systems Advisory Board As CEO of Rafael, a major supplier to the Israel Defense Forces (IDF) and a trusted partner to defense organizations in over 80 countries worldwide, Har-Even led global growth and development of Iron Dome and Israel’s most advanced defense systems Veteran military commander and defense executive with deep experience in multi-domain operations and strategic programs brings nearly four decades of defense leadership Strengthens OAS’ strategic depth with proven experience in international defense collaboration and technology integration, Har-Even to advance OAS’ global defense-technol...",,,"8.01,9.01",Y,https://www.sec.gov/cgi-bin/browse-edgar?action=getcompany&CIK=1646188
0001104659-25-108849:tm2530708d1_ex99-1.htm,ScanTech AI Systems Inc.  (STAI)  (CIK 0001994624),2025-11-10,"EX-99.1 2 tm2530708d1_ex99-1.htm EXHIBIT 99.1 Exhibit 99.1 For Immediate Release ScanTech AI Systems Regains Nasdaq Market Value of Publicly Held Shares Compliance and Continues Progress on Strategic Re-Compliance Plan Atlanta, GA, November 10, 2025 - ScanTech AI Systems Inc. (the ""Company"" or ""ScanTech AI"") (Nasdaq: STAI ), a developer of advanced AI-powered security screening and imaging systems, today announced that it has received formal notice from The Nasdaq Stock Market LLC confirming that the Company has regained compliance with Nasdaq Listing Rule 5450(b)(2)(C) — requiring a minimum market value of publicly held shares (“MVPHS”) of $15 million. According to the Nasdaq letter dated November 5, 2025, the Company’s MVPHS was at or above the $15 million threshold for 16 consecutive tr...",,,"7.01,8.01,9.01",Y,https://www.sec.gov/cgi-bin/browse-edgar?action=getcompany&CIK=1994624
0001493152-25-021902:ex99-1.htm,"Ocean Power Technologies, Inc.  (OPTT)  (CIK 0001378140)",2025-11-12,"EX-99.1 2 ex99-1.htm EX-99.1 Exhibit 99.1 Ocean Power Technologies and Mythos AI Partner to Advance Autonomous Maritime Capabilities Monroe Township, NJ — 11/12/25 — Ocean Power Technologies, Inc. (NYSE American: OPTT) , a leader in intelligent maritime systems and ocean energy solutions, today announced a partnership with Mythos AI to integrate advanced AI-driven autonomy software across OPT’s fleet of WAM-V® Autonomous Surface Vehicles (ASVs) and PowerBuoy® platforms. This collaboration is designed to enhance OPT’s operational capabilities and accelerate the range of integrated solutions the company can deliver to customers in defense, security, and commercial sectors while expanding OPT’s addressable market by strengthening its position in the fast growing autonomous and intelligent sys...",,,"8.01,9.01",Y,https://www.sec.gov/cgi-bin/browse-edgar?action=getcompany&CIK=1378140
0001493152-25-021749:ex99-1.htm,ORAGENICS INC  (OGEN)  (CIK 0001174940),2025-11-12,"EX-99.1 2 ex99-1.htm EX-99.1 Exhibit 99.1 Oragenics Q3 2025 Shareholder Update Building on Solid Ground: From Vision to Execution Restoring Compliance, Advancing Innovation, Preparing for Clinical Milestones SARASOTA, Fla., November 12, 2025 — Oragenics, Inc. (NYSE American: OGEN), a clinical-stage biotechnology company developing brain-targeted therapeutics through proprietary intranasal delivery technology, today reported key operational, financial, and strategic achievements for the third quarter of 2025. These milestones reflect the Company’s evolution from vision to execution as it advances toward critical clinical trial initiation in Q4 2025/Q1 2026. OPERATIONAL EXCELLENCE: FOUNDATION RESTORED NYSE American Compliance Regained On October 20, 2025, Oragenics regained full compliance w...",,,"8.01,9.01",Y,https://www.sec.gov/cgi-bin/browse-edgar?action=getcompany&CIK=1174940
0001213900-25-112157:ea026625601ex99-1_realpha.htm,reAlpha Tech Corp.  (AIRE)  (CIK 0001859199),2025-11-18,"EX-99.1 2 ea026625601ex99-1_realpha.htm PRESS RELEASE, DATED NOVEMBER 18, 2025 Exhibit 99.1 reAlpha ($AIRE) Granted 180-Day Extension by Nasdaq to Regain Compliance with Minimum Bid Price Requirement DUBLIN, Ohio – November 18, 2025 (GLOBE NEWSWIRE) – reAlpha Tech Corp. (Nasdaq: AIRE) (“reAlpha” or the “Company”), an AI-powered real estate technology company, today announced that it has received a notice from The Nasdaq Stock Market LLC (“Nasdaq”) granting the Company an additional 180-day extension, until May 18, 2026, to regain compliance with the Nasdaq Capital Market’s minimum bid price requirement under Listing Rule 5550(a)(2). This notice has no immediate effect on the listing or trading of reAlpha’s common stock, which continues to trade on the Nasdaq Capital Market under the ticker...",,,"3.01,8.01,9.01",Y,https://www.sec.gov/cgi-bin/browse-edgar?action=getcompany&CIK=1859199
0001702015-25-000007:ais_super8ko.htm,"AIS Holdings Group, Inc.  (AIDG)  (CIK 0001702015)",2025-11-18,"false 0001702015 0001702015 2025-11-18 2025-11-18 iso4217:USD xbrli:shares iso4217:USD xbrli:shares UNITED STATES SECURITIES AND EXCHANGE COMMISSION Washington, D.C. 20549 FORM 8-K CURRENT REPORT Pursuant to Section 13 OR 15(d) of the Securities Exchange Act of 1934 Date of Report (Date of Earliest Event Reported): November 18, 2025 AIS Holdings Group, Inc. (Exact name of registrant as specified in its charter) DE 000-55769 36-4877329 (state or other jurisdiction of incorporation) (Commission File Number) (IRS Employer Identification Number) 3-5-2-205 , Kojimachi , Chiyoda-ku , Tokyo , Japan 102-0083 (address of principal executive offices) (zip code) + 81-3-6670-1691 (registrant’s telephone number, including area code) N/A (former name or former mailing address, if changed since last repo...",,,"1.01,5.06,9.01",Y,https://www.sec.gov/cgi-bin/browse-edgar?action=getcompany&CIK=1702015
0001472375-25-000143:exhibit99-1.htm,Agassi Sports Entertainment Corp.  (AASP)  (CIK 0000930245),2025-11-25,"EX-99.1 4 exhibit99-1.htm PRESS RELEASE Filed by Avantafile.com - Agassi Sports Entertainment Corp. - Exhibit 99.1 Agassi Sports Entertainment Announces Brand Partnership Agreement with Stefanie Graf Championing the Next Era of Racquet Sports With a Global Icon Las Vegas, NV. / November 25, 2025 - Agassi Sports Entertainment (OTC PINK:AASP) is pleased to announce it has entered into an advisory and brand partnership agreement with Stefanie Graf, the 22-time Grand Slam tennis champion and the wife of longtime significant shareholder and co-founder of Agassi Sports Entertainment, Andre Agassi. In her role, Ms. Graf will serve as a brand partner of AASP and play an active role in advising the company on strategic direction in the global racquet sport industry and promote the Agassi Sports Ent...",,,"1.01,3.02,7.01,9.01",Y,https://www.sec.gov/cgi-bin/browse-edgar?action=getcompany&CIK=930245
0001213900-25-116760:ea026756201ex99-1_citius.htm,"Citius Pharmaceuticals, Inc.  (CTXR)  (CIK 0001506251)",2025-12-01,"EX-99.1 2 ea026756201ex99-1_citius.htm CORPORATE PRESENTATION OF DECEMBER 2025 Exhibit 99.1 NASDAQ: CTXR Citius Pharmaceuticals, Inc. (NASDAQ: CTXR) Corporate Overview DECEMBER 2025 FORWARD - LOOKING STATEMENTS NASDAQ: CTXR 2 This presentation has been prepared by Citius Pharmaceuticals, Inc . (the “Company”) for informational purposes only and not for any other purpose . Nothing contained in this presentation is, or should be construed as, a recommendation, promise or representation by the Company or any director, employee, agent, or adviser of the Company . This presentation does not purport to be all - inclusive or to contain all of the information you may desire . The information contained in this presentation and the comments and remarks of the representatives of the Company made duri...",,,"7.01,8.01,9.01",Y,https://www.sec.gov/cgi-bin/browse-edgar?action=getcompany&CIK=1506251
0001140361-25-044032:ef20060485_ex99-1.htm,DXC Technology Co  (DXC)  (CIK 0001688568),2025-12-02,"EX-99.1 2 ef20060485_ex99-1.htm EXHIBIT 99.1 Exhibit 99.1 DXC Technology Prices Senior Notes Offering Ashburn, Va. , December 2, 2025 — DXC Technology Company (NYSE: DXC) (“DXC”) today announced that its wholly owned subsidiary, DXC Capital Funding DAC (the “Issuer”), priced an offering of €650,000,000 million aggregate principal amount of its 4.250% Senior Notes due 2030 (the “Notes”), priced at 99.784% of the aggregate principal amount of such notes. The Notes were offered to qualified institutional buyers pursuant to Rule 144A under the Securities Act of 1933, as amended (the “Securities Act”), and outside the United States in compliance with Regulation S under the Securities Act. The offering of the Notes is expected to close on December 9, 2025, subject to customary conditions. The No...",,,"8.01,9.01",Y,https://www.sec.gov/cgi-bin/browse-edgar?action=getcompany&CIK=1688568
0001213900-25-117911:ea026838201ex99-1_toppoint.htm,Toppoint Holdings Inc.  (TOPP)  (CIK 0001960847),2025-12-03,"EX-99.1 4 ea026838201ex99-1_toppoint.htm PRESS RELEASE DATED DECEMBER 3, 2025 Exhibit 99.1 TOPPOINT HOLDINGS INC. NORTH WALES, Pa., Dec. 03, 2025 (GLOBE NEWSWIRE) --Toppoint Holdings Inc. (the “Company”) announced today that A.G.P./Alliance Global Partners, the representative of the underwriters in the Company’s recent public sale of shares of its common stock, are waiving a lock-up restriction with respect to 7,500,000 shares of its common stock held by an officer of the Company. The waiver will take effect immediately, and the shares of its common stock may be sold on or after such date. This press release is not an offer for sale of the securities in the United States or in any other jurisdiction where such offer is prohibited, and such securities may not be offered or sold in the Unite...",,,"1.01,5.02,8.01,9.01",Y,https://www.sec.gov/cgi-bin/browse-edgar?action=getcompany&CIK=1960847
0001104659-25-118524:tm2532710d1_ex99-2.htm,GridAI Technologies Corp.  (ENTO)  (CIK 0001604191),2025-12-04,"EX-99.2 5 tm2532710d1_ex99-2.htm EXHIBIT 99.2 Exhibit 99.2 November 28, 2025 Entero Therapeutics, Inc. Announces Corporate Name Change to GridAI Technologies Corp. and New Ticker Symbol “GRDX” Boca Raton, Florida — November 28, 2025 — Entero Therapeutics, Inc. (NASDAQ: ENTO) (the “Company”) today announced that it will change its name to GridAI Technologies Corp., effective at 12:01 Eastern Time on Monday, December 1, 2025. The name change closely aligns the Company’s business following its acquisition of 100% of GRID AI Corp (“GRID AI”), a grid-edge, AI-driven software and controls platform that enables utilities, retail energy providers, and large power users to dynamically manage load and distributed energy resources including battery energy storage systems. In connection with the name ...",,,"1.01,5.02,5.03,8.01,9.01",Y,https://www.sec.gov/cgi-bin/browse-edgar?action=getcompany&CIK=1604191
0001104659-25-118661:xbp-20251205xex99d1.htm,"XBP Global Holdings, Inc.  (XBP, XBPEW)  (CIK 0001839530)",2025-12-05,"EX-99.1 2 xbp-20251205xex99d1.htm EX-99.1 Exhibit 99.1 ​ ​ XBP Global Holdings, Inc. Announces 1-for-10 Reverse Stock Split ​ Irving, Texas, December 5, 2025 – XBP Global Holdings, Inc. (“XBP Global” or “the Company”) (NASDAQ: XBP), a global leader in workflow automation and digital transformation, today announced that its Board of Directors has approved a 1-for-10 reverse stock split of the Company’s common stock. The reverse split will become effective at 5:00 p.m. Eastern Time on December 12, 2025. The Company’s common stock will begin trading on a split-adjusted basis on the Nasdaq Capital Market at market open on December 15, 2025. ​ The reverse stock split was previously authorized by XBP Global’s stockholders at the Annual Meeting held on July 25, 2025. Following the reverse split, ...",,,"3.03,5.03,7.01,8.01,9.01",Y,https://www.sec.gov/cgi-bin/browse-edgar?action=getcompany&CIK=1839530
0001193125-25-308605:d25498dex21.htm,ITT INC.  (ITT)  (CIK 0000216228),2025-12-05,"EX-2.1 2 d25498dex21.htm EX-2.1 EX-2.1 Exhibit 2.1 EXECUTION VERSION MEMBERSHIP INTEREST PURCHASE AGREEMENT among LSF11 REDWOOD PARENT, L.P., as the Seller, LSF11 REDWOOD TOPCO LLC, as the Company, ITT INDUSTRIES HOLDINGS, INC., as the Buyer, and ITT INC., as the Parent Dated as of December 4, 2025 TABLE OF CONTENTS Page ARTICLE I DEFINITIONS 1 Section 1.1 Certain Defined Terms 1 Section 1.2 Table of Definitions 16 ARTICLE II PURCHASE AND SALE 18 Section 2.1 Purchase and Sale of the Interests 18 Section 2.2 Closing 18 Section 2.3 Equitable Adjustments 20 Section 2.4 Purchase Price Adjustments 20 Section 2.5 Withholding 25 ARTICLE III REPRESENTATIONS AND WARRANTIES OF THE SELLER 26 Section 3.1 Organization 26 Section 3.2 Authority 26 Section 3.3 No Conflict; Required Filings and Consents 26...",,,"1.01,3.02,5.02,7.01,8.01,9.01",Y,https://www.sec.gov/cgi-bin/browse-edgar?action=getcompany&CIK=216228
0001829126-25-009754:neonctechnologies_ex99-1.htm,"NEONC TECHNOLOGIES HOLDINGS, INC.  (NTHI)  (CIK 0001979414)",2025-12-05,"EX-99.1 3 neonctechnologies_ex99-1.htm EXHIBIT 99.1 Exhibit 99.1 NeOnc Technologies (Nasdaq: NTHI) Announces AI-Driven Findings Showing Ultrasound Enhances the Potency of an Already Effective NEO100 in Treating Primary and Metastatic Brain Tumors CALABASAS, Calif., Dec. 01, 2025 (GLOBE NEWSWIRE) — NeOnc Technologies Holdings, Inc. (Nasdaq: NTHI), a clinical-stage biopharmaceutical company developing brain-penetrant therapeutics for central nervous system (CNS) cancers, today announced newly published preclinical findings from a research collaboration at the University of Southern California (USC). The study, now available on bioRxiv (https://www.biorxiv.org/content/10.1101/2025.11.25.690556v1), demonstrates that ultrasound further enhances and amplifies NEO100’s therapeutic potency, drivin...",,,"1.01,3.02,7.01,9.01",Y,https://www.sec.gov/cgi-bin/browse-edgar?action=getcompany&CIK=1979414
0001601830-25-000174:fapdecember2025webinarde.htm,"RECURSION PHARMACEUTICALS, INC.  (RXRX)  (CIK 0001601830)",2025-12-08,"EX-99.2 3 fapdecember2025webinarde.htm EX-99.2 fapdecember2025webinarde Ongoing Phase 1b/2 Trial of the Allosteric MEK1/2 Inhibitor REC-4881 as Monotherapy in Familial Adenomatous Polyposis (FAP): Updated Safety and Efficacy December 8, 2025 This presentation discusses an investigational product whose safety and efficacy have not been established. This document contains information that includes or is based upon “forward-looking statements” within the meaning of the Securities Litigation Reform Act of 1995, including, without limitation, those regarding Recursion’s anticipated engagement w ith the FDA; the clinical relevance of the TUPELO trial data and obtaining additional confirmatory data; advancing potential transformational therapies for FAP and beyond; subsequent REC-4881 studies, in...",,,"8.01,9.01",Y,https://www.sec.gov/cgi-bin/browse-edgar?action=getcompany&CIK=1601830
0001062993-25-017196:exhibit99-1.htm,Artificial Intelligence Technology Solutions Inc.  (AITX)  (CIK 0001498148),2025-12-08,"EX-99.1 2 exhibit99-1.htm EXHIBIT 99.1 Artificial Intelligence Technology Solutions, Inc.: Exhibit 99.1 - Filed by newsfilecorp.com Exhibit 99.1 AITX's RAD Achieves Record Single Day Deployment as Sixteen RIO Units Go Live at Major Construction Site Fast Turnaround from Order to Activation Reflects RAD's Maturity and Construction Sector Acceleration Detroit, Michigan, December 8, 2025 -- Artificial Intelligence Technology Solutions, Inc. (the ""Company"") ( OTCID:AITX ), a global leader in AI-driven security and productivity solutions, along with its wholly owned subsidiary, Robotic Assistance Devices, Inc. (RAD), today announced the successful completion of the largest single day deployment in RAD history as sixteen RIO™ Mini units were activated at a major construction project. The order w...",,,"8.01,9.01",Y,https://www.sec.gov/cgi-bin/browse-edgar?action=getcompany&CIK=1498148
0001213900-25-119422:ea026893601ex99-1_faraday.htm,"FARADAY FUTURE INTELLIGENT ELECTRIC INC.  (FFAI, FFAIW)  (CIK 0001805521)",2025-12-09,"EX-99.1 2 ea026893601ex99-1_faraday.htm PRESS RELEASE DATED DECEMBER 7, 2025 Exhibit 99.1 Faraday Future Founder and Co-CEO YT Jia Shares Weekly Investor Update: The FX Super One First Pre-Production Vehicles Roll-off Ceremony is Scheduled for December 21 at the Company’s Hanford, CA Factory ● The first batch of knockdowns for FX Super One MPV have successfully arrived at the Port of Long Beach, cleared customs and have commenced delivery to the Company’s manufacturing facility in Hanford, CA factory in anticipation of the first pre-production vehicles Roll-off ceremony on Dec. 21. ● The Board has conditionally approved FF and FX’s five-year volume production plan, including the target of 400,000-500,000 cumulative production and sales, contingent upon securing the necessary financing, as ...",,,"8.01,9.01",Y,https://www.sec.gov/cgi-bin/browse-edgar?action=getcompany&CIK=1805521
0001213900-25-119436:ea026862401ex99-1_triller.htm,"Triller Group Inc.  (ILLR, ILLRW)  (CIK 0001769624)",2025-12-09,"EX-99.1 2 ea026862401ex99-1_triller.htm PRESS RELEASE DATED DECEMBER 9, 2025 Exhibit 99.1 ILLR Secures Nasdaq Listing Extension with Clear Path to Full Compliance Los Angeles, Dec. 09, 2025 (GLOBE NEWSWIRE) -- Triller Group Inc. (Nasdaq: ILLR) (“Triller Group”, or “the Company”) announced today that the Nasdaq Hearings Panel has granted an extension period for the Company to regain compliance with its listing requirements on The Nasdaq Stock Market. Following a hearing held on November 25, 2025, the Panel has granted Triller an exception period subject to the Company satisfying the following conditions: ● File its 2024 Form 10-K and delinquent Forms 10-Q for the quarters ended March 31, June 30, and September 30, 2025 on or before December 24, 2025; ● Regain compliance with the $1.00 minim...",,,"8.01,9.01",Y,https://www.sec.gov/cgi-bin/browse-edgar?action=getcompany&CIK=1769624
0001213900-25-119878:ea026910601ex99-1_healthcare.htm,"Healthcare Triangle, Inc.  (HCTI)  (CIK 0001839285)",2025-12-10,"EX-99.1 3 ea026910601ex99-1_healthcare.htm PRESS RELEASE, DATED DECEMBER 10, 2025 Exhibit 99.1 Healthcare Triangle, Inc. Signs Advance Agreement for the Acquisition of Next-Generation AI Customer Engagement Business, on track to generate $34M in Revenue for FY 2025 PLEASANTON, Calif., December 10, 2025 (PR NEWSWIRE) — Healthcare Triangle, Inc. (Nasdaq: HCTI) (“HCTI” or the “Company”), a leader in digital transformation solutions for healthcare and life sciences, today announces that it has entered into an Advance Agreement with Teyame AI LLC, a St Kitts and Nevis corporation (“Teyame”), as part of its planned acquisition of the shares of Teyame 360 SL and Datono Mediacion SL, companies incorporated in Spain (“Assets”), which are run together as a Spain-based leader in AI-powered omnichanne...",,,"1.01,7.01,9.01",Y,https://www.sec.gov/cgi-bin/browse-edgar?action=getcompany&CIK=1839285
0000107140-25-000200:exhibit991-sharerepurchase.htm,"JOHN WILEY & SONS, INC.  (WLY, WLYB)  (CIK 0000107140)",2025-12-10,"EX-99.1 2 exhibit991-sharerepurchase.htm EX-99.1 Document Wiley Increases Fiscal 2026 Share Repurchase Allocation to $100 million Company recently reported strong Q2 margin expansion and reaffirmed full year earnings and free cash flow guidance Hoboken, NJ, December 10, 2025 – Wiley (NYSE: WLY), a global leader in authoritative content and research intelligence for the advancement of scientific discovery, innovation, and learning , today announced that it has boosted its Fiscal 2026 share repurchase allocation to $100 million, up from $60 million in Fiscal 2025 and $45 million in Fiscal 2024. Wiley has already executed approximately $35 million of this allocation in the first half with an objective of executing $65 million through the rest of the fiscal year ending April 30, 2026. In the f...",,,"8.01,9.01",Y,https://www.sec.gov/cgi-bin/browse-edgar?action=getcompany&CIK=107140
0000107140-25-000200:exhibit991-sharerepurchase.htm,"JOHN WILEY & SONS, INC.  (WLY, WLYB)  (CIK 0000107140)",2025-12-10,"EX-99.1 2 exhibit991-sharerepurchase.htm EX-99.1 Document Wiley Increases Fiscal 2026 Share Repurchase Allocation to $100 million Company recently reported strong Q2 margin expansion and reaffirmed full year earnings and free cash flow guidance Hoboken, NJ, December 10, 2025 – Wiley (NYSE: WLY), a global leader in authoritative content and research intelligence for the advancement of scientific discovery, innovation, and learning , today announced that it has boosted its Fiscal 2026 share repurchase allocation to $100 million, up from $60 million in Fiscal 2025 and $45 million in Fiscal 2024. Wiley has already executed approximately $35 million of this allocation in the first half with an objective of executing $65 million through the rest of the fiscal year ending April 30, 2026. In the f...",,,"8.01,9.01",Y,https://www.sec.gov/cgi-bin/browse-edgar?action=getcompany&CIK=107140
0001062993-25-017286:exhibit99-1.htm,Artificial Intelligence Technology Solutions Inc.  (AITX)  (CIK 0001498148),2025-12-11,"EX-99.1 2 exhibit99-1.htm EXHIBIT 99.1 Artificial Intelligence Technology Solutions, Inc.: Exhibit 99.1 - Filed by newsfilecorp.com Exhibit 99.1 AITX Reveals 2026 Plans for Upcoming January 15 Investor Presentation Leadership to Share Estimated Timelines for Positive Operational Cash Flow, Anticipated NASDAQ Uplisting as well as Solution Expansions Detroit, Michigan, December 11, 2025 - Artificial Intelligence Technology Solutions, Inc. (the ""Company"") ( OTCPK:AITX ), a global leader in AI-driven security and productivity solutions, today announced that its annual Investor Presentation will take place on January 15, 2026, at 4pm ET. CEO/CTO and founder Steve Reinharz will be joined by Troy McCanna, Chief Revenue Officer, and Sheldon Reinhart, Chief Financial Strategy Officer. The leadershi...",,,"8.01,9.01",Y,https://www.sec.gov/cgi-bin/browse-edgar?action=getcompany&CIK=1498148
0001493152-25-027216:ex99-1.htm,"Brand Engagement Network Inc.  (BNAI, BNAIW)  (CIK 0001838163)",2025-12-11,"EX-99.1 2 ex99-1.htm EX-99.1 Exhibit 99.1 FOR IMMEDIATE RELEASE https://www.prnewswire.com/news-releases/knobloch-information-group-ben-and-skye- inteligencia-latam-form-skye-salud-to-modernize-healthcare-in-mexico-with-sovereign-ai-302639146.html KNOBLOCH Information Group, BEN, and Skye Inteligencia LATAM Form Skye Salud to Modernize Healthcare in Mexico with Sovereign AI WILMINGTON, Del. & MEXICO CITY — December 11, 2025 — Brand Engagement Network, Inc. (Nasdaq: BNAI) (“BEN”), a developer of secure, governed multimodal AI for regulated industries, together with Skye Inteligencia LATAM and KNOBLOCH Information Group, Mexico’s premier healthcare data authority, today announced the formation of Skye Salud, a new Mexican S.A.P.I. established under a binding agreement to deploy Mexico’s firs...",,,"8.01,9.01",Y,https://www.sec.gov/cgi-bin/browse-edgar?action=getcompany&CIK=1838163
0001185185-25-002036:mitiex99-1.htm,"Mitesco, Inc.  (MITI)  (CIK 0000802257)",2025-12-12,"EX-99.1 2 mitiex99-1.htm EXHIBIT 99.1 Exhibit 99.1 Mitesco’s Centcore Sets Sights on Tennessee for Data Center Expansion, Possible Acquisitions and AI VERO BEACH, FL - December 9, 2025 (NEWMEDIAWIRE) - Mitesco, Inc. (OTC-QB: MITI) today announced that its Centcore data center division is evaluating multiple locations across Tennessee as part of a strategic expansion initiative aimed at accelerating revenue growth, improving operating margins, and positioning it as a national provider. “We have concluded that the potential for improved profits is greater in Tennessee, with lower-cost facilities, attractive power economics, and a strong base of technical resources,” said Brian Valania, General Manager of Centcore. “We are assessing both the acquisition of an existing facility and the deploym...",,,"8.01,9.01",Y,https://www.sec.gov/cgi-bin/browse-edgar?action=getcompany&CIK=802257
0001104659-25-120430:tm2533199d1_ex99-1.htm,Datavault AI Inc.  (DVLT)  (CIK 0001682149),2025-12-12,"EX-99.1 2 tm2533199d1_ex99-1.htm EXHIBIT 99.1 Exhibit 99.1 Datavault AI Inc. (NASDAQ: DVLT) Announces a Distribution Date of December 24, 2025 for the Dream Bowl Meme Coin tokens to All Eligible Record Equityholders of Datavault AI and Holders of Common Stock of Scilex Holding Company PHILADELPHIA, PA – Datavault AI Inc. (NASDAQ: DVLT) (“Datavault AI” or the “Company”) , a leader in data monetization, credentialing, and digital engagement technologies, today announced that its board of directors (the “Datavault Board”) has set December 24, 2025 as the distribution date for the Dream Bowl 2026 Meme Coin token (the “Meme Coin”) to all eligible record equityholders of Datavault AI. December 24, 2025 will also be the distribution date for Datavault AI’s voluntary distribution of Meme Coins to ...",,,"7.01,8.01,9.01",Y,https://www.sec.gov/cgi-bin/browse-edgar?action=getcompany&CIK=1682149
0001213900-25-121489:ea026962401ex99-1_avalon.htm,Avalon GloboCare Corp.  (ALBT)  (CIK 0001630212),2025-12-15,"EX-99.1 8 ea026962401ex99-1_avalon.htm PRESS RELEASE DATED DECEMBER 15, 2025 Exhibit 99.1 Avalon GloboCare Acquires RPM Interactive, a Generative AI Software Company, in an All-Stock Transaction Company forms a new subsidiary, Avalon Quantum AI, LLC, in connection with the acquisition Acquisition expected to resolve Nasdaq minimum stockholders’ equity deficiency RPM Interactive has developed a fully automated, generative AI powered SaaS platform for creating short-form video content FREEHOLD, N.J., December 15, 2025 (GLOBE NEWSWIRE) – Avalon GloboCare Corp. (“Avalon” or the “Company”) (NASDAQ: ALBT) , a developer of precision diagnostic consumer products, today announced that it has acquired RPM Interactive, Inc. (“RPM”), a generative artificial intelligence (“AI”) publishing and software ...",,,"1.01,2.01,2.03,3.02,5.02,5.03,7.01,9.01",Y,https://www.sec.gov/cgi-bin/browse-edgar?action=getcompany&CIK=1630212
0001493152-25-027765:form8-k.htm,THUMZUP MEDIA Corp  (TZUP)  (CIK 0001853825),2025-12-15,"false --12-31 0001853825 0001853825 2025-12-15 2025-12-15 iso4217:USD xbrli:shares iso4217:USD xbrli:shares UNITED STATES SECURITIES AND EXCHANGE COMMISSION Washington, D.C. 20549 FORM 8-K CURRENT REPORT Pursuant to Section 13 or 15(d) of the Securities Exchange Act of 1934 Date of report (date of earliest event reported): December 15, 2025 Thumzup Media Corp DATACENTREX, INC. (Exact name of registrant as specified in its charter) Nevada 001-42388 85-3651036 (State or Other Jurisdiction of Incorporation) (Commission File Number) (IRS Employer Identification No.) 10557-B Jefferson Blvd. , Los Angeles , CA 90232 (Address of principal executive offices) (Zip Code) Registrant’s telephone number, including area code: (800) 403-6150 Thumzup Media Corporation (Former name or former address, if ch...",,,"2.01,3.02,5.01,5.02,5.03,8.01,9.01",Y,https://www.sec.gov/cgi-bin/browse-edgar?action=getcompany&CIK=1853825
0001493152-25-027625:ex99-1.htm,Artificial Intelligence Technology Solutions Inc.  (AITX)  (CIK 0001498148),2025-12-15,"EX-99.1 2 ex99-1.htm EX-99.1 Exhibit 99.1 AITX Announces Expanding Offering and Increasing Focus on Agentic AI Solution Industry Input Refines SARA for Focus on Quick and Easy Adoption Scale Detroit, Michigan, December 15, 2025 — Artificial Intelligence Technology Solutions, Inc . (the “Company”) ( OTCID:AITX ), a global leader in AI-driven security and productivity solutions, reports accelerating momentum across its SARA ™ ecosystem as industry adoption increasingly reflects years of deliberate development combined with direct input from security and monitoring operators. As organizations seek greater intelligence, automation, and decision velocity, the Company sees growing recognition of SARA’s expanding role as a unifying intelligence layer designed to operate at scale while fitting mor...",,,"8.01,9.01",Y,https://www.sec.gov/cgi-bin/browse-edgar?action=getcompany&CIK=1498148
0001999371-25-020361:ex99-01.htm,Tonix Pharmaceuticals Holding Corp.  (TNXP)  (CIK 0001430306),2025-12-16,"EX-99.01 2 ex99-01.htm PRESS RELEASE Exhibit 99.01 Tonix Pharmaceuticals Holding Corp. 8-K Tonix Pharmaceuticals Announces Licensing TNX-4900, a Selective Sigma-1 Receptor Antagonist for Chronic Neuropathic Pain from Rutgers University Non-opioid analgesic shows efficacy in several animal pain models, including diabetic and chemotherapy-induced neuropathic pain Compelling safety and pharmacokinetic profiles in animals support IND-enabling studies CHATHAM, N.J., December 16, 2025 (GLOBE NEWSWIRE) — Tonix Pharmaceuticals Holding Corp. (Nasdaq: TNXP) (“Tonix” or the “Company”), a fully-integrated commercial biotechnology company , today announced licensing exclusive worldwide rights to TNX-4900 (formerly known as PW507), a highly selective small-molecule Sigma-1 receptor (S1R) antagonist with...",,,"7.01,8.01,9.01",Y,https://www.sec.gov/cgi-bin/browse-edgar?action=getcompany&CIK=1430306
0001477932-25-009037:skky_ex991.htm,"Skkynet Cloud Systems, Inc.  (SKKY)  (CIK 0001546853)",2025-12-18,"EX-99.1 2 skky_ex991.htm PRESS RELEASE skky_ex991.htm EXHIBIT 99.1 Skkynet Announces C$2.6 Million Industrial AI Product Development Initiative Project powered by Government of Canada support to enhance AI adoption in industrial automation Mississauga, Ontario, December 18, 2025 – Skkynet Cloud Systems, Inc. (“Skkynet” or “the Company”) (OTCQB: SKKY), a global leader in real-time data communication technology for industrial systems, today announced a new C$2.6 million (US$1.9 million) project to accelerate the development of secure Industrial AI technologies. This initiative is being partially funded by a C$1.04 million investment from the Government of Canada through the Federal Economic Development Agency for Southern Ontario (FedDev Ontario). The project was highlighted yesterday during...",,,"1.01,9.01",Y,https://www.sec.gov/cgi-bin/browse-edgar?action=getcompany&CIK=1546853
0001493152-25-028254:ex99-1.htm,Artificial Intelligence Technology Solutions Inc.  (AITX)  (CIK 0001498148),2025-12-18,"EX-99.1 2 ex99-1.htm EX-99.1 Exhibit 99.1 AITX’s RAD Introduces RAM, the ‘ROSA Accessory Module’, Expanding Agentic AI to Existing 3 rd Party Cameras RAM Activates Autonomous Detection, Voice Interaction, and Escalation Through SARA Detroit, Michigan, December 18, 2025 — Artificial Intelligence Technology Solutions, Inc . (the “Company”) ( OTCPK:AITX ), a global leader in AI-driven security and productivity solutions, along with its wholly owned subsidiary, Robotic Assistance Devices, Inc . (RAD), today announced the launch of RAM , the ROSA ™ Accessory Module, a new inline hardware platform designed to bring agentic AI capabilities to tens of millions of existing security cameras already deployed across indoor environments. By extending RAD’s SARA™ (Speaking Autonomous Responsive Agent) a...",,,"8.01,9.01",Y,https://www.sec.gov/cgi-bin/browse-edgar?action=getcompany&CIK=1498148
0001437749-25-038280:ex_900620.htm,"Professional Diversity Network, Inc.  (IPDN)  (CIK 0001546296)",2025-12-18,"EX-10.1 2 ex_900620.htm EXHIBIT 10.1 PURCHASE AGREEMENT, DATED DECEMBER 17, 2025, BY AND BETWEEN PROFESSIONAL DIVERSITY NETWORK, INC. AND DEEPTRADEX.AI ex_900620.htm Exhibit No. 10.1 PURCHASE AGREEMENT This Purchase Agreement (“Agreement”) is entered into as of December 17, 2025, by and between: DeeptradeX.ai, a licensed, AI-driven digital asset trading platform duly organized and existing under the laws of Australia (“Party A” of “DTX”), and Professional Diversity Network, Inc., a Delaware corporation with its shares of common stock listed on the Nasdaq Capital Market in the United States (“Party B” or the “Company,” and together with Party A, the “Parties”). Recitals WHEREAS, Party B desires to form a strategic relationship with Party A to potentially utilize the services offered on the ...",,,"1.01,3.02,9.01",Y,https://www.sec.gov/cgi-bin/browse-edgar?action=getcompany&CIK=1546296
0001193125-25-326924:ws-ex99_2.htm,"Worthington Steel, Inc.  (WS)  (CIK 0001968487)",2025-12-19,"EX-99.2 3 ws-ex99_2.htm EX-99.2 EX-99.2 EXHIBIT 99.2 Worthington Steel, Inc. NYSE:WS Q2 FY2026 Earnings Call Thursday, December 18, 2025 1:30 PM GMT CALL PARTICIPANTS 2 PRESENTATION 3 QUESTION AND ANSWER 7 WORTHINGTON STEEL, INC. FQ2 2026 EARNINGS CALL DEC 18, 2025 Call Participants .................................................................................................................................................................... EXECUTIVES Geoffrey G. Gilmore CEO, President & Director Timothy A. Adams VP & CFO Melissa H. Dykstra Vice President of Corporate Communication & Investor Relations ANALYSTS Philip Ross Gibbs KeyBanc Capital Markets Inc., Research Division John Charles Tumazos John Tumazos Very Independent Research, LLC Martin John Englert Seaport Research Partners ...",,,"2.02,8.01,9.01",Y,https://www.sec.gov/cgi-bin/browse-edgar?action=getcompany&CIK=1968487
0001104659-25-123211:tm2533900d1_ex99-1.htm,Profound Medical Corp.  (PROF)  (CIK 0001628808),2025-12-19,"EX-99.1 5 tm2533900d1_ex99-1.htm EXHIBIT 99.1 Exhibit 99.1 Profound Medical Corp. Announces Pricing of up to $40 Million Financing Comprised of a $36 Million Registered Direct Offering and a Subsequent $4 Million Private Placement Financing included participation by healthcare-dedicated investors alongside existing shareholders TORONTO, December 19, 2025 – Profound Medical Corp. (Nasdaq:PROF; TSX:PRN) (“Profound” or the “Company”) today announced the sale of 5,142,857 common shares at a purchase price of $7.00 per share in a registered direct offering and a planned subsequent private placement in Canada of up to 571,428 common shares at a purchase price of $7.00 per share for aggregate gross proceeds of up to $40 million. The registered direct offering was structured as a straightforward e...",,,"1.01,8.01,9.01",Y,https://www.sec.gov/cgi-bin/browse-edgar?action=getcompany&CIK=1628808
0001868419-25-000038:exhibit991121625.htm,"Cycurion, Inc.  (CYCU, CYCUW)  (CIK 0001868419)",2025-12-19,"EX-99.1 2 exhibit991121625.htm EX-99.1 Document Exhibit 99.1 Cycurion Debuts on MSSP Alert’s 2025 Top 250 MSSPs List, Ranking No. 116 and Earning Top-Tier Industry Recognition McLean, VA – December 16, 2025 – Cycurion, Inc. (Nasdaq: CYCU) (“Cycurion” or the “Company”), a trusted leader in IT cybersecurity and AI-driven solutions, today announced its selection to the 2025 MSSP 250 ranking. The Company now stands among the world’s top leading managed security services providers, according to MSSP Alert, a CyberRisk Alliance resource. Cycurion earned a placement in the top 50%, debuting at No. 116. This marks the Company’s first year being evaluated for this prestigious ranking of global cybersecurity leaders. The annual MSSP 250 ranking assesses organizations on a range of performance and in...",,,"8.01,9.01",Y,https://www.sec.gov/cgi-bin/browse-edgar?action=getcompany&CIK=1868419
0001493152-25-028635:ex99-1.htm,Artificial Intelligence Technology Solutions Inc.  (AITX)  (CIK 0001498148),2025-12-22,"EX-99.1 2 ex99-1.htm EX-99.1 Exhibit 99.1 AITX Subsidiary RAD-G Moves SARA From Proof of Concept to Paying Agentic AI Clients Agentic AI Platform Transitions from Industry Trials to Live Invoicing as RAD G Sets the Pace for the Monitoring Sector Detroit, Michigan, December 22, 2025 -- Artificial Intelligence Technology Solutions, Inc . (the “Company”) ( OTCID:AITX ), a global leader in AI-driven security and productivity solutions, along with its wholly owned subsidiary, Robotic Assistance Devices Group (RAD-G), today announced that RAD-G has begun invoicing monitoring company clients for SARA ™, its proprietary agentic AI platform, marking a decisive shift from pilot programs and proof of concept engagements to live, revenue generating deployments across the remote video monitoring sector...",,,"8.01,9.01",Y,https://www.sec.gov/cgi-bin/browse-edgar?action=getcompany&CIK=1498148
0001213900-25-124173:ea027045301ex99-1_larosa.htm,La Rosa Holdings Corp.  (LRHC)  (CIK 0001879403),2025-12-22,"EX-99.1 2 ea027045301ex99-1_larosa.htm PRESS RELEASE OF LA ROSA HOLDINGS CORP., DATED DECEMBER 22, 2025 Exhibit 99.1 La Rosa Holdings Corp. Reports 31% Annualized Rate Reduction in Technology Costs in 2025 compared to 2022 Through Proprietary Platform Strategy Celebration, FL – December 22, 2025 – La Rosa Holdings Corp. (NASDAQ: LRHC) (“La Rosa” or the “Company”), a real estate and PropTech company, today announced a 31% annualized rate reduction in select technology operating costs to date, decreasing from approximately $0.52 million in 2022 to $0.17 million in 2025 resulting in a $0.35 million annual savings, driven by a multi-year strategy to replace third-party software with proprietary, in-house technology solutions purpose-built for its operations. Key Highlights ● Elimination of mul...",,,"2.02,8.01,9.01",Y,https://www.sec.gov/cgi-bin/browse-edgar?action=getcompany&CIK=1879403
0001493152-25-029162:ex99-1.htm,Artificial Intelligence Technology Solutions Inc.  (AITX)  (CIK 0001498148),2025-12-29,"EX-99.1 2 ex99-1.htm EX-99.1 Exhibit 99.1 AITX’s RAD RIO and ROSA Spotlighted on Cleveland TV Amid Downtown Safety Expansion Mainstream News Coverage Coincides with Continued Expansion of Downtown Cleveland Security Initiative Detroit, Michigan, December 29, 2025 — Artificial Intelligence Technology Solutions, Inc. (the “Company”) ( OTCID:AITX ), a global leader in AI-driven security and productivity solutions, along with its wholly owned subsidiary, Robotic Assistance Devices, Inc. (RAD), today announced that RAD’s RIO ™ and ROSA ™ security platforms were featured on Cleveland television as part of a News 5 Cleveland segment highlighting the continued expansion of the City’s downtown smart security program. The televised coverage reflects growing public visibility for the initiative as Do...",,,"8.01,9.01",Y,https://www.sec.gov/cgi-bin/browse-edgar?action=getcompany&CIK=1498148
0001493152-25-029636:ex99-1.htm,"BullFrog AI Holdings, Inc.  (BFRG, BFRGW)  (CIK 0001829247)",2025-12-30,"EX-99.1 2 ex99-1.htm EX-99.1 Exhibit 99.1 BullFrog AI Publishes Annual Letter to Shareholders Highlights significant progress in 2025 and outlines commercial priorities and potential catalysts entering 2026 GAITHERSBURG, Md., December 30, 2025 (GLOBE NEWSWIRE) — BullFrog AI Holdings, Inc. (NASDAQ: BFRG; BFRGW) (“BullFrog AI” or the “Company”), a technology-enabled drug development company using artificial intelligence (“AI”) and machine learning to enable the successful development of pharmaceuticals and biologics, today announced the release of its annual letter to shareholders, which highlights progress made during 2025 and outlines key priorities and potential catalysts for the year ahead. Dear Fellow Shareholders, As we close 2025, I want to thank you for your continued support of Bull...",,,"8.01,9.01",Y,https://www.sec.gov/cgi-bin/browse-edgar?action=getcompany&CIK=1829247
0001104659-25-125344:tm2534550d1_ex99-1.htm,Profound Medical Corp.  (PROF)  (CIK 0001628808),2025-12-31,"EX-99.1 3 tm2534550d1_ex99-1.htm EXHIBIT 99.1 Exhibit 99.1 Profound Medical Corp. Announces Closing of Private Placement TORONTO, December 30, 2025 – Profound Medical Corp. (Nasdaq:PROF; TSX:PRN) (“Profound” or the “Company”) is pleased to announce that it has completed its previously announced private placement of common shares to Canadian investors (the “Offering”). Pursuant to the Offering, the Company issued an aggregate of 921,428 common shares at a price of US$7.00 per common share, for aggregate gross proceeds of approximately US$6.45 million. The common shares sold pursuant to the Offering are subject to a hold period of four months plus one day from the closing date of the Offering under Canadian securities laws. The Company intends to use the net proceeds from the Offering for ex...",,,"1.01,3.02,7.01,9.01",Y,https://www.sec.gov/cgi-bin/browse-edgar?action=getcompany&CIK=1628808
0001493152-26-000004:ex99-1.htm,Artificial Intelligence Technology Solutions Inc.  (AITX)  (CIK 0001498148),2026-01-02,"EX-99.1 2 ex99-1.htm EX-99.1 Exhibit 99.1 AITX CEO Opens the Doors on 2025 Results, Realities, and the Road Ahead A Candid Internal Presentation with the AITX And RAD Teams Offers Rare Insight into Execution, Priorities, and What Comes Next Detroit, Michigan, January 2, 2026 — Artificial Intelligence Technology Solutions, Inc. (the “Company”) ( OTCID:AITX ), a global leader in AI-driven security and productivity solutions, today announced the upcoming release of a year-end video message from CEO/CTO and founder Steve Reinharz, scheduled for January 3, 2026. Recorded as a direct internal address to the full AITX and RAD teams, the video provides a rare look inside how leadership discusses 2025 results, operational realities, internal priorities, and the execution mindset guiding the Company...",,,"8.01,9.01",Y,https://www.sec.gov/cgi-bin/browse-edgar?action=getcompany&CIK=1498148
0001213900-26-000442:ea0271520-8k_treasure.htm,TREASURE GLOBAL INC  (TGL)  (CIK 0001905956),2026-01-02,"false 0001905956 0001905956 2025-12-26 2025-12-26 iso4217:USD xbrli:shares iso4217:USD xbrli:shares UNITED STATES SECURITIES AND EXCHANGE COMMISSION WASHINGTON, D.C. 20549 FORM 8-K CURRENT REPORT PURSUANT TO SECTION 13 OR 15(d) OF THE SECURITIES EXCHANGE ACT OF 1934 Date of Report (Date of earliest event reported): December 26, 2025 TREASURE GLOBAL INC (Exact name of registrant as specified in its charter) Delaware 001-41476 36-4965082 (State or other jurisdiction of Incorporation) (Commission File Number) (IRS Employer Identification Number) 276 5th Avenue , Suite 704 #739 New York , New York 10001 (Address of registrant’s principal executive office) (Zip code) +6012 643 7688 (Registrant’s telephone number, including area code) Not Applicable (Former name or former address, if changed sin...",,,"1.01,9.01",Y,https://www.sec.gov/cgi-bin/browse-edgar?action=getcompany&CIK=1905956
0001493152-26-000143:ex99-1.htm,"CDT Equity Inc.  (CDT, CDTTW)  (CIK 0001896212)",2026-01-02,"EX-99.1 4 ex99-1.htm EX-99.1 Exhibit 99.1 CDT Engages NJS Foresight Bio-Advisory to Support Solid-Form Out-Licensing Strategy - Engagement reinforces CDT’s strategy to unlock value from its solid-form asset portfolio NAPLES, Fla. and CAMBRIDGE, United Kingdom, January 2, 2026 (GLOBE NEWSWIRE) – CDT Equity Inc. (Nasdaq: CDT) (“CDT” or the “Company”), today announced that it has engaged NJS Foresight Bio-Advisory, LLC to identify, source and support the execution of out-licensing opportunities for selected assets within its solid-form patent portfolio. The engagement is intended to expand CDT’s commercial reach and accelerate potential licensing and royalty-based transactions. NJS Foresight Bio-Advisory, LLC brings more than 20 years of out-licensing experience and has completed numerous suc...",,,"1.01,3.02,7.01,9.01",Y,https://www.sec.gov/cgi-bin/browse-edgar?action=getcompany&CIK=1896212
0001683168-26-000064:tmgi_i8k.htm,"Marquie Group, Inc.  (TMGI)  (CIK 0001434601)",2026-01-05,"The Marquie Group Form 8-K UNITED STATES SECURITIES AND EXCHANGE COMMISSION WASHINGTON, D.C. 20549 FORM 8-K CURRENT REPORT Pursuant to Section 13 or 15(d) of the Securities Exchange Act of 1934 Date of Report (Date of earliest event reported): October 20, 2025 THE MARQUIE GROUP, INC. (Exact Name of Registrant as Specified in Charter) Florida 000-54163 26-2091212 (State of Other Jurisdiction (Commission File (IRS Employer Of Incorporation) Number) Identification No.) 7901 4th Street North , Suite 4887 St. Petersburg , Florida 33702 (Address of Principal Executive Offices) (Zip Code) Registrant’s telephone number, including area code: (800) 351-3021 N/A (Former Name or Former Address, if Changed Since Last Report) Check the appropriate box below if the Form 8-K filing is intended to simultan...",,,"1.01,2.01,3.02,5.01,5.02,9.01",Y,https://www.sec.gov/cgi-bin/browse-edgar?action=getcompany&CIK=1434601
0001333493-26-000003:ex991pressreleasefinancing.htm,"eHealth, Inc.  (EHTH)  (CIK 0001333493)",2026-01-06,"EX-99.1 5 ex991pressreleasefinancing.htm EX-99.1 Document eHealth Announces $125 Million Asset-Based Revolving Credit Facility Deal Further Strengthens Capital Structure and Better Positions eHealth for Long-Term Success Proceeds Used to Repay Existing Blue Torch Term Loan and Provide Strategic Capital AUSTIN, Texas, Jan 6, 2026 – eHealth, Inc. (Nasdaq: EHTH), a leading private online health insurance marketplace (“eHealth”), today announced that its subsidiary, eHealthInsurance Services, Inc. (together with eHealth, the “Company”), has entered into a new $125 million asset-based revolving credit facility (the “Credit Facility”) with Manulife | Comvest Credit Partners (“Manulife | Comvest”), a leading middle-market credit investment firm. The Credit Facility provides favorable pricing (SOF...",,,"1.01,1.02,2.03,3.03,5.03,7.01,9.01",Y,https://www.sec.gov/cgi-bin/browse-edgar?action=getcompany&CIK=1333493
0001104659-26-001093:xbp-20260106xex99d1.htm,"XBP Global Holdings, Inc.  (XBP, XBPEW)  (CIK 0001839530)",2026-01-06,"EX-99.1 2 xbp-20260106xex99d1.htm EX-99.1 Exhibit 99.1 ​ ​ XBP Global Holdings, Inc. Regains Compliance with Nasdaq Minimum Bid Price Requirement ​ Irving, Texas, January 6, 2026 – XBP Global Holdings, Inc. (“XBP Global” or “the Company”) (NASDAQ: XBP), a workflow automation leader that leverages decades of industry experience, a global footprint, and agentic AI to rethink business process automation and digital transformation, today announced it has received written notice from The Nasdaq Stock Market LLC (“Nasdaq”) confirming that the Company has regained compliance with the $1.00 minimum bid price requirement under the Nasdaq Listing Rule 5550(a)(2) and that the matter is now closed. ​ As previously disclosed, on September 16, 2025, Nasdaq notified the Company that its common stock had ...",,,"8.01,9.01",Y,https://www.sec.gov/cgi-bin/browse-edgar?action=getcompany&CIK=1839530
0001477932-26-000074:triunity_ex102.htm,TriUnity Business Services Ltd  (TYBB)  (CIK 0002025878),2026-01-07,"EX-10.2 6 triunity_ex102.htm SECURED PROMISSORY NOTE AND SECURITY AGREEMENT triunity_ex102.htm EXHIBIT 10.2 SECURITY AGREEMENT This SECURITY AGREEMENT (this “ Agreement ”), dated as of September 10, 2025, is entered into by and between GRIDCORE INFRASTRUCTURE, LLC, a Colorado limited liability company (“ Grantor ”), and KYMA BATTERIES LLC, a Delaware limited liability company (“ Secured Party ”). RECITALS WHEREAS , reference is made to that certain Master Supply and Services Agreement entered into by and between Grantor and Secured Party, dated as of even date herewith (as it may be amended, restated, supplemented or otherwise modified from time to time, the “ Supply Agreement ”), pursuant to which Secured Party has agreed to supply certain Equipment and Services for the development of a 2...",,,"1.01,2.01,3.02,5.02,5.03,9.01",Y,https://www.sec.gov/cgi-bin/browse-edgar?action=getcompany&CIK=2025878
0001683168-26-000143:nixxy_ex9901.htm,"Nixxy, Inc.  (NIXX, NIXXW)  (CIK 0001462223)",2026-01-07,"EX-99.1 4 nixxy_ex9901.htm PRESS RELEASE Exhibit 99.1 Nixxy Completes Separation of CognoGroup, Increasing Strategic Focus, Reducing Operating Costs, and Unlocking Shareholder Value as AI Infrastructure Platform Scales Into 2026 NEW YORK, NY / ACCESS Newswire / January 5, 2026 — Nixxy, Inc. (NASDAQ: NIXX) (“Nixxy” or the “Company”), an AI-driven communications and data infrastructure company, today announced the completion of its previously disclosed separation of its legacy Marketplace line of business into CognoGroup, Inc. (OTC Markets: CGNO) (“CognoGroup”). Following several actions, Nixxy now holds an ownership percentage of approximately 19.99% of CognoGroup’s fully diluted equity. The transaction creates two independent public companies and is intended to enhance strategic focus, imp...",,,"1.01,7.01,9.01",Y,https://www.sec.gov/cgi-bin/browse-edgar?action=getcompany&CIK=1462223
0001477932-26-000079:onar_ex991.htm,Onar Holding Corp  (ONAR)  (CIK 0001682265),2026-01-07,"EX-99.1 3 onar_ex991.htm PRESS RELEASE onar_ex991.htm EXHIBIT 99.1 ONAR Completes Sale of Certain Legacy Assets in a Secured $1.5 Million Seller-Financed Transaction The agreement converts certain legacy assets into a structured payment obligation supported by collateral and a personal guaranty, while expressly excluding intellectual property related to the ‘Of Kos’ brand from the sale. The transaction closed December 31, 2025 and became effective as of December 30, 2025. Miami, FL – January 7, 2026 – ONAR Holding Corporation (OTCQB: ONAR) (“ONAR” or the “Company”), an AI-powered marketing platform that acquires and scales specialist agencies, today announced that its subsidiary, ONAR, LLC, completed the sale of substantially all of the assets of VMED Services, LLC, which conducted operati...",,,"2.01,7.01,9.01",Y,https://www.sec.gov/cgi-bin/browse-edgar?action=getcompany&CIK=1682265
0001493152-26-000969:ex99-1.htm,"Netcapital Inc.  (NCPL, NCPLW)  (CIK 0001414767)",2026-01-08,"EX-99.1 3 ex99-1.htm EX-99.1 Exhibit 99.1 Netcapital Acquires Iverson Design Assets and Proprietary AI Design Technology Suite Accelerates Transformation into Tokenization and Digital Asset Platform BOSTON, MA – January 6, 2026 – Netcapital Inc. (NASDAQ: NCPL, NCPLW), a digital private capital markets ecosystem, today announced the acquisition of the assets of Iverson Design, LLC, a creative studio and developer of AI-powered design and visualization tools. Led by multimedia and AI designer Michael Iverson, the studio develops motion graphics, 3D product visualization, investor presentations, and immersive digital experiences. As part of the transaction, Michael Iverson joins Netcapital as Chief Design Director and Head of AI Experience. Under the agreement, Netcapital acquired Iverson Des...",,,"1.01,3.02,8.01,9.01",Y,https://www.sec.gov/cgi-bin/browse-edgar?action=getcompany&CIK=1414767
0001493152-26-001001:ex99-1.htm,"Wellgistics Health, Inc.  (WGRX)  (CIK 0002030763)",2026-01-08,"EX-99.1 6 ex99-1.htm EX-99.1 Exhibit 99.1 Wellgistics Health Provides 2026 Corporate Outlook ● Integration of prescription drug dispensing optimization aritifical intelligence platform EinsteinRx™ into pharmacy client point-of-sales systems has commenced ● EinsteinRx integration streamlining effort focuses on reducing onboarding process friction and speeding time to implementation prior to scaling pharmacy marketing effort ● Company expects to onboard up to 500 pharmacies per month into formal Wellgistics Pharmacy Network by year end 2026 ● Manufacturer supplier relationship expansion effort focused on diabetes, weight loss, cardiometabolic & Long COVID patients that existing pharmacy clients already serve ● PharmacyChain™ blockchain-enabled healthcare smart contract development resource a...",,,"1.01,2.03,3.02,7.01,9.01",Y,https://www.sec.gov/cgi-bin/browse-edgar?action=getcompany&CIK=2030763
0001493152-26-001001:ex99-1.htm,"Wellgistics Health, Inc.  (WGRX)  (CIK 0002030763)",2026-01-08,"EX-99.1 6 ex99-1.htm EX-99.1 Exhibit 99.1 Wellgistics Health Provides 2026 Corporate Outlook ● Integration of prescription drug dispensing optimization aritifical intelligence platform EinsteinRx™ into pharmacy client point-of-sales systems has commenced ● EinsteinRx integration streamlining effort focuses on reducing onboarding process friction and speeding time to implementation prior to scaling pharmacy marketing effort ● Company expects to onboard up to 500 pharmacies per month into formal Wellgistics Pharmacy Network by year end 2026 ● Manufacturer supplier relationship expansion effort focused on diabetes, weight loss, cardiometabolic & Long COVID patients that existing pharmacy clients already serve ● PharmacyChain™ blockchain-enabled healthcare smart contract development resource a...",,,"1.01,2.03,3.02,7.01,9.01",Y,https://www.sec.gov/cgi-bin/browse-edgar?action=getcompany&CIK=2030763
0001731122-26-000045:e7201_ex99-1.htm,"VisionWave Holdings, Inc.  (VWAV, VWAVW)  (CIK 0002038439)",2026-01-12,"EX-99.1 3 e7201_ex99-1.htm EXHIBIT 99.1 EXHIBIT 99.1 VisionWave Holdings Announces Formation of Technology Platform Joint Venture to Propel Defense, Secure Systems, and Quantum-Enhanced IP Leadership New Joint Venture Creates a Strategic Operating Platform Seeking to Expand VisionWave’s Intellectual Property Footprint and Execution Capabilities WEST HOLLYWOOD, CALIFORNIA January 12, 2026 — VisionWave Holdings, Inc. (Nasdaq: VWAV), a defense technology and advanced systems company focused on secure architectures, artificial intelligence, autonomous operations, and computational acceleration, announced today the formation of a strategic joint venture platform designed seeking to expand VisionWave’s intellectual property and technology execution capabilities. This joint venture (the “JV LLC”)...",,,"1.01,9.01",Y,https://www.sec.gov/cgi-bin/browse-edgar?action=getcompany&CIK=2038439
0001104659-26-002940:tm262944d1_ex99-1.htm,"iBio, Inc.  (IBIO)  (CIK 0001420720)",2026-01-12,"EX-99.1 5 tm262944d1_ex99-1.htm EXHIBIT 99.1 Exhibit 99.1 iBio Announces $26 Million Private Placement SAN DIEGO, Jan. 9, 2026 (GLOBE NEWSWIRE) -- iBio, Inc. (NASDAQ:IBIO), an AI-driven innovator of precision antibody therapies, today announced that it has entered into a securities purchase agreement with existing healthcare-focused, high-quality institutional investors for a private placement (""PIPE"") financing that is expected to result in gross proceeds of approximately $26 million to the Company before placement agent fees and offering expenses. The offering is expected to close on or about January 13, 2026, subject to customary closing conditions. The financing was led by Frazier Life Sciences and included participation from other existing investors. iBio intends to use the net procee...",,,"1.01,3.02,7.01,9.01",Y,https://www.sec.gov/cgi-bin/browse-edgar?action=getcompany&CIK=1420720
0001193125-26-011867:cnvs-ex99_2.htm,Cineverse Corp.  (CNVS)  (CIK 0001173204),2026-01-13,"EX-99.2 3 cnvs-ex99_2.htm EX-99.2 EX-99.2 Exhibit 99.2 Cineverse Announced Leadership Team for Giant Worldwide, A Matchpoint™ Company Senior Execs to Continue, Following Acquisition of Giant Worldwide, as its Services are Integrated into Cineverse's Award-Winning Matchpoint™ Ecosystem LOS ANGELES – January 12, 2026 – Cineverse (Nasdaq: CNVS), a next-generation entertainment studio, today announced the leadership team for Giant Worldwide, a Matchpoint™ Company . Recently acquired ahead of CES, Giant is a global media services provider serving the world's leading Hollywood studios and streaming platforms. As previously announced, the management team of Giant Worldwide and the majority of the existing staff will join Cineverse, greatly reducing the risk of execution. This includes Senior Vice...",,,"8.01,9.01",Y,https://www.sec.gov/cgi-bin/browse-edgar?action=getcompany&CIK=1173204
0001477932-26-000202:aipg_ex991.htm,AI Technology Group Inc.  (AIPG)  (CIK 0001289047),2026-01-14,"EX-99.1 2 aipg_ex991.htm PRESS RELEASE aipg_ex991.htm EXHIBIT 99.1 AI Technology Group Inc. P R E SS RELEASE January 12, 2026 Ai Technology Group Inc. (the “Company”) and AVM Biotechnology Inc. (“AVM”, the Washington State company that is the subject of the proposed merger) provide this joint press release. The Company continues with the funding of their proposed merger with AVM on an exclusive basis and announces we are in the process of extending funding dates to accommodate extended merger and financial audit timelines. The Company and AVM look forward to the planned merger during 2026 to continue and facilitate corporate growth of the combined entities. In addition, AVM has re-commenced its FDA Phase 2 Clinical Trial on relapsed and refractory Non- Hodgkins Lymphoma (“OPAL Trial”) for ...",,,"8.01,9.01",Y,https://www.sec.gov/cgi-bin/browse-edgar?action=getcompany&CIK=1289047
0001683168-26-000391:auddia_8k.htm,"AUDDIA INC.  (AUUD, AUUDW)  (CIK 0001554818)",2026-01-20,"Auddia Inc. Form 8-K false 0001554818 0001554818 2026-01-16 2026-01-16 0001554818 us-gaap:CommonStockMember 2026-01-16 2026-01-16 0001554818 AUUD:CommonStockWarrantsMember 2026-01-16 2026-01-16 iso4217:USD xbrli:shares iso4217:USD xbrli:shares UNITED STATES SECURITIES AND EXCHANGE COMMISSION WASHINGTON, D.C. 20549 FORM 8-K CURRENT REPORT Pursuant to Section 13 or 15(d) of the Securities Exchange Act of 1934 Date of Report (Date of Earliest Event Reported): January 16, 2026 AUDDIA INC. (Exact name of registrant as specified in its charter) Delaware 001-40071 45-4257218 (State or other jurisdiction of incorporation) (Commission File Number) (I.R.S. Employer Identification No.) 1680 38th Street , Suite 130 Boulder , Colorado 80301 (Address of principal executive offices) (Zip Code) Registrant...",,,8.01,Y,https://www.sec.gov/cgi-bin/browse-edgar?action=getcompany&CIK=1554818
0001493152-26-002960:ex99-1.htm,"Brand Engagement Network Inc.  (BNAI, BNAIW)  (CIK 0001838163)",2026-01-21,"EX-99.1 2 ex99-1.htm EX-99.1 Exhibit 99.1 FOR IMMEDIATE RELEASE Brand Engagement Network Secures $2.050 Million AI Licensing Partnership in Africa Featuring Institution-Approved Mental Health Pilot at Nelson Mandela University WILMINGTON, Del. and Johannesburg, South Africa, Jan. 21, 2026—Brand Engagement Network, Inc. (Nasdaq: BNAI) (“BEN”), a provider of secure, governed conversational AI solutions for regulated industries, today announced the finalization of a strategic partnership with Valio Technologies (Pty) Ltd (“Valio”) to establish an exclusive AI licensing framework for government and commercial markets across Africa. The partnership includes a memorandum of understanding with Nelson Mandela University for a regulated, institution-approved pilot deployment of artificial intellige...",,,"1.01,9.01",Y,https://www.sec.gov/cgi-bin/browse-edgar?action=getcompany&CIK=1838163
0001213900-26-005922:ea027347001ex99-1_linkhome.htm,Linkhome Holdings Inc.  (LHAI)  (CIK 0002017758),2026-01-21,"EX-99.1 3 ea027347001ex99-1_linkhome.htm PRESS RELEASE DATED JANUARY 21, 2026 Exhibit 99.1 Linkhome Holdings Inc. Announces Lock-Up Extension by Principal Shareholders IRVINE, California, Jan. 21, 2026 (GLOBE NEWSWIRE) -- Linkhome Holdings Inc. (“Linkhome” or the “Company”), an AI-powered real estate technology company, today announced that its principal shareholders have entered into agreements with the Company to extend their lock-up restrictions until July 24, 2026. This extension follows the original six-month lock-up period established in connection with the Company’s initial public offering. The principal shareholders participating in the lock-up extension collectively hold approximately 8.07 million shares of the Company’s issued and outstanding common stock. Pursuant to the terms o...",,,"1.01,7.01,9.01",Y,https://www.sec.gov/cgi-bin/browse-edgar?action=getcompany&CIK=2017758
0001213900-26-005920:ea027345401ex2-1_serve.htm,Serve Robotics Inc. /DE/  (SERV)  (CIK 0001832483),2026-01-21,"EX-2.1 2 ea027345401ex2-1_serve.htm AGREEMENT AND PLAN OF MERGER BY AND AMONG SERVE ROBOTICS INC., DELIGHT MERGER SUB, INC., DILIGENT ROBOTICS, INC., INC. AND ANDREA THOMAZ, DATED JANUARY 19, 2026 Exhibit 2.1 Execution Version AGREEMENT AND PLAN OF MERGER BY AND AMONG SERVE ROBOTICS INC., DELIGHT MERGER SUB, INC., DILIGENT ROBOTICS, INC. AND THE SECURITYHOLDERS’ REPRESENTATIVE Dated as of January 19, 2026 TABLE OF CONTENTS Page Section 1 DEFINITIONS AND INTERPRETATIONS 2 1.1 Certain Definitions 2 1.2 Additional Definitions 20 1.3 Interpretation 20 Section 2 THE MERGER 21 2.1 The Merger 21 2.2 Closing 21 2.3 Effective Time 21 2.4 Effect of the Merger 22 2.5 Surviving Corporation Certificate of Incorporation and Bylaws 22 2.6 Directors and Officers 22 2.7 Appointment of Securityholders’ Repr...",,,"1.01,7.01,9.01",Y,https://www.sec.gov/cgi-bin/browse-edgar?action=getcompany&CIK=1832483
0001104659-26-006014:tm263891d1_ex99-1.htm,Datavault AI Inc.  (DVLT)  (CIK 0001682149),2026-01-23,"EX-99.1 2 tm263891d1_ex99-1.htm EXHIBIT 99.1 Exhibit 99.1 Datavault AI Inc. Completes Acquisition of API Media Technology Provider API Media extends Datavault AI and the patented ADIO Technology to the Live Outdoor Event Market PHILADELPHIA, PENNSYLVANIA / ACCESS Newswire / January 23, 2026 / Datavault AI Inc. (NASDAQ:DVLT) (""Datavault AI"" or the ""Company"") , a leader in data monetization, credentialing, digital engagement and real - world asset tokenization technologies, today announced that it has closed its previously announced acquisition of API Media Innovation Inc. (“API”), a provider of media infrastructure and event technology solutions. API, headquartered in New Jersey, has a decades-long tradition of providing innovative audio and visual technologies to the world of media, sports...",,,"2.01,8.01,9.01",Y,https://www.sec.gov/cgi-bin/browse-edgar?action=getcompany&CIK=1682149
0001199835-26-000037:fintrade_ex99-1.htm,"FinTrade Sherpa, Inc.  (FTSP)  (CIK 0001319643)",2026-01-26,"EX-99.1 2 fintrade_ex99-1.htm PRESS RELEASE ISSUED BY FINTRADE SHERPA INC. ON JANUARY 23, 2026 Exhibit 99.1 FinTrade Sherpa, INC. - Share Issuance and Software Development Update Cypress, Texas (Jan 23, 2026) – FinTrade Sherpa, INC (formerly Lode-Star Mining, Inc. (OTCID:FTSP) is pleased to announce completion of the issuance of 227,000,000 shares as stated in the Company’s 8-K which was filed on February 14, 2025 and as stated in the Company’s 8-K filed Jan 23, 2026. The Company also announces its first milestone event: Phase 1, which was a two-part software development task, has been mostly completed and the Company is now preparing to move into international beta testing. The first and most important task completed is the Company’s AI driven specific market research reports with predict...",,,"1.01,3.02,9.01",Y,https://www.sec.gov/cgi-bin/browse-edgar?action=getcompany&CIK=1319643
0001628280-26-003650:exhibit99112726.htm,"Cycurion, Inc.  (CYCU, CYCUW)  (CIK 0001868419)",2026-01-27,"EX-99.1 2 exhibit99112726.htm EX-99.1 Document Exhibit 99.1 Cycurion, Inc. Announces a Memorandum of Understanding (""MOU"") to Acquire the Video Solutions Division of Kustom Entertainment, Inc. The Combination is Expected to Enhance Integrated Public Safety and Cybersecurity Solutions and Increase Our Revenue and Cross-Selling Opportunities MCLEAN, Va., Jan. 22, 2026 (GLOBE NEWSWIRE) -- Cycurion, Inc. (NASDAQ: CYCU) (“Cycurion” or the “Company”), a leading provider of AI-driven cybersecurity, IT security solutions, and managed services, today announced that it has entered into a Memorandum of Understanding (“MOU”) to acquire the video-solutions division of Kustom Entertainment, Inc. (NASDAQ: KUST) (“Kustom”), a pioneer in mobile video surveillance technologies, including body-worn cameras, ...",,,"8.01,9.01",Y,https://www.sec.gov/cgi-bin/browse-edgar?action=getcompany&CIK=1868419
0001605301-26-000004:a20251231cbfvinvestorpre.htm,"CB Financial Services, Inc.  (CBFV)  (CIK 0001605301)",2026-01-27,"EX-99.2 4 a20251231cbfvinvestorpre.htm EX-99.2 INVESTOR PRESENTATION a20251231cbfvinvestorpre CB Financial Services, Inc. (Nasdaq: CBFV) January 2026 Page 2 Forward-Looking Statements and Non-GAAP Financial Measures Statements contained in this investor presentation that are not historical facts may constitute forward-looking statements as that term is defined in the Private Securities Litigation Reform Act of 1995 and such forward-looking statements are subject to significant risks and uncertainties. The Company intends such forward-looking statements to be covered by the safe harbor provisions contained in the Act. The Company’s ability to predict results or the actual effect of future plans or strategies is inherently uncertain. Factors which could have a material adverse effect on the ...",,,"2.02,5.02,7.01,8.01,9.01",Y,https://www.sec.gov/cgi-bin/browse-edgar?action=getcompany&CIK=1605301
0001213900-26-008594:ea027437301ex99-1_healthcare.htm,"Healthcare Triangle, Inc.  (HCTI)  (CIK 0001839285)",2026-01-28,"EX-99.1 3 ea027437301ex99-1_healthcare.htm PRESS RELEASE, DATED JANUARY 22, 2026 Exhibit 99.1 Healthcare Triangle, Inc. Signs Definitive Agreement with Teyame AI LLC which is forecasted to generate $38M in incremental NTM Revenue and incremental NTM EBITDA of $5M in addition to expanding its SaaS Footprint in Europe and Latin America PLEASANTON, Calif., January 22, 2026 (PR NEWSWIRE) — Healthcare Triangle, Inc. (Nasdaq: HCTI) (“HCTI” or the “Company”), a leader in digital transformation solutions for healthcare and life sciences, today announces that it has entered into an Definitive Agreement with Teyame AI LLC, a St Kitts and Nevis corporation (“Teyame”), as part of its planned acquisition of the shares of Teyame 360 SL and Datono Mediacion SL, companies incorporated in Spain (“Assets”),...",,,"1.01,2.01,3.02,7.01,9.01",Y,https://www.sec.gov/cgi-bin/browse-edgar?action=getcompany&CIK=1839285
0001193125-26-028185:d103698dex991.htm,"NASDAQ, INC.  (NDAQ)  (CIK 0001120193)",2026-01-29,"EX-99.1 2 d103698dex991.htm EX-99.1 EX-99.1 Exhibit 99.1 Nasdaq Reports Fourth Quarter and Full Year 2025 Results; Annual Results Exceed $5.2B in Net Revenue and $4.0B in Solutions Revenue NEW YORK, January 29, 2026 - Nasdaq, Inc. (Nasdaq: NDAQ) today reported financial results for the fourth quarter and full year of 2025. • Net revenue 1 in 2025 was $5.2 billion , an increase of 13% over 2024, or 12% on an adjusted 2 basis. Solutions 3 revenue increased 12% , or 11% on an adjusted basis. • Fourth quarter 2025 net revenue was $1.4 billion , an increase of 13% on both a reported and organic basis over the fourth quarter of 2024. Solutions revenue grew 13%, or 12% on an organic basis. • Annualized Recurring Revenue (ARR) 3,4 of $3.1 billion increased 10% on both a reported and organic basis ...",,,"2.02,7.01,8.01,9.01",Y,https://www.sec.gov/cgi-bin/browse-edgar?action=getcompany&CIK=1120193
0001683168-26-000625:modulink_ex9901.htm,ModuLink Inc.  (MDLK)  (CIK 0001611046),2026-01-30,"EX-99.1 3 modulink_ex9901.htm PRESS RELEASE EXHIBIT 99.1 ModuLink Inc. (MDLK) Announces Completion of Due Diligence and Execution of Definitive Agreement to Acquire 60% Equity Interest in ASA Robotics Limited Monday, 26 January 2026 06:00 AM Topic: Mergers and Acquisitions HONG KONG, HK / ACCESS Newswire / January 26, 2026 / ModuLink Inc. (OTC:MDLK) (""ModuLink"" or the ""Company""), is pleased to announce that it has successfully completed due diligence and executed a definitive Share Purchase Agreement to acquire a 60% equity interest in ASA Robotics Limited (""ASA"") , a Hong Kong-based robotics and artificial intelligence solutions company. This announcement follows the Company's previously disclosed non-binding Letter of Intent dated December 11, 2025, and represents the formal completion o...",,,"1.01,7.01,9.01",Y,https://www.sec.gov/cgi-bin/browse-edgar?action=getcompany&CIK=1611046
0001493152-26-004774:ex99-1.htm,"AIxCrypto Holdings, Inc.  (AIXC)  (CIK 0001460702)",2026-02-02,"EX-99.1 5 ex99-1.htm EX-99.1 Exhibit 99.1 AIxC and Sei Development Foundation Announce Strategic Collaboration Los Angeles, CA (Feb 2, 2026) — AIxCrypto Inc. (NASDAQ: AIXC, “AIxC” or the “Company”), a U.S.-Nasdaq listed company dedicated to building a world-leading ecosystem that integrates AI and blockchain while bridging Web2 and Web3, and the Sei Development Foundation today announced a strategic technology collaboration to explore opportunities in high-performance blockchain infrastructure. Sei Development Foundation is an independent US non-profit dedicated to the advancement and adoption of open source, permissionless protocols like Sei Network – the fastest EVM Layer-1 blockchain built to support world-scale decentralized applications. Both parties will engage in in-depth discussion...",,,"1.01,8.01,9.01",Y,https://www.sec.gov/cgi-bin/browse-edgar?action=getcompany&CIK=1460702
0001002638-26-000011:pressreleaseverticadivesti.htm,OPEN TEXT CORP  (OTEX)  (CIK 0001002638),2026-02-02,"EX-99.1 2 pressreleaseverticadivesti.htm EX-99.1 Document Exhibit 99.1 OpenText to Divest Vertica for US$150 million OpenText to Continue Focusing on Core Cloud Products for Secure, Trusted Data for Enterprise AI Waterloo, ON, February 2, 2026 — Open Text Corporation (NASDAQ: OTEX), (TSX: OTEX), a global leader in secure information management for AI, today announced that it has reached a definitive agreement to divest Vertica, a part of its non-core Analytics portfolio, to Rocket Software Inc., a Bain Capital portfolio company (“Rocket Software”) for US$150 million in cash, before taxes, fees and other adjustments. “We are executing on our strategic plan, focusing on our core product offerings, our expertise in secure data for Enterprise AI, and cloud solutions that provide strategic choi...",,,"8.01,9.01",Y,https://www.sec.gov/cgi-bin/browse-edgar?action=getcompany&CIK=1002638
0001683168-26-000661:auddia_8k.htm,"AUDDIA INC.  (AUUD, AUUDW)  (CIK 0001554818)",2026-02-02,"Auddia Inc. Form 8-K false 0001554818 0001554818 2026-02-02 2026-02-02 0001554818 us-gaap:CommonStockMember 2026-02-02 2026-02-02 0001554818 AUUD:CommonStockWarrantsMember 2026-02-02 2026-02-02 iso4217:USD xbrli:shares iso4217:USD xbrli:shares UNITED STATES SECURITIES AND EXCHANGE COMMISSION WASHINGTON, D.C. 20549 FORM 8-K CURRENT REPORT Pursuant to Section 13 or 15(d) of the Securities Exchange Act of 1934 Date of Report (Date of Earliest Event Reported): February 2, 2026 AUDDIA INC. (Exact name of registrant as specified in its charter) Delaware 001-40071 45-4257218 (State or other jurisdiction of incorporation) (Commission File Number) (I.R.S. Employer Identification No.) 1680 38th Street , Suite 130 Boulder , Colorado 80301 (Address of principal executive offices) (Zip Code) Registrant...",,,8.01,Y,https://www.sec.gov/cgi-bin/browse-edgar?action=getcompany&CIK=1554818
0001185185-26-000365:mitiex99-1.htm,"Mitesco, Inc.  (MITI)  (CIK 0000802257)",2026-02-02,"EX-99.1 2 mitiex99-1.htm EXHIBIT 99.1 Exhibit 99.1 Mitesco, Inc. Announces RoboAgent Prototype Ready for Live Demo and Releases New Investor Introduction Video VERO BEACH, FL - January 27, 2026 (NEWMEDIAWIRE) - Mitesco, Inc. (OTC-QB: MITI) today announced that the Company’s RoboAgent(TM) platform prototype is now ready for live demonstration, marking a significant milestone in Mitesco’s product development roadmap. In conjunction with this progress, Mitesco has also released a new RoboAgent Investor Introduction Video designed to provide shareholders and prospective investors with a clear overview of the platform, target market opportunity, and planned commercialization strategy. RoboAgent is an AI-powered real estate productivity platform being developed to help agents and teams streamlin...",,,"8.01,9.01",Y,https://www.sec.gov/cgi-bin/browse-edgar?action=getcompany&CIK=802257
0001493152-26-004816:ex99-1.htm,Massimo Group  (MAMO)  (CIK 0001952853),2026-02-03,"EX-99.1 2 ex99-1.htm EX-99.1 Exhibit 99.1 Massimo Group Signs Letter of Intent to Acquire 100% of AI technology company FST in Drive to Accelerate Its AI-Powered Mobility and Health Technology Strategy Garland, Texas – February 3, 2026 – Massimo Group (NASDAQ: MAMO) (“Massimo” or the “Company”), a leading U.S. manufacturer and distributor of powersports vehicles and electric mobility solutions, today announced that it has entered into a non-binding Letter of Intent (“LOI”) to acquire 100% of the equity interests of FST Development Company Limited (“FST”), a technology company specializing in intelligent hardware and AI-driven system-level solutions. The proposed transaction represents a major strategic milestone for Massimo, positioning the Company at the convergence of two rapidly expandi...",,,"8.01,9.01",Y,https://www.sec.gov/cgi-bin/browse-edgar?action=getcompany&CIK=1952853
0000891103-26-000020:mtch8-k20260203ex991.htm,"Match Group, Inc.  (MTCH)  (CIK 0000891103)",2026-02-03,"EX-99.1 2 mtch8-k20260203ex991.htm PRESS RELEASE DATED FEBRUARY 3, 2026 Document Exhibit 99.1 Match Group Announces Fourth Quarter and Full-Year Results Tinder Sparks Coverage, a Core Engagement Metric for Conversations, Increased 4% Y/Y in December Hinge Grew Direct Revenue 26% Y/Y in Q4 and MAU in European Expansion Markets by Nearly 50% in FY25 LOS ANGELES, February 3, 2026 - Match Group (NASDAQ: MTCH) today announced financial results for the fourth quarter and full-year ended December 31, 2025, highlighting continued progress towards its strategic transformation, with early signs of improved engagement from product initiatives. In Q4, the company exceeded its revenue and Adjusted EBITDA expectations. For the full year 2025, Match Group achieved its revenue and margin goals, excluding ...",,,"2.02,7.01,8.01,9.01",Y,https://www.sec.gov/cgi-bin/browse-edgar?action=getcompany&CIK=891103
0001477932-26-000610:bglc_ex991.htm,BioNexus Gene Lab Corp  (BGLC)  (CIK 0001737523),2026-02-03,"EX-99.1 2 bglc_ex991.htm PRESS RELEASE bglc_ex991.htm EXHIBIT 99.1 FOR IMMEDIATE RELEASE BioNexus Launches Regional Deployment of VitaGuard™ MRD Infrastructure; Positioned to Challenge Legacy Oncology Platforms Across ASEAN’s Multi-Billion Dollar Market Kuala Lumpur, Malaysia — January 28, 2026 — BioNexus Gene Lab Corp. (Nasdaq: BGLC) (“BioNexus” or the “Company”), a technology-driven precision diagnostics company, today announced the formal commencement of its 2026 Deployment Phase for the VitaGuard™ Minimal Residual Disease (MRD) platform. This phase marks the transition of VitaGuard™ from a technological breakthrough into what the Company believes will be a scalable oncology infrastructure, designed to displace high-cost legacy monitoring systems throughout Southeast Asia. Initial deplo...",,,"8.01,9.01",Y,https://www.sec.gov/cgi-bin/browse-edgar?action=getcompany&CIK=1737523
0001660280-26-000004:q42025financialresults-ear.htm,"Tenable Holdings, Inc.  (TENB)  (CIK 0001660280)",2026-02-04,"EX-99.1 2 q42025financialresults-ear.htm EX-99.1 Document Tenable Announces Fourth Quarter and Full Year 2025 Financial Results Tenable exceeds all guided metrics for the fourth quarter and full year 2025, announces increase of $150 million to share repurchase authorization • Fourth quarter revenue of $260.5 million, up 11% year-over-year; full year revenue of $999.4 million, up 11% year-over-year • Fourth quarter calculated current billings of $327.8 million, up 8% year-over-year; full year calculated current billings of $1.049 billion, up 8% year-over-year • Full year net cash provided by operating activities of $266.8 million; full year unlevered free cash flow of $277.0 million COLUMBIA, Maryland, February 4, 2026 — Tenable Holdings, Inc. (“Tenable”) (Nasdaq: TENB), the exposure manage...",,,"2.02,8.01,9.01",Y,https://www.sec.gov/cgi-bin/browse-edgar?action=getcompany&CIK=1660280
0001628280-26-005848:exhibit9912526.htm,"Cycurion, Inc.  (CYCU, CYCUW)  (CIK 0001868419)",2026-02-05,"EX-99.1 2 exhibit9912526.htm EX-99.1 Document Exhibit 99.1 Cycurion Stock (Nasdaq: CYCU) Receives Buy Rating and $7 Target Price in New Investment Report Issued from Litchfield Hills Research Report Highlights Cycurion’s $80 Million Backlog Positioning the Company for Strong 2026 Revenue Growth MCLEAN, Va., Feb. 03, 2026 (GLOBE NEWSWIRE) -- Cycurion, Inc. (NASDAQ: CYCU) (“Cycurion” or the “Company”), a leading provider of AI-driven cybersecurity, IT security solutions, and managed services is pleased to announce that Litchfield Hills Research has initiated coverage on CYCU with a Buy rating and a $7.00 price target. The target represents significant upside potential from the current CYCU stock price level with InvestingPro data showing the micro-cap company (market capitalization of just $...",,,"8.01,9.01",Y,https://www.sec.gov/cgi-bin/browse-edgar?action=getcompany&CIK=1868419
0001437749-26-003387:vtak20260206_8k.htm,"Catheter Precision, Inc.  (VTAK)  (CIK 0001716621)",2026-02-06,"vtak20260206_8k.htm false 0001716621 0001716621 2026-02-06 2026-02-06 --12-31 UNITED STATES SECURITIES AND EXCHANGE COMMISSION Washington, D.C. 20549 FORM 8-K CURRENT REPORT Pursuant to Section 13 or 15(d) of the Securities Exchange Act of 1934 Date of Report (Date of earliest event reported): February 6, 2026 Catheter Precision, Inc. (Exact name of registrant as specified in its charter) Delaware 001-38677 38-3661826 (State or other jurisdiction of incorporation) (Commission File Number) (IRS Employer Identification No.) 1670 Highway 160 West Suite 205 Fort Mill , SC 29708 (Address of principal executive offices) (Zip Code) Registrant’s telephone number, including area code: ( 973 ) 691-2000 (Former name or former address, if changed since last report) Not Applicable Check the appropriate...",,,"1.01,3.02,3.03,5.03,9.01",Y,https://www.sec.gov/cgi-bin/browse-edgar?action=getcompany&CIK=1716621
0001929561-26-000006:earningspresentation-q42.htm,"RXO, Inc.  (RXO)  (CIK 0001929561)",2026-02-06,"EX-99.2 4 earningspresentation-q42.htm EX-99.2 earningspresentation-q42 Fourth Quarter 2025 Results February 6, 2026 2 Non-GAAP financial measures and forward-looking statements Non-GAAP financial measures We provide reconciliations of the non-GAAP financial measures contained in this presentation to the most directly comparable measure under GAAP, which are set forth in the financial tables attached to this presentation. The non-GAAP financial measures in this presentation include: adjusted earnings before interest, taxes, depreciation and amortization (“EBITDA margin”); adjusted EBITDA margin; bank-adjusted EBITDA; free cash flow and free cash flow as a percentage of adjusted EBITDA (“free cash flow conversion”); adjusted free cash flow and adjusted free cash flow as a percentage of adju...",,,"1.01,1.02,2.02,2.03,7.01,9.01",Y,https://www.sec.gov/cgi-bin/browse-edgar?action=getcompany&CIK=1929561
0001213900-26-013633:ea027615601ex99-1_elvictor.htm,"Elvictor Group, Inc.  (ELVG)  (CIK 0001741489)",2026-02-09,"EX-99.1 2 ea027615601ex99-1_elvictor.htm PRESS RELEASE DATED FEBRUARY 9, 2026 Exhibit 99.1 FOR IMMEDIATE RELEASE Elvictor Group Secures New Crew Management Contracts ATTIKI, Greece–February 9, 2026. Elvictor Group Inc. (OTC: ELVG) (“Elvictor” or the “Company”), a leader in maritime recruitment and crew management, today announced the expansion of its crew management portfolio following the award of multiple new crewing contracts driven by fleet growth among existing clients. Based on current fee structures, the Company estimates incremental monthly revenue from these contract awards of approximately $140,000, representing annualized revenue of approximately $1.68 million , and reflecting a year-over-year increase of more than 70% on a run-rate basis compared to prior-year sales. The new ag...",,,"7.01,8.01,9.01",Y,https://www.sec.gov/cgi-bin/browse-edgar?action=getcompany&CIK=1741489
0001650164-26-000050:tost-20251231xexhibit991.htm,"Toast, Inc.  (TOST)  (CIK 0001650164)",2026-02-12,"EX-99.1 2 tost-20251231xexhibit991.htm EX-99.1 Document Exhibit 99.1 Toast Announces Fourth Quarter and Full Year 2025 Financial Results Added a record 30,000 net locations in 2025, including approximately 8,000 in the fourth quarter Annualized recurring run-rate (ARR) increased 26% to over $2.0 billion as of December 31, 2025 Fourth quarter net income was $101 million and Adjusted EBITDA was $163 million Toast’s Board of Directors authorized a $500 million increase to share repurchase program BOSTON, MA – February 12, 2026 – Toast (NYSE: TOST), the all-in-one digital technology platform built for hospitality, today reported financial results for the fourth quarter and full year ended December 31, 2025. “2025 was a strong year for Toast, adding a record 30,000 net locations, growing recurr...",,,"2.02,8.01,9.01",Y,https://www.sec.gov/cgi-bin/browse-edgar?action=getcompany&CIK=1650164
0001193125-26-047741:d715884dex991.htm,XEROX CORP  (CIK 0000108772),2026-02-12,"EX-99.1 4 d715884dex991.htm EX-99.1 EX-99.1 Exhibit 99.1 News from Xerox Holdings Corporation Xerox Distributes Pro Rata Warrants to Enhance Shareholder Value and Accelerate Deleveraging NORWALK, Conn., Feb. 12, 2026 — Xerox Holdings Corporation (NASDAQ: XRX) (“Xerox” or the “Company”) today announced the distribution of warrants to purchase shares of Xerox common stock (the “Warrants”), to its eligible securityholders on February 12, 2026 (the “Distribution Date”), in accordance with its previously announced pro rata warrant distribution. As previously announced, holders of record of Xerox common stock as of February 9, 2026 (the “Record Date”) received one (1) Warrant for every two (2) shares of Xerox common stock held, rounded down to the nearest whole Warrant. Holders of record of Xero...",,,"1.01,7.01,9.01",Y,https://www.sec.gov/cgi-bin/browse-edgar?action=getcompany&CIK=108772
0001493152-26-006815:ex99-1.htm,"Wellgistics Health, Inc.  (WGRX)  (CIK 0002030763)",2026-02-13,"EX-99.1 4 ex99-1.htm EX-99.1 Exhibit 99.1 Wellgistics Health to Add Telehealth & Mental Health AI Capabilities via Tollo Health Partnership Expansion ● Tollo Health recently formed subsidiary TolloCare, LLC (‘TolloCare’) initially targeted to provide telehealth services for GLP-1 and Long COVID patients ● TolloCare has white-labeled telehealth capabilities via a telemedicine company with over 5,000 onboarded physicians nationwide to provide synchronous and asynchronous medical services, including prescriptions, for weight loss and separately will cultivate a Long COVD physician base ● Tollo Health has entered into agreement to expand TolloCare capabilities via a partnership with a stealth San Francisco Bay Area startup preparing to deploy a mental health AI app with unique tools to engage ...",,,"1.01,3.02,7.01,8.01,9.01",Y,https://www.sec.gov/cgi-bin/browse-edgar?action=getcompany&CIK=2030763
0001493152-26-006815:ex99-1.htm,"Wellgistics Health, Inc.  (WGRX)  (CIK 0002030763)",2026-02-13,"EX-99.1 4 ex99-1.htm EX-99.1 Exhibit 99.1 Wellgistics Health to Add Telehealth & Mental Health AI Capabilities via Tollo Health Partnership Expansion ● Tollo Health recently formed subsidiary TolloCare, LLC (‘TolloCare’) initially targeted to provide telehealth services for GLP-1 and Long COVID patients ● TolloCare has white-labeled telehealth capabilities via a telemedicine company with over 5,000 onboarded physicians nationwide to provide synchronous and asynchronous medical services, including prescriptions, for weight loss and separately will cultivate a Long COVD physician base ● Tollo Health has entered into agreement to expand TolloCare capabilities via a partnership with a stealth San Francisco Bay Area startup preparing to deploy a mental health AI app with unique tools to engage ...",,,"1.01,3.02,7.01,8.01,9.01",Y,https://www.sec.gov/cgi-bin/browse-edgar?action=getcompany&CIK=2030763
0001628280-26-008157:exhibit99121326.htm,"Cycurion, Inc.  (CYCU, CYCUW)  (CIK 0001868419)",2026-02-13,"EX-99.1 2 exhibit99121326.htm EX-99.1 Document Exhibit 99.1 Cycurion Focuses on Growth and Continued Cost Efficiencies Toward Profitability by Saving Over $2.2 Million in 2026 Company Enhances Organizational Agility to Meet Evolving Cybersecurity Demands MCLEAN, Va., Feb. 11, 2026 (GLOBE NEWSWIRE) -- Cycurion, Inc. (Nasdaq: CYCU) (“Cycurion” or the “Company”), a trusted leader in IT cybersecurity solutions, today announced a strategic business reorganization that will streamline operations, enhance organizational agility, and position the Company for long-term growth. This operational realignment aims to better position the Company’s resources with its core mission of delivering superior cybersecurity solutions and addressing the emerging needs of its clients in an evolving digital landsca...",,,"8.01,9.01",Y,https://www.sec.gov/cgi-bin/browse-edgar?action=getcompany&CIK=1868419
0001193125-26-053333:d74418dex991.htm,XEROX CORP  (CIK 0000108772),2026-02-17,"EX-99.1 4 d74418dex991.htm EX-99.1 EX-99.1 Exhibit 99.1 News from Xerox Holdings Corporation Xerox Raises $450 Million for New Joint Venture to Strengthen Balance Sheet and Support Long-Term Strategy NORWALK, Conn., Feb. 17, 2026 — Xerox Holdings Corporation (NASDAQ: XRX) (“Xerox” or the “Company”) today announced the formation and capitalization of a new joint venture (the “Joint Venture”) between Xerox and TPG, a leading global alternative asset management firm. The Joint Venture is structured as an intellectual property holding and licensing entity designed to manage, protect, and monetize certain Xerox IP assets. The Joint Venture has raised $450 million in aggregate principal amount of financing led by TPG’s credit business, TPG Credit, with participation from other investors, consist...",,,"1.01,7.01,9.01",Y,https://www.sec.gov/cgi-bin/browse-edgar?action=getcompany&CIK=108772
0001493152-26-006938:ex99-1.htm,"INTELLINETICS, INC.  (INLX)  (CIK 0001081745)",2026-02-17,"EX-99.1 2 ex99-1.htm EX-99.1 Exhibit 99.1 Intellinetics, Inc. Appoints Alison Forsythe as President and Chief Executive Officer Proven Technology Executive to Lead Intellinetics Into Its Next Phase of Growth COLUMBUS, Ohio - (BUSINESS WIRE) - Intellinetics, Inc. (NYSE American: INLX), a digital transformation solutions provider, today announced the appointment of Alison Forsythe as President and Chief Executive Officer, effective February 17, 2026. Ms. Forsythe is a seasoned SaaS and enterprise software executive with more than two decades of experience leading technology organizations through periods of growth, transformation, and scale. She is widely recognized for strengthening execution, aligning go-to-market strategies and building scalable software businesses that deliver sustained v...",,,"1.01,2.03,5.02,7.01,9.01",Y,https://www.sec.gov/cgi-bin/browse-edgar?action=getcompany&CIK=1081745
0001493152-26-007102:form8-k.htm,"AIxCrypto Holdings, Inc.  (AIXC)  (CIK 0001460702)",2026-02-17,"false 0001460702 0001460702 2025-09-29 2025-09-29 iso4217:USD xbrli:shares iso4217:USD xbrli:shares UNITED STATES SECURITIES AND EXCHANGE COMMISSION Washington, D.C. 20549 FORM 8-K CURRENT REPORT PURSUANT TO SECTION 13 OR 15(d) OF THE SECURITIES EXCHANGE ACT OF 1934 Date of Report (Date of earliest event reported): September 29, 2025 AIxCrypto Holdings, Inc. (Exact Name of Registrant as Specified in Charter) Delaware 001-37428 26-3474527 (State or Other Jurisdiction (Commission (I.R.S. Employer of Incorporation) File Number) Identification No.) 5857 Owens Avenue , Suite 300 Carlsbad , California 92008 (Address of Principal Executive Offices) (Zip Code) Registrant’s Telephone Number, Including Area Code: (760) 452-8111 (Former name or former address, if changed since last report) Check the ...",,,"1.01,5.02,9.01",Y,https://www.sec.gov/cgi-bin/browse-edgar?action=getcompany&CIK=1460702
0001493152-26-007537:ex99-1.htm,Safe Pro Group Inc.  (SPAI)  (CIK 0002011208),2026-02-20,"EX-99.1 2 ex99-1.htm EX-99.1 Exhibit 99.1 Safe Pro Awarded Contract to Provide U.S. Government with AI Powered Edge Processing Systems AVENTURA, Fla. – February 20, 2026 – Safe Pro Group Inc. (Nasdaq: SPAI) (“Safe Pro” or the “Company”), a developer of artificial intelligence (“AI”)-enabled defense, security, and situational awareness solutions, today announced it has been awarded a subcontract agreement to supply the U.S. Government AI processing systems under a $1,000,000 subcontract from a U.S. Government prime contractor. The systems’ internal development and low rate initial production (LRIP) supporting this award were funded under strategic investments from leading U.S. firms including ONDAS Inc. (NASDAQ: ONDS) and Unusual Machines Inc. (NYSE: UMAC) . For more information about Safe ...",,,"7.01,8.01,9.01",Y,https://www.sec.gov/cgi-bin/browse-edgar?action=getcompany&CIK=2011208
0001213900-26-018806:ea027771301ex2-1_serve.htm,Serve Robotics Inc. /DE/  (SERV)  (CIK 0001832483),2026-02-20,"EX-2.1 2 ea027771301ex2-1_serve.htm AGREEMENT AND PLAN OF MERGER BY AND AMONG SERVE ROBOTICS INC., SERVE KITCHEN ROBOTICS INC., VEBU, INC. AND JAMES BUCKLY JORDAN, DATED FEBRUARY 5, 2026 Exhibit 2.1 CERTAIN INFORMATION HAS BEEN REDACTED FROM THIS EXHIBIT IN ACCORDANCE WITH ITEM 601(B)(10) OF REGULATION S-K BECAUSE SUCH INFORMATION IS NOT MATERIAL AND IS THE TYPE OF INFORMATION THE REGISTRANT TREATS AS PRIVATE OR CONFIDENTIAL. INFORMATION THAT HAS BEEN REDACTED FROM THIS EXHIBIT HAS BEEN MARKED WITH [***] TO INDICATE THE OMISSION. AGREEMENT AND PLAN OF MERGER BY AND AMONG SERVE ROBOTICS INC., SERVE KITCHEN ROBOTICS INC., VEBU, INC. AND THE SECURITYHOLDERS’ REPRESENTATIVE Dated as of February 5, 2026 TABLE OF CONTENTS Page Section 1 DEFINITIONS AND INTERPRETATIONS 2 1.1 Certain Definitions 2...",,,"2.01,9.01",Y,https://www.sec.gov/cgi-bin/browse-edgar?action=getcompany&CIK=1832483
0001437749-26-005117:ex_874132.htm,HEALTHSTREAM INC  (HSTM)  (CIK 0001095565),2026-02-23,"EX-99.1 2 ex_874132.htm EXHIBIT 99.1 ex_874132.htm HealthStream Announces Fourth Quarter and Full-Year 2025 Results Page 1 February 23, 2026 Exhibit 99.1 Contact: Scott A. Roberts Chief Financial Officer (615) 301-3182 ir@healthstream.com Media: Mollie Condra, Ph.D. Head, Investor Relations & Communications (615) 301-3237 mollie.condra@healthstream.com HealthStream Announces Fourth Quarter & Full-Year 2025 Results NASHVILLE, Tenn. (February 23, 2026) —HealthStream, Inc. (the ""Company"") (Nasdaq: HSTM), a leading healthcare technology platform company for clinical workforce solutions, announced today results for the fourth quarter and full-year ended December 31, 2025 . Fourth Quarter 2025 ● Revenues of $79.7 million, up 7.4% from $74.2 million in the fourth quarter of 2024 , setting a new C...",,,"2.02,7.01,8.01,9.01",Y,https://www.sec.gov/cgi-bin/browse-edgar?action=getcompany&CIK=1095565
0001493152-26-007687:ex10-1.htm,"GameSquare Holdings, Inc.  (GAME)  (CIK 0001714562)",2026-02-23,"EX-10.1 3 ex10-1.htm EX-10.1 Exhibit 10.1 ASSET PURCHASE AGREEMENT between BEN GROUP, INC., TubeBuddy, LLC, TUBEBUDDY, INC., and GAMESQUARE HOLDINGS, INC. dated as of February 20, 2026 TABLE OF CONTENTS ARTICLE I DEFINITIONS 5 ARTICLE II PURCHASE AND SALE 12 Section 2.01 Purchase and Sale of Assets. 12 Section 2.02 Excluded Assets. 13 Section 2.03 Assumed Liabilities. 14 Section 2.04 Excluded Liabilities. 14 Section 2.05 Purchase Price. 16 Section 2.06 Purchase Price Adjustment. 16 Section 2.07 Allocation of Purchase Price. 17 Section 2.08 Withholding Tax. 17 Section 2.09 Third Party Consents. 18 Section 2.10 Shareholder Vote. 18 Section 2.11 Future Sale. 20 ARTICLE III CLOSING 21 Section 3.01 Closing. 21 Section 3.02 Closing Deliverables. 21 ARTICLE IV REPRESENTATIONS AND WARRANTIES OF SE...",,,"1.01,3.02,3.03,5.03,7.01,9.01",Y,https://www.sec.gov/cgi-bin/browse-edgar?action=getcompany&CIK=1714562
0001549346-26-000014:gettyimagesandshuttersto.htm,"Shutterstock, Inc.  (SSTK)  (CIK 0001549346)",2026-02-23,"EX-99.1 2 gettyimagesandshuttersto.htm EX-99.1 gettyimagesandshuttersto Getty Images and Shutterstock Receive Unconditional Antitrust Clearance from U.S. Department of Justice for Proposed Merger February 23, 2026 1:30 PM EST NEW YORK, February 23, 2026 — Getty Images Holdings, Inc. (NYSE: GETY) (“Getty Images”) and Shutterstock, Inc. (NYSE: SSTK) announced today that the United States Department of Justice (DOJ) has concluded its review of the companies’ proposed merger of equals and the applicable waiting period under the Hart-Scott-Rodino Act has expired, without conditions. “We are very pleased with the DOJ’s decision in recognizing the merits of this transaction,” said Craig Peters, CEO, Getty Images. “With today’s DOJ clearance, we take a significant step forward in bringing together...",,,"8.01,9.01",Y,https://www.sec.gov/cgi-bin/browse-edgar?action=getcompany&CIK=1549346
0001493152-26-007685:ex99-1.htm,ALT5 Sigma Corp  (ALTS)  (CIK 0000862861),2026-02-23,"EX-99.1 2 ex99-1.htm EX-99.1 Exhibit 99.1 ALT5 Sigma Corporation Issues Stockholder Letter and Provides Corporate Update CEO Tony Isaac Outlines Compliance Restoration, Governance Strengthening, and Strategy to Drive Long-Term Stockholder Value LAS VEGAS, NEVADA (February 23, 2026) – ALT5 Sigma Corporation (the “Company” or “ALT5”) (NASDAQ: ALTS) (FRA: 5AR1), a fintech company operating institutional-grade global payments, trading, and settlement infrastructure, today issued a letter to stockholders from Tony Isaac , Acting Chief Executive Officer. Dear Stockholders, Over the past 60 days, our focus has been clear: restore compliance, strengthen governance, sharpen operational discipline, and position ALT5 to better align its market valuation with its underlying asset base and infrastructu...",,,"8.01,9.01",Y,https://www.sec.gov/cgi-bin/browse-edgar?action=getcompany&CIK=862861
0001213900-26-019383:ea027777101ex99-1_olbgroup.htm,"OLB GROUP, INC.  (OLB)  (CIK 0001314196)",2026-02-23,"EX-99.1 7 ea027777101ex99-1_olbgroup.htm PRESS RELEASE, DATED FEBRUARY 18, 2026 Exhibit 99.1 OLB Group Inc. Announces Pricing of $3.0 Million Private Placement at a Premium to Market NEW YORK, NY / ACCESS Newswire / February 18, 2026 / The OLB Group, Inc. (NASDAQ:OLB) (“OLB” or the “Company”), a diversified fintech company providing payment processing and digital asset technology solutions, today announced that it has entered into a securities purchase agreement with an institutional investor for the purchase and sale of 2,857,142 shares of its common stock (or prefunded warrants in lieu thereof) together with warrants to purchase up to 3,571,428 shares of common stock at combined purchase price of $1.05 per share and accompanying warrants. The warrants have an exercise price of $0.92 per ...",,,"1.01,3.02,7.01,9.01",Y,https://www.sec.gov/cgi-bin/browse-edgar?action=getcompany&CIK=1314196
0001213900-26-020387:ea027793501ex99-1_vyome.htm,"Vyome Holdings, Inc  (HIND)  (CIK 0001427570)",2026-02-25,"EX-99.1 3 ea027793501ex99-1_vyome.htm PRESS RELEASE ISSUED FEBRUARY 24, 2026 Exhibit 99.1 Livechain Completes Acquisition of Senior, Secured Debt of Humanyze, An MIT Incubated, AI Enabled HR Analytics Company Livechain Creates Path to Seek Potential Uplisting to National Exchange in 2026 CAMBRIDGE, MA - Livechain, Inc (“Livechain”) (OTCX: LICH) , a subsidiary of Vyome Holdings, Inc (“Vyome”) (Nasdaq: HIND), announced today that it has executed a debt purchase agreement with Remus Capital, a leading AI-focused venture capital firm, in order to acquire Sociometric Solutions, Inc, d/b/a, Humanyze (“Humanyze”), a rapidly emerging human resources data and analytics company. The transaction was structured as an all-stock transaction in which LICH issued shares of its common stock, valued at appr...",,,"1.01,8.01,9.01",Y,https://www.sec.gov/cgi-bin/browse-edgar?action=getcompany&CIK=1427570
0001493152-26-007965:ex99-1.htm,"bioAffinity Technologies, Inc.  (BIAF, BIAFW)  (CIK 0001712762)",2026-02-25,"EX-99.1 2 ex99-1.htm EX-99.1 Exhibit 99.1 bioAffinity Technologies Announces Validation Study with Brooke Army Medical Center to Expand Sample Collection Options for the CyPath ® Lung Noninvasive Early Detection Lung Cancer Test Validating sample collection by deep suction has potential to accelerate and expand adoption of CyPath ® Lung SAN ANTONIO, TX – February 25, 2026 – bioAffinity Technologies, Inc. (Nasdaq: BIAF; BIAFW) , a biotechnology company focused on noninvasive diagnostics and early cancer detection, today announced a new study with Brooke Army Medical Center (BAMC) to validate the clinical utility of using the CyPath ® Lung diagnostic test to assess sputum samples obtained by tracheal and bronchial suctioning for early detection of lung cancer. The study is designed to enroll...",,,"8.01,9.01",Y,https://www.sec.gov/cgi-bin/browse-edgar?action=getcompany&CIK=1712762
0001477932-26-001029:cctc_ex101.htm,Catalyst Crew Technologies Corp.  (CCTC)  (CIK 0001477960),2026-02-25,"EX-10.1 2 cctc_ex101.htm ASSET PURCHASE AGREEMENT cctc_ex101.htm EXHIBIT 10.1 ASSET PURCHASE AGREEMENT This Asset Purchase Agreement (this “Agreement”) is made and entered into as of February 17, 2026 (the “Effective Date”), by and between: Kevin Rodan Levy , an individual (the “Seller”), and Catalyst Crew Technologies Corp. , a Nevada corporation (the “Company” or “Buyer”). Seller and Buyer are sometimes referred to herein individually as a “Party” and collectively as the “Parties.” RECITALS WHEREAS, Seller is the owner of certain assets relating to (i) an artificial intelligence-enabled healthcare analytics system (the “AI Healthcare Platform”) and (ii) a technology-enabled healthcare services coordination platform (the “Healthcare Services Platform”), together with related intellectual ...",,,"1.01,2.01,3.02,5.01,5.02,5.06,9.01",Y,https://www.sec.gov/cgi-bin/browse-edgar?action=getcompany&CIK=1477960
0001213900-26-020806:ea0278262ex99-1_forummark.htm,FORUM MARKETS Inc  (ETHZ)  (CIK 0001690080),2026-02-26,"EX-99.1 3 ea0278262ex99-1_forummark.htm PRESS RELEASE, DATED FEBRUARY 25, 2026. Exhibit 99.1 ETHZilla Becomes Forum in Next Step of Strategic Evolution Toward Institutional-Grade Real-World Asset Tokenization Company Expects to Begin Trading on Nasdaq Under New Ticker Symbol “FRMM” on March 2, 2026 PALM BEACH, Fla., Feb. 25, 2026 /PRNewswire/ — ETHZilla Corporation (Nasdaq: ETHZ) today announced that it has updated its corporate name and brand to Forum Markets, Incorporated, doing business as Forum, and that, subject to approval by Nasdaq, its common stock is expected to begin trading on The Nasdaq Capital Market under the ticker symbol “FRMM” upon market open on March 2, 2026. The company’s CUSIP number will remain unchanged, and no action is required from stockholders in relation to this...",,,"5.03,7.01,8.01,9.01",Y,https://www.sec.gov/cgi-bin/browse-edgar?action=getcompany&CIK=1690080
0001493152-26-008116:ex99-1.htm,"Kairos Pharma, LTD.  (KAPA)  (CIK 0001962011)",2026-02-26,"EX-99.1 2 ex99-1.htm EX-99.1 Exhibit 99.1 Kairos Pharma, Ltd. Announces Signing of Term Sheet for Strategic Asset Acquisition of Two Clinical Oncology Assets from Celyn Therapeutics Transformative clinical pipeline transaction will add CL-273, a pan-EGFR inhibitor, and CL-741, a Phase 1-Ready c-MET inhibitor, to Kairos Pharma’s clinical portfolio to target multi-billion dollar lung cancer market. LOS ANGELES, CA – February 26, 2026 – Kairos Pharma, Ltd. (NYSE American: KAPA), a clinical-stage biopharmaceutical company focused on innovative cancer therapeutics, today announces the signing of a term sheet for a strategic asset acquisition with Celyn Therapeutics, Inc., a privately held biotechnology company backed by OrbiMed and Torrey Pines Investment. Under the proposed terms of the agreem...",,,"8.01,9.01",Y,https://www.sec.gov/cgi-bin/browse-edgar?action=getcompany&CIK=1962011
0001104659-26-021050:tm267374d1_ex99-1.htm,AMAZON COM INC  (AMZN)  (CIK 0001018724),2026-02-27,"EX-99.1 3 tm267374d1_ex99-1.htm EXHIBIT 99.1 Exhibit 99.1 OpenAI and Amazon Announce Strategic Partnership Amazon Web Services (AWS) and OpenAI will co-create a Stateful Runtime Environment powered by OpenAI models, available on Amazon Bedrock for AWS customers to build generative AI applications and agents at production scale AWS will be the exclusive third-party cloud distribution provider for OpenAI Frontier, which enables organizations to build, deploy, and manage teams of AI agents OpenAI to consume 2 gigawatts of Trainium capacity through AWS infrastructure to support demand for Stateful Runtime Environment, Frontier, and other advanced workloads OpenAI and Amazon will develop customized models available to power Amazon’s customer-facing applications Amazon will invest $50 billion in...",,,"1.01,7.01,8.01,9.01",Y,https://www.sec.gov/cgi-bin/browse-edgar?action=getcompany&CIK=1018724
0001393883-26-000053:pointsolutionsgrouppressre.htm,"DHI GROUP, INC.  (DHX)  (CIK 0001393883)",2026-03-02,"EX-99.1 3 pointsolutionsgrouppressre.htm EX-99.1 PRESS RELEASE Document DHI Group, Inc. Acquires Point Solutions Group to Advance ClearanceJobs’ Mission of Providing a Total Recruitment Solution for Government Contracting Talent Professional services firm delivers technology, engineering, and talent solutions in the aerospace, cybersecurity and other U.S. defense markets CENTENNIAL, Colo. March 2, 2026 –DHI Group, Inc. (NYSE: DHX) today announced it has acquired Point Solutions Group, an engineering and technology professional services firm focusing on defense contracting and government staffing. The acquisition marks another significant milestone in advancing DHI’s ClearanceJobs’ brand strategy offering a total solution in the government contracting space. “We were very attracted to Point...",,,"1.01,7.01,9.01",Y,https://www.sec.gov/cgi-bin/browse-edgar?action=getcompany&CIK=1393883
0001493152-26-008435:ex99-1.htm,"Kairos Pharma, LTD.  (KAPA)  (CIK 0001962011)",2026-03-02,"EX-99.1 3 ex99-1.htm EX-99.1 Exhibit 99.1 Kairos Pharma Announces Signing of Binding Strategic Asset Acquisition of Exclusive Worldwide Rights to CL-273 From OrbiMed and Torrey Pines Investment-Backed Celyn Therapeutics The next-generation, AI-designed pan-EGFR inhibitor for EGFR-mutant lung cancer significantly expands the Company’s oncology pipeline Targeting a $16.2 Billion Market Opportunity Los Angeles, CA – March, 02, 2026 – Kairos Pharma, Ltd. (NYSE American: KAPA), a clinical-stage biopharmaceutical company focused on innovative cancer therapeutics, today announces that it has entered into binding terms to acquire CL-273 from Celyn Therapeutics, Inc., a company backed by OrbiMed and Torrey Pines Investment. John Yu, M.D., Kairos Pharma Chief Executive Officer, commented: “The signi...",,,"1.01,8.01,9.01",Y,https://www.sec.gov/cgi-bin/browse-edgar?action=getcompany&CIK=1962011
0001213900-26-022014:ea027925301ex99-1.htm,Ondas Inc.  (ONDS)  (CIK 0001646188),2026-03-02,"EX-99.1 2 ea027925301ex99-1.htm PRESS RELEASE, DATED MARCH 2, 2026 Exhibit 99.1 Ondas Announces $10 Million Strategic Investment in World View and Signs Partnership Agreement to Accelerate Multi-Domain ISR Solutions Combining persistent stratospheric sensing with tactical autonomy and counter-drone capabilities to deliver layered, mission-ready ISR and airspace defense Initial $10 million strategic investment establishes coordinated go-to-market framework for scalable multi-domain defense and homeland security solutions WEST PALM BEACH, FLA. and TUCSON, ARIZ. – March 2, 2026 / Ondas Inc. (Nasdaq: ONDS) (“Ondas”), a leading provider of autonomous aerial and ground robot intelligence through its Ondas Autonomous Systems (OAS) business unit and private wireless solutions through Ondas Network...",,,"8.01,9.01",Y,https://www.sec.gov/cgi-bin/browse-edgar?action=getcompany&CIK=1646188
0001104659-26-022476:tm267594d1_8k.htm,"Knightscope, Inc.  (KSCP)  (CIK 0001600983)",2026-03-03,"false 0001600983 0001600983 2026-02-27 2026-02-27 iso4217:USD xbrli:shares iso4217:USD xbrli:shares UNITED STATES SECURITIES AND EXCHANGE COMMISSION Washington, D.C. 20549 FORM 8-K CURRENT REPORT Pursuant to Section 13 or 15(d) of the Securities Exchange Act of 1934 Date of Report (Date of earliest event reported): February 27, 2026 Knightscope, Inc. (Exact name of registrant as specified in its charter) Delaware 001-41248 46-2482575 (State or other jurisdiction of incorporation) (Commission File Number) (IRS Employer Identification No.) 305 North Mathilda Avenue Sunnyvale , California 94085 (Address of principal executive offices)(Zip Code) Registrant’s telephone number, including area code: ( 650 ) 924-1025 Check the appropriate box below if the Form 8-K filing is intended to simultaneou...",,,"1.01,2.01,3.02,8.01,9.01",Y,https://www.sec.gov/cgi-bin/browse-edgar?action=getcompany&CIK=1600983
0001213900-26-023082:ea027948201ex99-1.htm,GAXOS.AI INC.  (GXAI)  (CIK 0001895618),2026-03-03,"EX-99.1 3 ea027948201ex99-1.htm PRESS RELEASE DATED MARCH 3, 2026 Exhibit 99.1 Gaxos Acquires Strategic Stake in America First Defense, Developer of Advanced Drone-Based Electronic Warfare System Acquisition Provides Exposure to Emerging US Defense Technologies with Multi-Sector National Security Applications Roseland, NJ, March 03, 2026 (GLOBE NEWSWIRE) -- Gaxos.ai Inc. (“Gaxos” or the “Company”), a company developing artificial intelligence applications across various high-growth sectors, today announced that it acquired a 19.99% stake in America First Defense (“AFD”), a US-based defense technology company developing next-generation drone and robotics platforms. America First Defense is an American-owned defense technology company developing next-generation security platforms across both...",,,"1.01,8.01,9.01",Y,https://www.sec.gov/cgi-bin/browse-edgar?action=getcompany&CIK=1895618
0001829126-26-001911:kalabio_ex99-1.htm,"KALA BIO, Inc.  (KALA)  (CIK 0001479419)",2026-03-04,"EX-99.1 3 kalabio_ex99-1.htm EXHIBIT 99.1 Exhibit 99.1 KALA BIO Announces Strategic Initiative to Deploy and Continue to Develop an On-Premises AI Infrastructure Platform for the Biotech Industry; Enters Into Platform Development and Exclusive License Agreement for Proprietary AI Research Platform “Researgency” ● Company launches initiative to become a dedicated AI infrastructure partner for the biotechnology industry — to deploy secure, on-premises AI systems directly within client environments where proprietary data never leaves the client’s control ● Platform-as-a-service model designed to generate recurring revenue by licensing AI capabilities to biotech and pharmaceutical companies of all sizes — addressing a market where the top 20 pharma companies invested approximately $167 billion...",,,"1.01,3.02,7.01",Y,https://www.sec.gov/cgi-bin/browse-edgar?action=getcompany&CIK=1479419
0001477932-26-001202:aapi_ex1020.htm,"Apple iSports Group, Inc.  (AAPI)  (CIK 0001134982)",2026-03-05,"EX-10.20 2 aapi_ex1020.htm LICENSE AND JOINT VENTURE AGREEMENT aapi_ex1020.htm EXHIBIT 10.20 JOINT VENTURE AND LICENSE AGREEMENT This Joint Venture Agreement (“Agreement”) is made as of this the 1st day of March 2026 by and between Apple iSports Group, Inc. (""AiS""), a Nevada corporation, whose address is 100 Spectrum Drive, Suite 900, Irvine, CA 92618, USA and Apple iCasino (""AiC""), an Australian company, whose address is BzAgents Limited, San Victor Street, Orange Walk Town, Belize (collectively with AiS sometimes referred to as the “Parties,” and individually with AiS sometimes referred to as a “Party”). RECITALS WHEREAS, the parties hereby desire to form a joint venture in accordance with the terms and conditions herein (“Joint Venture”), WHEREAS, AiS is the owner of certain Licensed Ma...",,,"1.01,7.01,9.01",Y,https://www.sec.gov/cgi-bin/browse-edgar?action=getcompany&CIK=1134982
0001448431-26-000002:oprxq42025earningsrelease.htm,OptimizeRx Corp  (OPRX)  (CIK 0001448431),2026-03-05,"EX-99.1 2 oprxq42025earningsrelease.htm EX-99.1 Document OptimizeRx Reports Strong Fourth Qu arter and Full Year 2025 Financial Results - Q4 revenue of $32.2 million - Q4 gross profit increased 9% year-over-year to $24.1 million - Q4 net income and adjusted EBITDA hit records at $5.0 million and $12.0 million, respectively - Updating 2026 revenue guidance to $109-$114 million and adjusted EBITDA guidance to $21-$25 million - Paid off an incremental $2 million in principal from term loan during Q4 - OptimizeRx's Board authorizes a $10 million share repurchase program WALTHAM, MA. – March 5, 2026 – OptimizeRx Corp. (the “Company”) (Nasdaq: OPRX), a leading provider of healthcare technology solutions helping life sciences companies reach and engage healthcare professionals (HCPs) and patients...",,,"1.01,2.02,8.01,9.01",Y,https://www.sec.gov/cgi-bin/browse-edgar?action=getcompany&CIK=1448431
0001213900-26-023894:ea028011101ex99-1.htm,Ondas Inc.  (ONDS)  (CIK 0001646188),2026-03-05,"EX-99.1 2 ea028011101ex99-1.htm PRESS RELEASE, DATED MARCH 5, 2026 Exhibit 99.1 Ondas Strengthens OAS Board with McKinsey Senior Partner David Chinn to Support Global Defense Expansion Appointment strengthens OAS leadership as company expands global defense and national security platform WEST PALM BEACH, FL / March 5, 2026 / Ondas Inc. (Nasdaq: ONDS) (“Ondas” or the “Company”), a leading provider of autonomous aerial and ground robot intelligence through its Ondas Autonomous Systems (OAS) business unit and private wireless solutions through Ondas Networks, today announced t he appointment of David Chinn to the OAS Board of Directors. Mr. Chinn brings more than two decades of experience advising governments, defense organizations, and leading technology companies on strategy, transformation...",,,"8.01,9.01",Y,https://www.sec.gov/cgi-bin/browse-edgar?action=getcompany&CIK=1646188
0001420720-26-000006:ibio-20260309xex99d2.htm,"iBio, Inc.  (IBIO)  (CIK 0001420720)",2026-03-09,"EX-99.2 3 ibio-20260309xex99d2.htm EX-99.2 Exhibit 99.2 BREAKTHROUGH ANTIBODIES FOR OBESITY AND CARDIOMETABOLIC DISEASES CORPORATE PRESENTATION March 2026 Certain statements in this presentation constitute ""forward -looking statements"" within the meaning of the Private Securities Litigation Reform Act of 1995 , as amended. Words such as ""may,"" ""might,"" ""will,"" ""should,"" ""believe,"" ""expect,"" ""anticipate,"" ""estimate,"" ""continue,"" ""predict,"" ""forecast,"" ""project,"" ""plan,"" ""intend"" or similar expressions, or statements regarding intent, belief, or current expectations, are forward -looking statements. These forward -looking statements are based upon current estimates and includes statements regarding near term catalysts. While iBio, Inc., a Delaware corporation (including its consolidated subs...",,,"7.01,8.01,9.01",Y,https://www.sec.gov/cgi-bin/browse-edgar?action=getcompany&CIK=1420720
0001062993-26-001345:exhibit99-1.htm,Artificial Intelligence Technology Solutions Inc.  (AITX)  (CIK 0001498148),2026-03-09,"EX-99.1 2 exhibit99-1.htm EXHIBIT 99.1 Artificial Intelligence Technology Solutions, Inc.: Exhibit 99.1 - Filed by newsfilecorp.com Exhibit 99.1 A The Top 20 Things You Probably Did Not Know About AITX and RAD CEO Video Highlights Technology, Growth, and the Long Road to Autonomous Security Detroit, Michigan, March 9, 2026 -- Artificial Intelligence Technology Solutions, Inc. (the ""Company"") ( OTCID:AITX ), a global leader in AI-driven security and productivity solutions, along with its wholly owned subsidiary, Robotic Assistance Devices, Inc. (RAD), today marked the beginning of its fiscal year 2027 by highlighting a strategic leadership thesis emerging from its recent ""Top 20"" CEO video, positioning the Company not as a robot manufacturer, but as a licensed autonomy business operating at...",,,"8.01,9.01",Y,https://www.sec.gov/cgi-bin/browse-edgar?action=getcompany&CIK=1498148
0001647639-26-000036:upst991prq1202631026.htm,"Upstart Holdings, Inc.  (UPST)  (CIK 0001647639)",2026-03-10,"EX-99.1 2 upst991prq1202631026.htm EX-99.1 Document Exhibit 99.1 Upstart to Apply for National Bank Charter Approval Would Allow Upstart to Offer Better Rates to Borrowers by Reducing Operational, Regulatory, and Financial Complexity San Mateo, Calif., March 10, 2026 – Upstart Holdings, Inc. (NASDAQ: UPST), the leading artificial intelligence (AI) lending marketplace, today announced its plan to submit an application to the Office of the Comptroller of the Currency (OCC) and the Federal Deposit Insurance Corporation (FDIC) to establish an insured national bank, Upstart Bank, N.A. Upstart Holdings, Inc. will also apply to the Federal Reserve for approval to become a bank holding company. Subject to regulatory approval, the charter will allow Upstart to reduce operational, regulatory, and fi...",,,"8.01,9.01",Y,https://www.sec.gov/cgi-bin/browse-edgar?action=getcompany&CIK=1647639
0001493152-26-009682:ex99-2.htm,ORAGENICS INC  (OGEN)  (CIK 0001174940),2026-03-11,"EX-99.2 3 ex99-2.htm EX-99.2 Exhibit 99.2 FOR IMMEDIATE RELEASE ORAGENICS EXPLORES EXPANSION OF CNS PLATFORM PURSUING ACQUISTION OF ASSETS IN BRAIN HEALTH, RECOVERY, AND NEUROPROTECTION SARASOTA, Fla., March 11, 2026 (BUSINESS WIRE) — Oragenics, Inc. (NYSE American: OGEN), a clinical-stage biotechnology company pioneering brain-targeted therapeutics through proprietary intranasal delivery technology, today announced that it is exploring discussions with third parties regarding the potential acquisition of additional assets in the central nervous system (CNS) space, with a specific focus on brain health and brain recovery indications that demonstrate strategic synergies with the Company’s lead candidate ONP-002 and its proprietary intranasal drug delivery platform. The Company’s portfolio e...",,,"8.01,9.01",Y,https://www.sec.gov/cgi-bin/browse-edgar?action=getcompany&CIK=1174940
0001734722-26-000007:path-2026131xex991.htm,"UiPath, Inc.  (PATH)  (CIK 0001734722)",2026-03-11,"EX-99.1 2 path-2026131xex991.htm EX-99.1 Document UiPath Reports Fourth Quarter and Full Year Fiscal 2026 Financial Results Revenue of $481 million increased 14 percent year-over-year ARR of $1.853 billion increased 11 percent year-over-year GAAP operating income of $80 million and non-GAAP operating income of $150 million Announces new $500 million stock repurchase authorization following the completion of its $1 billion stock repurchase program NEW YORK, NY – March 11, 2026 – UiPath, Inc. (NYSE: PATH), a global leader in agentic automation, today announced financial results for its fourth quarter and full year fiscal 2026 ended January 31, 2026. “We delivered a strong quarter and closed out a year of disciplined execution, with ARR growing 11 percent year-over-year to $1.853 billion,” sa...",,,"2.02,8.01,9.01",Y,https://www.sec.gov/cgi-bin/browse-edgar?action=getcompany&CIK=1734722
0001718939-26-000016:ex991mapr10march.htm,T Stamp Inc  (IDAI)  (CIK 0001718939),2026-03-12,"EX-99.1 5 ex991mapr10march.htm EX-99.1 Document T Stamp Inc. - Nasdaq: IDAI (“Trust Stamp” or “The Company’) Trust Stamp announces the closing of two strategic M&A transactions Atlanta, Georgia, March 10, 2026: Trust Stamp, a global provider of AI-powered trust, identity and security solutions announced the closing of two M&A transactions: the acquisition of 100% of the outstanding share capital of Lexverify Ltd ( https://www.lexverify.com/ ) effective February 26th, 2026, and the subscription for a 50% ownership interest in Cyberfish CyberPsychology Solutions Ltd. ( https://thecyberfish.com ) effective March 9th, 2026. Trust Stamp, Lexverify and Cyberfish are all alumni of the highly selective UK National Cyber Security Center (NCSC) accelerator that is designed to identify and support te...",,,"1.01,2.01,5.02,7.01,9.01",Y,https://www.sec.gov/cgi-bin/browse-edgar?action=getcompany&CIK=1718939
0001493152-26-009785:ex99-1.htm,"Quetta Acquisition Corp  (QETA, QETAR, QETAU)  (CIK 0001978528)",2026-03-12,"EX-99.1 7 ex99-1.htm EX-99.1 Exhibit 99.1 Smart Kreate Group to List on Nasdaq via Business Combination with Quetta Acquisition Corp. Hong Kong — March 12, 2026 — Smart Kreate Group (“SKG”, or the “Company”), the pioneer of AI-driven cloud logistics operating system, and Quetta Acquisition Corp. (NASDAQ: QETA), a special purpose acquisition company, today announced the signing of a definitive business combination agreement on March 6, 2026. Upon closing, the combined entity will operate as Smart Kreate Group and is expected to be Nasdaq-listed under a new ticker symbol. The transaction values the Company at an enterprise value of US$200 million. As an AI-enabled integrated logistics platform, SKG is positioned to bridge the massive intelligence gap in global supply chains, transforming fra...",,,"1.01,7.01,9.01",Y,https://www.sec.gov/cgi-bin/browse-edgar?action=getcompany&CIK=1978528
0001493152-26-009785:ex99-1.htm,"Quetta Acquisition Corp  (QETA, QETAR, QETAU)  (CIK 0001978528)",2026-03-12,"EX-99.1 7 ex99-1.htm EX-99.1 Exhibit 99.1 Smart Kreate Group to List on Nasdaq via Business Combination with Quetta Acquisition Corp. Hong Kong — March 12, 2026 — Smart Kreate Group (“SKG”, or the “Company”), the pioneer of AI-driven cloud logistics operating system, and Quetta Acquisition Corp. (NASDAQ: QETA), a special purpose acquisition company, today announced the signing of a definitive business combination agreement on March 6, 2026. Upon closing, the combined entity will operate as Smart Kreate Group and is expected to be Nasdaq-listed under a new ticker symbol. The transaction values the Company at an enterprise value of US$200 million. As an AI-enabled integrated logistics platform, SKG is positioned to bridge the massive intelligence gap in global supply chains, transforming fra...",,,"1.01,7.01,9.01",Y,https://www.sec.gov/cgi-bin/browse-edgar?action=getcompany&CIK=1978528
0001640334-26-000439:trso_ex991.htm,TRANSUITE.ORG INC.  (TRSO)  (CIK 0001758699),2026-03-13,"EX-99.1 3 trso_ex991.htm PRESS RELEASE trso_ex991.htm EXHIBIT 99.1 PRESS RELEASE TRSO Announces Strategic Cooperation with Australian Fintech Group and Signs Conditional Acquisition Agreement Relating to the AUXSTO Digital Asset Platform to Explore Global Web3 Financial Infrastructure and Digital Payment Systems and Jointly Develop a Complete Digital Asset Ecosystem Las Vegas, Nevada — March 10, 2026 — Transuite.Org Inc. (Ticker: TRSO), a U.S. public company, today announced that it has entered into a Cooperation Agreement with Australian Fintech Group (“AFT”), and AEEC INTERNATIONAL PTY LTD (formerly known as Australian Equity Exchange Center Pty Ltd) (“AEEC”). Under the Agreement, TRSO and AFT Group shall establish a long-term strategic partnership to collaborate in the fields of Web3 fi...",,,"1.01,8.01,9.01",Y,https://www.sec.gov/cgi-bin/browse-edgar?action=getcompany&CIK=1758699
0001185185-26-000857:miti8k031326.htm,"Mitesco, Inc.  (MITI)  (CIK 0000802257)",2026-03-13,"false 0000802257 0000802257 2026-03-09 2026-03-09 iso4217:USD xbrli:shares iso4217:USD xbrli:shares UNITED STATES SECURITIES AND EXCHANGE COMMISSION Washington, DC 20549 FORM 8-K CURRENT REPORT Pursuant to Section 13 or 15(d) of the Securities Exchange Act of 1934 Date of Report (Date of earliest event reported): March 9, 2026 MITESCO, INC. (Exact Name of Registrant as Specified in Charter) Nevada 000-53601 87-0496850 (State or another jurisdiction of incorporation) (Commission File Number) (IRS Employer Identification No.) 505 Beachland Blvd. , Suite 1377 Vero Beach , Florida 32963 (Address of principal executive offices) (Zip Code) (844) 383-8689 (Registrant’s telephone number, including area code) Check the appropriate box below if the Form 8-K filing is intended to simultaneously satis...",,,"5.02,8.01,9.01",Y,https://www.sec.gov/cgi-bin/browse-edgar?action=getcompany&CIK=802257
0001213900-26-027230:ea028107901ex99-1.htm,"FORUM MARKETS Inc  (ETHZ, FRMM)  (CIK 0001690080)",2026-03-13,"EX-99.1 3 ea028107901ex99-1.htm PRESS RELEASE, DATED MARCH 9, 2026 Exhibit 99.1 Forum Establishes Auto Loan Warehouse Facility Enabling 24/7/365 Loan Settlement via Blockchain Infrastructure Forum intends to buy loans from the warehouse, generating cash flow and enhancing the yield profile of upcoming auto loan tokens PALM BEACH, Fla., March 9, 2026 /PRNewswire/ — Forum Markets, Incorporated (Nasdaq: FRMM) (“Forum”), a digital asset platform modernizing capital markets through the tokenization of real-world assets on Ethereum, today announced that it has entered into a $10 million revolving warehouse facility agreement to finance fully secured first-lien auto loans originated through Automatic USA, an automated auto finance platform partnered with Karus, Inc., an AI-driven credit analytics...",,,"1.01,7.01,8.01,9.01",Y,https://www.sec.gov/cgi-bin/browse-edgar?action=getcompany&CIK=1690080
0001213900-26-030830:ea028225401ex99-1.htm,"Elvictor Group, Inc.  (ELVG)  (CIK 0001741489)",2026-03-18,"EX-99.1 2 ea028225401ex99-1.htm PRESS RELEASE, DATED MARCH 17, 2026 Exhibit 99.1 FOR IMMEDIATE RELEASE Elvictor Group Announces Approval of Reverse Stock Split ATTIKI, Greece–March 18, 2026. Elvictor Group Inc. (OTC: ELVG) (“Elvictor” or the “Company”), a leader in maritime recruitment and crew management, today announced that its Board of Directors and stockholders holding a majority of the Company’s voting power have approved a reverse stock split of the Company’s common stock at a ratio of 1-for-500. The reverse stock split was approved by written consent of stockholders representing approximately 90.3% of the Company’s voting power and will be affected without a stockholder meeting. Upon effectiveness, every 500 of shares issued and outstanding common stock will be combined into one sh...",,,"3.03,5.03,8.01,9.01",Y,https://www.sec.gov/cgi-bin/browse-edgar?action=getcompany&CIK=1741489
0001493152-26-011228:ex99-1.htm,"LifeMD, Inc.  (LFMD, LFMDP)  (CIK 0000948320)",2026-03-18,"EX-99.1 4 ex99-1.htm EX-99.1 Exhibit 99.1 LifeMD Appoints Veteran Healthcare Finance Executive as Chief Financial Officer and Expands Leadership Team NEW YORK, March 16, 2026 — LifeMD, Inc. (Nasdaq: LFMD), a leading provider of virtual primary care services, today announced the appointment of Atul Kavthekar as Chief Financial Officer, effective today. The Company also announced leadership changes to support its next phase of growth. Marc Benathen, the Company’s current CFO, is departing to pursue a new opportunity and will remain with LifeMD through March 31, 2026, to facilitate a smooth transition. “We are thrilled to welcome Atul to LifeMD,” said Justin Schreiber, Chairman and CEO of LifeMD. “He is a versatile financial leader who has spent nearly three decades helping healthcare and tec...",,,"5.02,8.01,9.01",Y,https://www.sec.gov/cgi-bin/browse-edgar?action=getcompany&CIK=948320
0001493152-26-011228:ex99-1.htm,"LifeMD, Inc.  (LFMD, LFMDP)  (CIK 0000948320)",2026-03-18,"EX-99.1 4 ex99-1.htm EX-99.1 Exhibit 99.1 LifeMD Appoints Veteran Healthcare Finance Executive as Chief Financial Officer and Expands Leadership Team NEW YORK, March 16, 2026 — LifeMD, Inc. (Nasdaq: LFMD), a leading provider of virtual primary care services, today announced the appointment of Atul Kavthekar as Chief Financial Officer, effective today. The Company also announced leadership changes to support its next phase of growth. Marc Benathen, the Company’s current CFO, is departing to pursue a new opportunity and will remain with LifeMD through March 31, 2026, to facilitate a smooth transition. “We are thrilled to welcome Atul to LifeMD,” said Justin Schreiber, Chairman and CEO of LifeMD. “He is a versatile financial leader who has spent nearly three decades helping healthcare and tec...",,,"5.02,8.01,9.01",Y,https://www.sec.gov/cgi-bin/browse-edgar?action=getcompany&CIK=948320
0001104659-26-030051:tm267206d3_ex99-1.htm,"ConnectM Technology Solutions, Inc.  (CNTM)  (CIK 0001895249)",2026-03-18,"EX-99.1 5 tm267206d3_ex99-1.htm EXHIBIT 99.1 Exhibit 99.1 ConnectM Acquires Defense Data Specialist Harry Kahn Associates, Targeting $50B+ Global Defense Sustainment Market and Expanding AI Infrastructure Platform MARLBOROUGH, Mass., March 18, 2026 (GLOBE NEWSWIRE) — ConnectM Technology Solutions, Inc. (OTC: CNTM) (“ConnectM” or the “Company”), a constellation of technology-driven businesses powering the modern energy economy, today announced that it has acquired Harry Kahn Associates, Inc. (“HKA”), an 80-year-old defense contractor specializing in mission-critical technical data systems and lifecycle support for U.S. military platforms. The acquisition was completed through the issuance of 400,000 shares of ConnectM common stock. Founded in 1943, HKA provides logistics data systems, techn...",,,"1.01,2.03,3.02,7.01,9.01",Y,https://www.sec.gov/cgi-bin/browse-edgar?action=getcompany&CIK=1895249
0001628280-26-020151:exhibit99132026.htm,"Cycurion, Inc.  (CYCU, CYCUW)  (CIK 0001868419)",2026-03-20,"EX-99.1 2 exhibit99132026.htm EX-99.1 Document Exhibit 99.1 Cycurion, Inc. Statement Regarding Unauthorized Press Release, Fabrication of Investor Relations Contact, and Related Market Activity - Litigation Counsel Engaged to Address Short Selling and Manipulation MCLEAN, Va., March 17, 2026 (GLOBE NEWSWIRE) -- Cycurion, Inc. (Nasdaq: CYCU) (“Cycurion” or the “Company”), a trusted leader in IT cybersecurity solutions, today issued the following statement in response to an unauthorized press release disseminated yesterday: The Company has confirmed that a press release claiming an acquisition agreement exceeding $150 million is false and was issued without authorization from Cycurion or its representatives. The release also included a fabricated Investor Relations contact intended to appear...",,,"5.07,8.01,9.01",Y,https://www.sec.gov/cgi-bin/browse-edgar?action=getcompany&CIK=1868419
0001378325-26-000004:cv-20260320xex991.htm,"CapsoVision, Inc  (CV)  (CIK 0001378325)",2026-03-20,"EX-99.1 7 cv-20260320xex991.htm EX-99.1 Document Exhibit 99.1 CapsoVision Announces $14 Million Private Placement Financing Reports Preliminary, Unaudited Fourth-Quarter and Full Year 2025 Financial Results SARATOGA, Calif., March 20, 2026 - CapsoVision, Inc. (the “Company”) (NASDAQ: CV), a commercial-stage medical technology company developing advanced imaging and AI-enabled capsule endoscopy solutions, today announced the closing of a $14 million private placement in public equity financing (the “Private Placement”) pursuant to a securities purchase agreement entered into by the Company with selected accredited investors on March 16, 2026 for such investors to purchase shares (the “Shares”) of common stock of the Company. Pursuant to the securities purchase agreement, the Company has agr...",,,"1.01,2.02,3.02,7.01,8.01,9.01",Y,https://www.sec.gov/cgi-bin/browse-edgar?action=getcompany&CIK=1378325
0001140361-26-010651:ef20068516_ex99-1.htm,INSMED Inc  (INSM)  (CIK 0001104506),2026-03-23,"EX-99.1 2 ef20068516_ex99-1.htm EXHIBIT 99.1 Exhibit 99.1 Insmed Announces Positive Topline Results from Phase 3b ENCORE Study of ARIKAYCE ® (Amikacin Liposome Inhalation Suspension) in Patients with MAC Lung Disease — The Study Met Primary and All Multiplicity-Controlled Secondary Culture Conversion Endpoints, Demonstrating Statistically Significant and Clinically Meaningful Improvements in Respiratory Symptom Score and Culture Conversion Rates — —In the Second Half of 2026, Insmed Plans to File a Supplemental NDA for ARIKAYCE with the FDA and Submit the Data to the PMDA in Japan to Support Potential Label Changes— —Insmed to Host Investor Conference Call on Monday, March 23, 2026, at 8:00 AM ET— BRIDGEWATER, N.J., Mar. 23, 2026 -- Insmed Incorporated (Nasdaq: INSM), a people-first global...",,,"7.01,8.01,9.01",Y,https://www.sec.gov/cgi-bin/browse-edgar?action=getcompany&CIK=1104506
0001731122-26-000472:e7484_ex99-1.htm,"VisionWave Holdings, Inc.  (VWAV, VWAVW)  (CIK 0002038439)",2026-03-24,"EX-99.1 3 e7484_ex99-1.htm EXHIBIT 99.1 EXHIBIT 99.1 VisionWave Secures Exclusive Pathway to Offshore Energy Blocks LB-4 & LB-5 In Liberia Goal of Expanding Into Global Exploration Market Company to introduce proprietary RF sensing technologies alongside conventional offshore discovery methods in Liberia Basin West Hollywood, CA — March 24, 2026 — VisionWave Holdings, Inc. (Nasdaq: VWAV) (“VisionWave” or the “Company”), a developer of advanced AI-driven sensing and radio-frequency (RF) technologies, today announced that it has entered into a Letter of Engagement (“LOE”) with the National Oil Company of Liberia (“NOCAL”) relating to offshore petroleum Blocks LB-4 and LB-5 in the Liberia Basin. The LOE provides VisionWave with an exclusive pathway to advance toward a potential Production Sha...",,,"1.01,7.01,9.01",Y,https://www.sec.gov/cgi-bin/browse-edgar?action=getcompany&CIK=2038439
0001493152-26-012375:ex99-1.htm,XMax Inc.  (XWIN)  (CIK 0001473334),2026-03-24,"EX-99.1 2 ex99-1.htm EX-99.1 Exhibit 99.1 XMax Announces Strategic Expansion Into Artificial Intelligence to Drive Growth and Diversification LOS ANGELES, CA, March 24, 2026 – XMax Inc. (NASDAQ: XWIN, “XMax” or the “Company”) today announced that its Board of Directors has approved a strategic expansion into artificial intelligence (“AI”) while continuing to operate and develop its existing furniture business. The initiative is designed to diversify revenue streams and position the Company for long-term growth amid challenging conditions in the furniture market. Under the new strategy, XMax plans to enter several high-growth AI segments, including AI software and hardware development, cloud and GPU compute infrastructure, AI model access and orchestration, and enterprise-focused AI agent d...",,,"8.01,9.01",Y,https://www.sec.gov/cgi-bin/browse-edgar?action=getcompany&CIK=1473334
0001193125-26-124134:d13199dex991.htm,CANADIAN PACIFIC KANSAS CITY LTD/CN  (CP)  (CIK 0000016875),2026-03-25,"EX-99.1 2 d13199dex991.htm EX-99.1 EX-99.1 Exhibit 99.1 2026 NOTICE OF ANNUAL MEETING AND MANAGEMENT PROXY CIRCULAR13199- 2026 MANAGEMENT PROXY CIRCULAR TABLE OF CONTENTS PART I Notice of Annual Meeting and Executive Summary Notice of 2026 Annual Meeting of Shareholders 1 About the Information in this Proxy Circular 2 Message from the Chair of the Board 6 Proxy Highlights 8 2026 Meeting details 8 Highlights (Board Governance, Compensation and Sustainability) 9 PART II Business of the Shareholder Meeting 12 Business of the Shareholder Meeting 12 Communications and Engagement 15 About the Director Nominees 16 2025 Director Compensation 27 Committee Reports 29 PART III Executive Compensation 32 Message from the Chair of the Management Resources and Compensation Committee 32 Compensation Discu...",,,"8.01,9.01",Y,https://www.sec.gov/cgi-bin/browse-edgar?action=getcompany&CIK=16875
0001477932-26-001599:btbd_ex991.htm,"BT Brands, Inc.  (BTBD, BTBDW)  (CIK 0001718224)",2026-03-26,"EX-99.1 2 btbd_ex991.htm PRESS RELEASE btbd_ex991.htm EXHIBIT 99.1 AeroShield Alliance Establishes Mississippi Headquarters Expansion Positions Aero Velocity and its partners to Scale Public-Sector Infrastructure Technology and Workforce Development Platform MINNETONKA, Minn. — March 25, 2026 — BT Brands, Inc. (Nasdaq: BTBD) today announced that its proposed merger partner, Aero Velocity Inc. and its fellow AeroShield Alliance members, are establishing a Mississippi headquarters, expanding the footprint in infrastructure technology and positioning the consortium to scale its public-sector solutions platform. The expansion is expected to accelerate the deployment of the Alliance’s and Aero Velocity’s AI-driven infrastructure analytics and drone-based data collection capabilities across stat...",,,"8.01,9.01",Y,https://www.sec.gov/cgi-bin/browse-edgar?action=getcompany&CIK=1718224
0001493152-26-012777:ex99-1.htm,Crypto Co  (CRCW)  (CIK 0001688126),2026-03-26,"EX-99.1 4 ex99-1.htm EX-99.1 Exhibit 99.1 FOR IMMEDIATE RELEASE The Crypto Company Acquires FRAME Blockchain’s Technology, An “Interstate Highway” Liquidity Layer For Crypto Commerce Purpose-built Layer 1 blockchain technology connects fragmented crypto ecosystems as crypto commerce and AI-native commerce converge. Malibu, California, March 26, 2026 — The Crypto Company (“TCC”) (OTCID: CRCW) today announced the acquisition of Frame Holdings Ltd’s (“Frame”) intellectual property, a tested and purpose-built Layer 1 blockchain designed to connect fragmented crypto ecosystems into a single interoperable settlement network (the “Frame Blockchain”). TCC intends to launch the Frame Blockchain this year as crypto commerce enters a period of rapid global expansion. Today’s crypto landscape is compl...",,,"1.01,2.01,3.02,7.01,9.01",Y,https://www.sec.gov/cgi-bin/browse-edgar?action=getcompany&CIK=1688126
0001868419-26-000003:exhibit99132726.htm,"Cycurion, Inc.  (CYCU, CYCUW)  (CIK 0001868419)",2026-03-27,"EX-99.1 2 exhibit99132726.htm EX-99.1 Document Exhibit 99.1 Cycurion Continues Expansion in Public Health Sector with New Multi-Year Awards Totaling Approximately $1.35 Million in Annual Recurring Revenue MCLEAN, Va., March 25, 2026 (GLOBE NEWSWIRE) -- Cycurion, Inc. (Nasdaq: CYCU) (“Cycurion” or the “Company”), a trusted leader in IT cybersecurity and AI-driven solutions, today announced continued momentum in the public health domain with two new contract awards. These awards are expected to generate approximately $1.35 million in combined revenue in 2026, including $1.165 million in new annual recurring revenue (“ARR”). The awards include a multi-year engagement with a large healthcare government agency and an expanded relationship with the National Association of County and City Health ...",,,"8.01,9.01",Y,https://www.sec.gov/cgi-bin/browse-edgar?action=getcompany&CIK=1868419
0001829126-26-002796:fiee_ex99-1.htm,"FiEE, Inc.  (FIEE)  (CIK 0001467761)",2026-03-27,"EX-99.1 4 fiee_ex99-1.htm EXHIBIT 99.1 Exhibit 99.1 FiEE, Inc. to Invest Approximately $3.0 Million to Build AI Music Ecosystem Hong Kong, 27 March 2026 — FiEE, Inc. (NASDAQ:FIEE) (“FiEE” or the “Company”), a technology company integrating IoT, connectivity, and AI to redefine brand management solutions in the digital era, is making a strategic investment in the future of the AI music ecosystem. FiEE has entered into an agreement to acquire a 51% equity stake in YinLian Culture for an aggregate purchase price of $51,000. Through this acquisition and the associated variable interest entity (“VIE”) structure, FiEE now effectively controls and captures the economic benefits of Maltose Culture, an AI-empowered music ecosystem that integrates content creation, intelligent platform distribution,...",,,"1.01,7.01,9.01",Y,https://www.sec.gov/cgi-bin/browse-edgar?action=getcompany&CIK=1467761
0001609151-26-000035:exhibit991-projectwillowxs.htm,"Weave Communications, Inc.  (WEAV)  (CIK 0001609151)",2026-03-30,"EX-99.1 3 exhibit991-projectwillowxs.htm EX-99.1 Document Weave Communications Appoints Edward Robson and Ryan Dubin to Board of Directors Enters into Cooperation Agreement with Engine Capital and 2717 Partners LEHI, Utah--(BUSINESS WIRE)-- Weave Communications, Inc. (NYSE: WEAV) (“Weave” or the “Company”), a leading vertical SaaS platform that delivers AI-powered patient engagement and payment solutions for small and medium-sized healthcare practices, today announced the appointment of two new independent directors, Ryan Dubin and Edward Robson, to its Board of Directors (the “Board”), effective immediately. These appointments were made in connection with a cooperation agreement with Engine Capital, L.P. (“Engine Capital”) and 2717 Partners LP (“2717 Partners”) and certain affiliates. Mr....",,,"1.01,5.02,7.01,9.01",Y,https://www.sec.gov/cgi-bin/browse-edgar?action=getcompany&CIK=1609151
0001493152-26-013791:ex99-1.htm,Odysight.ai Inc.  (ODYS)  (CIK 0001577445),2026-03-31,"EX-99.1 2 ex99-1.htm EX-99.1 Exhibit 99.1 Odysight.ai ® Announces Dual Listing on the Tel Aviv Stock Exchange Ramat Gan, Israel, March 31, 2026 – Odysight.ai Inc. (NASDAQ: ODYS) (“Odysight.ai” or the “Company”), a developer of AI-based visual sensing solutions for predictive maintenance and condition-based monitoring, today announced that its common stock have had been approved for listing on the Tel Aviv Stock Exchange (“TASE”). Trading of the Company’s shares on TASE is expected to commence on April 9, 2026 , under the same ticker symbol (ODYS or “אודס” in Hebrew), in addition to its existing listing on the Nasdaq Capital Market. The Company’s common stock will be traded on TASE and quoted in Israeli Shekels. The dual listing is intended to expand the Company’s investors base, enhance tr...",,,"7.01,8.01,9.01",Y,https://www.sec.gov/cgi-bin/browse-edgar?action=getcompany&CIK=1577445
0001139552-26-000023:exhibit99104-01x26form8xk.htm,WFN CREDIT CO LLC  (CIK 0001139552),2026-04-01,"EX-99.1 2 exhibit99104-01x26form8xk.htm EX-99.1 Document Exhibit 99.1 SIXTH ADDENDUM TO SIXTH AMENDED AND RESTATED SERVICE AGREEMENT This Sixth Addendum to that certain Sixth Amended and Restated Service Agreement (the “Addendum”) effective as of the 1st day of April, 2026 (the “Effective Date”), is entered into by and between Comenity Bank (“Bank”), a Delaware state bank, with its principal place of business at One Righter Parkway, Suite 100, Wilmington, Delaware 19803 and Comenity Servicing LLC (“Servicer”), a Texas limited liability company with its principal place of business at 3095 Loyalty Circle, Columbus, OH 43219. RECITALS WHEREAS, Bank and Servicer entered into that certain Sixth Amended and Restated Service Agreement as of January 1, 2025, (the “Agreement”) to outsource certain ...",,,"1.01,9.01",Y,https://www.sec.gov/cgi-bin/browse-edgar?action=getcompany&CIK=1139552
0001213900-26-040030:ea028508601ex10-1.htm,Advanced Biomed Inc.  (ADVB)  (CIK 0001941029),2026-04-03,"EX-10.1 2 ea028508601ex10-1.htm SHARE PURCHASE AGREEMENT, DATED APRIL 2, 2026, BY AND AMONG ADVANCED BIOMED INC., XIAOMIN CHEN AND ACELLENT TECHNOLOGIES (HONG KONG) CO. LIMITED Exhibit 10.1 SHARE PURCHASE AGREEMENT This Share Purchase Agreement (this “ Agreement ”), dated as of April 2, 2026, is entered into among Xiaomin Chen, a Chinese Citizen (the “ Seller ”), Acellent Technologies (Hong Kong) Co. Limited, a company formed under the laws of Hong Kong (the “ Target ”), and Advanced Biomed Inc., a company formed under the laws of the State of Nevada (the “ Buyer ”). Capitalized terms used in this Agreement have the meanings given to such terms herein. RECITALS WHEREAS , Seller owns 100% equity interest in the Target; WHEREAS, the Target is engaged in providing AI-powered financial verific...",,,"1.01,9.01",Y,https://www.sec.gov/cgi-bin/browse-edgar?action=getcompany&CIK=1941029
0001493152-26-015242:ex99-1.htm,"NightFood Holdings, Inc.  (NGTF)  (CIK 0001593001)",2026-04-06,"EX-99.1 3 ex99-1.htm EX-99.1 Exhibit 99.1 Nightfood Holdings, Inc. (dba TechForce Robotics) Announces Strategic Joint Development Agreement with Oncotelic Therapeutics Temecula, CA – April 6, 2026 – Nightfood Holdings, Inc., (OTCQB:NGTF) doing business as TechForce Robotics, Inc. , (“TechForce” or the “Company”), today announced the execution of a Joint Development, Manufacturing, and Licensing Agreement with Oncotelic Therapeutics, Inc., (OTCQB:OTLC), a biotechnology and artificial intelligence-driven pharmaceutical platform company. This strategic collaboration brings together TechForce Robotics’ advanced robotics engineering capabilities with Oncotelic’s proprietary AI-Enhanced technologies to jointly develop and commercialize AI-Enhanced, GMP-compliant robotic systems designed for phar...",,,"1.01,7.01,9.01",Y,https://www.sec.gov/cgi-bin/browse-edgar?action=getcompany&CIK=1593001
0001493152-26-015718:ex99-1.htm,XMax Inc.  (XWIN)  (CIK 0001473334),2026-04-08,"EX-99.1 3 ex99-1.htm EX-99.1 Exhibit 99.1 XMax Advances AI Strategy Through Development and Deployment of An AI Inference Platform Los Angeles, CA, April 8, 2026 – XMax Inc. (NASDAQ: XWIN) (“XMax” or the “Company”) today announced a key milestone in its artificial intelligence (“AI”) strategy with the deployment of an AI inference platform, further advancing its expansion toward a software-driven and platform-based AI business. XMax AI Inc., a wholly owned subsidiary of the Company (“XMax AI”), has entered into an agreement with CLOUD ALLIANCE INC to develop and deploy a cloud-based AI inference platform to the Amazon Web Services (AWS) cloud environment designated by XMax AI. The platform is designed to support scalable AI application development, multi-model integration, and potential co...",,,"1.01,8.01,9.01",Y,https://www.sec.gov/cgi-bin/browse-edgar?action=getcompany&CIK=1473334
0001493152-26-015646:ex99-1.htm,"CISO Global, Inc.  (CISO)  (CIK 0001777319)",2026-04-08,"EX-99.1 2 ex99-1.htm EX-99.1 Exhibit 99.1 FOR IMMEDIATE RELEASE CISO Global Files No-Action Request with SEC Seeking Investor-Consent Framework for Securities Lending Company submits request for regulatory clarity following review of short-volume data, publicly reported fails-to-deliver, and shareholder-record discrepancies; Nick Morgan and Mark Hiraide of ICAN are assisting pro bono Scottsdale, Ariz. — April 8, 2026 — CISO Global, Inc. (Nasdaq: CISO), a provider of AI-powered cybersecurity software, managed cybersecurity, and compliance solutions, today announced the filing of a no-action request with the U.S. Securities and Exchange Commission seeking regulatory clarity for a proposed Investor-Consent Share Loan Program designed to give shareholders a direct voice in whether their shares...",,,"7.01,8.01,9.01",Y,https://www.sec.gov/cgi-bin/browse-edgar?action=getcompany&CIK=1777319
0001683168-26-002726:coeptis_ex9901.htm,"Coeptis Therapeutics Holdings, Inc.  (COEP, COEPW)  (CIK 0001759186)",2026-04-08,"EX-99.1 2 coeptis_ex9901.htm PRESS RELEASE Exhibit 99.1 Coeptis Announces Approval of Z Squared Inc.’s Nasdaq Listing Application ~ Approval Marks Satisfaction of Key Closing Condition in Pending Merger ~ WEXFORD, Pa., April 7, 2026 -- Coeptis Therapeutics Holdings, Inc. (Nasdaq: COEP) (“Coeptis” or the “Company”), a next-gen technology and biopharmaceutical company, today announced that Nasdaq has approved, subject to customary conditions and the closing of the proposed merger, the listing of the post-merger Company’s common stock on the Nasdaq Global Market under the ticker symbol “ZSQR”. The new listing is expected to become effective upon the closing of the proposed merger between the Company and Z Squared, Inc., pursuant to which Z Squared will become a wholly owned subsidiary of Coep...",,,"8.01,9.01",Y,https://www.sec.gov/cgi-bin/browse-edgar?action=getcompany&CIK=1759186
0001104659-26-040703:ibio-20260408xex99d1.htm,"iBio, Inc.  (IBIO)  (CIK 0001420720)",2026-04-08,"EX-99.1 2 ibio-20260408xex99d1.htm EX-99.1 Exhibit 99.1 iBio Received Regulatory Clearance to Initiate Its Phase 1 Clinical Trial of IBIO-600 in Australia IBIO-600 is a potentially best-in-class, long-acting anti-myostatin monoclonal antibody designed to preserve muscle and improve body composition First participants expected to be dosed in 2Q 2026 SAN DIEGO, CA, April 8, 2026 -- iBio, Inc. (NASDAQ: IBIO) (“iBio” or “the Company”), an AI-driven innovator developing therapies for cardiometabolic, obesity and cardiopulmonary diseases, today announced IBIO-600 has received Clinical Trial Notification (CTN) acknowledgement from Australia’s Therapeutic Goods Administration (TGA) and ethics approval from a Human Research Ethics Committee (HREC), enabling the initiation of a first-in-human clinic...",,,"7.01,8.01,9.01",Y,https://www.sec.gov/cgi-bin/browse-edgar?action=getcompany&CIK=1420720
0001683168-26-002816:focus_ex9902.htm,FOCUS UNIVERSAL INC.  (FCUV)  (CIK 0001590418),2026-04-10,"EX-99.2 9 focus_ex9902.htm PRESS RELEASE BY FOCUS UNIVERSAL INC. DATED APRIL 8, 2026 Exhibit 99.2 Focus Universal Inc. Announces Closing of $4.0 Million Private Placement ONTARIO, CA, APRIL 8, 2026 -- Focus Universal Inc. (NASDAQ: FCUV) (the “Company”), a provider of patented hardware and software design technologies for the Internet of Things (IoT), 5G, and AI-driven SEC financial reporting automation software, today announced the closing of its previously announced private placement of approximately $4.0 million of shares of Common Stock and pre-funded and investor warrants at a price of $3.58 per Common Unit. The entire transaction was priced at the market under Nasdaq rules. The offering consisted of the sale of 1,117,318 Common Units (or Pre-Funded Units), each consisting of (i) one (...",,,"1.01,3.02,8.01,9.01",Y,https://www.sec.gov/cgi-bin/browse-edgar?action=getcompany&CIK=1590418
0001493152-26-016378:ex99-1.htm,"BullFrog AI Holdings, Inc.  (BFRG, BFRGW)  (CIK 0001829247)",2026-04-13,"EX-99.1 2 ex99-1.htm EX-99.1 Exhibit 99.1 BullFrog AI Provides Business Update: Strengthened Balance Sheet Supports Continued Execution as Company Aims to Ramp Commercial Activity with Global Pharmaceutical and Biotechnology Partners First commercial agreement with a top 5 global pharmaceutical company anchors a growing pipeline of enterprise discussions; runway secured into late 2027 GAITHERSBURG, Md., April 13, 2026 (GLOBE NEWSWIRE) — BullFrog AI Holdings, Inc. (Nasdaq: BFRG; BFRGW) (“BullFrog AI” or the “Company”), a technology company using artificial intelligence and machine learning to turn complex biomedical data into actionable insights, today issued the following letter to shareholders from Vin Singh, Founder and CEO: Dear Fellow Shareholders, BullFrog AI enters the second quarter...",,,"8.01,9.01",Y,https://www.sec.gov/cgi-bin/browse-edgar?action=getcompany&CIK=1829247
0001493152-26-016470:ex99-1.htm,AgEagle Aerial Systems Inc.  (UAVS)  (CIK 0000008504),2026-04-14,"EX-99.1 2 ex99-1.htm EX-99.1 Exhibit 99.1 EagleNXT Acquires $10M stake in Israel’s ThirdEye Systems Ltd. and Launches US Joint Venture for Counter Drone Systems Joint Venture to produce Counter-drone Systems in EagleNXT’s Global Headquarters in Allen, Texas ALLEN, Texas, April 14, 2026 – AgEagle Aerial Systems Inc. (dba, EagleNXT) (the “Company” or “EagleNXT”) (NYSE: UAVS), a leading provider of full stack drone, sensors and software solutions for customers worldwide in the commercial and government verticals, today announced a key move aligned with its comprehensive growth strategy – a $10.0 million strategic investment in ThirdEye Systems Ltd., an Israeli developer of advanced counter-drone systems (“ThirdEye Systems”), and the establishment of a joint venture with ThirdEye Systems calle...",,,"1.01,8.01,9.01",Y,https://www.sec.gov/cgi-bin/browse-edgar?action=getcompany&CIK=8504
0001828791-26-000029:dsp-20260414xexx991.htm,Viant Technology Inc.  (DSP)  (CIK 0001828791),2026-04-15,"EX-99.1 2 dsp-20260414xexx991.htm EX-99.1 Document Exhibit 99.1 Viant Announces Agreement to Acquire TVision Strengthening Its AI-Powered Programmatic Platform Delivering Advertisers an Unbiased View of the TV Landscape and a Clearer Path to Results IRVINE, Calif., April 15, 2026 – Viant Technology Inc. (Nasdaq: DSP), a leader in CTV and AI-powered programmatic advertising, today announced it has entered into a definitive agreement to acquire TVision Insights, the only attention measurement provider delivering second-by-second, eyes-on-screen attention, co-viewership and in-room presence for TV. With this acquisition, Viant strengthens its AI-powered programmatic platform by integrating TVision's proprietary attention signals directly into its buying platform. Combined with Viant's Househo...",,,"2.02,3.02,8.01,9.01",Y,https://www.sec.gov/cgi-bin/browse-edgar?action=getcompany&CIK=1828791
0001477932-26-002227:totaligent_ex101.htm,"Totaligent, Inc.  (TGNT)  (CIK 0000846377)",2026-04-15,"EX-10.1 2 totaligent_ex101.htm DEFINITIVE AGREEMENT totaligent_ex101.htm EXHIBIT 10.1 DEFINITIVE AGREEMENT THIS DEFINITIVE AGREEMENT (this “ Agreement ”) is made and entered into as of April 10, 2026 (the “ Effective Date ”), by and between: TOTALIGENT, INC. , a Delaware corporation (the “ Company ” or “ Totaligent ”), and IVAN KLARICH , an individual (“ Klarich ”). Each a “ Party ” and collectively the “ Parties .” RECITALS WHEREAS, Totaligent, Inc., a Delaware corporation (the “Company” or “Totaligent”), is a publicly traded company whose common stock is quoted on OTC Markets (OTCID: TGNT), focused on intelligent business marketing, AI-powered data solutions, strategic acquisitions, and related growth initiatives; WHEREAS, Aetherium Medical is a specialized infrastructure platform that s...",,,"1.01,9.01",Y,https://www.sec.gov/cgi-bin/browse-edgar?action=getcompany&CIK=846377
0001213900-26-044128:ea028653801ex99-1.htm,"Myseum.AI, Inc.  (MYSE, MYSEW)  (CIK 0001648960)",2026-04-15,"EX-99.1 3 ea028653801ex99-1.htm PRESS RELEASE DATED APRIL 15, 2026 Exhibit 99.1 Myseum Rebrands as Myseum.AI to Align with Full Suite of Technology and Social Media Platforms Company developing privacy-first agentic platform for social media NEW BRUNSWICK, N.J., April 15, 2026 -- Myseum, Inc. (Nasdaq: MYSE) (“Myseum” or the “Company”), a privacy-first social media and technology innovator, today announced that it will operate under the new name Myseum.AI, Inc. effective April 15, 2026. The rebrand illuminates the Company’s core technology platform that will integrate proprietary privacy-first artificial intelligence (AI) into its secure messaging and social media platforms. The Company is developing privacy-first agentic localized AI agents that assist in managing personal media such as ph...",,,"5.03,8.01,9.01",Y,https://www.sec.gov/cgi-bin/browse-edgar?action=getcompany&CIK=1648960
0001213900-26-044128:ea028653801ex99-1.htm,"Myseum.AI, Inc.  (MYSE, MYSEW)  (CIK 0001648960)",2026-04-15,"EX-99.1 3 ea028653801ex99-1.htm PRESS RELEASE DATED APRIL 15, 2026 Exhibit 99.1 Myseum Rebrands as Myseum.AI to Align with Full Suite of Technology and Social Media Platforms Company developing privacy-first agentic platform for social media NEW BRUNSWICK, N.J., April 15, 2026 -- Myseum, Inc. (Nasdaq: MYSE) (“Myseum” or the “Company”), a privacy-first social media and technology innovator, today announced that it will operate under the new name Myseum.AI, Inc. effective April 15, 2026. The rebrand illuminates the Company’s core technology platform that will integrate proprietary privacy-first artificial intelligence (AI) into its secure messaging and social media platforms. The Company is developing privacy-first agentic localized AI agents that assist in managing personal media such as ph...",,,"5.03,8.01,9.01",Y,https://www.sec.gov/cgi-bin/browse-edgar?action=getcompany&CIK=1648960
0001493152-26-016982:ex99-1.htm,"NightFood Holdings, Inc.  (NGTF)  (CIK 0001593001)",2026-04-16,"EX-99.1 3 ex99-1.htm EX-99.1 Exhibit 99.1 Nightfood Holdings, Inc.(dba TechForce Robotics) Enters Strategic Supply Agreement with Hon Hai Precision Industry Co., Ltd., (a/k/a Foxconn) and NUWA Robotics to Scale Commercial Deployment Los Angeles, CA – April 16, 2026 – Nightfood Holdings, Inc. (the “Company”) (OTCQB: NGTF), operating through its wholly owned subsidiary TechForce Robotics, Inc. (“TechForce”) , today announced the execution of a strategic Supply Agreement with NUWA Robotics Corp. and Foxconn , marking the transition from development and pilot programs to commercial deployment of its robotic platforms. Over the past several years, TechForce has focused on product development, platform refinement, and real-world pilot testing, including deployments across hospitality and service...",,,"1.01,7.01,9.01",Y,https://www.sec.gov/cgi-bin/browse-edgar?action=getcompany&CIK=1593001
0001654954-26-003581:onfo_ex991.htm,"Onfolio Holdings, Inc  (ONFO, ONFOP, ONFOW)  (CIK 0001825452)",2026-04-16,"EX-99.1 5 onfo_ex991.htm PRESS RELEASE onfo_ex991.htm EXHIBIT 99.1 Onfolio Holdings Inc. Secures $100 Million Equity Purchase Facility to Accelerate Acquisition Strategy Facility provides discretionary capital as Company scales AI-powered services and builds on first positive EBITDA year WILMINGTON, Del., April 16, 2026 (GLOBE NEWSWIRE) Onfolio Holdings, Inc. (Nasdaq: ONFO, ONFOW) (OTC: ONFOP), an owner-operator of cash-generative online businesses, today announced that it has entered into a $100 million Equity Purchase Facility Agreement (the “Facility”) with an institutional investor. The Facility provides the Company with flexible, discretionary capital – primarily for working capital and acquisitions targeting cash-generative online businesses that the Company believes are undervalued ...",,,"1.01,2.03,3.02,7.01,9.01",Y,https://www.sec.gov/cgi-bin/browse-edgar?action=getcompany&CIK=1825452
0001654954-26-003581:onfo_ex991.htm,"Onfolio Holdings, Inc  (ONFO, ONFOP, ONFOW)  (CIK 0001825452)",2026-04-16,"EX-99.1 5 onfo_ex991.htm PRESS RELEASE onfo_ex991.htm EXHIBIT 99.1 Onfolio Holdings Inc. Secures $100 Million Equity Purchase Facility to Accelerate Acquisition Strategy Facility provides discretionary capital as Company scales AI-powered services and builds on first positive EBITDA year WILMINGTON, Del., April 16, 2026 (GLOBE NEWSWIRE) Onfolio Holdings, Inc. (Nasdaq: ONFO, ONFOW) (OTC: ONFOP), an owner-operator of cash-generative online businesses, today announced that it has entered into a $100 million Equity Purchase Facility Agreement (the “Facility”) with an institutional investor. The Facility provides the Company with flexible, discretionary capital – primarily for working capital and acquisitions targeting cash-generative online businesses that the Company believes are undervalued ...",,,"1.01,2.03,3.02,7.01,9.01",Y,https://www.sec.gov/cgi-bin/browse-edgar?action=getcompany&CIK=1825452
0001193125-26-159696:d140906d8k.htm,Oportun Financial Corp  (OPRT)  (CIK 0001538716),2026-04-17,"8-K Oportun Financial Corp false 0001538716 0001538716 2026-04-13 2026-04-13 UNITED STATES SECURITIES AND EXCHANGE COMMISSION Washington, D.C. 20549 FORM 8-K CURRENT REPORT Pursuant to Section 13 OR 15(d) of The Securities Exchange Act of 1934 April 13, 2026 Date of Report (date of earliest event reported) OPORTUN FINANCIAL CORPORATION (Exact Name of Registrant as Specified in its Charter) Commission File Number 001-39050 Delaware 45-3361983 State or Other Jurisdiction of Incorporation or Organization I.R.S. Employer Identification No. 1825 South Grant Street , Suite 850 San Mateo , CA 94402 Address of Principal Executive Offices Zip Code (650) 810-8823 Registrant’s Telephone Number, Including Area Code Check the appropriate box below if the Form 8-K filing is intended to simultaneously sa...",,,"5.02,8.01,9.01",Y,https://www.sec.gov/cgi-bin/browse-edgar?action=getcompany&CIK=1538716
0001628280-26-026259:a2026-04x21foghorncorpor.htm,Foghorn Therapeutics Inc.  (FHTX)  (CIK 0001822462),2026-04-21,"EX-99.1 2 a2026-04x21foghorncorpor.htm EX-99.1 a2026-04x21foghorncorpor Unique biology Precision therapeutics Broad impact NASDAQ LISTED FHTX April 2026 Exhibit 99.1 | Forward Looking Statements 2 This presentation contains forward-looking statements that are based on management's beliefs and assumptions and on information currently available to management. All statements other than statements of historical facts contained in this presentation are forward- looking statements. In some cases, you can identify forward-looking statements by terms such as “could,” “may,” “might,” “will,” “likely,” “anticipates,” “intends,” “plans,” “seeks,” “believes,” “estimates,” “expects,” “continues,” “projects” or the negative of these terms or other similar expressions, although not all forward-looking st...",,,"7.01,8.01,9.01",Y,https://www.sec.gov/cgi-bin/browse-edgar?action=getcompany&CIK=1822462
0001493152-26-018217:ex99-1.htm,Viewbix Inc.  (VBIX)  (CIK 0000797542),2026-04-21,"EX-99.1 2 ex99-1.htm EX-99.1 Exhibit 99.1 Viewbix Announces Corporate Rebranding to Quantum X Labs: an Innovative Quantum and Technologies Company Tel Aviv, Israel, April 21, 2026, (GLOBE NEWSWIRE) — Viewbix Inc. (Nasdaq: VBIX) (“Viewbix” or the “Company”), an advanced technologies company, today announced a comprehensive corporate rebranding to Quantum X Labs Inc. (“Quantum X Labs”). The rebranding represents the Company’s evolution toward a leading company that develops and owns quantum computing technology as well as a quantum error correction solution, quantum simulations and quantum sensing technologies, while continuing its legacy digital advertising activities as a business segment. The Company is expected to change its name to Quantum X Labs Inc. and its ticker symbol to “ QXL ”, e...",,,"7.01,8.01,9.01",Y,https://www.sec.gov/cgi-bin/browse-edgar?action=getcompany&CIK=797542
0001493152-26-018582:ex99-1.htm,Pineapple Financial Inc.  (PAPL)  (CIK 0001938109),2026-04-22,"EX-99.1 2 ex99-1.htm EX-99.1 Exhibit 99.1 PINEAPPLE FINANCIAL ANNOUNCES EXPANDED $15 MILLION SHARE REPURCHASE PROGRAM Expanded Buyback Signals Management’s Commitment to Long-Term Value; Repurchases to Commence Immediately Toronto, Ontario, April 22, 2026 - Pineapple Financial Inc. (NYSE American: PAPL), (“Pineapple” or “the Company”), a leading fintech platform, today announced that its Board of Directors has approved an expansion of its previously announced share repurchase program, increasing the aggregate authorization from US$3,000,000 to up to US$15,000,000 of Pineapple’s common shares. The Company also announced that it intends to commence repurchasing shares immediately under the previously approved US$3,000,000 authorization, subject to applicable securities laws and the absence o...",,,"7.01,8.01,9.01",Y,https://www.sec.gov/cgi-bin/browse-edgar?action=getcompany&CIK=1938109
0001605301-26-000018:a20260331cbfvinvestorpre.htm,"CB Financial Services, Inc.  (CBFV)  (CIK 0001605301)",2026-04-22,"EX-99.2 3 a20260331cbfvinvestorpre.htm EX-99.2 INVESTOR PRESENTATION a20260331cbfvinvestorpre CB Financial Services, Inc. (Nasdaq: CBFV) April 2026 Page 2 Forward-Looking Statements and Non-GAAP Financial Measures Statements contained in this investor presentation that are not historical facts may constitute forward-looking statements as that term is defined in the Private Securities Litigation Reform Act of 1995 and such forward-looking statements are subject to significant risks and uncertainties. The Company intends such forward-looking statements to be covered by the safe harbor provisions contained in the Act. The Company’s ability to predict results or the actual effect of future plans or strategies is inherently uncertain. Factors which could have a material adverse effect on the op...",,,"2.02,7.01,8.01,9.01",Y,https://www.sec.gov/cgi-bin/browse-edgar?action=getcompany&CIK=1605301
0001104659-26-047690:ssb-20260423xex99d2.htm,SouthState Bank Corp  (SSB)  (CIK 0000764038),2026-04-23,"EX-99.2 3 ssb-20260423xex99d2.htm EX-99.2 Exhibit 99.2 1Q 2026 Earnings Presentation April 24, 2026 VALUE PROPOSITION 2 For end note descriptions, see Earnings Presentation End Notes starting on slide 29. 344 Branch Locations $68B Assets $56B Deposits $10B Market Cap 6,000+ Team Members Local Leadership Model Driving Durable Results Long-Term Track Record of Shareholder Value Creation Premier Deposit Franchise Regional bank leader with scale Operating in the Best Growth Markets Top quartile TSR through 20 years of cycles Shoot where the ducks are flying VALUE PROPOSITION Above peer results over the short, medium, and long-term $65 B Assets $48 B Loans $55 B Deposits $7.4 B Market Cap Fort Collins Denver Dallas Austin Houston Birmingham Richmond Charleston Atlanta Augusta Savannah Jacksonvi...",,,"2.02,7.01,8.01,9.01",Y,https://www.sec.gov/cgi-bin/browse-edgar?action=getcompany&CIK=764038
0001062993-26-002133:exhibit99-1.htm,Artificial Intelligence Technology Solutions Inc.  (AITX)  (CIK 0001498148),2026-04-24,"EX-99.1 2 exhibit99-1.htm EXHIBIT 99.1 Artificial Intelligence Technology Solutions, Inc.: Exhibit 99.1 - Filed by newsfilecorp.com Exhibit 99.1 AITX's RAD Wins 16 Unit ROSA Order for Multi-Site Construction Deployment SARA Enabled Security Selected to Protect Active Builds Across Three Location Detroit, Michigan, April 24, 2026 -- Artificial Intelligence Technology Solutions, Inc. (the ""Company"") ( OTCID:AITX ), a global leader in AI-driven security and productivity solutions, along with its wholly owned subsidiary, Robotic Assistance Devices, Inc. (RAD), today announced a new order for sixteen ROSA ™ units, each licensed with SARA ™ (Speaking Autonomous Responsive Agent), for deployment across three active construction sites in the Southeastern United States. The order, placed by a new d...",,,"8.01,9.01",Y,https://www.sec.gov/cgi-bin/browse-edgar?action=getcompany&CIK=1498148
0001493152-26-019245:ex99-1.htm,"Sports Entertainment Gaming Global Corp  (SEGG, LTRYW)  (CIK 0001673481)",2026-04-28,"EX-99.1 2 ex99-1.htm EX-99.1 Exhibit 99.1 FOR OFFICIAL RELEASE 5049 Edwards Ranch Rd, 4 th Floor Fort Worth, TX 76109 SEGG Media Exclusively Partners with Polymarket to Power Sports.com Predict ● Integrates Polymarket’s leading prediction technology directly into Sports.com Predict. ● Enables a real-time, rapidly scalable sports prediction platform for SEGG Media ahead of the 2026 FIFA World Cup. ● Provides a robust technology framework to support a global rollout within established regulatory and operational frameworks. ● A transaction-based revenue share between SEGG Media and Polymarket creates a scalable, high-margin growth engine. FORT WORTH, Texas, April 28, 2026 —Sports Entertainment Gaming Global Corporation (NASDAQ: SEGG, LTRYW) (the “Company” or “SEGG Media”) today announced that...",,,"1.01,9.01",Y,https://www.sec.gov/cgi-bin/browse-edgar?action=getcompany&CIK=1673481
0001213900-26-048884:ea028818001ex99-1.htm,"Merlin, Inc.  (MRLN)  (CIK 0002028707)",2026-04-29,"EX-99.1 5 ea028818001ex99-1.htm PRESS RELEASE, DATED APRIL 29, 2026 Exhibit 99.1 Merlin, Inc. Announces $80 Million PIPE Investment to Accelerate Program Execution and Unlock New Growth Opportunities BOSTON — April 29, 2026 (BUSINESS WIRE) — Merlin, Inc. (Nasdaq: MRLN) (“Merlin” or the “Company”), a leading developer of assured, autonomous flight technology, today announced that it has entered into a securities purchase agreement with an existing fundamental institutional shareholder to raise $80 million of equity capital via a private investment in public equity (“PIPE”). The Company currently has approximately $107 million in cash and cash equivalents and, with this financing, expects total cash resources of $183 million, reinforcing balance sheet strength and providing substantial finan...",,,"1.01,3.02,7.01,9.01",Y,https://www.sec.gov/cgi-bin/browse-edgar?action=getcompany&CIK=2028707
0001683168-26-003379:inseego_ex9902.htm,INSEEGO CORP.  (INSG)  (CIK 0001022652),2026-04-30,"EX-99.2 5 inseego_ex9902.htm INVESTOR PRESENTATION Exhibit 99.2 April 30, 2026 Inseego Acquisition of Nokia’s Global FWA Business and Collaboration on Strategic Partnership TRANSACTION ANNOUNCEMENT: 2 Disclaimers & Other Important Information This presentation is being furnished by Inseego Corp . (“Inseego” or the “Company”) in connection with its planned acquisition (the “Proposed Transaction”) of Nokia’s global FWA business (the “Business”) . This presentation should be read in conjunction with the Company’s Current Report on Form 8 - K that will be filed with the U . S . Securities and Exchange Commission (the “SEC”) regarding the Proposed Transaction, which contains additional information regarding the Proposed Transaction, as well as the Company’s other filings with the SEC . Cautiona...",,,"1.01,3.02,7.01,9.01",Y,https://www.sec.gov/cgi-bin/browse-edgar?action=getcompany&CIK=1022652
0001062993-26-002220:exhibit99-1.htm,Artificial Intelligence Technology Solutions Inc.  (AITX)  (CIK 0001498148),2026-04-30,"EX-99.1 2 exhibit99-1.htm EXHIBIT 99.1 Artificial Intelligence Technology Solutions, Inc.: Exhibit 99.1 - Filed by newsfilecorp.com Exhibit 99.1 AITX's RAD Enters Hospitality Sector with First Major Hotel Brand Order RIO 360 Selected to Address Rising Parking Lot Incidents with Expansion Already Under Consideration Detroit, Michigan, April 30, 2026 -- Artificial Intelligence Technology Solutions, Inc. (the ""Company"") ( OTCID:AITX ), a global leader in AI-driven security and productivity solutions, along with its wholly owned subsidiary, Robotic Assistance Devices, Inc. (RAD), today announced that it has received an order for a RIO 360 ™ autonomous security tower from a major hotel brand for a property, with deployment pending. The initial unit is expected to address ongoing security concer...",,,"8.01,9.01",Y,https://www.sec.gov/cgi-bin/browse-edgar?action=getcompany&CIK=1498148
0001493152-26-019787:ex99-1.htm,Viewbix Inc.  (VBIX)  (CIK 0000797542),2026-04-30,"EX-99.1 4 ex99-1.htm EX-99.1 Exhibit 99.1 After Successful Acquisition: Quantum X Labs Commences Trading Under New Name and New Nasdaq Ticker Symbol “QXL” Today Tel Aviv, Israel, April 30, 2026, (GLOBE NEWSWIRE) — Quantum X Labs Inc. (Nasdaq: QXL) (“Quantum X” or the “Company”), an advanced technologies company (formerly known as Viewbix Inc. (Nasdaq: VBIX)), to commence trading today under new name and new Nasdaq symbol, following a comprehensive corporate rebranding. The rebranding represents the Company’s evolution toward a leading company that develops and owns quantum computing technology as well as a quantum error correction solution, quantum simulations and quantum sensing technologies, while continuing its legacy digital advertising activities as a business segment. The new name an...",,,"5.03,7.01,8.01,9.01",Y,https://www.sec.gov/cgi-bin/browse-edgar?action=getcompany&CIK=797542
0001493152-26-019778:ex2-1.htm,"Brand Engagement Network Inc.  (BNAI, BNAIW)  (CIK 0001838163)",2026-04-30,"EX-2.1 2 ex2-1.htm EX-2.1 Exhibit 2.1 30 April 2026 Share Purchase and Transfer Agreement Cataneo GmbH Share Purchase and Transfer Agreement between 1. Christian Unterseer , Baumgartenstr. 30a, 83607 Holzkirchen, Germany - hereinafter “ Seller 1” - 2. CUTV GmbH , a limited liability company ( Gesellschaft mit beschränkter Haftung ) incorporated under the Laws of Germany, having its registered seat in Munich, Germany, registered with the commercial register of the local court of Munich under no. HRB 170892, with business address at Rosenheimer Str. 145d, 81671 Munich, Germany - hereinafter “ Seller 2 ” - 3. Cuneo AG , a stock corporation ( Aktiengesellschaft ) incorporated under the Laws of Germany, having its registered seat in Grünwald, Landkreis München, Germany, registered with the comm...",,,"1.01,3.02,7.01,9.01",Y,https://www.sec.gov/cgi-bin/browse-edgar?action=getcompany&CIK=1838163
0001628280-26-028997:exhibit991apr272026.htm,"Cycurion, Inc.  (CYCU, CYCUW)  (CIK 0001868419)",2026-04-30,"EX-99.1 2 exhibit991apr272026.htm EX-99.1 Document Exhibit 99.1 Cycurion Delivers on 2026 Profitable Growth Strategy with $6 Million Win and $112 Million Backlog Powered by Innovative AI Solutions April 27, 2026 MCLEAN, Va., April 27, 2026 (GLOBE NEWSWIRE) -- Cycurion, Inc. (NASDAQ: CYCU) (“Cycurion” or the “Company”), a pioneering AI-driven cybersecurity and government technology solutions provider, today announced it has been awarded a $6 million purchase order under a Master Services Agreement (“MSA”) / Indefinite Delivery Indefinite Quantity (“IDIQ”) contract by a major U.S. municipality. The multi-year agreement allows Cycurion to provide a broad range of professional consulting services on an as-needed basis, including organization and management consulting, cybersecurity services, i...",,,"8.01,9.01",Y,https://www.sec.gov/cgi-bin/browse-edgar?action=getcompany&CIK=1868419
0001213900-26-051028:ea0288766-8k_advanced.htm,Advanced Biomed Inc.  (ADVB)  (CIK 0001941029),2026-05-01,"false 0001941029 TW 0001941029 2026-04-28 2026-04-28 iso4217:USD xbrli:shares iso4217:USD xbrli:shares UNITED STATES SECURITIES AND EXCHANGE COMMISSION Washington, D.C. 20549 FORM 8-K CURRENT REPORT PURSUANT TO SECTION 13 OR 15(d) OF THE SECURITIES EXCHANGE ACT OF 1934 April 28, 2026 Date of Report (Date of earliest event reported) Advanced Biomed Inc. (Exact name of Company as specified in its charter) Nevada 001-42548 87-2177170 (State or other jurisdiction (Commission File Number) (IRS Employer of Incorporation) Identification Number) No. 689-85 Xiaodong Road , Yongkang District Tainan City , Taiwan (Address of principal executive offices) 886 -6- 3121716 (Registrant’s telephone number including area code) Check the appropriate box below if the Form 8-K filing is intended to simultaneou...",,,"2.01,3.02,5.02,9.01",Y,https://www.sec.gov/cgi-bin/browse-edgar?action=getcompany&CIK=1941029
0001493152-26-020830:ex99-1.htm,"Shuttle Pharmaceuticals Holdings, Inc.  (SHPH)  (CIK 0001757499)",2026-05-01,"EX-99.1 6 ex99-1.htm EX-99.1 Exhibit 99.1 Shuttle Merges with United Dogecoin to Become the World’s Largest Public Dogecoin Miner The combination and related financing is expected to result in the largest publicly listed Dogecoin mining company based on percentage of the global hashrate Gaithersburg, Maryland, April 30, 2026 – Shuttle Pharmaceutical Holdings, Inc. (NASDAQ: SHPH) (“Shuttle”) has entered into a definitive merger agreement to acquire United Dogecoin Inc. (“United Dogecoin” or the “Company”), a Dogecoin mining company driven by industry experts. United Dogecoin will be merged into a wholly owned subsidiary of Shuttle. The merger is supported by a $11 million concurrent Private Investment in Public Equity (“PIPE”) financing expected to close on May 4, 2026. United Dogecoin’s co...",,,"1.01,3.02,7.01,9.01",Y,https://www.sec.gov/cgi-bin/browse-edgar?action=getcompany&CIK=1757499
0001493152-26-020993:ex99-1.htm,Artificial Intelligence Technology Solutions Inc.  (AITX)  (CIK 0001498148),2026-05-04,"EX-99.1 2 ex99-1.htm EX-99.1 Exhibit 99.1 AITX to Present at the LD Micro Invitational XVI Showcasing AI Driven Approach to Physical Security and Expanding Market Reach Detroit, Michigan, May 4, 2026 – Artificial Intelligence Technology Solutions, Inc . (the “Company”) ( OTCID:AITX ), a global leader in AI-driven security and productivity solutions for enterprise clients, today announced that it will be participating in the 16th Annual LD Micro Invitational at the Luxe Sunset Boulevard Hotel in Los Angeles, May 18th and 19th, 2026. Steve Reinharz, CEO/CTO and founder of AITX is scheduled to present on Monday, May 18, 2026, at 3:00 PM PT. Event: LD Micro Invitational XVI Date: Monday, May 18, 2026 Time : 3:00 PM PT WEBCAST LINK “I’m looking forward to engaging with investors at LD Micro and...",,,"8.01,9.01",Y,https://www.sec.gov/cgi-bin/browse-edgar?action=getcompany&CIK=1498148
0001104659-26-055315:tm2613544d1_ex99-1.htm,"ConnectM Technology Solutions, Inc.  (CNTM, CNTMD)  (CIK 0001895249)",2026-05-05,"EX-99.1 3 tm2613544d1_ex99-1.htm EXHIBIT 99.1 Exhibit 99.1 ConnectM Announces Agreement to Divest India Business and Logistics Land Infrastructure Asset in $34.2 Million Blue Cloud Share Transaction Transaction expected to convert India operating assets representing 5.8% of its annual revenue into 160 million Blue Cloud shares and an approximately 17.3% post-issue equity position Strategic divestiture highlights embedded asset value, simplifies ConnectM’s operating structure, and supports management focus on U.S. energy technology, AI infrastructure, distributed energy, and capital markets execution MARLBOROUGH, Mass., May 5, 2026 (GLOBE NEWSWIRE) -- ConnectM Technology Solutions, Inc. (OTC: CNTMD) (“ConnectM” or the “Company”), a company comprised of technology-driven businesses powering ...",,,"1.01,7.01,9.01",Y,https://www.sec.gov/cgi-bin/browse-edgar?action=getcompany&CIK=1895249
0001213900-26-052213:ea0289209-8k_biomx.htm,BiomX Inc.  (PHGE)  (CIK 0001739174),2026-05-05,"false 0001739174 0001739174 2026-05-05 2026-05-05 iso4217:USD xbrli:shares iso4217:USD xbrli:shares UNITED STATES SECURITIES AND EXCHANGE COMMISSION Washington, D.C. 20549 FORM 8-K CURRENT REPORT Pursuant to Section 13 or Section 15(d) of the Securities Exchange Act of 1934 Date of Report (Date of earliest event reported): May 5, 2026 BIOMX INC. (Exact name of registrant as specified in its charter) Delaware 001-38762 82-3364020 (State or other jurisdiction of incorporation or organization) (Commission File Number) (IRS Employer Identification Number) 850 New Burton Road , Suite 201 , Dover , DE 19904 (Address of principal executive offices) 972 52 437 4900 (Registrant’s telephone number, including area code) Not Applicable (Former name or former address, if changed since last report) Chec...",,,8.01,Y,https://www.sec.gov/cgi-bin/browse-edgar?action=getcompany&CIK=1739174
0001628280-26-032564:exhibit991may72026.htm,"Cycurion, Inc.  (CYCU, CYCUW)  (CIK 0001868419)",2026-05-08,"EX-99.1 2 exhibit991may72026.htm EX-99.1 Document Exhibit 99.1 Cycurion (CYCU) Acquires Halo Privacy and HavenX to Build Comprehensive Secure Communications and Digital Defense Platform MCLEAN, Va., May 07, 2026 (GLOBE NEWSWIRE) -- Cycurion, Inc. (NASDAQ: CYCU) (“Cycurion” or the “Company”), a leader in AI-driven cybersecurity and national security solutions with trusted relationships across the U.S. Government, numerous leading corporations, and high-profile individuals across all industries, today announced it has executed a binding agreement to acquire Halo Privacy, an industry-leading secure communications company, and fully integrate its elite digital investigations and attribution arm, HavenX. The Company expects to close the transaction within 45 days, as the required audit has been...",,,"8.01,9.01",Y,https://www.sec.gov/cgi-bin/browse-edgar?action=getcompany&CIK=1868419
0001594805-26-000022:yearend2025mic.htm,SHOPIFY INC.  (SHOP)  (CIK 0001594805),2026-05-08,"EX-99.1 2 yearend2025mic.htm EX-99.1 Document Exhibit 99.1 NOTICE OF MEETING AND MANAGEMENT INFORMATION CIRCULAR FOR THE ANNUAL GENERAL MEETING OF SHAREHOLDERS OF SHOPIFY INC. TO BE HELD JUNE 16, 2026 April 21, 2026 NOTICE OF ANNUAL GENERAL MEETING OF SHAREHOLDERS OF SHOPIFY INC. To the shareholders of Shopify Inc. : Notice is hereby given of the annual general meeting (the "" Meeting "") of the shareholders (the "" shareholders "") of Shopify Inc. ("" Shopify "", the "" Company "", "" we "" or "" our ""). The Meeting will be held online via live audio webcast and shareholders will have an equal opportunity to attend the Meeting, vote their shares, participate in real time and ask questions, regardless of geographic location. Date : June 16, 2026 Time : 10:30 a.m. (Eastern Time) Virtual Meeting Site :...",,,"8.01,9.01",Y,https://www.sec.gov/cgi-bin/browse-edgar?action=getcompany&CIK=1594805
0001171843-26-003232:exh_991.htm,Brookfield Asset Management Ltd.  (BAM)  (CIK 0001937926),2026-05-11,"EX-99.1 2 exh_991.htm PRESS RELEASE EdgarFiling EXHIBIT 99.1 Brookfield to Invest $500 Million in Strategic Partnership with OpenAI New platform to enable businesses to deploy AI at scale NEW YORK, May 11, 2026 (GLOBE NEWSWIRE) -- Brookfield today announced that it has agreed to invest $500 million in The OpenAI Deployment Company, a newly formed AI deployment platform established in partnership with OpenAI and a group of leading global investors. The OpenAI Deployment Company is focused on enabling large enterprises to move from pilot AI use cases to scaled, enterprise-wide deployment – accelerating large-scale adoption and addressing one of the key bottlenecks in realizing AI-driven productivity. Anuj Ranjan, CEO of Brookfield’s private equity business, commented: “Artificial intelligenc...",,,"8.01,9.01",Y,https://www.sec.gov/cgi-bin/browse-edgar?action=getcompany&CIK=1937926
0001493152-26-022133:form8-k.htm,"Brand Engagement Network Inc.  (BNAI, BNAIW)  (CIK 0001838163)",2026-05-11,"false 0001838163 0001838163 2026-05-11 2026-05-11 0001838163 BNAI:CommonStockParValue0.0001PerShareMember 2026-05-11 2026-05-11 0001838163 BNAI:RedeemableWarrantsEachWholeWarrantExercisableForOneShareOfCommonStockAtExercisePriceOf11.50PerShareMember 2026-05-11 2026-05-11 iso4217:USD xbrli:shares iso4217:USD xbrli:shares UNITED STATES SECURITIES AND EXCHANGE COMMISSION Washington, D.C. 20549 FORM 8-K CURRENT REPORT Pursuant to Section 13 or Section 15(d) of the Securities Exchange Act of 1934 Date of Report (Date of earliest event reported): May 11, 2026 (May 7, 2026) Brand Engagement Network Inc. (Exact name of registrant as specified in its charter) Delaware 001-40130 98-1574798 (State or other jurisdiction of incorporation or organization) (Commission File Number) (I.R.S. Employer Identi...",,,"1.01,7.01,9.01",Y,https://www.sec.gov/cgi-bin/browse-edgar?action=getcompany&CIK=1838163
0001002638-26-000048:axpressreleasemay2026dives.htm,OPEN TEXT CORP  (OTEX)  (CIK 0001002638),2026-05-11,"EX-99.1 2 axpressreleasemay2026dives.htm EX-99.1 Document Exhibit 99.1 OpenText Completes US$150 Million Divestiture of Non-Core Vertica to Rocket Software Transaction advances OpenText's strategy, divesting non-core structured data analytics platform WATERLOO, ON – May 11, 2026 – Open Text™ Corporation (NASDAQ/TSX: OTEX), a global leader in data management for enterprise AI, today announced the completion of its divestiture of Vertica to Rocket Software Inc., a Bain Capital portfolio company, for US$150 million in cash before taxes, fees, and other adjustments. ""This transaction is consistent with our non-core divestiture strategy and our disciplined approach to capital allocation. The divestiture of Vertica demonstrates that commitment in action, allowing us to concentrate investment in ...",,,"8.01,9.01",Y,https://www.sec.gov/cgi-bin/browse-edgar?action=getcompany&CIK=1002638
0001683168-26-003729:cloud_ex9901.htm,"CLOUDASTRUCTURE, INC.  (CSAI)  (CIK 0001709628)",2026-05-12,"EX-99.1 2 cloud_ex9901.htm PRESS RELEASE DATED MAY 12, 2026 Exhibit 99.1 FOR IMMEDIATE RELEASE May 2026 Cloudastructure Bolsters Leadership Team With Appointment of Fortune 100 Security Veteran as Chief Security and Operations Officer With over 30 years of enterprise security leadership, including experience overseeing one of the largest corporate security programs in America at UPS for two decades, Ed Burnett further strengthens the Company’s AI-driven surveillance and remote guarding platform PALO ALTO, CA — May, 11 2026 — Cloudastructure, Inc. (“Cloudastructure” or “the Company”) (Nasdaq: CSAI), a leader in cloud-native AI surveillance and remote guarding, today announced the appointment of former VP of U.S. Security and Global Fraud Investigations at UPS, Ed Burnett, as Chief Security ...",,,"8.01,9.01",Y,https://www.sec.gov/cgi-bin/browse-edgar?action=getcompany&CIK=1709628
0001213900-26-056656:ea029093501ex99-1.htm,reAlpha Tech Corp.  (AIRE)  (CIK 0001859199),2026-05-14,"EX-99.1 2 ea029093501ex99-1.htm PRESS RELEASE, DATED MAY 14, 2026 Exhibit 99.1 reAlpha (NASDAQ: AIRE) Regains Compliance with Nasdaq Minimum Bid Price Requirement DUBLIN, Ohio, May 14, 2026 (GLOBE NEWSWIRE) – reAlpha Tech Corp. (Nasdaq: AIRE) (“reAlpha” or the “Company”), an AI-powered real estate technology company, today announced that it received written notice (the “Notice”) from The Nasdaq Stock Market LLC (“Nasdaq”) on May 14, 2026, confirming that the Company has regained compliance with the minimum bid price requirement under Nasdaq Listing Rule 5550(a)(2) for continued listing on The Nasdaq Capital Market. To regain compliance with the minimum bid price requirement, the Company’s shares of common stock were required to maintain a closing bid price of $1.00 or more for at least 10 ...",,,"8.01,9.01",Y,https://www.sec.gov/cgi-bin/browse-edgar?action=getcompany&CIK=1859199
0001193125-26-228281:phun-ex99_1.htm,"Phunware, Inc.  (PHUN)  (CIK 0001665300)",2026-05-18,"EX-99.1 4 phun-ex99_1.htm EX-99.1 EX-99.1 Phunware Appoints Dmitry Kroshka as Chief Executive Officer to Lead 2.0 Strategy; Engages Michael Cerdá to Drive Product Rollout Leadership Changes Align Strategy, Product Execution, and Commercial Rollout of Phunware’s Next-Generation Guest Intelligence Platform Company to Accelerate Product 2.0 Strategy Across Hospitality, Healthcare, and Large-Property Environments AI Concierge Momentum, 95%+ Customer Retention, and Strong Cash Position Provide Foundation for Next Phase of Growth AUSTIN, Texas – May 14, 2026 – Phunware, Inc. (“Phunware” or the “Company”) (NASDAQ: PHUN), a mobile-first enterprise cloud platform delivering location-aware customer intelligence and AI-enabled audience engagement tools, today announced a leadership transition and pro...",,,"1.01,1.02,5.02,7.01,9.01",Y,https://www.sec.gov/cgi-bin/browse-edgar?action=getcompany&CIK=1665300
0001062993-26-002783:exhibit99-1.htm,HIVE Digital Technologies Ltd.  (HIVE)  (CIK 0001720424),2026-05-19,"EX-99.1 2 exhibit99-1.htm EXHIBIT 99.1 HIVE Digital Technologies Ltd.: Exhibit 99.1 - Filed by newsfilecorp.com Exhibit 99.1 HIVE DIGITAL TECHNOLOGIES LTD. HIVE's BUZZ HPC Announces 320 MW Sovereign AI Infrastructure in Greater Toronto Area BUZZ is building industrial-scale infrastructure designed to help Canada scale compute capacity, accelerate domestic AI adoption, and support the next generation of enterprise, research and public sector AI applications. Toronto, Ontario, May 18, 2026 - HIVE Digital Technologies Ltd. (TSX: HIVE) (NASDAQ: HIVE) (FSE: YO0), through its wholly owned subsidiary BUZZ High Performance Computing Inc. (""BUZZ HPC"" or ""BUZZ""), today announced that BUZZ is advancing a major infrastructure investment in Ontario, anchored by a planned new industrial-scale AI infrast...",,,"8.01,9.01",Y,https://www.sec.gov/cgi-bin/browse-edgar?action=getcompany&CIK=1720424
0001213900-26-058638:ea029139501ex99-1.htm,"Myseum.AI, Inc.  (MYSE, MYSEW)  (CIK 0001648960)",2026-05-19,"EX-99.1 2 ea029139501ex99-1.htm SHAREHOLDER LETTER AND CORPORATE UPDATE DATED MAY 18, 2026 Exhibit 99.1 Myseum.AI Highlights Continuing Progress on AI Development Roadmap, Technology Advancements and Growth Initiatives in Letter to Shareholders CEO Darin Myman highlights latest developments for privacy-first, localized agentic AI platform supporting social media platforms Myseum.AI’s core mission is to become the trusted infrastructure layer for privacy-centric media intelligence NEW BRUNSWICK, N.J., May 18, 2026 (GLOBE NEWSWIRE) – Myseum.AI, Inc. (Nasdaq: MYSE) (“Myseum.AI” or the “Company”), a privacy-first AI and social media technology company, today issued a shareholder letter by CEO Darin Myman detailing corporate progress, AI development, and the strategic roadmap for the “Picture P...",,,"8.01,9.01",Y,https://www.sec.gov/cgi-bin/browse-edgar?action=getcompany&CIK=1648960
0001213900-26-058638:ea029139501ex99-1.htm,"Myseum.AI, Inc.  (MYSE, MYSEW)  (CIK 0001648960)",2026-05-19,"EX-99.1 2 ea029139501ex99-1.htm SHAREHOLDER LETTER AND CORPORATE UPDATE DATED MAY 18, 2026 Exhibit 99.1 Myseum.AI Highlights Continuing Progress on AI Development Roadmap, Technology Advancements and Growth Initiatives in Letter to Shareholders CEO Darin Myman highlights latest developments for privacy-first, localized agentic AI platform supporting social media platforms Myseum.AI’s core mission is to become the trusted infrastructure layer for privacy-centric media intelligence NEW BRUNSWICK, N.J., May 18, 2026 (GLOBE NEWSWIRE) – Myseum.AI, Inc. (Nasdaq: MYSE) (“Myseum.AI” or the “Company”), a privacy-first AI and social media technology company, today issued a shareholder letter by CEO Darin Myman detailing corporate progress, AI development, and the strategic roadmap for the “Picture P...",,,"8.01,9.01",Y,https://www.sec.gov/cgi-bin/browse-edgar?action=getcompany&CIK=1648960
0001213900-26-058717:ea029141201ex99-1.htm,Ambow Education Holding Ltd.  (AMBO)  (CIK 0001494558),2026-05-19,"EX-99.1 2 ea029141201ex99-1.htm PRESS RELEASE OF AMBOW EDUCATION HOLDING LTD., DATED MAY 19, 2026 Exhibit 99.1 Ambow Education Holding Ltd. (NYSE American: AMBO) Launches HybriU Collaboration Board, Bringing One-Scan Real-Time Collaboration to Meetings, Classrooms, Workshops, and Live Events New AI-Powered Phygital (Physical + Digital) Tool Lets Participants Join a Shared Interactive Whiteboard via a Single QR Code Scan, With Real-Time Support for PDFs, PowerPoint, Images, Sketches, and Drawings Key Facts At-a-Glance ● Who: Ambow Education Holding Ltd. (NYSE American: AMBO), a U.S.-based AI-powered phygital (physical + digital) technology company headquartered in Cupertino, California ● What: Launch of the HybriU Collaboration Board, a real-time interactive whiteboard accessible through a ...",,,"8.01,9.01",Y,https://www.sec.gov/cgi-bin/browse-edgar?action=getcompany&CIK=1494558
0001829126-26-005453:nexalintec_ex99-1.htm,"Nexalin Technology, Inc.  (NXL)  (CIK 0001527352)",2026-05-19,"EX-99.1 2 nexalintec_ex99-1.htm EXHIBIT 99.1 Exhibit 99.1 FOR IMMEDIATE RELEASE Nexalin Acquires AI-Integrated Digital Health Platform Behind HALO™ Clarity and Nexalin NeuroCare™ Ahead of Planned FDA Pivotal Trial Acquisition gives Nexalin control of AI-integrated remote patient-monitoring, clinical data-capture and virtual-care infrastructure already deployed at UCSD HOUSTON, TX, May 19, 2026, Nexalin Technology, Inc. (Nasdaq: NXL) (“Nexalin” or the “Company”), the leader in non-invasive Deep Intracranial Frequency Stimulation (DIFS™) of the brain, today announced the closing of its acquisition of PONM, Inc. (“PONM”) from GreenLight Ventures, LLC (“GreenLight”). PONM is the digital health platform supporting Nexalin’s HALO™ Clarity program and Nexalin NeuroCare™ virtual clinic. Through th...",,,"1.01,3.02,8.01,9.01",Y,https://www.sec.gov/cgi-bin/browse-edgar?action=getcompany&CIK=1527352
0001731122-26-000759:e7662_ex99-1.htm,Lunai Bioworks Inc.  (LNAI)  (CIK 0001527728),2026-05-20,"EX-99.1 2 e7662_ex99-1.htm EXHIBIT 99.1 EXHIBIT 99.1 FOR IMMEDIATE RELEASE LUNAI BIOWORKS, INC. ANNOUNCES REVERSE STOCK SPLIT SACRAMENTO, California — May 20, 2026 — Lunai Bioworks, Inc. (Nasdaq: LNAI) (the “ Company ”) today announced that it will effect a reverse stock split of its issued and outstanding common stock, par value $0.0001 per share (the “ Common Stock ”), at a ratio of 1-for-8 (the “ Reverse Stock Split ”). The Reverse Stock Split is expected to become effective at 12:01 a.m. Eastern Time on May 22, 2026, and the Company’s Common Stock is expected to begin trading on a split-adjusted basis on The Nasdaq Capital Market at the opening of trading on May 22, 2026, under the existing trading symbol “ LNAI .” The Company’s Common Stock will trade under a new CUSIP number, 29350E3...",,,"8.01,9.01",Y,https://www.sec.gov/cgi-bin/browse-edgar?action=getcompany&CIK=1527728
0001628280-26-037242:ex991-investorpresentati.htm,"QT IMAGING HOLDINGS, INC.  (QTI, QTIWW)  (CIK 0001844505)",2026-05-21,"EX-99.1 6 ex991-investorpresentati.htm EX-99.1 ex991-investorpresentati Quantitative Transmission Imaging Breast Acoustic CT Scanner May 2026 NASDAQ:QTI Copyright ©2026 QT Imaging, Inc. All Rights Reserved. 2 Disclaimer ABOUT THIS PRESENTATION This investor presentation (this “Presentation”) is provided for informational purposes only. The information contained herein does not purport to be all-inclusive and neither QT Imaging Holdings, Inc. (the “Company”, “QT Imaging Holdings”, “QTI”), nor its respective directors, officers, employees, agents, advisors or affiliates, including QT Imaging, Inc. (“QT Imaging”), makes any representation or warranty, express or implied, as to the accuracy, completeness or reliability of the information contained in this Presentation, which has not been verif...",,,"1.01,7.01,8.01,9.01",Y,https://www.sec.gov/cgi-bin/browse-edgar?action=getcompany&CIK=1844505
0001477932-26-003412:class_ex991.htm,"Classover Holdings, Inc.  (KIDZ, KIDZW)  (CIK 0002022308)",2026-05-22,"EX-99.1 4 class_ex991.htm PRESS RELEASE class_ex991.htm EXHIBIT 99.1 Classover Enters into $100 Million Equity Purchase Facility Agreement and Announces Expansion into AI Compute Infrastructure and Cloud Services Platforms NEW YORK, May 22, 2026 -- Classover Holdings, Inc. (NASDAQ: KIDZ; KIDZW) (“Classover” or the “Company”), an AI-powered education technology company, today announced that it has entered into an equity purchase facility agreement with Chardan Capital Markets. Under the agreement, the Company may sell up to $100 million of its shares of Class B common stock, subject to the terms and conditions set forth in the agreement, including obtaining stockholder approval. For additional information about the facility, see Classover’s Current Report on Form 8-K, which will be filed fo...",,,"1.01,3.02,9.01",Y,https://www.sec.gov/cgi-bin/browse-edgar?action=getcompany&CIK=2022308
0001493152-26-025096:ex99-1.htm,"SharonAI Holdings Inc.  (SHAZ, SHAZW)  (CIK 0002068385)",2026-05-26,"EX-99.1 3 ex99-1.htm EX-99.1 Exhibit 99.1 Sharon AI Appoints Mr. Andrew Penn as Chairman of the Board of Directors New York, USA, 22 nd May 2026 - Today, SharonAI Holdings Inc. (NASDAQ:SHAZ) and its subsidiaries (“Sharon AI” or “the Company”), a leading Australian Neocloud, announced the appointment of Mr. Andrew Penn AO as non-executive Chairman of the board of directors. Mr. Penn is a global business and technology leader with deep and broad expertise across financial, technology, telecommunications, digital and physical infrastructure. “ I am excited to join the board at such a pivotal and exciting time. I look forward to leveraging my experience to help Sharon AI shape its strategic goals and expand its impact in the coming years, ” said Andrew Penn. Mr. Penn is a non executive directo...",,,"1.01,5.02,7.01,9.01",Y,https://www.sec.gov/cgi-bin/browse-edgar?action=getcompany&CIK=2068385
0001929980-26-000235:lccc_ex991.htm,"Lakeshore Acquisition III Corp.  (LCCC, LCCCR, LCCCU)  (CIK 0002049248)",2026-05-26,"EX-99.1 6 lccc_ex991.htm PRESS RELEASE lccc_ex991.htm EXHIBIT 99.1 CPRO , a Leader in the Physical AI Security Industry, to be Publicly Listed on a U.S. National Securities Exchange Through Business Combination with Lakeshore Acquisition II I Corp. · CPRO is a fast-growing physical artificial intelligence (“AI”) company specifically focusing on AI security. Building on its 30 years of industry experience, CPRO is rapidly integrating AI technology into security to help make society safer. · Using its own Edge AI cameras, CPRO analyzes customer preferences and movement patterns to provide store owners with customer-based data, enabling them to maximize sales growth and customer convenience. · CPRO is committed to improving accident prevention by providing data on tasks, behavioral ranges, an...",,,"1.01,7.01,9.01",Y,https://www.sec.gov/cgi-bin/browse-edgar?action=getcompany&CIK=2049248
0001929980-26-000235:lccc_ex991.htm,"Lakeshore Acquisition III Corp.  (LCCC, LCCCR, LCCCU)  (CIK 0002049248)",2026-05-26,"EX-99.1 6 lccc_ex991.htm PRESS RELEASE lccc_ex991.htm EXHIBIT 99.1 CPRO , a Leader in the Physical AI Security Industry, to be Publicly Listed on a U.S. National Securities Exchange Through Business Combination with Lakeshore Acquisition II I Corp. · CPRO is a fast-growing physical artificial intelligence (“AI”) company specifically focusing on AI security. Building on its 30 years of industry experience, CPRO is rapidly integrating AI technology into security to help make society safer. · Using its own Edge AI cameras, CPRO analyzes customer preferences and movement patterns to provide store owners with customer-based data, enabling them to maximize sales growth and customer convenience. · CPRO is committed to improving accident prevention by providing data on tasks, behavioral ranges, an...",,,"1.01,7.01,9.01",Y,https://www.sec.gov/cgi-bin/browse-edgar?action=getcompany&CIK=2049248
0000926617-26-000037:awhl-20260520xex99d1.htm,Aspira Women's Health Inc.  (AWHL)  (CIK 0000926617),2026-05-26,"EX-99.1 3 awhl-20260520xex99d1.htm EX-99.1 Exhibit 99.1 Aspira Women’s Health and Cleveland Clinic Expand Strategic Collaboration to Advance AI-Powered Diagnostics in Women’s Health Collaboration aims to accelerate biomarker discovery, strengthen translational research capabilities, and support scalable clinical validation AUSTIN, Texas, and CLEVELAND, Ohio, May 26, 2026 — Aspira Women’s Health Inc. (OTCQX: AWHL) (“Aspira” or the “Company”), a bio-analytical company focused on the development of AI-powered, noninvasive diagnostics for women’s health, and Cleveland Clinic have signed an agreement to improve women’s health diagnostics. Under the terms of this Master Collaboration and License Agreement, Aspira and Cleveland Clinic will collaborate on research projects focused on the discovery...",,,"1.01,9.01",Y,https://www.sec.gov/cgi-bin/browse-edgar?action=getcompany&CIK=926617
0001868419-26-000032:exhibit991may262026.htm,"Cycurion, Inc.  (CYCU, CYCUW)  (CIK 0001868419)",2026-05-26,"EX-99.1 3 exhibit991may262026.htm EX-99.1 Document Exhibit 99.1 Cycurion Acquires Halo Privacy and Integrates HavenX, Creating a Powerful New AI-Driven Platform for Government-Grade Privacy, Secure Communications, and Active Defense May 20, 2026 MCLEAN, Va., May 20, 2026 (GLOBE NEWSWIRE) -- Cycurion, Inc. (NASDAQ: CYCU) (“Cycurion” or the “Company”), a leader in AI-driven cybersecurity and national security solutions with trusted relationships across the U.S. Government, numerous leading corporations, and high-profile individuals across all industries, today announced the strategic acquisition of Halo Privacy and the full integration of HavenX, which is expected to close at the end of June 2026, significantly expanding its portfolio of elite, mission-critical security capabilities. This co...",,,"1.01,8.01,9.01",Y,https://www.sec.gov/cgi-bin/browse-edgar?action=getcompany&CIK=1868419
0001734722-26-000037:path-2026430xex991.htm,"UiPath, Inc.  (PATH)  (CIK 0001734722)",2026-05-28,"EX-99.1 2 path-2026430xex991.htm EX-99.1 Document UiPath Reports First Quarter Fiscal 2027 Financial Results Revenue of $418 million increased 17 percent year-over-year ARR of $1.901 billion increased 12 percent year-over-year GAAP operating income of $28 million and non-GAAP operating income of $92 million NEW YORK, NY – May 28, 2026 – UiPath, Inc. (NYSE: PATH), a global leader in business orchestration and automaton, today announced financial results for its first quarter fiscal 2027 ended April 30, 2026. ""We delivered a strong start to the fiscal year, with ARR growing 12 percent year-over-year to $1.901 billion,” said Daniel Dines, UiPath Founder and Chief Executive Officer. ""One year into general availability, our agentic products are moving from pilot to production, with customers st...",,,"2.02,8.01,9.01",Y,https://www.sec.gov/cgi-bin/browse-edgar?action=getcompany&CIK=1734722
0001213900-26-061727:ea029247501ex99-1.htm,Ambow Education Holding Ltd.  (AMBO)  (CIK 0001494558),2026-05-28,"EX-99.1 2 ea029247501ex99-1.htm PRESS RELEASE OF AMBOW EDUCATION HOLDING LTD., DATED MAY 28, 2026 Exhibit 99.1 Ambow Education Holding Ltd. (NYSE American: AMBO) Launches HybriU™ Partner Portal With 150-Plus Sales Partner Applicants, Opening an Uncapped Commission Program for Its AI-Powered Phygital Platform New AI-Powered Channel Platform Centralizes Lead Management, AI-Generated Marketing Content, Training, Demo Scheduling, and Commission Tracking for Sales Partners Distributing HybriU™ Products Globally Key Facts At-a-Glance ● Who: Ambow Education Holding Ltd. (NYSE American: AMBO), a U.S.-based AI-powered phygital (physical + digital) technology company headquartered in Cupertino, California ● What: Launch of the HybriU™ Partner Portal, a commission-based channel partner program with a...",,,"8.01,9.01",Y,https://www.sec.gov/cgi-bin/browse-edgar?action=getcompany&CIK=1494558
0001493152-26-025539:ex99-1.htm,"NEXTNRG, INC.  (NXXT)  (CIK 0001817004)",2026-05-28,"EX-99.1 4 ex99-1.htm EX-99.1 Exhibit 99.1 NextNRG Announces Pricing of a $6.4 Million Private Placement of Common Stock with a New Fundamental Institutional Investor MIAMI, FL, May 26, 2026 — NextNRG, Inc. (NASDAQ: NXXT) (the “Company” or “NextNRG), a pioneer in AI-driven energy innovation transforming how energy is produced, managed, and delivered, today announced that it has entered into a securities purchase agreement (the “Purchase Agreement”) with a single new fundamental institutional investor for the purchase and sale of 10,000,000 shares of its common stock in a private placement. The gross proceeds from the offering are expected to be approximately $6.4 million, before deducting placement agent fees and other estimated offering expenses. The closing of the offering is expected to ...",,,"1.01,3.02,8.01,9.01",Y,https://www.sec.gov/cgi-bin/browse-edgar?action=getcompany&CIK=1817004
0001213900-26-062172:ea029254601ex10-1.htm,RICHTECH ROBOTICS INC.  (RR)  (CIK 0001963685),2026-05-28,"EX-10.1 2 ea029254601ex10-1.htm PRESS RELEASE, DATED MAY 28, 2026 Exhibit 10.1 Richtech Robotics Receives Notification from Nasdaq Regarding Late Filing of Form 10-Q LAS VEGAS, May 28, 2026 (GLOBE NEWSWIRE) — Richtech Robotics Inc. (Nasdaq: RR) (“Richtech Robotics” or “the Company”), a Nevada-based robotics company developing AI-driven automation solutions for commercial and industrial applications, announces that it has received a notice (the “Notice”) from the Listing Qualifications Department of The Nasdaq Stock Market LLC (“Nasdaq”), stating that the Company is not in compliance with Nasdaq Listing Rule 5250(c)(1) (the “Rule”), because it has not timely filed its Quarterly Report on Form 10-Q for the period ended March 31, 2026 (the “Form 10-Q”) with the U.S. Securities and Exchange Co...",,,"3.01,8.01,9.01",Y,https://www.sec.gov/cgi-bin/browse-edgar?action=getcompany&CIK=1963685
0001193125-26-245196:ntap-ex99_1.htm,"NetApp, Inc.  (NTAP)  (CIK 0001002047)",2026-05-28,"EX-99.1 2 ntap-ex99_1.htm EX-99.1 EX-99.1 Exhibit 99.1 NetApp Reports Fourth Quarter and Fiscal Year 2026 Results Delivers record net revenue, gross profit, operating income, cash flow from operations and free cash flow for Q4 and fiscal year 2026; Fourth quarter net revenues of $1.95 billion, an increase of 12% year-over-year; Fiscal year 2026 net revenues of $6.93 billion, an increase of 5% year-over-year News Summary • Record all-flash array net revenue of $1.2 billion for the fourth quarter of fiscal year 2026, an increase of 18% year-over-year • Record Public Cloud net revenue of $182 million for the fourth quarter of fiscal year 2026, an increase of 11% year-over-year • Record billings of $7.21 billion for fiscal year 2026, an increase of 6% year-over-year • Returned $1.36 billion to...",,,"2.02,8.01,9.01",Y,https://www.sec.gov/cgi-bin/browse-edgar?action=getcompany&CIK=1002047
0001868419-26-000037:exhibit991may222026.htm,"Cycurion, Inc.  (CYCU, CYCUW)  (CIK 0001868419)",2026-05-29,"EX-99.1 3 exhibit991may222026.htm EX-99.1 Document Exhibit 99.1 Cycurion Acquires Secuvant, Supercharging AI-Driven Cybersecurity with Automated, Scalable Threat Defense – Perfectly Complements HavenX Platform May 22, 2026 MCLEAN, Va., May 22, 2026 (GLOBE NEWSWIRE) -- Cycurion, Inc. (NASDAQ: CYCU) (“Cycurion” or the “Company”), a leading provider of AI-driven cybersecurity, IT security solutions, and managed services, today announced the acquisition of Secuvant, LLC (“Secuvant”), a premier provider of enterprise-grade cybersecurity and risk management services. This strategic move dramatically strengthens Cycurion’s MDR, threat and vulnerability management, and compliance capabilities — delivering immediate firepower for mid-market and enterprise clients in construction, agriculture, finan...",,,"1.01,8.01,9.01",Y,https://www.sec.gov/cgi-bin/browse-edgar?action=getcompany&CIK=1868419
0001493152-26-026452:ex99-2.htm,"Wellgistics Health, Inc.  (WGRX)  (CIK 0002030763)",2026-05-29,"EX-99.2 8 ex99-2.htm EX-99.2 Exhibit 99.2 Wellgistics Health Announces Lock-Up Agreement with Holders of a Majority of its Common Stock ● Holders of 1,333,930 common shares agree to minimum 90-day lock-up agreement TAMPA, FL, May 28, 2026— Wellgistics Health, Inc. (“Wellgistics”) (NASDAQ: WGRX), a Health IT leader, integrating pharmacy dispensing AI platform EinsteinRx™ into patented pharmacy smart contracts platform PharmacyChain™ , today announced that holders of a 1,333,930 common shares, representing a majority of the outstanding common shares of the Company, have entered into a lock-up agreement that precludes the sale of their shares into the market for at least 90 days. “This lock-up agreement, when combined with the recent restructuring of our convertible liabilities and the raisin...",,,"1.01,3.02,7.01,9.01",Y,https://www.sec.gov/cgi-bin/browse-edgar?action=getcompany&CIK=2030763
0001493152-26-026452:ex99-2.htm,"Wellgistics Health, Inc.  (WGRX)  (CIK 0002030763)",2026-05-29,"EX-99.2 8 ex99-2.htm EX-99.2 Exhibit 99.2 Wellgistics Health Announces Lock-Up Agreement with Holders of a Majority of its Common Stock ● Holders of 1,333,930 common shares agree to minimum 90-day lock-up agreement TAMPA, FL, May 28, 2026— Wellgistics Health, Inc. (“Wellgistics”) (NASDAQ: WGRX), a Health IT leader, integrating pharmacy dispensing AI platform EinsteinRx™ into patented pharmacy smart contracts platform PharmacyChain™ , today announced that holders of a 1,333,930 common shares, representing a majority of the outstanding common shares of the Company, have entered into a lock-up agreement that precludes the sale of their shares into the market for at least 90 days. “This lock-up agreement, when combined with the recent restructuring of our convertible liabilities and the raisin...",,,"1.01,3.02,7.01,9.01",Y,https://www.sec.gov/cgi-bin/browse-edgar?action=getcompany&CIK=2030763
0001193125-26-246399:plmr-ex99_1.htm,"Palomar Holdings, Inc.  (PLMR)  (CIK 0001761312)",2026-05-29,"EX-99.1 2 plmr-ex99_1.htm EX-99.1 Investor Presentation May 2026 Disclaimer This presentation contains forward-looking statements about Palomar Holdings, Inc. (the “Company”). These statements involve known and unknown risks that relate to the Company’s future events or future financial performance and the actual results could differ materially from those discussed in this presentation. This presentation also includes financial measures which are not prepared in accordance with generally accepted accounting principles (“GAAP”). For a description of these non-GAAP financial measures and reconciliations of these non-GAAP financial measures to the most directly comparable financial measures prepared in accordance with GAAP, please see the appendix to this present. Forward-looking statements g...",,,"7.01,8.01,9.01",Y,https://www.sec.gov/cgi-bin/browse-edgar?action=getcompany&CIK=1761312
0001493152-26-025728:ex99-1.htm,QUANTUM X LABS INC.  (QXL)  (CIK 0000797542),2026-05-29,"EX-99.1 2 ex99-1.htm EX-99.1 Exhibit 99.1 Quantum X Labs Launches 50+ Physical Qubits Neutral-Atom Quantum Computer, Targets Thousands Qubit Milestone by End of H1 2027 The Logical Qubit Pathway Strategy Intends to Integrate the Company’s’ Error Correction Transformer to Reach Modular Infrastructure Tel Aviv, Israel, May 28, 2026, (GLOBE NEWSWIRE) — Quantum X Labs Inc. (Nasdaq: QXL) (“Quantum X” or the “Company”), an advanced technologies company, today announces the launch of its 50+ qubit neutral-atom quantum computing platform, featuring a proprietary atom cooling technology. The new platform leverages advanced laser cooling technology combined with dynamically reconfigurable optical tweezer arrays. This architecture enables rapid, high-fidelity loading of large-scale qubit registers, e...",,,"8.01,9.01",Y,https://www.sec.gov/cgi-bin/browse-edgar?action=getcompany&CIK=797542
0001477932-26-003478:class_ex991.htm,"Classover Holdings, Inc.  (KIDZ, KIDZW)  (CIK 0002022308)",2026-05-29,"EX-99.1 5 class_ex991.htm PRESS RELEASE class_ex991.htm EXHIBIT 99.1 KIDZ AI INC. Amends $500 Million Secured Convertible Financing Facility to Accelerate AI Infrastructure, Data Center, and Robotics Strategy Facility broadens capital allocation for acquisitions, investments, and partnerships across high-growth global technology sectors. NEW YORK CITY, NY / ACCESS Newswire / May 29, 2026 / KIDZ AI Inc. (NASDAQ: KIDZ; KIDZW) (“KIDZ AI” or the “Company”), formerly known as Classover Holdings, Inc., a provider of K-12 AI education and emerging AI infrastructure solutions, today announced the amendment of its previously announced convertible secured financing facility of up to $500 million, broadening permitted use of proceeds to support acquisitions, strategic investments, partnerships, and i...",,,"1.01,2.03,3.02,5.03,7.01,9.01",Y,https://www.sec.gov/cgi-bin/browse-edgar?action=getcompany&CIK=2022308
0001493152-26-025709:ex10-1.htm,Nano Nuclear Energy Inc.  (NNE)  (CIK 0001923891),2026-05-29,"EX-10.1 2 ex10-1.htm EX-10.1 Exhibit 10.1 Execution Version MEMBERSHIP INTEREST PURCHASE AGREEMENT among ROY A. BOYD II, ONIUM CAPITAL, LLC, SECURED TRANSPORTATION SERVICES LLC, ADVANCED FUEL TRANSPORTATION INC., and NANO NUCLEAR ENERGY INC. Dated as of May 22, 2026 TABLE OF CONTENTS Page Article I DEFINITIONS 1 Section 1.1 Certain Defined Terms 1 Section 1.2 Table of Definitions 14 Article II PURCHASE AND SALE 16 Section 2.1 Purchase and Sale of the Interests 16 Section 2.2 Closing. 16 Section 2.3 Equitable Adjustments 21 Section 2.4 Purchase Price Adjustments. 21 Section 2.5 Withholding 25 Section 2.6 Excluded Assets 25 Article III REPRESENTATIONS AND WARRANTIES OF THE SELLERS 25 Section 3.1 Organization and Capacity 25 Section 3.2 Authority 25 Section 3.3 No Conflict; Required Filings a...",,,"1.01,2.01,3.02,5.02,7.01,9.01",Y,https://www.sec.gov/cgi-bin/browse-edgar?action=getcompany&CIK=1923891
0001193125-26-246361:d91732dex101.htm,"COSTAR GROUP, INC.  (CSGP)  (CIK 0001057352)",2026-05-29,"EX-10.1 2 d91732dex101.htm EX-10.1 EX-10.1 Exhibit 10.1 E XECUTION V ERSION STOCK PURCHASE AGREEMENT BY AND AMONG BORA HOLDINGS GROUP, L.P. BORA, INC. and COSTAR REALTY INFORMATION, INC. DATED AS OF MAY 28, 2026 TABLE OF CONTENTS Page ARTICLE 1 CERTAIN DEFINITIONS 1 Section 1.1 Certain Definitions 1 Section 1.2 Defined Terms 13 ARTICLE 2 PURCHASE AND SALE 15 Section 2.1 Purchase and Sale 15 Section 2.2 Closing of the Transactions 15 Section 2.3 Purchase Price 15 Section 2.4 Tax Withholding 19 ARTICLE 3 REPRESENTATIONS AND WARRANTIES OF THE COMPANY 19 Section 3.1 Organization and Qualification 19 Section 3.2 Capitalization of the Group Companies 20 Section 3.3 Authority 21 Section 3.4 Financial Statements 21 Section 3.5 Consents and Approvals; No Violations 22 Section 3.6 Material Contracts...",,,"1.01,7.01,9.01",Y,https://www.sec.gov/cgi-bin/browse-edgar?action=getcompany&CIK=1057352
0001493152-26-026492:ex99-1.htm,Artificial Intelligence Technology Solutions Inc.  (AITX)  (CIK 0001498148),2026-06-01,"EX-99.1 2 ex99-1.htm EX-99.1 Exhibit 99.1 AITX’s RAD Scales Production as Q1 FY27 Shipments Exceed 100 Hardware Devices Higher Output, Faster Manufacturing, and Growing Software Adoption Reflect Operational Progress Detroit, Michigan, June 1, 2026 – Artificial Intelligence Technology Solutions, Inc. (the “Company”) ( OTCID:AITX ), a developer of AI-driven security and productivity solutions, along with its wholly owned subsidiary, Robotic Assistance Devices, Inc. (RAD), today announced that RAD shipped 116 hardware devices during the first quarter of fiscal year 2027, which ended May 31, 2026, representing nearly 50% growth compared to the same quarter of the prior year. The Company stated that the increased production output was achieved while operating with approximately half the product...",,,"8.01,9.01",Y,https://www.sec.gov/cgi-bin/browse-edgar?action=getcompany&CIK=1498148
0000107140-26-000034:exhibit991-wizardpressrele.htm,"JOHN WILEY & SONS, INC.  (WLY, WLYB)  (CIK 0000107140)",2026-06-02,"EX-99.1 3 exhibit991-wizardpressrele.htm EX-99.1 Document Wiley Acquires Emerald, Expanding Research Scale and Deepening Proprietary Content Across the AI-Driven Knowledge Economy Meaningfully expands Wiley’s journal portfolio to ~2,500 titles and establishes category leadership across economics, business, finance, and the social sciences All-cash transaction valued at ~7x Adjusted EBITDA (including targeted cost synergies); expected to be accretive to Adjusted EPS in year one Hoboken, NJ, June 2, 2026 – Wiley (NYSE: WLY), a global leader in authoritative content and research intelligence, today announced it has acquired Emerald Publishing Limited (“Emerald”) from Cambridge Information Group (CIG) in an all-cash transaction valued at £337 million, or USD 452 million. The acquisition expand...",,,"1.01,2.01,7.01,9.01",Y,https://www.sec.gov/cgi-bin/browse-edgar?action=getcompany&CIK=107140
0000107140-26-000034:exhibit991-wizardpressrele.htm,"JOHN WILEY & SONS, INC.  (WLY, WLYB)  (CIK 0000107140)",2026-06-02,"EX-99.1 3 exhibit991-wizardpressrele.htm EX-99.1 Document Wiley Acquires Emerald, Expanding Research Scale and Deepening Proprietary Content Across the AI-Driven Knowledge Economy Meaningfully expands Wiley’s journal portfolio to ~2,500 titles and establishes category leadership across economics, business, finance, and the social sciences All-cash transaction valued at ~7x Adjusted EBITDA (including targeted cost synergies); expected to be accretive to Adjusted EPS in year one Hoboken, NJ, June 2, 2026 – Wiley (NYSE: WLY), a global leader in authoritative content and research intelligence, today announced it has acquired Emerald Publishing Limited (“Emerald”) from Cambridge Information Group (CIG) in an all-cash transaction valued at £337 million, or USD 452 million. The acquisition expand...",,,"1.01,2.01,7.01,9.01",Y,https://www.sec.gov/cgi-bin/browse-edgar?action=getcompany&CIK=107140
0001437749-26-019366:ex_971838.htm,"TaoWeave, Inc.  (TWAV)  (CIK 0000746210)",2026-06-03,"EX-99.1 7 ex_971838.htm EXHIBIT 99.1 PRESS RELEASE ex_971838.htm EXHIBIT 99.1 TAOWEAVE EXPANDS INTO PHYSICAL AI WITH INVESTMENT IN MANAKO LABS AND NORTH AMERICAN COMMERCIALIZATION RIGHTS Establishes TaoWeave ’ s First Operating Investment, Combining Equity Ownership, Commercialization Rights and Revenue Participation DENVER, CO and LONDON, UK, June 1, 2026 — TaoWeave, Inc. (Nasdaq: TWAV) today announced its entry into the emerging Physical AI market through an investment in Manako Labs Ltd. and a preferred North American commercialization partnership. The transaction marks TaoWeave’s first operating investment in artificial intelligence and expands TaoWeave’s strategy beyond digital asset treasury activities into enterprise AI deployment, commercialization, and recurring operating revenue....",,,"1.01,3.02,7.01,9.01",Y,https://www.sec.gov/cgi-bin/browse-edgar?action=getcompany&CIK=746210
0001213900-26-064448:ea029335001ex99-1.htm,RICHTECH ROBOTICS INC.  (RR)  (CIK 0001963685),2026-06-03,"EX-99.1 2 ea029335001ex99-1.htm PRESS RELEASE, DATED JUNE 3, 2026 Exhibit 99.1 Richtech Robotics Completes Strategic Acquisition of Warehouse Facility in Las Vegas to Accommodate Robotics and AI Powered Growth Objectives Expanded warehouse capacity represents the development of integrated AI powered infrastructure and supply capabilities to drive advancements in the Company’s three strategic pillars, Industrial, Commercial, and Data Services LAS VEGAS, June 3, 2026 (GLOBE NEWSWIRE) — Richtech Robotics Inc. (Nasdaq: RR) (“Richtech Robotics” or “the Company”), a Nevada-based robotics company developing AI-driven automation solutions for commercial and industrial applications, announces that it has completed the previously announced acquisition of a facility in Las Vegas, Nevada for a total p...",,,"2.01,8.01,9.01",Y,https://www.sec.gov/cgi-bin/browse-edgar?action=getcompany&CIK=1963685
0001493152-26-027213:ex99-1.htm,AMC Robotics Corp  (AMCI)  (CIK 0001937891),2026-06-04,"EX-99.1 3 ex99-1.htm EX-99.1 Exhibit 99.1 AMC Robotics Makes Strategic Investment in Etronium AI, an Agentic Edge AI Company Founded by Duke University Professors Investment strengthens AMC Robotics’ focus on agentic AI systems for robotics and real-world hardware integration NEW YORK – June 4, 2026 – AMC Robotics Corporation (Nasdaq: AMCI) (“AMC Robotics” or the “Company”), an AI-driven robotics solutions provider, today announced that it has entered into two Simple Agreements for Future Equity (each, a “SAFE” and collectively, the “SAFEs”) with Etronium AI Inc. (“Etronium AI”), a North Carolina-based technology company developing agentic AI frameworks for hardware-in-the-loop (HIL) workflows. The Company invested in Etronium AI through two separate investments made on April 7, 2026 and M...",,,"1.01,9.01",Y,https://www.sec.gov/cgi-bin/browse-edgar?action=getcompany&CIK=1937891
0001493152-26-027205:ex99-1.htm,"Netcapital Inc.  (NCPL, NCPLW)  (CIK 0001414767)",2026-06-04,"EX-99.1 3 ex99-1.htm EX-99.1 Exhibit 99.1 Netcapital Signs Non-Binding LOI to Acquire Resmac Mortgage Banking Assets from RezyFi Proposed transaction expected to establish new financial services subsidiary focused on residential mortgage origination, servicing and related financial services opportunities BOSTON, June 4, 2026 — Netcapital Inc . (Nasdaq: NCPL, NCPLW) (the “Company”), a digital private capital markets ecosystem, today announced that it has entered into a non-binding Letter of Intent (“LOI”) with RezyFi, Inc. regarding the proposed acquisition by a newly formed wholly-owned South Dakota subsidiary of Netcapital (“SD Holdco”) of substantially all of the assets and assumed liabilities of Resmac, Inc., a wholly owned subsidiary of RezyFi. Resmac is a residential mortgage bank and...",,,"1.01,9.01",Y,https://www.sec.gov/cgi-bin/browse-edgar?action=getcompany&CIK=1414767
0001663577-26-000183:ex99_1.htm,iQSTEL Inc  (IQST)  (CIK 0001527702),2026-06-05,"EX-99.1 6 ex99_1.htm PRESS RELEASE DATED JUNE 4, 2026 IQST - IQSTEL ANNOUNCES BINDING MOU TO ACQUIRE 51% INTEREST IN ULTRANET TELECOM GROUP, POSITIONING THE COMPANY ABOVE A HALF-BILLION-DOLLAR REVENUE RUN RATE AND INCREASING NET INCOME FROM OPERATIONS BY 4x Ultranet Expected to Contribute Approximately $130 Million in Revenue and Approximately $4.5 Million in Net Profit (based on FY 2025 audited financial statements) NEW YORK, NY — June 4 th , 2026 — IQSTEL Inc. (NASDAQ: IQST) , a global Connectivity, AI, and Digital Services company, today announced a Binding Memorandum of Understanding (“MOU”) to acquire a 51% controlling interest in Ultranet Telecom Group (“Ultranet”), a fast-growing telecom and technology company headquartered in Ghana with operations across Africa and international ma...",,,"1.01,8.01,9.01",Y,https://www.sec.gov/cgi-bin/browse-edgar?action=getcompany&CIK=1527702
0001171843-26-003930:exh_991.htm,"All In FutureTech Alliance, Inc.  (AGAE, AIFA)  (CIK 0001708341)",2026-06-05,"EX-99.1 2 exh_991.htm EXHIBIT 99.1 EdgarFiling EXHIBIT 99.1 All In FutureTech Alliance Announces Stockholder Approval of Reverse Stock Split Proposal; Board Approves 1-for-6 Reverse Stock Split with a Market Effective Date of June 12, 2026 NEW YORK, June 05, 2026 (GLOBE NEWSWIRE) -- All In FutureTech Alliance, Inc. (Nasdaq: AIFA) (the “Company” or “AIFA”) today announced that, at its Special Meeting of Stockholders held on June 1, 2026 (the “Special Meeting”), stockholders approved a proposal authorizing the Board of Directors of the Company (the “Board”) to implement a reverse stock split of the Company’s common stock, par value $0.0001 per share (“Common Stock”). As previously disclosed in the Company’s Current Report on Form 8-K filed with the Securities and Exchange Commission (the “SE...",,,"5.07,8.01,9.01",Y,https://www.sec.gov/cgi-bin/browse-edgar?action=getcompany&CIK=1708341
0001185185-26-002408:mitiex99-1.htm,"Mitesco, Inc.  (MITI)  (CIK 0000802257)",2026-06-08,"EX-99.1 4 mitiex99-1.htm EXHIBIT 99.1 Exhibit 99.1 Mitesco’s RoboAgent Team Talks A.I. For Real Estate Professionals Industry Experts Join Initiative to Help Shape Next Generation AI Platform for Real Estate Professionals. VERO BEACH, Florida – June 8, 2026 – Mitesco, Inc. (OTCQB: MITI) (“Mitesco” or the “Company”), through its Vero Technology Ventures division, today announced the official launch of the RoboAgent Test Bed Team, an initiative designed to provide real-world feedback, validation, and industry expertise as the Company advances development of its AI-powered real estate productivity platform, RoboAgent. Investors and industry professionals can learn more about RoboAgent by viewing the recently released RoboAgent Advisor Roundtable hosted by Stuart Smith of SmallCapVoice at http...",,,"1.01,3.02,8.01,9.01",Y,https://www.sec.gov/cgi-bin/browse-edgar?action=getcompany&CIK=802257
0001663577-26-000185:ex99_1.htm,iQSTEL Inc  (IQST)  (CIK 0001527702),2026-06-08,"EX-99.1 2 ex99_1.htm PRESS RELEASE DATED JUNE 8, 2026 IQST - IQSTEL Launches Share Repurchase Program, Signaling Strong Confidence in the Company’s Intrinsic Value and Long-Term Growth Strategy Board Authorizes Repurchase of Up to 1,000,000 Shares as Management and Directors Take Action to Capitalize on What They Believe Is a Significant Disconnect Between Market Valuation and Business Fundamentals NEW YORK, NY – June 8, 2026 – IQSTEL Inc. (NASDAQ: IQST ), a rapidly growing multinational technology company serving the Telecom, Fintech, AI, Cybersecurity, and Digital Services sectors, today announced that its Board of Directors has authorized a share repurchase program of up to 1,000,000 shares of the Company’s common stock. The program will be funded, in whole or in part, by cash dividends...",,,"8.01,9.01",Y,https://www.sec.gov/cgi-bin/browse-edgar?action=getcompany&CIK=1527702
0001493152-26-027818:form8-k.htm,"Brand Engagement Network Inc.  (BNAI, BNAIW)  (CIK 0001838163)",2026-06-09,"false 0001838163 0001838163 2026-06-09 2026-06-09 0001838163 BNAI:CommonStockParValue0.0001PerShareMember 2026-06-09 2026-06-09 0001838163 BNAI:RedeemableWarrantsEachWholeWarrantExercisableForOneShareOfCommonStockAtExercisePriceOf11.50PerShareMember 2026-06-09 2026-06-09 iso4217:USD xbrli:shares iso4217:USD xbrli:shares UNITED STATES SECURITIES AND EXCHANGE COMMISSION Washington, D.C. 20549 FORM 8-K CURRENT REPORT Pursuant to Section 13 or Section 15(d) of the Securities Exchange Act of 1934 Date of Report (Date of earliest event reported): June 9, 2026 (June 8, 2026) Brand Engagement Network Inc. (Exact name of registrant as specified in its charter) Delaware 001-40130 98-1574798 (State or other jurisdiction of incorporation or organization) (Commission File Number) (I.R.S. Employer Ident...",,,"1.01,9.01",Y,https://www.sec.gov/cgi-bin/browse-edgar?action=getcompany&CIK=1838163
0001493152-26-027883:ex99-1.htm,GLOBAL TECHNOLOGIES LTD  (GTLL)  (CIK 0000932021),2026-06-09,"EX-99.1 5 ex99-1.htm EX-99.1 Exhibit 99.1 Global Technologies, LTD Announces Quarterly Filing, Board Expansion, Governance Updates, Strategic Letter of Intent, and Third Quarter Operating Progress GREENSBORO, N.C., June 9, 2026 — Global Technologies, LTD (OTC Pink: GTLL) today announced a series of corporate updates following the filing of its Quarterly Report on Form 10-Q for the period ended March 31, 2026 and recent Board actions intended to support the Company’s ongoing restructuring, governance alignment, and strategic growth plan. On June 3, 2026, GTLL filed its Quarterly Report on Form 10-Q for the quarter ended March 31, 2026. In that filing, the Company reported revenue of $642,822 for the nine months ended March 31, 2026 and cash and cash equivalents of $38,178 as of March 31, 20...",,,"1.01,3.02,5.02,5.03,7.01,9.01",Y,https://www.sec.gov/cgi-bin/browse-edgar?action=getcompany&CIK=932021
0001472375-26-000160:exhibit99-1.htm,Agassi Sports Entertainment Corp.  (AASP)  (CIK 0000930245),2026-06-10,"EX-99.1 4 exhibit99-1.htm PRESS RELEASE DATED JUNE 10, 2026 Filed by Avantafile.com - Agassi Sports Entertainment Corp. - Exhibit 99.1 Agassi Sports Entertainment Signs Tennis Coaching Icon Darren Cahill to Expand Global Coaching, Content and Technology Initiatives Former coach to Andre Agassi joins ASE to support the Company's Agassi Intelligence platform, premium content initiatives and global growth strategy LAS VEGAS, June 10, 2026 — Agassi Sports Entertainment Corp. (OTC: AASP) (“ASE” or the “Company”), a sports, media, and technology platform focused on the global racket sports ecosystem and built around the iconic brands of Andre Agassi and Stefanie Graf, today announced that it has entered into a name and likeness license agreement with renowned tennis coach Darren Cahill. As a mem...",,,"1.01,3.02,7.01,9.01",Y,https://www.sec.gov/cgi-bin/browse-edgar?action=getcompany&CIK=930245
0001493152-26-028225:ex10-1.htm,"NightFood Holdings, Inc.  (NGTF)  (CIK 0001593001)",2026-06-11,"EX-10.1 2 ex10-1.htm EX-10.1 Exhibit 10.1 CONFIDENTIAL Supply Agreement Between the undersigned Techforce Robotics, Inc. a corporation organized and existing under the laws of the State of Delaware, United States, having its principal office at 13501 Main St, Los Angeles, CA 90061, United States Hereinafter referred to as “ Purchaser ” and Jiun Jiang Enterprise Co., Ltd. a company duly incorporated under the laws of the Republic of China (“R.O.C.”), with its principal office at 16-25, San Yueh Rd., Houli Township, Taichung City 421006, Taiwan, R.O.C. Hereinafter referred to as “ Supplier ” Purchaser and Supplier hereinafter will be referred to individually as the “ Party ” or collectively as the “ Parties .” 1 Contents Section 1 - Definitions 3 Section 2 - Term 5 Section 3 - Order of Prece...",,,"1.01,7.01,9.01",Y,https://www.sec.gov/cgi-bin/browse-edgar?action=getcompany&CIK=1593001
0001193125-26-268852:pdlb-ex99_1.htm,"Ponce Financial Group, Inc.  (PDLB)  (CIK 0001874071)",2026-06-12,"EX-99.1 2 pdlb-ex99_1.htm EX-99.1 EX-99.1 Exhibit 99.1 REMARKS OF CARLOS P. NAUDON PRESIDENT AND CHIEF EXECUTIVE OFFICER PONCE FINANCIAL GROUP, INC. AND PONCE BANK THE 2026 ANNUAL SHAREHOLDERS’ MEETING PONCE FINANCIAL GROUP, INC. June 11, 2026 FELLOW SHAREHOLDERS, OVER THE PAST YEAR, PONCE FINANCIAL GROUP (PFG) HAS REACHED AN IMPORTANT MOMENT IN OUR JOURNEY. AFTER YEARS OF STEADY PROGRESS, WE ARE HITTING OUR STRIDE—AS AN INSTITUTION, AS A COMMUNITY PARTNER, AND AS A MISSION-DRIVEN BANK COMMITTED TO IMPACTFUL ECONOMIC DEVELOPMENT.THIS YEAR, PONCE BANK ACHIEVED A 1% RETURN ON AVERAGE ASSETS. FOR ANY BANK, A 1% ROA REPRESENTS A KEY BENCHMARK OF PERFORMANCE AND OPERATIONAL DISCIPLINE. FOR US, IT CARRIES ADDITIONAL SIGNIFICANCE. IT DEMONSTRATES THAT WE CAN DELIVER STRONG FINANCIAL RESULTS WHILE...",,,"5.07,8.01,9.01",Y,https://www.sec.gov/cgi-bin/browse-edgar?action=getcompany&CIK=1874071
0001213900-26-068821:ea029470301ex10-1.htm,Future FinTech Group Inc.  (FTFT)  (CIK 0001066923),2026-06-15,"EX-10.1 2 ea029470301ex10-1.htm SHARE PURCHASE AGREEMENT BY AND AMONG ZHANG SHUGE AND FUTURE COMMERCIAL GROUP LIMITED DATED ON JUNE 12, 2026 Exhibit 10.1 SHARE PURCHASE AGREEMENT by and among Zhang Shuge and Future Commercial Group Limited, Future FinTech Group Inc. Date: June 12, 2026 SHARE PURCHASE AGREEMENT This Share Purchase Agreement (the ""Agreement"") is made, effective as of the 12th day of June, 2026, by and among Zhang Shuge, a PRC individual (the “Seller”), Future Commercial Group Limited, a company incorporated in the PRC (the “Buyer”), and Future FinTech Group Inc., a Florida corporation and publicly traded corporation (NASDAQ: FTFT) (the “Issuer” or “FTFT”). Future Commercial Group is a wholly-owned subsidiary controlled by Future FinTech Group Inc. The Seller, Buyer and FTFT ...",,,"1.01,3.02,9.01",Y,https://www.sec.gov/cgi-bin/browse-edgar?action=getcompany&CIK=1066923
0001683168-26-004843:nixxy_ex1001.htm,"Nixxy, Inc.  (NIXX, NIXXW)  (CIK 0001462223)",2026-06-15,"EX-10.1 3 nixxy_ex1001.htm BINDING LETTER OF INTENT, DATED JUNE 15, 2026 Exhibit 10.1 LETTER OF INTENT This binding Letter of Intent (“ LOI ”) sets forth the principal terms and conditions of a proposed a multi-step business combination transaction (the “ Transactions ”) between Nixxy, Inc., a Nevada corporation (“ NIXX ”), having an address at 1178 Broadway, 3rd Floor, New York, NY 10001, and Tachyon 9 Corporation, a Delaware corporation (herein “ Tachyon ”), having an address at 2332 Galiano Street, Suite 200, Coral Gables, FL 33134. WHEREAS , Tachyon was created by industry experts to effectuate and grow opportunities in the AI HPC (defined below) data center industry; WHEREAS , Tachyon and certain affiliates or partners (the “ Tachyon Group ”) have access to opportunities to acquire an...",,,"1.01,9.01",Y,https://www.sec.gov/cgi-bin/browse-edgar?action=getcompany&CIK=1462223
0000950142-26-001816:eh260794876_ex9901.htm,"QXO, Inc.  (QXO, QXO-PB)  (CIK 0001236275)",2026-06-17,"EX-99.1 3 eh260794876_ex9901.htm EXHIBIT 99.1 EXHIBIT 99.1 Excerpts from the Offering Memorandum of QXO Building Products, Inc., Dated June 3, 2026 As used in this Exhibit 99.1, unless otherwise indicated or the context otherwise requires, the terms “QXO,” “the Company,” “we,” “us” and “our” in the excerpts from the offering memorandum mean QXO, Inc., a Delaware corporation, and its subsidiaries. Risks Related to Product Supply and Vendor Relations An inability to obtain the products that we distribute could result in lost revenues and reduced margins and damage relationships with customers. We distribute roofing materials and other complementary building products, such as siding and waterproofing, that are manufactured by a number of major suppliers. Disruptions in our sources of supply m...",,,"1.01,2.03,8.01,9.01",Y,https://www.sec.gov/cgi-bin/browse-edgar?action=getcompany&CIK=1236275
0000950142-26-001816:eh260794876_ex9901.htm,"QXO, Inc.  (QXO, QXO-PB)  (CIK 0001236275)",2026-06-17,"EX-99.1 3 eh260794876_ex9901.htm EXHIBIT 99.1 EXHIBIT 99.1 Excerpts from the Offering Memorandum of QXO Building Products, Inc., Dated June 3, 2026 As used in this Exhibit 99.1, unless otherwise indicated or the context otherwise requires, the terms “QXO,” “the Company,” “we,” “us” and “our” in the excerpts from the offering memorandum mean QXO, Inc., a Delaware corporation, and its subsidiaries. Risks Related to Product Supply and Vendor Relations An inability to obtain the products that we distribute could result in lost revenues and reduced margins and damage relationships with customers. We distribute roofing materials and other complementary building products, such as siding and waterproofing, that are manufactured by a number of major suppliers. Disruptions in our sources of supply m...",,,"1.01,2.03,8.01,9.01",Y,https://www.sec.gov/cgi-bin/browse-edgar?action=getcompany&CIK=1236275
0001213900-26-069623:ea029514301ex99-1.htm,"FARADAY FUTURE INTELLIGENT ELECTRIC INC.  (FFAI, FFAIW)  (CIK 0001805521)",2026-06-17,"EX-99.1 2 ea029514301ex99-1.htm PRESS RELEASE DATED JUNE 16, 2026 Exhibit 99.1 Faraday Future Unveils Full-Form EAI Robot World Spanning Six Product Series, Launches World’s First Three-in-One EAI Robotics Education Ecosystem Strategy, and Debuts All-New Futurist Humanoid Robot and FX Navi with Priced at $1,990 ● FF unveiled the first-half launch of its full-form EAI Robot World, covering six major product series. With this lineup, FF becomes the robotics company in the U.S. market even globally with the most complete range of robot form factors. ● FF officially launched the world’s first Three-in-One EAI robotics education ecosystem strategy. ● The event featured the first-half launch of the All-New Futurist — the first full-size humanoid robot in the U.S. to natively support NVIDIA Sonic...",,,"8.01,9.01",Y,https://www.sec.gov/cgi-bin/browse-edgar?action=getcompany&CIK=1805521
0001731122-26-000866:e7724_ex99-2.htm,"VisionWave Holdings, Inc.  (VWAV, VWAVW)  (CIK 0002038439)",2026-06-17,"EX-99.2 3 e7724_ex99-2.htm EXHIBIT 99.2 EXHIBIT 99.2 VisionWave Holdings Signs Term Sheet for a Proposed Tier IV Data Center Joint Venture with Lucky Whale Production Limited NASDAQ-listed VWAV would hold an approximately 51% effective look-through interest in a proposed Tier IV data center project; consideration to be satisfied in shares valued at approximately US$40 million WEST HOLLYWOOD, Calif., June 16, 2026, VisionWave Holdings, Inc. (NASDAQ: VWAV) today announced that it has entered into a term sheet (the “Term Sheet”) with Lucky Whale Production Limited (“Lucky Whale”), a Hong Kong-incorporated project sponsor active in real estate project management, to establish a jointly-held company (the “Joint Company”) for the proposed development, ownership and operation of a Tier IV data ce...",,,"8.01,9.01",Y,https://www.sec.gov/cgi-bin/browse-edgar?action=getcompany&CIK=2038439
0001437749-26-020863:ex_977541.htm,"TaoWeave, Inc.  (TWAV)  (CIK 0000746210)",2026-06-17,"EX-99.1 2 ex_977541.htm EXHIBIT 99.1 ex_977541.htm Exhibit 99.1 TAOWEAVE ISSUES SHAREHOLDER LETTER DENVER, CO - (BUSINESS WIRE) June 17, 2026 - TaoWeave, Inc. (Nasdaq: TWAV) today announced it issued a letter to TaoWeave’s shareholders from its President and CEO, Peter Holst. To our shareholders, This letter is about TaoWeave's evolution from a company that invested in the Bittensor ecosystem to one that is building within it. Over the past year, we moved from studying decentralized AI infrastructure as investors to identifying what we believe is a compelling commercial application of it. That work culminated in our investment in Manako Labs and our North American commercialization partnership for its AI-powered computer vision platform. I want to explain how we got here, why we made this ...",,,"8.01,9.01",Y,https://www.sec.gov/cgi-bin/browse-edgar?action=getcompany&CIK=746210
0001213900-26-069889:ea029504301ex99-1.htm,Ondas Inc.  (ONDS)  (CIK 0001646188),2026-06-18,"EX-99.1 2 ea029504301ex99-1.htm FACT SHEET, DATED JUNE 18, 2026 Exhibit 99.1 NASDAQ: ONDS www.ondas.com | www.thecyberhawk.com ONDAS TO ACQUIRE CYBERHAWK Scaled Industrial Operations, AI Asset Intelligence and High Visability Revenue Enhances Dual-Purpose Platform Ondas has entered into a definitive agreement to acquire Cyberhawk, a global leader in critical infrastructure intelligence, drone-based inspection, visual data management and AI-enabled analytics serving utility, energy and industrial customers worldwide. The 95% cash transaction is valued at approximately $125 million, subject to regulatory approvals, and other customary closing conditions. The acquisition will expand Ondas into critical infrastructure intelligence by adding scaled inspection operations, the iHawk software anal...",,,"7.01,8.01,9.01",Y,https://www.sec.gov/cgi-bin/browse-edgar?action=getcompany&CIK=1646188
0001213900-26-069795:ea029521601ex99-1.htm,"Myseum.AI, Inc.  (MYSE, MYSEW)  (CIK 0001648960)",2026-06-18,"EX-99.1 2 ea029521601ex99-1.htm PRESS RELEASE DATED JUNE 16, 2026 Exhibit 99.1 Myseum.ai and Scanon.ai Enter into Letter of Intent to Form a Joint Development Partnership for AI-Powered Social Media Content Moderation and Advanced Management Intelligence Tools Collaboration aimed at integrating Scanon.ai’s current privacy-first artificial intelligence and computer vision capabilities into Myseum.AI’s flagship Picture Party platform Final agreement would include a reciprocal revenue sharing agreement for co-developed technology NEW BRUNSWICK, N.J., June 16, 2026 (GLOBE NEWSWIRE) – Myseum.AI, Inc. (Nasdaq: MYSE) (“Myseum.AI” or the “Company”), a privacy-first agentic AI and social media technology company, today announced the signing of a Non-Binding Letter of Intent (“LOI”) with Scanon.ai S...",,,"8.01,9.01",Y,https://www.sec.gov/cgi-bin/browse-edgar?action=getcompany&CIK=1648960
0001213900-26-069795:ea029521601ex99-1.htm,"Myseum.AI, Inc.  (MYSE, MYSEW)  (CIK 0001648960)",2026-06-18,"EX-99.1 2 ea029521601ex99-1.htm PRESS RELEASE DATED JUNE 16, 2026 Exhibit 99.1 Myseum.ai and Scanon.ai Enter into Letter of Intent to Form a Joint Development Partnership for AI-Powered Social Media Content Moderation and Advanced Management Intelligence Tools Collaboration aimed at integrating Scanon.ai’s current privacy-first artificial intelligence and computer vision capabilities into Myseum.AI’s flagship Picture Party platform Final agreement would include a reciprocal revenue sharing agreement for co-developed technology NEW BRUNSWICK, N.J., June 16, 2026 (GLOBE NEWSWIRE) – Myseum.AI, Inc. (Nasdaq: MYSE) (“Myseum.AI” or the “Company”), a privacy-first agentic AI and social media technology company, today announced the signing of a Non-Binding Letter of Intent (“LOI”) with Scanon.ai S...",,,"8.01,9.01",Y,https://www.sec.gov/cgi-bin/browse-edgar?action=getcompany&CIK=1648960
0001213900-26-069854:ea029518501ex99-1.htm,Ambow Education Holding Ltd.  (AMBO)  (CIK 0001494558),2026-06-18,"EX-99.1 2 ea029518501ex99-1.htm EXHIBIT 99.1 Exhibit 99.1 FOR IMMEDIATE RELEASE Ambow Education Holding Ltd. (NYSE American: AMBO) Launches HybriU ProjectHub, an AI-Powered Project Collaboration Platform Unifying Documents, Conversations, and Live Collaboration in a Single Secure Workspace New AI Assistant Generates Summaries and Reports from Project Materials; Role-Based Access Control Protects Sensitive Information Across Distributed Teams Key Facts At-a-Glance ● Who: Ambow Education Holding Ltd. (NYSE American: AMBO), a U.S.-based AI-powered phygital (physical + digital) technology company headquartered in Cupertino, California ● What: Launch of HybriU ProjectHub, a centralized project collaboration and knowledge platform that brings documents, presentations, spreadsheets, images, conve...",,,"8.01,9.01",Y,https://www.sec.gov/cgi-bin/browse-edgar?action=getcompany&CIK=1494558
0001104659-26-076094:tm2618424d1_ex2-1.htm,Booz Allen Hamilton Holding Corp  (BAH)  (CIK 0001443646),2026-06-22,"EX-2.1 2 tm2618424d1_ex2-1.htm EXHIBIT 2.1 Exhibit 2.1 Execution Version STOCK PURCHASE AGREEMENT by and among BOOZ ALLEN HAMILTON INC., as Acquiror, ULTRA I&C HOLDINGS LIMITED, as Seller, ULTRA ELECTRONICS HOLDINGS LIMITED, as Seller Parent, and ULTRA ELECTRONICS ADVANCED TACTICAL SYSTEMS INC., as the Company dated as of June 19, 2026 TABLE OF CONTENTS Page Article I. CERTAIN DEFINITIONS 2 Section 1.1 Definitions 2 Section 1.2 Construction 23 Section 1.3 Knowledge 25 Article II. THE STOCK PURCHASE; CLOSING 25 Section 2.1 The Stock Purchase 25 Section 2.2 Estimated Closing Statement 25 Section 2.3 Closing 26 Section 2.4 Closing Deliveries; Closing Payments 26 Section 2.5 Adjustment Amount 29 Section 2.6 Withholding 33 Article III. REPRESENTATIONS AND WARRANTIES OF THE COMPANY 33 Section 3....",,,"1.01,7.01,9.01",Y,https://www.sec.gov/cgi-bin/browse-edgar?action=getcompany&CIK=1443646
0001062993-26-003276:exhibit99-1.htm,Artificial Intelligence Technology Solutions Inc.  (AITX)  (CIK 0001498148),2026-06-22,"EX-99.1 2 exhibit99-1.htm EXHIBIT 99.1 Artificial Intelligence Technology Solutions, Inc.: Exhibit 99.1 - Filed by newsfilecorp.com Exhibit 99.1 Frost & Sullivan Highlights AITX's Role in the Evolution of Physical AI Security Global Growth Consulting Firm Explores the Technologies, Strategies, and Market Forces Reshaping the Future of Physical Security Detroit, Michigan, June 19, 2026 -- Artificial Intelligence Technology Solutions, Inc. (the ""Company"") ( OTCID:AITX ), a developer and operator of AI-driven security and productivity solutions for enterprise clients, today announced its inclusion in a recently published Frost & Sullivan Transformational Growth Leadership discussion examining the emergence of Physical AI Security and the technologies reshaping the future of the security indus...",,,"8.01,9.01",Y,https://www.sec.gov/cgi-bin/browse-edgar?action=getcompany&CIK=1498148
0001628280-26-044804:ex991backblazecoreweavepre.htm,"Backblaze, Inc.  (BLZE)  (CIK 0001462056)",2026-06-23,"EX-99.1 7 ex991backblazecoreweavepre.htm EX-99.1 Document EXHIBIT 99.1 Backblaze Announces Five-Year Multi-Exabyte Data Storage Agreement with CoreWeave $335M Strategic Agreement Aligns to Strong AI Demand and Establishes Backblaze as a Key Storage Provider SAN FRANCISCO, Calif. — June 23, 2026 — Backblaze, Inc. (Nasdaq: BLZE), the cloud storage platform for the AI era, today announced an agreement with CoreWeave, Inc. (Nasdaq: CRWV), The Essential Cloud for AI™. Under the multi-exabyte, $335 million agreement, Backblaze will provide cost-efficient storage capacity that supports portions of CoreWeave’s managed storage infrastructure, helping optimize placement of data across performance tiers while preserving high-performance storage resources for the demands of AI workloads. The Backblaze...",,,"1.01,3.02,7.01,9.01",Y,https://www.sec.gov/cgi-bin/browse-edgar?action=getcompany&CIK=1462056
0001213900-26-070874:ea029552701ex99-1.htm,"FARADAY FUTURE INTELLIGENT ELECTRIC INC.  (FFAI, FFAIW)  (CIK 0001805521)",2026-06-23,"EX-99.1 2 ea029552701ex99-1.htm PRESS RELEASE DATED JUNE 22, 2026 Exhibit 99.1 Faraday Future Unveils Its Second-Half Launch of the FF EAI Robot World, Including the Launch of its New Mobile Manipulator, the All-New Futurist, and a Preview of FF’s EAI Robotics Industrial Ecosystem at Automate in Chicago ● Second-half launch comes on the heels of the Company’s June 16 launch where FF unveiled the first half of its full-form EAI Robot World, covering six major “All-Star” product series. With this lineup, FF offers the most complete range of robot form factors in both the U.S. as well as globally. ● In June, shipments of robot devices are expected to exceed 100 units. Total shipments for the first half of the year are also expected to surpass our original target of 220 units. ● All-New Futuri...",,,"8.01,9.01",Y,https://www.sec.gov/cgi-bin/browse-edgar?action=getcompany&CIK=1805521
0001193125-26-278557:lmfa-ex99_1.htm,"LM FUNDING AMERICA, INC.  (LMFA)  (CIK 0001640384)",2026-06-23,"EX-99.1 2 lmfa-ex99_1.htm EX-99.1 EX-99.1 LM Funding America Announces Strategic Expansion into High-Performance Computing and AI Infrastructure Company Orders Initial AI GPU Hardware, Markets Available Power Capacity to AI Customers, and Sees Potential $20M–$50M Annual Revenue Opportunity Assuming Full Buildout TAMPA, FL, June 23, 2026 — LM Funding America, Inc. (Nasdaq: LMFA) (“LM Funding” or the “Company”), a Bitcoin treasury and mining company, today announced a strategic expansion into high-performance computing (“HPC”) and artificial intelligence (“AI”) infrastructure. The Company has ordered its initial AI GPU server hardware for this AI-HPC business expansion for deployment at its Oklahoma facility and is actively marketing its available power capacity at both of its facilities to ...",,,"2.02,7.01,8.01,9.01",Y,https://www.sec.gov/cgi-bin/browse-edgar?action=getcompany&CIK=1640384
0001193125-26-278557:lmfa-ex99_1.htm,"LM FUNDING AMERICA, INC.  (LMFA)  (CIK 0001640384)",2026-06-23,"EX-99.1 2 lmfa-ex99_1.htm EX-99.1 EX-99.1 LM Funding America Announces Strategic Expansion into High-Performance Computing and AI Infrastructure Company Orders Initial AI GPU Hardware, Markets Available Power Capacity to AI Customers, and Sees Potential $20M–$50M Annual Revenue Opportunity Assuming Full Buildout TAMPA, FL, June 23, 2026 — LM Funding America, Inc. (Nasdaq: LMFA) (“LM Funding” or the “Company”), a Bitcoin treasury and mining company, today announced a strategic expansion into high-performance computing (“HPC”) and artificial intelligence (“AI”) infrastructure. The Company has ordered its initial AI GPU server hardware for this AI-HPC business expansion for deployment at its Oklahoma facility and is actively marketing its available power capacity at both of its facilities to ...",,,"2.02,7.01,8.01,9.01",Y,https://www.sec.gov/cgi-bin/browse-edgar?action=getcompany&CIK=1640384
0001104659-26-077069:tm2618647d1_ex99-1.htm,"ExlService Holdings, Inc.  (EXLS)  (CIK 0001297989)",2026-06-24,"EX-99.1 2 tm2618647d1_ex99-1.htm EXHIBIT 99.1 Exhibit 99.1 EXL to acquire iMerit, advancing its leadership in enterprise AI by adding foundation model expertise and technology · Positions EXL to accelerate AI innovation in the enterprise with iMerit’s direct relationships with foundation model builders · Deepens EXL’s vertically specialized end-to-end AI capabilities with iMerit’s model training, evaluation and reinforcement learning · Expands EXL’s total addressable market across high-growth AI tech sectors, and multiplies the impact of iMerit on a broader enterprise audience New York – June 24, 2026 – ExlService Holdings, Inc. (NASDAQ: EXLS), a global data and AI company, today announced a definitive agreement to acquire iMerit, a recognized leader in AI model training, evaluation and re...",,,"8.01,9.01",Y,https://www.sec.gov/cgi-bin/browse-edgar?action=getcompany&CIK=1297989
0001493152-26-029886:ex99-1.htm,Massimo Group  (MAMO)  (CIK 0001952853),2026-06-24,"EX-99.1 3 ex99-1.htm EX-99.1 Exhibit 99.1 Massimo Group Secures Up to US$4 Million in Controlling Shareholder Funding to Accelerate Intelligent Patrol Systems Development and Terminates Previously Announced FST Acquisition Company Will No Longer Pursue Previously Contemplated Stock-Based Acquisition Structure and Will Focus on Advanced Security Technologies, Autonomous Patrol Platforms and AI-Enabled Security Solutions GARLAND, Texas, June 24, 2026 — Massimo Group (NASDAQ: MAMO) (“Massimo” or the “Company”), a manufacturer and distributor of powersports vehicles, UTVs, ATVs and innovative mobility solutions, today announced that it has terminated its previously announced proposed acquisition of FST Development Company Limited (“FST”), originally disclosed on February 3, 2026. Under the pre...",,,"1.01,8.01,9.01",Y,https://www.sec.gov/cgi-bin/browse-edgar?action=getcompany&CIK=1952853
0001718939-26-000039:a991pressrelease-materialt.htm,T Stamp Inc  (IDAI)  (CIK 0001718939),2026-06-25,"EX-99.1 5 a991pressrelease-materialt.htm EX-99.1 Document Exhibit 99.1 T STAMP INC (‘Trust Stamp’ or ‘The Company’) Nasdaq: IDAI Trust Stamp announces the closing of $5.51m financing and addresses short-selling Atlanta, GA, June 25, 2026 (GLOBE NEWSWIRE) -- Trust Stamp (Nasdaq: IDAI): Gareth N. Genner, Chief Executive Officer of the Company commented: “Over recent weeks, apparent short selling has forced the price of the Company’s stock down. I suspect that the short sellers were working on the mistaken assumption that we were in need of an immediate equity injection which would be prejudiced by a precipitous fall in the stock price. Although the Company had cash on hand and receivables in excess of $2.6m, together with ongoing revenue receipts, our board decided to enter into a financing ...",,,"1.01,2.03,8.01,9.01",Y,https://www.sec.gov/cgi-bin/browse-edgar?action=getcompany&CIK=1718939
0001663577-26-000196:ex99_2.htm,iQSTEL Inc  (IQST)  (CIK 0001527702),2026-06-25,"EX-99.2 3 ex99_2.htm LETTER TO SHAREHOLDERS DATED JUNE 25, 2026 IQSTEL Inc. | NASDAQ: IQST Letter to Shareholders June 25, 2026 Dear Fellow Shareholders, Today marks another defining milestone in IQSTEL’s journey toward becoming a leading global technology and telecommunications company. We are announcing the signing of a Binding Memorandum of Understanding to acquire a 51% controlling interest in ULTRANET Telecom Group — the largest transaction in IQSTEL’s history. Before describing the transaction in detail, we believe it is important to place this announcement in the context of the company’s track record — because the story of ULTRANET cannot be fully appreciated without understanding what IQSTEL has already built. A Proven Track Record of Execution Over the past six years, IQSTEL has g...",,,"8.01,9.01",Y,https://www.sec.gov/cgi-bin/browse-edgar?action=getcompany&CIK=1527702
0001213900-26-072056:ea029589401ex99-1.htm,GAXOS.AI INC.  (GXAI)  (CIK 0001895618),2026-06-25,"EX-99.1 3 ea029589401ex99-1.htm PRESS RELEASE DATED JUNE 24, 2026 Exhibit 99.1 Gaxos.ai Inc. Sells Gaming Assets to Game Foundry AI Transaction streamlines operations and positions Gaxos to focus on revenue-generating, higher-margin opportunities Roseland, NJ / June 24, 2026 – Gaxos.ai Inc. (""Gaxos"" or the ""Company""), a company developing artificial intelligence applications across various high-growth sectors, today announced that it had completed the sale of its gaming assets, including its portfolio of mobile games and Gaxos Gaming Labs, a generative AI service that empowers game developers and publishers, to Game Foundry AI, a privately-held company. The transaction was structured as an all-stock deal valued at approximately [$1.75] million. The transaction marks a decisive step in Gaxo...",,,"2.01,7.01,9.01",Y,https://www.sec.gov/cgi-bin/browse-edgar?action=getcompany&CIK=1895618
0001493152-26-030036:ex99-1.htm,"NightFood Holdings, Inc.  (NGTF)  (CIK 0001593001)",2026-06-25,"EX-99.1 3 ex99-1.htm EX-99.1 Exhibit 99.1 Nightfood Holdings Signs LOI to Acquire 51% of Jiun Jiang Enterprise Proposal establishes a platform for semiconductor automation, AI infrastructure, and advanced manufacturing growth Proposed all-stock transaction features performance-based consideration linked to PCAOB-audited revenue milestones Enterprise value benchmarks range from $100 million up to $1.2 billion LOS ANGELES, June 25, 2026 — via IBN – Nightfood Holdings, Inc. (OTCQB: NGTF), doing business as TechForce Robotics (“TechForce” or the “Company”), today announced that it has executed a non-binding Letter of Intent (the “LOI”) to acquire a 51% controlling interest in Jiun Jiang Enterprise Co., Ltd. (“JJ Enterprise”), a Taiwan-based manufacturer of precision industrial, advanced packag...",,,"7.01,8.01,9.01",Y,https://www.sec.gov/cgi-bin/browse-edgar?action=getcompany&CIK=1593001
0001968487-26-000015:ws-ex99_2.htm,"Worthington Steel, Inc.  (WS)  (CIK 0001968487)",2026-06-25,"EX-99.2 3 ws-ex99_2.htm EX-99.2 Worthington Steel Investor Presentation | June 2026 Exhibit 99.2 Safe Harbor Statement Selected statements contained in this release constitute “forward-looking statements,” as that term is used in the Private Securities Litigation Reform Act of 1995 (the “Act”). The Company wishes to take advantage of the safe harbor provisions included in the Act. Forward-looking statements reflect the Company’s current expectations, estimates or projections concerning future results or events. These statements are often identified by the use of forward-looking words or phrases such as “believe,” “anticipate,” “may,” “could,” “should,” “would,” “intend,” “plan,” “will,” “likely,” “expect,” “estimate,” “project,” “position,” “strategy,” “target,” “aim,” “seek,” “foresee” an...",,,"2.02,5.02,8.01,9.01",Y,https://www.sec.gov/cgi-bin/browse-edgar?action=getcompany&CIK=1968487
0001654954-26-006304:tomz_ex991.htm,"TOMI Environmental Solutions, Inc.  (TOMZ)  (CIK 0000314227)",2026-06-29,"EX-99.1 3 tomz_ex991.htm PRESS RELEASE tomz_ex991.htm EXHIBIT 99.1 TOMI Environmental Solutions Announces Definitive Agreement to Merge with Carbonium Core Transaction will create a public market pure-play on America’s nuclear renaissance, positioned at the intersection of AI-driven power demand, advanced nuclear reactors, and domestic critical materials production FREDERICK, Md. June 29 th -- TOMI Environmental Solutions, Inc. (NASDAQ: TOMZ) (“TOMI”) today announced that it has entered into an Agreement and Plan of Merger (“Merger Agreement) with Carbonium Core, Inc., a U.S.-based development company that manufactures graphite and rare earth metals for advanced nuclear, defense, and critical infrastructure applications. Pursuant to the Merger Agreement and subject to the satisfaction of c...",,,"1.01,7.01,9.01",Y,https://www.sec.gov/cgi-bin/browse-edgar?action=getcompany&CIK=314227
0001683168-26-005193:intrusion_ex9901.htm,INTRUSION INC  (INTZ)  (CIK 0000736012),2026-06-30,"EX-99.1 3 intrusion_ex9901.htm PRESS RELEASE Exhibit 99.1 Intrusion Inc. Announces Acquisition of VigilAigent to Create an AI-Native Cybersecurity Platform Acquisition improves Company’s top line by adding approximately $3.5 million in annual recurring revenue from multi-year contracts Integrates an established commercial network of reseller partners and customers Company to host special call to discuss the acquisition at 10:00 a.m. ET on June 30, 2026 PLANO, Texas, June 29, 2026 (ACCESSWIRE) -- Intrusion Inc. (NASDAQ: INTZ) (“Intrusion” or the “Company”), a leader in cyberattack prevention solutions, today announced it has completed the acquisition of VigilAigent, a cybersecurity managed security service provider (MSSP), from Tego Cyber Inc. The acquisition will accelerate Intrusion’s gro...",,,"1.01,3.02,7.01,9.01",Y,https://www.sec.gov/cgi-bin/browse-edgar?action=getcompany&CIK=736012
0001062993-26-003423:exhibit99-1.htm,Artificial Intelligence Technology Solutions Inc.  (AITX)  (CIK 0001498148),2026-06-30,"EX-99.1 2 exhibit99-1.htm EXHIBIT 99.1 Artificial Intelligence Technology Solutions, Inc.: Exhibit 99.1 - Filed by newsfilecorp.com Exhibit 99.1 AITX's RAD Technology Deployed at a Kansas City VIP Parking Facility During the 2026 FIFA World Cup™ High-Visibility Venue Showcases AI-Driven Physical Security in a Real-World Environment Detroit, Michigan, June 30, 2026 -- Artificial Intelligence Technology Solutions, Inc. (the ""Company"") ( OTCID:AITX ), a developer and operator of AI-driven security and productivity solutions for enterprise clients, today announced that its wholly owned subsidiary, Robotic Assistance Devices, Inc. (RAD), has deployed a ROSA ™ security solution, coordinated by a RAD authorized dealer, at a VIP parking facility supporting attendees and operations associated with ...",,,"8.01,9.01",Y,https://www.sec.gov/cgi-bin/browse-edgar?action=getcompany&CIK=1498148
0001420720-26-000010:ibio-20260701xex99d1.htm,"iBio, Inc.  (IBIO)  (CIK 0001420720)",2026-07-01,"EX-99.1 2 ibio-20260701xex99d1.htm EX-99.1 Exhibit 99.1 ​ iBio Reports Single Dose of IBIO-610 Achieved Near-Complete Active Activin E Inhibition Through Eight Weeks in Obese NHP Study Single-dose IBIO-610 achieved up to 98% inhibition of active Activin E through eight weeks, supporting a differentiated, long-acting antibody approach When combined with semaglutide, IBIO-610 drove greater visceral and total fat loss while reducing lean mass loss by 73% versus semaglutide alone Full dataset to be presented at European Association for the Study of Diabetes (EASD) Annual Meeting SAN DIEGO, Jul. 1, 2026 (GLOBE NEWSWIRE) -- iBio, Inc. (NASDAQ: IBIO), a clinical-stage biotechnology developing long-acting antibody therapeutics for obesity, cardiometabolic and cardiopulmonary diseases, today announ...",,,"7.01,8.01,9.01",Y,https://www.sec.gov/cgi-bin/browse-edgar?action=getcompany&CIK=1420720
0000913142-26-000029:beldenruckustransactionclo.htm,BELDEN INC.  (BDC)  (CIK 0000913142),2026-07-01,"EX-99.1 3 beldenruckustransactionclo.htm EX-99.1 Document Belden Completes Acquisition of RUCKUS Networks Establishes Leading end-to-end IT/OT Networking Solution for Enterprise and Industrial Customers ST. LOUIS—(BUSINESS WIRE)—July 1, 2026 – Belden Inc. (NYSE: BDC) (“Belden” or the “Company”), a leading global supplier of specialty networking solutions, today announced that it has completed its acquisition of RUCKUS Networks (“RUCKUS”), a global provider of intelligent network solutions, from Vistance Networks (Nasdaq: VISN). RUCKUS’ leading enterprise networking portfolio, including industry-leading Wi-Fi, enterprise switching capabilities and AI driven network management platforms, make Belden a preeminent provider of complete, end-to-end IT/OT networking solutions. The acquisition mat...",,,"1.01,2.01,2.03,9.01",Y,https://www.sec.gov/cgi-bin/browse-edgar?action=getcompany&CIK=913142
0001213900-26-074219:ea029663101ex99-1.htm,Quantum Cyber N.V.  (QUCY)  (CIK 0001874252),2026-07-01,"EX-99.1 5 ea029663101ex99-1.htm PRESS RELEASE, DATED JUNE 29, 2026. Exhibit 99.1 Quantum Cyber Signs Definitive Agreements to Acquire U.S.-Based Manufacturing Facility in Bridgeport, Connecticut Quantum Drones Corporation Executes Definitive Agreements for $3.2 Million Acquisition of Approximately 50,000-Square-Foot Industrial Facility and Installed Manufacturing Equipment; Advances Company’s Transition From Technology Licensing to Vertically Integrated Domestic Defense Manufacturing WEST PALM BEACH, Florida, June 29, 2026 (GLOBE NEWSWIRE) -- Quantum Cyber N.V. (Nasdaq: QUCY) (“Quantum Cyber” or the “Company”), a Nasdaq-listed autonomous defense technology company assembling an AI-powered System-of-Systems platform for drone warfare, counter-UAS, and border security applications, today ann...",,,"1.01,8.01,9.01",Y,https://www.sec.gov/cgi-bin/browse-edgar?action=getcompany&CIK=1874252
0001213900-26-075071:ea029667501ex99-1.htm,Linkhome Holdings Inc.  (LHAI)  (CIK 0002017758),2026-07-02,"EX-99.1 2 ea029667501ex99-1.htm PRESS RELEASE DATED JULY 1, 2026 Exhibit 99.1 Linkhome Holdings Completes Acquisition of Mortgage One Group and Launches GPU Financing Business IRVINE, Calif., July 1, 2026 — Linkhome Holdings Inc. (Nasdaq: LHAI) (“Linkhome” or the “Company”), an AI-powered real estate and fintech company, today announced that it has completed the acquisition of 100% of the equity interests of Mortgage One Group, marking a significant milestone in the Company’s expansion into AI financing. Mortgage One Group currently operates with approximately $28 million in warehouse lending capacity, employs 39 professionals, and holds mortgage lending licenses across 18 U.S. states. Linkhome intends to expand the platform’s licensing footprint nationwide, with the long-term objective of...",,,"2.01,3.01,7.01,9.01",Y,https://www.sec.gov/cgi-bin/browse-edgar?action=getcompany&CIK=2017758
0001185185-26-002793:mitiex99-1.htm,"Mitesco, Inc.  (MITI)  (CIK 0000802257)",2026-07-06,"EX-99.1 5 mitiex99-1.htm EXHIBIT 99.1 Exhibit 99.1 Mitesco Secures Up to $30 Million Financing Facility to Support Strategic Acquisitions and Accelerate Growth Initiatives New capital commitment from a longtime investor fuels pipeline of acquisitions and drives expansion across core and emerging business lines VERO BEACH, Fla., June 30, 2026 (GLOBE NEWSWIRE) -- Mitesco, Inc. (OTCQB: MITI) (""Mitesco"" or the ""Company""), today announced that it has executed an agreement with one of its historical investors for up to $30 million in additional financing. The funding facility is intended for acquisitions and to accelerate growth within its current and near-term operations. ""We have had a long-term relationship with C/M Capital Partners, L.P. since 2021, and this new facility is over and above th...",,,"1.01,3.02,5.02,8.01,9.01",Y,https://www.sec.gov/cgi-bin/browse-edgar?action=getcompany&CIK=802257
0001299709-26-000047:pressrelease20260707announ.htm,"Axos Financial, Inc.  (AX)  (CIK 0001299709)",2026-07-07,"EX-99.1 2 pressrelease20260707announ.htm EX-99.1 Document Axos Financial, Inc. to Acquire Arc Technologies, Inc. Acquisition Brings AI-Native Financial Technology Platform with Cash Management and Capital Markets Capabilities to Axos, Accelerating Digital Strategy LAS VEGAS--(BUSINESS WIRE)-- Axos Nevada Holding, LLC, a subsidiary of Axos Financial, Inc. (“Axos” or the “Company”) announced that it has entered into a definitive agreement to acquire Arc Technologies, Inc. (“Arc”), a financial technology platform serving technology and growth companies. Founded in 2021, Arc provides integrated cash management, capital markets, and AI-powered financial software solutions through a unified platform designed to help businesses manage cash, access debt financing, and streamline financial operatio...",,,"8.01,9.01",Y,https://www.sec.gov/cgi-bin/browse-edgar?action=getcompany&CIK=1299709
0001193125-26-297663:bnzi-ex99_4.htm,"Banzai International, Inc.  (BNZI, BNZIW)  (CIK 0001826011)",2026-07-07,"EX-99.4 15 bnzi-ex99_4.htm EX-99.4 EX-99.4 EXHIBIT 99.4 Banzai Completes Acquisition of ConnectAndSell, Doubling Annual Revenue at 86% Gross Margin Acquisition Adds Leading AI Sales Acceleration Platform Serving Approximately 250 B2B Organizations Across Financial Services, Healthcare, and Technology Industries SEATTLE, WA – July 6, 2026 -- Banzai International, Inc. (Nasdaq: BNZI) (“Banzai” or the “Company”), a leading AI marketing technology company that provides essential marketing and sales solutions, today announced that it has completed its previously announced acquisition of substantially all assets of ConnectAndSell, Inc. (“ConnectAndSell”), an AI sales acceleration platform, effective July 2, 2026. ConnectAndSell serves approximately 250 B2B organizations such as Intuit, RingCentr...",,,"1.01,2.01,2.03,3.02,7.01,9.01",Y,https://www.sec.gov/cgi-bin/browse-edgar?action=getcompany&CIK=1826011
0001062993-26-003517:exhibit99-1.htm,Artificial Intelligence Technology Solutions Inc.  (AITX)  (CIK 0001498148),2026-07-07,"EX-99.1 2 exhibit99-1.htm EXHIBIT 99.1 Artificial Intelligence Technology Solutions, Inc.: Exhibit 99.1 - Filed by newsfilecorp.com Exhibit 99.1 AITX Combines Autonomous Mobility with Agentic AI for Physical Security ROAMEO and SARA Unite to Deliver a Coordinated Autonomous Security Solution for Enterprise Organizations Detroit, Michigan, July 7, 2026 - Artificial Intelligence Technology Solutions, Inc. (the ""Company"") ( OTCID:AITX ), a developer and operator of AI-driven security and productivity solutions for enterprise clients, along with its wholly owned subsidiaries Robotic Assistance Devices Mobile, Inc. (RAD-M), and Robotic Assistance Devices Group (RAD-G), today announced the next phase of Physical AI Security, where autonomous mobility and agentic AI function together as a coordin...",,,"8.01,9.01",Y,https://www.sec.gov/cgi-bin/browse-edgar?action=getcompany&CIK=1498148
0001493152-26-032550:ex99-1.htm,"Neostellar Capital Corp.  (NSLR, SSSS, NSLRL, SSSSL)  (CIK 0001509470)",2026-07-08,"EX-99.1 2 ex99-1.htm EX-99.1 Page 1 of 3 Exhibit 99.1 Neostellar Capital Corp. Announces Second Quarter 2026 Preliminary Investment Portfolio Update Completed Remaining $15 Million Investment in TensorWave via Magnetar Opportunity 2025-4 LP Net Asset Value Expected to be $13.25 to $13.75 Per Share NEW YORK, NY, July 8, 2026 (GLOBE NEWSWIRE) – Neostellar Capital Corp. (“Neostellar Capital”, the “Company”, “we”, “us”, and “our”) (Nasdaq: NSLR ) today provided a preliminary update on its investment portfolio for the second quarter ended June 30, 2026. As previously announced, effective July 1, 2026, the Company changed its name from SuRo Capital Corp. to Neostellar Capital Corp. and its Nasdaq Global Select Market ticker symbol from “SSSS” to “NSLR” in anticipation of its transition to an ext...",,,"2.02,8.01,9.01",Y,https://www.sec.gov/cgi-bin/browse-edgar?action=getcompany&CIK=1509470
0001493152-26-032550:ex99-1.htm,"Neostellar Capital Corp.  (NSLR, SSSS, NSLRL, SSSSL)  (CIK 0001509470)",2026-07-08,"EX-99.1 2 ex99-1.htm EX-99.1 Page 1 of 3 Exhibit 99.1 Neostellar Capital Corp. Announces Second Quarter 2026 Preliminary Investment Portfolio Update Completed Remaining $15 Million Investment in TensorWave via Magnetar Opportunity 2025-4 LP Net Asset Value Expected to be $13.25 to $13.75 Per Share NEW YORK, NY, July 8, 2026 (GLOBE NEWSWIRE) – Neostellar Capital Corp. (“Neostellar Capital”, the “Company”, “we”, “us”, and “our”) (Nasdaq: NSLR ) today provided a preliminary update on its investment portfolio for the second quarter ended June 30, 2026. As previously announced, effective July 1, 2026, the Company changed its name from SuRo Capital Corp. to Neostellar Capital Corp. and its Nasdaq Global Select Market ticker symbol from “SSSS” to “NSLR” in anticipation of its transition to an ext...",,,"2.02,8.01,9.01",Y,https://www.sec.gov/cgi-bin/browse-edgar?action=getcompany&CIK=1509470
0001193125-26-297985:pdyn-ex99_1.htm,"Palladyne AI Corp.  (PDYN, PDYNW)  (CIK 0001826681)",2026-07-08,"EX-99.1 2 pdyn-ex99_1.htm EX-99.1 EX-99.1 Exhibit 99.1 Palladyne AI Announces Preliminary Second Quarter 2026 Revenue of Approximately $5.8 Million and Backlog of Approximately $24.0 Million Preliminary second quarter revenue expected to be approximately $5.8 million, up approximately 480% year over year and 66% sequentially Backlog grew to approximately $24.0 million from $17.3 million at the end of the first quarter Cash, cash equivalents and marketable securities remained roughly flat from the first quarter at approximately $44.0 million SALT LAKE CITY – July 8, 2026 – Palladyne AI Corp. (NASDAQ: PDYN and PDYNW) (“Palladyne AI” or “the Company”), a U.S.-based defense and industrial technology company delivering embodied AI-powered collaborative autonomy solutions, advanced avionics, pre...",,,"2.02,7.01,8.01",Y,https://www.sec.gov/cgi-bin/browse-edgar?action=getcompany&CIK=1826681
0001493152-26-032702:ex99-1.htm,"Roadzen Inc.  (RDZN, RDZNW)  (CIK 0001868640)",2026-07-09,"EX-99.1 3 ex99-1.htm EX-99.1 Exhibit 99.1 Roadzen Signs Definitive Agreement to Acquire a Leading European MGA Focused on Short-Term Car Rental Insurance The acquisition is expected to add a scaled, fully regulated European insurance platform powering over 800,000 policies annually, with approximately $18–20 million in revenue and approximately $1.6–2 million in EBITDA The business is being acquired by Roadzen’s India subsidiary in exchange for stock or cash and is not expected to be dilutive to Roadzen’s Nasdaq shareholders Combines over a decade of proprietary short-trip pricing data with Roadzen’s AI to power real-time underwriting and automated, computer-vision-led claims — transformative for the $27 billion car rental insurance segment NEW YORK, July 9, 2026 (GLOBE NEWSWIRE) — Roadzen...",,,"1.01,7.01,9.01",Y,https://www.sec.gov/cgi-bin/browse-edgar?action=getcompany&CIK=1868640
0001213900-26-076769:ea029746201ex2-1.htm,AIR INDUSTRIES GROUP  (AIRI)  (CIK 0001009891),2026-07-09,"EX-2.1 2 ea029746201ex2-1.htm AMENDED AND RESTATED AGREEMENT AND PLAN OF MERGER, BY AND AMONG AIR INDUSTRIES GROUP, A NEVADA CORPORATION (""AIR""), TENAX AEROSPACE ACQUISITION, LLC, A DELAWARE LIMITED LIABILITY COMPANY, AND TRANSITORY AIR SUB LLC, A DELAWARE LIMITED Exhibit 2.1 EXECUTION VERSION AMENDED AND RESTATED AGREEMENT AND PLAN OF MERGER among TENAX AEROSPACE ACQUISITION, LLC AIR INDUSTRIES GROUP and TRANSITORY AIR SUB LLC Dated as of July 2, 2026 TABLE OF CONTENTS Page Article I DEFINED TERMS Section 1.01 Certain Defined Terms 2 Section 1.02 Other Defined Terms 17 Section 1.03 Interpretation; Headings 19 Article II THE MERGER Section 2.01 The Merger 20 Section 2.02 Closing 20 Section 2.03 Effective Time 20 Section 2.04 Effect of the Merger 20 Section 2.05 Organizational Documents 20 ...",,,"1.01,7.01,9.01",Y,https://www.sec.gov/cgi-bin/browse-edgar?action=getcompany&CIK=1009891
0001493152-26-032604:ex99-1.htm,AVAX ONE TECHNOLOGY LTD.  (AVX)  (CIK 0001826397),2026-07-09,"EX-99.1 2 ex99-1.htm EX-99.1 Exhibit 99.1 AVAX One Regains Compliance with Nasdaq Minimum Bid Price Requirement Company Reaffirms Commitment to Building Digital Infrastructure at the Intersection of the Onchain Economy and AI Compute WEST PALM BEACH, FL, July 9, 2026 - AVAX One Technology Ltd. (Nasdaq: AVX) (“AVAX One” or the “Company”), today announced that it has received formal notice from The Nasdaq Stock Market LLC (“Nasdaq”) confirming that the Company has regained compliance with Nasdaq Listing Rule 5550(a)(2), the minimum bid price requirement for continued listing on The Nasdaq Capital Market. According to the notification, Nasdaq determined that for the ten consecutive trading days from June 15, 2026, through June 29, 2026, the closing bid price of AVAX One’s common stock was at ...",,,"8.01,9.01",Y,https://www.sec.gov/cgi-bin/browse-edgar?action=getcompany&CIK=1826397
0000950103-26-010474:dp249925_ex9901.htm,"Figure Technology Solutions, Inc.  (FGRS, FIGR)  (CIK 0002064124)",2026-07-10,"EX-99.1 2 dp249925_ex9901.htm EXHIBIT 99.1 Exhibit 99.1 Figure Technology Solutions Announces Pricing of Private Offering of $600 Million of Senior Notes NEW YORK, July 9, 2026 (GLOBE NEWSWIRE) -- Figure Technology Solutions, Inc. (“Figure,” Nasdaq: FIGR; OPEN: FGRS), the leading blockchain-native capital marketplace for the origination, funding, sale and trading of tokenized assets, today announced the pricing of its previously announced offering of $600 million in aggregate principal amount of its 8.500% senior notes due 2031 (the “Notes”), in a private offering that is exempt from the registration requirements of the Securities Act of 1933, as amended (the “Securities Act”). The Notes will be sold at a price of 100% of the principal amount thereof. The closing of the issuance of the Not...",,,"8.01,9.01",Y,https://www.sec.gov/cgi-bin/browse-edgar?action=getcompany&CIK=2064124
0000950103-26-010474:dp249925_ex9901.htm,"Figure Technology Solutions, Inc.  (FGRS, FIGR)  (CIK 0002064124)",2026-07-10,"EX-99.1 2 dp249925_ex9901.htm EXHIBIT 99.1 Exhibit 99.1 Figure Technology Solutions Announces Pricing of Private Offering of $600 Million of Senior Notes NEW YORK, July 9, 2026 (GLOBE NEWSWIRE) -- Figure Technology Solutions, Inc. (“Figure,” Nasdaq: FIGR; OPEN: FGRS), the leading blockchain-native capital marketplace for the origination, funding, sale and trading of tokenized assets, today announced the pricing of its previously announced offering of $600 million in aggregate principal amount of its 8.500% senior notes due 2031 (the “Notes”), in a private offering that is exempt from the registration requirements of the Securities Act of 1933, as amended (the “Securities Act”). The Notes will be sold at a price of 100% of the principal amount thereof. The closing of the issuance of the Not...",,,"8.01,9.01",Y,https://www.sec.gov/cgi-bin/browse-edgar?action=getcompany&CIK=2064124
0001437749-26-023245:ex_986209.htm,"AZIO AI HOLDINGS, INC.  (EVTV)  (CIK 0001563568)",2026-07-10,"EX-99.1 4 ex_986209.htm EXHIBIT 99.1 ex_986209.htm Exhibit 99.1 EVTV Files Corporate Name Change to Azio AI Following Completed Merger; Announces $27.9 Million AI Infrastructure Hosting Agreement with Power Champion, Scalable to 12 MW Under Contracted Expansion Rights Agreement establishes the Company's first long-term contracted AI hosting relationship — initial 3.1 MW GPU deployment expected to generate approximately $27.9 million in capacity reservation charges, with expansion rights up to 12 MW representing a potential total contract value of approximately $100 million HOUSTON, July 09, 2026 –– Envirotech Vehicles, Inc. (NASDAQ: EVTV) (“EVTV” or the “Company”) today announced that its corporate name change to Azio AI, Inc. has been filed and becomes effective Friday, July 10, 2026, wit...",,,"5.03,7.01,8.01,9.01",Y,https://www.sec.gov/cgi-bin/browse-edgar?action=getcompany&CIK=1563568
0001493152-26-033073:ex99-1.htm,"WRAP TECHNOLOGIES, INC.  (WRAP)  (CIK 0001702924)",2026-07-13,"EX-99.1 5 ex99-1.htm EX-99.1 Exhibit 99.1 WRAP Launches WrapShield: An Autonomous Defense & Public Safety Platform, Beginning with Advanced Thermal Polarimetric Sensing for Counter-UAS and Expanding Across AI-Enabled Security Responses WRAP anchors the platform with a strategic investment in Frenel Imaging Ltd., securing WRAP exclusive U.S. and NATO commercialization rights to TPiCore® thermal-polarimetric sensing and establishing the detection layer for WrapShield and potential future responses across every domain MIAMI, July 07, 2026 (GLOBE NEWSWIRE) — Wrap Technologies, Inc. (Nasdaq: WRAP) (“Wrap” or, the “Company”), a global public safety technology company, today launched WrapShield, an autonomous defense and public safety platform designed to detect threats earlier, orchestrate the r...",,,"1.01,8.01,9.01",Y,https://www.sec.gov/cgi-bin/browse-edgar?action=getcompany&CIK=1702924
0001683168-26-005540:ipower_ex9901.htm,iPower Inc.  (IPW)  (CIK 0001830072),2026-07-15,"EX-99.1 2 ipower_ex9901.htm PRESS RELEASE Exhibit 99.1 iPower Announces Plan to Evaluate Expansion Into AI Infrastructure Hardware Company to evaluate potential acquisition or financing of AI compute hardware, data center relationships and equipment leasing opportunities RANCHO CUCAMONGA, Calif., July 15, 2026 -- iPower Inc. (Nasdaq: IPW) (""iPower"" or the ""Company"") today announced that it plans to evaluate a potential expansion into the AI infrastructure hardware sector, including the possible acquisition or financing of AI compute hardware and related infrastructure assets. As part of this planned evaluation, the Company intends to explore opportunities involving high-performance computing equipment, data center operators and infrastructure partners that may support the deployment, hosti...",,,"8.01,9.01",Y,https://www.sec.gov/cgi-bin/browse-edgar?action=getcompany&CIK=1830072
0001663577-26-000220:ex99_2.htm,iQSTEL Inc  (IQST)  (CIK 0001527702),2026-07-16,"EX-99.2 3 ex99_2.htm PRESS RELEASE OF IQSTEL INC., DATED JULY 16, 2026 IQST - IQSTEL Reports Preliminary First-Half 2026 Revenue of $207 Million, Positioning the Company to Surpass a Half-Billion-Dollar Annual Revenue Run Rate and Exceed an $8 Million EBITDA Run Rate Preliminary first-half 2026 net revenue reached approximately $207 million, compared to $130 million in the same period of 2025, representing approximately 59% year-over-year growth. NEW YORK, NY – July 16 th , 2026 – IQSTEL Inc. (NASDAQ: IQST), a rapidly growing multinational technology company providing telecommunications, fintech, AI-powered communications, cybersecurity, and digital infrastructure services, today announced preliminary net revenue of approximately $207 million for the first six months of 2026, compared to $...",,,"2.02,8.01,9.01",Y,https://www.sec.gov/cgi-bin/browse-edgar?action=getcompany&CIK=1527702
0001193125-26-306194:d97599dex992.htm,"Array Technologies, Inc.  (ARRY)  (CIK 0001820721)",2026-07-16,"EX-99.2 4 d97599dex992.htm EX-99.2 EX-99.2 Exhibit 99.2 JULY 16, 2026 ARRAY to Acquire Affordable Wire Management(AWM) INVESTOR PRESENTATION 0 DISCLAIMER systems; failure to, or incurrence of significant costs in order to, obtain, maintain, protect, defend or enforce, our FORWARD LOOKING STATEMENTS intellectual property and other proprietary rights; delays in construction projects and any failure to manage our This presentation contains forward-looking statements that are based on our management’s beliefs and inventory; significant changes in the cost of raw materials; disruptions to transportation and logistics, including assumptions and on information currently available to our management. Forward-looking statements include increases in shipping costs; defects or performance problems in ...",,,"1.01,3.02,7.01,9.01",Y,https://www.sec.gov/cgi-bin/browse-edgar?action=getcompany&CIK=1820721
0001663577-26-000218:bpth_8k071626.htm,"BIO-PATH HOLDINGS, INC.  (BPTH)  (CIK 0001133818)",2026-07-16,"Bio-Path Holdings, Inc. - Form 8-K - April 30, 2026 false --12-31 0001133818 0001133818 2026-04-30 2026-04-30 iso4217:USD xbrli:shares iso4217:USD xbrli:shares UNITED STATES SECURITIES AND EXCHANGE COMMISSION WASHINGTON, DC 20549 FORM 8-K CURRENT REPORT PURSUANT TO SECTION 13 OR 15(d) OF THE SECURITIES EXCHANGE ACT OF 1934 Date of report (Date of earliest event reported): April 30, 2026 BIO-PATH HOLDINGS, INC. (Exact name of registrant as specified in its charter) Wyoming 001-36333 87-0652870 (State or other jurisdiction of incorporation) (Commission File Number) (IRS Employer Identification No.) 625 Stanwix St. #2407 , Pittsburgh , PA 15222 (Address of principal executive offices) (Zip Code) (630) 708-0750 (Registrant’s Telephone Number, Including Area Code) Check the appropriate box belo...",,,"3.02,5.03,7.01,8.01,9.01",Y,https://www.sec.gov/cgi-bin/browse-edgar?action=getcompany&CIK=1133818
0001213900-26-078702:ea029830101ex99-1.htm,Quantum Cyber N.V.  (QUCY)  (CIK 0001874252),2026-07-16,"EX-99.1 2 ea029830101ex99-1.htm PRESS RELEASE, DATED JULY 16, 2026 Exhibit 99.1 Quantum Cyber Completes Acquisition of U.S.-Based Manufacturing Facility in Bridgeport, Connecticut Quantum Drones Corporation Closes Purchase of the Real Property Underlying an Approximately 50,000-Square-Foot Industrial Facility; Company Now Owns a Domestic Production Site as It Advances From Technology Licensing to Vertically Integrated Autonomous Defense Manufacturing NORWALK, Connecticut, July 16, 2026 (GLOBE NEWSWIRE) -- Quantum Cyber N.V. (Nasdaq: QUCY) (“Quantum Cyber” or the “Company”), a Nasdaq-listed autonomous defense technology company assembling an AI-powered System-of-Systems platform for drone warfare, counter-UAS, and border security applications, today announced that its wholly owned subsidiar...",,,"2.01,7.01,8.01,9.01",Y,https://www.sec.gov/cgi-bin/browse-edgar?action=getcompany&CIK=1874252
0001185185-26-003010:rtbex99-1.htm,"RTB Digital, Inc.  (RTB)  (CIK 0001419275)",2026-07-17,"EX-99.1 2 rtbex99-1.htm EXHIBIT 99.1 Exhibit 99.1 Roundtable Secures Enterprise Technology Platform Partnership with Mario Nawfal, the World’s #1 Most-Viewed Journalist LONDON, July 17, 2026 - Roundtable (Nasdaq: RTB), the only AI-powered, DeFi-enabled enterprise media platform, today announced a comprehensive technology partnership with Mario Nawfal, whose content generates more than 1 billion monthly video views. Under the partnership, Roundtable will power Nawfal’s non-social digital platform, marionawfal.com, including publishing, monetization, syndication and business operations through its fully integrated technology stack. Nawfal’s legendary portfolio of exclusive, long-form interviews with global business, technology and political leaders will be distributed through his own domain ...",,,"8.01,9.01",Y,https://www.sec.gov/cgi-bin/browse-edgar?action=getcompany&CIK=1419275
0001002638-26-000058:axpressreleasejuly2026dire.htm,OPEN TEXT CORP  (OTEX)  (CIK 0001002638),2026-07-17,"EX-99.1 2 axpressreleasejuly2026dire.htm EX-99.1 Document Exhibit 99.1 OpenText Appoints Jill Larsen to Board of Directors Waterloo, ON, July 17, 2026 – Open Text Corporation (NASDAQ: OTEX), (TSX: OTEX), a global leader in data management for enterprise AI, today announced the appointment of Jill Larsen to its board of directors (the Board) effective immediately. Ms. Larsen is a seasoned executive, currently serving as Chief People Officer at Synopsys, Inc., a publicly traded global technology company and leader in engineering solutions from silicon to systems. At Synopsys, Ms. Larsen focuses on organizational strategy and talent planning, cultural vitality, employee experience, total rewards and leadership development, serving a global workforce of over 25,000 employees. Prior to Synopsys...",,,"5.02,8.01,9.01",Y,https://www.sec.gov/cgi-bin/browse-edgar?action=getcompany&CIK=1002638
0001062993-26-003712:exhibit99-1.htm,Artificial Intelligence Technology Solutions Inc.  (AITX)  (CIK 0001498148),2026-07-20,"EX-99.1 2 exhibit99-1.htm EXHIBIT 99.1 Artificial Intelligence Technology Solutions, Inc.: Exhibit 99.1 - Filed by newsfilecorp.com Exhibit 99.1 AITX's RAD Secures Additional RIO 360 Expansion Order from Global Logistics Leader Existing Enterprise Customer Adds Five More Autonomous Security Units for Midwest Deployment Detroit, Michigan, July 20, 2026 -- Artificial Intelligence Technology Solutions, Inc. (the ""Company"") ( OTCID:AITX ), a developer and operator of AI-driven security and productivity solutions for enterprise clients, today announced that its wholly owned subsidiary, Robotic Assistance Devices, Inc. (RAD), has received an order for five additional RIO 360™ autonomous solar powered security trailers from an existing enterprise customer operating in the global logistics sector....",,,"8.01,9.01",Y,https://www.sec.gov/cgi-bin/browse-edgar?action=getcompany&CIK=1498148
0001213900-26-079817:ea029855701ex99-2.htm,Rocket One Inc.  (RKTO)  (CIK 0001711786),2026-07-21,"EX-99.2 3 ea029855701ex99-2.htm PRESS RELEASE OF ROCKET ONE INC. DATED JULY 21, 2026 Exhibit 99.2 Rocket One Expands AI Infrastructure Platform Through Strategic Partnership with Placeve to Advance Defense, Space, and Intelligent Edge Computing Initial Investment and Proposed Commercial Framework Further Advance Rocket One’s AI Infrastructure Strategy; Placeve’s AI Processor Technology Is Currently Under Evaluation Through NASA’s MISSE Program HOBOKEN, N.J., July 21, 2026 /PRNewswire/ — Rocket One Inc. (Nasdaq: RKTO) (“Rocket One” or the “Company”), an AI infrastructure company focused on defense, space and intelligent edge computing, today announced a strategic collaboration with Placeve Inc., an innovator in energy-efficient artificial intelligence processors and hardware platforms, furt...",,,"8.01,9.01",Y,https://www.sec.gov/cgi-bin/browse-edgar?action=getcompany&CIK=1711786
0001552781-26-000390:e26303_ex2-1.htm,PROGRESS SOFTWARE CORP /MA  (PRGS)  (CIK 0000876167),2026-07-22,"EX-2.1 2 e26303_ex2-1.htm Exhibit 2.1 ASSET PURCHASE AGREEMENT by and between PROGRESS SOFTWARE CORPORATION , as Buyer, and DOMO, INC. , as Seller, Dated as of July 22, 2026 TABLE OF CONTENTS Page ARTICLE I DEFINITIONS 1 Section 1.1 Definitions 1 ARTICLE II PURCHASE AND SALE OF PURCHASED ASSETS 2 Section 2.1 Purchase and Sale of Purchased Assets 2 Section 2.2 Excluded Assets 3 Section 2.3 Transfer and Assumption of Assumed Liabilities 4 Section 2.4 Excluded Liabilities 6 Section 2.5 Purchase Price; Purchase Price Adjustments 9 Section 2.6 Purchase Price Allocation 12 Section 2.7 Consents from Third Parties 13 Section 2.8 Withholding 14 ARTICLE III THE CLOSING 15 Section 3.1 The Closing 15 Section 3.2 Closing Transactions; Deliverables 15 ARTICLE IV REPRESENTATIONS AND WARRANTIES OF THE SEL...",,,"1.01,2.02,7.01,9.01",Y,https://www.sec.gov/cgi-bin/browse-edgar?action=getcompany&CIK=876167
0001213900-26-080405:ea029894001ex99-1.htm,"Myseum.AI, Inc.  (MYSE, MYSEW)  (CIK 0001648960)",2026-07-22,"EX-99.1 2 ea029894001ex99-1.htm PRESS RELEASE DATED JULY 22, 2026 Exhibit 99.1 Amazon Web Services Funds Myseum.AI’s Privacy-First AI Media Album Creation Agent for the Picture Party Social Media Platform Caylent Named Development Partner to Lead AWS-Native Build NEW BRUNSWICK, N.J., July 22, 2026 (GLOBE NEWSWIRE) – Myseum.AI, Inc. (Nasdaq: MYSE) (“Myseum.AI” or the “Company”), a privacy-first agentic AI and social media technology company, today announced that Amazon Web Services (“AWS”) has committed to fund a portion of the development of the Company’s privacy-first AI album creation and media management tool for its Picture Party social media platform. The AWS-backed initiative, in collaboration with Caylent, an AWS Premier Partner, supports Myseum.AI's expanded development of propriet...",,,"8.01,9.01",Y,https://www.sec.gov/cgi-bin/browse-edgar?action=getcompany&CIK=1648960
0001213900-26-080405:ea029894001ex99-1.htm,"Myseum.AI, Inc.  (MYSE, MYSEW)  (CIK 0001648960)",2026-07-22,"EX-99.1 2 ea029894001ex99-1.htm PRESS RELEASE DATED JULY 22, 2026 Exhibit 99.1 Amazon Web Services Funds Myseum.AI’s Privacy-First AI Media Album Creation Agent for the Picture Party Social Media Platform Caylent Named Development Partner to Lead AWS-Native Build NEW BRUNSWICK, N.J., July 22, 2026 (GLOBE NEWSWIRE) – Myseum.AI, Inc. (Nasdaq: MYSE) (“Myseum.AI” or the “Company”), a privacy-first agentic AI and social media technology company, today announced that Amazon Web Services (“AWS”) has committed to fund a portion of the development of the Company’s privacy-first AI album creation and media management tool for its Picture Party social media platform. The AWS-backed initiative, in collaboration with Caylent, an AWS Premier Partner, supports Myseum.AI's expanded development of propriet...",,,"8.01,9.01",Y,https://www.sec.gov/cgi-bin/browse-edgar?action=getcompany&CIK=1648960
0001617242-26-000017:krny-20260723xexx992xfin.htm,Kearny Financial Corp.  (KRNY)  (CIK 0001617242),2026-07-23,"EX-99.2 3 krny-20260723xexx992xfin.htm EX-99.2 krny-20260723xexx992xfin July 23, 2026 I N V E S T O R P R E S E N T A T I O N F O U R T H Q U A R T E R F I S C A L 2 0 2 6 Exhibit 99.2 Forward Looking Statements & Financial Measures 2 This presentation may include certain “forward-looking statements,” which are made in good faith by Kearny Financial Corp. (the “Company”) pursuant to the “safe harbor” provisions of the Private Securities Litigation Reform Act of 1995. These forward-looking statements are subject to risks and uncertainties, such as statements of the Company’s plans, objectives, expectations, estimates and intentions that are subject to change based on various important factors (some of which are beyond the Company’s control). In addition to the factors described under Item 1...",,,"2.02,7.01,8.01,9.01",Y,https://www.sec.gov/cgi-bin/browse-edgar?action=getcompany&CIK=1617242
