query,cik,company_name,form_type,file_date,accession_no,adsh,file_name,is_genuine_ai_event,announcement_type,confounding_event_flag,trading_halt_flag,sufficient_history_flag,exclude_reason,filing_url,screener_notes,ticker
"""machine learning investment""",1144879,"Applied Blockchain, Inc.  (APLD)  (CIK 0001144879)",8-K,2023-01-10,0001144879-23-000026:apldjanuarypresentation1.htm,0001144879-23-000026,,,,,,,,https://www.sec.gov/cgi-bin/browse-edgar?action=getcompany&CIK=1144879,,APLD
"""large language model""",1822145,"Presto Automation Inc.  (PRST, PRSTW)  (CIK 0001822145)",8-K,2023-01-11,0001558370-23-000205:prst-20230110xex99d1.htm,0001558370-23-000205,,,,,,,,https://www.sec.gov/cgi-bin/browse-edgar?action=getcompany&CIK=1822145,,
"""generative AI""",1549346,"Shutterstock, Inc.  (SSTK)  (CIK 0001549346)",8-K,2023-02-09,0001549346-23-000008:a2022-q4_exx991xpressrelea.htm,0001549346-23-000008,,,,,,,,https://www.sec.gov/cgi-bin/browse-edgar?action=getcompany&CIK=1549346,,SSTK
"""generative AI""",1066194,EGAIN Corp  (EGAN)  (CIK 0001066194),8-K,2023-02-14,0001558370-23-001272:egan-20230214xex99d1.htm,0001558370-23-001272,,,,,,,,https://www.sec.gov/cgi-bin/browse-edgar?action=getcompany&CIK=1066194,,EGAN
"""generative AI""",1627475,"UPWORK, INC  (UPWK)  (CIK 0001627475)",8-K,2023-02-15,0001627475-23-000004:final_q4fy22upworkshareh.htm,0001627475-23-000004,,,,,,,,https://www.sec.gov/cgi-bin/browse-edgar?action=getcompany&CIK=1627475,,UPWK
"""generative AI""",1045810,NVIDIA CORP  (NVDA)  (CIK 0001045810),8-K,2023-02-22,0001045810-23-000014:q4fy23pr.htm,0001045810-23-000014,,,,,,,,https://www.sec.gov/cgi-bin/browse-edgar?action=getcompany&CIK=1045810,,NVDA
"""generative AI""",903651,INNODATA INC  (INOD)  (CIK 0000903651),8-K,2023-02-23,0001104659-23-024789:tm237336d1_ex99-1.htm,0001104659-23-024789,,,,,,,,https://www.sec.gov/cgi-bin/browse-edgar?action=getcompany&CIK=903651,,INOD
"""generative AI""",1840502,"Taboola.com Ltd.  (TBLA, TBLAW)  (CIK 0001840502)",8-K,2023-02-24,0001140361-23-008422:brhc10048659_ex99-2.htm,0001140361-23-008422,,,,,,,,https://www.sec.gov/cgi-bin/browse-edgar?action=getcompany&CIK=1840502,,TBLA
"""generative AI""",1766363,"Endeavor Group Holdings, Inc.  (EDR)  (CIK 0001766363)",8-K,2023-02-28,0001193125-23-053832:d464297dex991.htm,0001193125-23-053832,,,,,,,,https://www.sec.gov/cgi-bin/browse-edgar?action=getcompany&CIK=1766363,,
"""generative AI""",1562088,"Duolingo, Inc.  (DUOL)  (CIK 0001562088)",8-K,2023-02-28,0001562088-23-000050:q4fy22pressrelease.htm,0001562088-23-000050,,,,,,,,https://www.sec.gov/cgi-bin/browse-edgar?action=getcompany&CIK=1562088,,DUOL
"""generative AI""",1549346,"Shutterstock, Inc.  (SSTK)  (CIK 0001549346)",8-K,2023-02-28,0001549346-23-000013:investorday2023final.htm,0001549346-23-000013,,,,,,,,https://www.sec.gov/cgi-bin/browse-edgar?action=getcompany&CIK=1549346,,SSTK
"""generative AI""",1840502,"Taboola.com Ltd.  (TBLA, TBLAW)  (CIK 0001840502)",8-K,2023-03-01,0001140361-23-009299:brhc10048919_ex99-1.htm,0001140361-23-009299,,,,,,,,https://www.sec.gov/cgi-bin/browse-edgar?action=getcompany&CIK=1840502,,TBLA
"""generative AI""",1615165,"Veritone, Inc.  (VERI)  (CIK 0001615165)",8-K,2023-03-02,0000950170-23-005822:veri-ex99_1.htm,0000950170-23-005822,,,,,,,,https://www.sec.gov/cgi-bin/browse-edgar?action=getcompany&CIK=1615165,,VERI
"""generative AI""",876883,Stagwell Inc  (STGW)  (CIK 0000876883),8-K,2023-03-02,0000876883-23-000004:stagwell4q22earningspres.htm,0000876883-23-000004,,,,,,,,https://www.sec.gov/cgi-bin/browse-edgar?action=getcompany&CIK=876883,,STGW
"""generative AI""",1577526,"C3.ai, Inc.  (AI)  (CIK 0001577526)",8-K,2023-03-02,0001628280-23-006047:ex991-fy23xq3earnings.htm,0001628280-23-006047,,,,,,,,https://www.sec.gov/cgi-bin/browse-edgar?action=getcompany&CIK=1577526,,AI
"""generative AI""",1840856,"SOUNDHOUND AI, INC.  (SOUN, SOUNW)  (CIK 0001840856)",8-K,2023-03-07,0001840856-23-000014:soun-20230307ex9911.htm,0001840856-23-000014,,,,,,,,https://www.sec.gov/cgi-bin/browse-edgar?action=getcompany&CIK=1840856,,SOUN
"""generative AI""",1840856,"SOUNDHOUND AI, INC.  (SOUN, SOUNW)  (CIK 0001840856)",8-K,2023-03-07,0001840856-23-000014:soun-20230307ex9911.htm,0001840856-23-000014,,,,,,,,https://www.sec.gov/cgi-bin/browse-edgar?action=getcompany&CIK=1840856,,SOUNW
"""generative AI""",1614178,"Yext, Inc.  (YEXT)  (CIK 0001614178)",8-K,2023-03-07,0001614178-23-000006:ex991q4fy23earningsrelease.htm,0001614178-23-000006,,,,,,,,https://www.sec.gov/cgi-bin/browse-edgar?action=getcompany&CIK=1614178,,YEXT
"""AI acquisition""",1807707,"AppHarvest, Inc.  (CIK 0001807707)",8-K,2023-03-09,0001807707-23-000027:exhibit99q42022earningsrel.htm,0001807707-23-000027,,,,,,,,https://www.sec.gov/cgi-bin/browse-edgar?action=getcompany&CIK=1807707,,
"""generative AI""",1807166,Amesite Inc.  (AMST)  (CIK 0001807166),8-K,2023-03-10,0001213900-23-019185:ea175024ex99-1_amesite.htm,0001213900-23-019185,,,,,,,,https://www.sec.gov/cgi-bin/browse-edgar?action=getcompany&CIK=1807166,,AMST
"""generative AI""",1667313,"Zedge, Inc.  (ZDGE)  (CIK 0001667313)",8-K,2023-03-15,0001213900-23-020317:ea175253ex99-1_zedge.htm,0001213900-23-020317,,,,,,,,https://www.sec.gov/cgi-bin/browse-edgar?action=getcompany&CIK=1667313,,ZDGE
"""large language model""",1822145,"Presto Automation Inc.  (PRST, PRSTW)  (CIK 0001822145)",8-K,2023-03-15,0001558370-23-003807:prst-20230315xex99d1.htm,0001558370-23-003807,,,,,,,,https://www.sec.gov/cgi-bin/browse-edgar?action=getcompany&CIK=1822145,,
"""generative AI""",1822145,"Presto Automation Inc.  (PRST, PRSTW)  (CIK 0001822145)",8-K,2023-03-30,0001558370-23-005017:prst-20230324xex99d1.htm,0001558370-23-005017,,,,,,,,https://www.sec.gov/cgi-bin/browse-edgar?action=getcompany&CIK=1822145,,
"""generative AI""",1672688,Absci Corp  (ABSI)  (CIK 0001672688),8-K,2023-03-30,0001628280-23-009897:exhibit991-2022q410xkpr.htm,0001628280-23-009897,,,,,,,,https://www.sec.gov/cgi-bin/browse-edgar?action=getcompany&CIK=1672688,,ABSI
"""generative AI""",1120970,Comstock Inc.  (LODE)  (CIK 0001120970),8-K,2023-04-11,0001120970-23-000023:exhibit991pressreleaseapri.htm,0001120970-23-000023,,,,,,,,https://www.sec.gov/cgi-bin/browse-edgar?action=getcompany&CIK=1120970,,LODE
"""generative AI""",1018724,AMAZON COM INC  (AMZN)  (CIK 0001018724),8-K,2023-04-13,0001104659-23-044715:tm233697d3_ex99-1.htm,0001104659-23-044715,,,,,,,,https://www.sec.gov/cgi-bin/browse-edgar?action=getcompany&CIK=1018724,,AMZN
"""generative AI""",1840856,"SOUNDHOUND AI, INC.  (SOUN, SOUNW)  (CIK 0001840856)",8-K,2023-04-17,0001213900-23-030044:ea176992ex99-1_soundhound.htm,0001213900-23-030044,,,,,,,,https://www.sec.gov/cgi-bin/browse-edgar?action=getcompany&CIK=1840856,,SOUN
"""generative AI""",1840856,"SOUNDHOUND AI, INC.  (SOUN, SOUNW)  (CIK 0001840856)",8-K,2023-04-17,0001213900-23-030044:ea176992ex99-1_soundhound.htm,0001213900-23-030044,,,,,,,,https://www.sec.gov/cgi-bin/browse-edgar?action=getcompany&CIK=1840856,,SOUNW
"""generative AI""",1364954,"CHEGG, INC  (CHGG)  (CIK 0001364954)",8-K,2023-04-17,0001364954-23-000049:a9901-0417238xk.htm,0001364954-23-000049,,,,,,,,https://www.sec.gov/cgi-bin/browse-edgar?action=getcompany&CIK=1364954,,CHGG
"""AI partnership""",29989,OMNICOM GROUP INC.  (OMC)  (CIK 0000029989),8-K,2023-04-18,0000029989-23-000010:a2023q1investorpresentat.htm,0000029989-23-000010,,,,,,,,https://www.sec.gov/cgi-bin/browse-edgar?action=getcompany&CIK=29989,,OMC
"""generative AI""",51143,INTERNATIONAL BUSINESS MACHINES CORP  (IBM)  (CIK 0000051143),8-K,2023-04-20,0001558370-23-006321:ibm-20230419xex99d1.htm,0001558370-23-006321,,,,,,,,https://www.sec.gov/cgi-bin/browse-edgar?action=getcompany&CIK=51143,,IBM
"""generative AI""",813672,CADENCE DESIGN SYSTEMS INC  (CDNS)  (CIK 0000813672),8-K,2023-04-24,0000813672-23-000024:cdns04242023ex9901.htm,0000813672-23-000024,,,,,,,,https://www.sec.gov/cgi-bin/browse-edgar?action=getcompany&CIK=813672,,CDNS
"""generative AI""",1549346,"Shutterstock, Inc.  (SSTK)  (CIK 0001549346)",8-K,2023-04-25,0001549346-23-000020:a2023-q1_exx991xpressrelea.htm,0001549346-23-000020,,,,,,,,https://www.sec.gov/cgi-bin/browse-edgar?action=getcompany&CIK=1549346,,SSTK
"""generative AI""",1326801,"Meta Platforms, Inc.  (META)  (CIK 0001326801)",8-K,2023-04-26,0001326801-23-000063:meta03312023-exhibit991.htm,0001326801-23-000063,,,,,,,,https://www.sec.gov/cgi-bin/browse-edgar?action=getcompany&CIK=1326801,,META
"""generative AI""",1120970,Comstock Inc.  (LODE)  (CIK 0001120970),8-K,2023-04-26,0001120970-23-000029:exhibit9912023-04x26_cix25.htm,0001120970-23-000029,,,,,,,,https://www.sec.gov/cgi-bin/browse-edgar?action=getcompany&CIK=1120970,,LODE
"""generative AI""",1564408,Snap Inc  (SNAP)  (CIK 0001564408),8-K,2023-04-27,0001564408-23-000024:snapincinvestorletterq12.htm,0001564408-23-000024,,,,,,,,https://www.sec.gov/cgi-bin/browse-edgar?action=getcompany&CIK=1564408,,SNAP
"""generative AI""",1689923,"Alteryx, Inc.  (CIK 0001689923)",8-K,2023-04-27,0001689923-23-000032:ayxex99203312023.htm,0001689923-23-000032,,,,,,,,https://www.sec.gov/cgi-bin/browse-edgar?action=getcompany&CIK=1689923,,
"""generative AI""",1018724,AMAZON COM INC  (AMZN)  (CIK 0001018724),8-K,2023-04-27,0001018724-23-000006:amzn-20230331xex991.htm,0001018724-23-000006,,,,,,,,https://www.sec.gov/cgi-bin/browse-edgar?action=getcompany&CIK=1018724,,AMZN
"""generative AI""",1651562,"Coursera, Inc.  (COUR)  (CIK 0001651562)",8-K,2023-04-27,0001651562-23-000003:cour-20230331xexx991.htm,0001651562-23-000003,,,,,,,,https://www.sec.gov/cgi-bin/browse-edgar?action=getcompany&CIK=1651562,,COUR
"""generative AI""",1868640,"Vahanna Tech Edge Acquisition I Corp.  (RDZN, RDZNW)  (CIK 0001868640)",8-K,2023-04-27,0001193125-23-121243:d502176dex991.htm,0001193125-23-121243,,,,,,,,https://www.sec.gov/cgi-bin/browse-edgar?action=getcompany&CIK=1868640,,RDZN
"""generative AI""",1868640,"Vahanna Tech Edge Acquisition I Corp.  (RDZN, RDZNW)  (CIK 0001868640)",8-K,2023-04-27,0001193125-23-121243:d502176dex991.htm,0001193125-23-121243,,,,,,,,https://www.sec.gov/cgi-bin/browse-edgar?action=getcompany&CIK=1868640,,RDZNW
"""generative AI""",1364954,"CHEGG, INC  (CHGG)  (CIK 0001364954)",8-K,2023-05-01,0001364954-23-000067:a9901-financialresultsq120.htm,0001364954-23-000067,,,,,,,,https://www.sec.gov/cgi-bin/browse-edgar?action=getcompany&CIK=1364954,,CHGG
"""generative AI""",1794515,ZoomInfo Technologies Inc.  (ZI)  (CIK 0001794515),8-K,2023-05-01,0001794515-23-000079:zi-8kex991x20230501.htm,0001794515-23-000079,,,,,,,,https://www.sec.gov/cgi-bin/browse-edgar?action=getcompany&CIK=1794515,,GTM
"""generative AI""",1805521,"FARADAY FUTURE INTELLIGENT ELECTRIC INC.  (FFIE, FFIEW)  (CIK 0001805521)",8-K,2023-05-02,0001213900-23-035687:ea177898-8k_faraday.htm,0001213900-23-035687,,,,,,,,https://www.sec.gov/cgi-bin/browse-edgar?action=getcompany&CIK=1805521,,FFAI
"""generative AI""",1805521,"FARADAY FUTURE INTELLIGENT ELECTRIC INC.  (FFIE, FFIEW)  (CIK 0001805521)",8-K,2023-05-02,0001213900-23-035687:ea177898-8k_faraday.htm,0001213900-23-035687,,,,,,,,https://www.sec.gov/cgi-bin/browse-edgar?action=getcompany&CIK=1805521,,FFAIW
"""generative AI""",827052,EDISON INTERNATIONAL  (EIX)  (CIK 0000827052),8-K,2023-05-02,0000827052-23-000036:eix-20230502xex99d2.htm,0000827052-23-000036,,,,,,,,https://www.sec.gov/cgi-bin/browse-edgar?action=getcompany&CIK=827052,,EIX
"""generative AI""",51644,"INTERPUBLIC GROUP OF COMPANIES, INC.  (IPG)  (CIK 0000051644)",8-K,2023-05-02,0000051644-23-000019:earningscalltranscript1q.htm,0000051644-23-000019,,,,,,,,https://www.sec.gov/cgi-bin/browse-edgar?action=getcompany&CIK=51644,,
"""generative AI""",1404655,HUBSPOT INC  (HUBS)  (CIK 0001404655),8-K,2023-05-03,0000950170-23-017202:hubs-ex99_1.htm,0000950170-23-017202,,,,,,,,https://www.sec.gov/cgi-bin/browse-edgar?action=getcompany&CIK=1404655,,HUBS
"""generative artificial intelligence""",1617640,"ZILLOW GROUP, INC.  (Z, ZG)  (CIK 0001617640)",8-K,2023-05-03,0001617640-23-000065:exhibit993.htm,0001617640-23-000065,,,,,,,,https://www.sec.gov/cgi-bin/browse-edgar?action=getcompany&CIK=1617640,,ZG
"""generative artificial intelligence""",1617640,"ZILLOW GROUP, INC.  (Z, ZG)  (CIK 0001617640)",8-K,2023-05-03,0001617640-23-000065:exhibit993.htm,0001617640-23-000065,,,,,,,,https://www.sec.gov/cgi-bin/browse-edgar?action=getcompany&CIK=1617640,,Z
"""generative AI""",1627475,"UPWORK, INC  (UPWK)  (CIK 0001627475)",8-K,2023-05-03,0001627475-23-000030:final_q123upworksharehol.htm,0001627475-23-000030,,,,,,,,https://www.sec.gov/cgi-bin/browse-edgar?action=getcompany&CIK=1627475,,UPWK
"""generative AI""",1828108,"Aurora Innovation, Inc.  (AUR, AUROW)  (CIK 0001828108)",8-K,2023-05-03,0001828108-23-000079:aurora-1q23xshareholder_.htm,0001828108-23-000079,,,,,,,,https://www.sec.gov/cgi-bin/browse-edgar?action=getcompany&CIK=1828108,,AUR
"""generative AI""",1828108,"Aurora Innovation, Inc.  (AUR, AUROW)  (CIK 0001828108)",8-K,2023-05-03,0001828108-23-000079:aurora-1q23xshareholder_.htm,0001828108-23-000079,,,,,,,,https://www.sec.gov/cgi-bin/browse-edgar?action=getcompany&CIK=1828108,,AUROW
"""generative AI""",1691421,"Lemonade, Inc.  (LMND, LMND-WT)  (CIK 0001691421)",8-K,2023-05-03,0001691421-23-000051:lmndshareholderletterq12.htm,0001691421-23-000051,,,,,,,,https://www.sec.gov/cgi-bin/browse-edgar?action=getcompany&CIK=1691421,,LMND
"""generative AI""",1512673,"Block, Inc.  (SQ, BSQKZ)  (CIK 0001512673)",8-K,2023-05-04,0001193125-23-135928:d440104dex991.htm,0001193125-23-135928,,,,,,,,https://www.sec.gov/cgi-bin/browse-edgar?action=getcompany&CIK=1512673,,XYZ
"""generative AI""",1512673,"Block, Inc.  (SQ, BSQKZ)  (CIK 0001512673)",8-K,2023-05-04,0001193125-23-135928:d440104dex991.htm,0001193125-23-135928,,,,,,,,https://www.sec.gov/cgi-bin/browse-edgar?action=getcompany&CIK=1512673,,BSQKZ
"""generative AI""",1829953,Corner Growth Acquisition Corp.  (CIK 0001829953),8-K,2023-05-04,0001193125-23-135097:d419280dex991.htm,0001193125-23-135097,,,,,,,,https://www.sec.gov/cgi-bin/browse-edgar?action=getcompany&CIK=1829953,,
"""generative AI""",829323,"Inuvo, Inc.  (INUV)  (CIK 0000829323)",8-K,2023-05-04,0000829323-23-000020:inuv-20230504.htm,0000829323-23-000020,,,,,,,,https://www.sec.gov/cgi-bin/browse-edgar?action=getcompany&CIK=829323,,INUV
"""generative AI""",1851003,Zeta Global Holdings Corp.  (ZETA)  (CIK 0001851003),8-K,2023-05-04,0000950170-23-017834:zeta-ex99_1.htm,0000950170-23-017834,,,,,,,,https://www.sec.gov/cgi-bin/browse-edgar?action=getcompany&CIK=1851003,,ZETA
"""generative AI""",1650372,Atlassian Corp  (TEAM)  (CIK 0001650372),8-K,2023-05-04,0001650372-23-000021:teamq32023shareholderlet.htm,0001650372-23-000021,,,,,,,,https://www.sec.gov/cgi-bin/browse-edgar?action=getcompany&CIK=1650372,,TEAM
"""generative AI""",1387467,ALPHA & OMEGA SEMICONDUCTOR Ltd  (AOSL)  (CIK 0001387467),8-K,2023-05-04,0001157523-23-000740:a53393401ex99_2.htm,0001157523-23-000740,,,,,,,,https://www.sec.gov/cgi-bin/browse-edgar?action=getcompany&CIK=1387467,,AOSL
"""generative AI""",1591698,Paylocity Holding Corp  (PCTY)  (CIK 0001591698),8-K,2023-05-04,0001591698-23-000061:pcty-20230504xex991.htm,0001591698-23-000061,,,,,,,,https://www.sec.gov/cgi-bin/browse-edgar?action=getcompany&CIK=1591698,,PCTY
"""generative AI""",1743725,"GRID DYNAMICS HOLDINGS, INC.  (GDYN)  (CIK 0001743725)",8-K,2023-05-04,0001628280-23-015711:grid-20230504xex991.htm,0001628280-23-015711,,,,,,,,https://www.sec.gov/cgi-bin/browse-edgar?action=getcompany&CIK=1743725,,GDYN
"""generative AI""",1609711,GoDaddy Inc.  (GDDY)  (CIK 0001609711),8-K,2023-05-04,0001609711-23-000080:gddyex991-20230331xq1earni.htm,0001609711-23-000080,,,,,,,,https://www.sec.gov/cgi-bin/browse-edgar?action=getcompany&CIK=1609711,,GDDY
"""generative AI""",1831840,"SEMrush Holdings, Inc.  (SEMR)  (CIK 0001831840)",8-K,2023-05-08,0001628280-23-016447:semrush8-kexhibit991q12023.htm,0001628280-23-016447,,,,,,,,https://www.sec.gov/cgi-bin/browse-edgar?action=getcompany&CIK=1831840,,
"""generative AI""",1601830,"RECURSION PHARMACEUTICALS, INC.  (RXRX)  (CIK 0001601830)",8-K,2023-05-08,0001601830-23-000021:ex991cyclicaandvalencepres.htm,0001601830-23-000021,,,,,,,,https://www.sec.gov/cgi-bin/browse-edgar?action=getcompany&CIK=1601830,,RXRX
"""generative AI""",1829864,"TaskUs, Inc.  (TASK)  (CIK 0001829864)",8-K,2023-05-08,0001829864-23-000060:earningsreleaseex991q12023.htm,0001829864-23-000060,,,,,,,,https://www.sec.gov/cgi-bin/browse-edgar?action=getcompany&CIK=1829864,,TASK
"""generative AI""",1819404,Nerdy Inc.  (NRDY)  (CIK 0001819404),8-K,2023-05-09,0001193125-23-139405:d469463dex991.htm,0001193125-23-139405,,,,,,,,https://www.sec.gov/cgi-bin/browse-edgar?action=getcompany&CIK=1819404,,NRDY
"""generative AI""",876883,Stagwell Inc  (STGW)  (CIK 0000876883),8-K,2023-05-09,0000876883-23-000015:stagwell1q23earningspres.htm,0000876883-23-000015,,,,,,,,https://www.sec.gov/cgi-bin/browse-edgar?action=getcompany&CIK=876883,,STGW
"""generative AI""",1846069,"Nextdoor Holdings, Inc.  (KIND)  (CIK 0001846069)",8-K,2023-05-09,0001846069-23-000027:exhibit991-8xkxshareholder.htm,0001846069-23-000027,,,,,,,,https://www.sec.gov/cgi-bin/browse-edgar?action=getcompany&CIK=1846069,,NXDR
"""generative AI""",1768267,Cerence Inc.  (CRNC)  (CIK 0001768267),8-K,2023-05-09,0000950170-23-019126:crnc-ex99_1.htm,0000950170-23-019126,,,,,,,,https://www.sec.gov/cgi-bin/browse-edgar?action=getcompany&CIK=1768267,,CRNC
"""generative AI""",1562088,"Duolingo, Inc.  (DUOL)  (CIK 0001562088)",8-K,2023-05-09,0001562088-23-000101:duolingo_q1-2023xshareho.htm,0001562088-23-000101,,,,,,,,https://www.sec.gov/cgi-bin/browse-edgar?action=getcompany&CIK=1562088,,DUOL
"""generative AI""",1384905,"RingCentral, Inc.  (RNG)  (CIK 0001384905)",8-K,2023-05-09,0001384905-23-000022:rng-20230331x8kxex991.htm,0001384905-23-000022,,,,,,,,https://www.sec.gov/cgi-bin/browse-edgar?action=getcompany&CIK=1384905,,RNG
"""generative AI""",1102993,LIVEPERSON INC  (LPSN)  (CIK 0001102993),8-K,2023-05-09,0001102993-23-000046:ex991pressreleaseq12023.htm,0001102993-23-000046,,,,,,,,https://www.sec.gov/cgi-bin/browse-edgar?action=getcompany&CIK=1102993,,LPSN
"""generative AI""",1110611,ON24 INC.  (ONTF)  (CIK 0001110611),8-K,2023-05-09,0001110611-23-000016:ontf-2023q1exx991.htm,0001110611-23-000016,,,,,,,,https://www.sec.gov/cgi-bin/browse-edgar?action=getcompany&CIK=1110611,,
"""generative AI""",1764046,CLARIVATE Plc  (CLVT)  (CIK 0001764046),8-K,2023-05-09,0001764046-23-000069:ex992q12023supplementald.htm,0001764046-23-000069,,,,,,,,https://www.sec.gov/cgi-bin/browse-edgar?action=getcompany&CIK=1764046,,CLVT
"""generative AI""",1447669,TWILIO INC  (TWLO)  (CIK 0001447669),8-K,2023-05-09,0001447669-23-000099:twloq123ex991.htm,0001447669-23-000099,,,,,,,,https://www.sec.gov/cgi-bin/browse-edgar?action=getcompany&CIK=1447669,,TWLO
"""generative AI""",1398659,Genpact LTD  (G)  (CIK 0001398659),8-K,2023-05-10,0001398659-23-000016:genpactltdexhibit99121.htm,0001398659-23-000016,,,,,,,,https://www.sec.gov/cgi-bin/browse-edgar?action=getcompany&CIK=1398659,,G
"""generative AI""",1840502,"Taboola.com Ltd.  (TBLA, TBLAW)  (CIK 0001840502)",8-K,2023-05-10,0001140361-23-023785:brhc20052396_ex99-1.htm,0001140361-23-023785,,,,,,,,https://www.sec.gov/cgi-bin/browse-edgar?action=getcompany&CIK=1840502,,TBLA
"""generative AI""",1754820,"Desktop Metal, Inc.  (DM)  (CIK 0001754820)",8-K,2023-05-10,0001558370-23-009097:dm-20230510xex99d1.htm,0001558370-23-009097,,,,,,,,https://www.sec.gov/cgi-bin/browse-edgar?action=getcompany&CIK=1754820,,
"""generative AI""",1490281,"Groupon, Inc.  (GRPN)  (CIK 0001490281)",8-K,2023-05-10,0001490281-23-000054:a2023q1shareholderletter.htm,0001490281-23-000054,,,,,,,,https://www.sec.gov/cgi-bin/browse-edgar?action=getcompany&CIK=1490281,,GRPN
"""generative AI""",1810806,Unity Software Inc.  (U)  (CIK 0001810806),8-K,2023-05-10,0001810806-23-000057:a2023q1shareholderletter.htm,0001810806-23-000057,,,,,,,,https://www.sec.gov/cgi-bin/browse-edgar?action=getcompany&CIK=1810806,,U
"""generative AI""",1023731,8X8 INC /DE/  (EGHT)  (CIK 0001023731),8-K,2023-05-11,0001023731-23-000048:a8-kexhibit99133123.htm,0001023731-23-000048,,,,,,,,https://www.sec.gov/cgi-bin/browse-edgar?action=getcompany&CIK=1023731,,EGHT
"""generative AI""",1840856,"SOUNDHOUND AI, INC.  (SOUN, SOUNW)  (CIK 0001840856)",8-K,2023-05-11,0001840856-23-000025:soun-20230331ex991.htm,0001840856-23-000025,,,,,,,,https://www.sec.gov/cgi-bin/browse-edgar?action=getcompany&CIK=1840856,,SOUN
"""generative AI""",1840856,"SOUNDHOUND AI, INC.  (SOUN, SOUNW)  (CIK 0001840856)",8-K,2023-05-11,0001840856-23-000025:soun-20230331ex991.htm,0001840856-23-000025,,,,,,,,https://www.sec.gov/cgi-bin/browse-edgar?action=getcompany&CIK=1840856,,SOUNW
"""generative AI""",790526,"RadNet, Inc.  (RDNT)  (CIK 0000790526)",8-K,2023-05-11,0001683168-23-003132:radnet_ex9902.htm,0001683168-23-003132,,,,,,,,https://www.sec.gov/cgi-bin/browse-edgar?action=getcompany&CIK=790526,,RDNT
"""generative AI""",1807166,Amesite Inc.  (AMST)  (CIK 0001807166),8-K,2023-05-11,0001213900-23-038518:ea178402ex99-1_amesite.htm,0001213900-23-038518,,,,,,,,https://www.sec.gov/cgi-bin/browse-edgar?action=getcompany&CIK=1807166,,AMST
"""generative AI""",1039280,NETSOL TECHNOLOGIES INC  (NTWK)  (CIK 0001039280),8-K,2023-05-12,0001493152-23-016484:ex99-1.htm,0001493152-23-016484,,,,,,,,https://www.sec.gov/cgi-bin/browse-edgar?action=getcompany&CIK=1039280,,NTWK
"""generative AI""",1805521,"FARADAY FUTURE INTELLIGENT ELECTRIC INC.  (FFIE, FFIEW)  (CIK 0001805521)",8-K,2023-05-12,0001213900-23-038689:ea178438ex99-3_faraday.htm,0001213900-23-038689,,,,,,,,https://www.sec.gov/cgi-bin/browse-edgar?action=getcompany&CIK=1805521,,FFAI
"""generative AI""",1805521,"FARADAY FUTURE INTELLIGENT ELECTRIC INC.  (FFIE, FFIEW)  (CIK 0001805521)",8-K,2023-05-12,0001213900-23-038689:ea178438ex99-3_faraday.htm,0001213900-23-038689,,,,,,,,https://www.sec.gov/cgi-bin/browse-edgar?action=getcompany&CIK=1805521,,FFAIW
"""generative AI""",903651,INNODATA INC  (INOD)  (CIK 0000903651),8-K,2023-05-12,0001104659-23-059239:tm2313960d1_ex99-1.htm,0001104659-23-059239,,,,,,,,https://www.sec.gov/cgi-bin/browse-edgar?action=getcompany&CIK=903651,,INOD
"""large language model""",1144879,Applied Digital Corp.  (APLD)  (CIK 0001144879),8-K,2023-05-15,0001144879-23-000123:apld-20230515.htm,0001144879-23-000123,,,,,,,,https://www.sec.gov/cgi-bin/browse-edgar?action=getcompany&CIK=1144879,,APLD
"""generative AI""",1672688,Absci Corp  (ABSI)  (CIK 0001672688),8-K,2023-05-15,0001628280-23-018159:exhibit991-2023q110xqpr.htm,0001628280-23-018159,,,,,,,,https://www.sec.gov/cgi-bin/browse-edgar?action=getcompany&CIK=1672688,,ABSI
"""generative AI""",1577526,"C3.ai, Inc.  (AI)  (CIK 0001577526)",8-K,2023-05-15,0001628280-23-017993:may15announcement.htm,0001628280-23-017993,,,,,,,,https://www.sec.gov/cgi-bin/browse-edgar?action=getcompany&CIK=1577526,,AI
"""generative AI""",1826671,"Near Intelligence, Inc.  (CIK 0001826671)",8-K,2023-05-15,0001213900-23-039811:ea178558ex99-1_nearintell.htm,0001213900-23-039811,,,,,,,,https://www.sec.gov/cgi-bin/browse-edgar?action=getcompany&CIK=1826671,,
"""machine learning investment""",1144879,Applied Digital Corp.  (APLD)  (CIK 0001144879),8-K,2023-05-16,0001144879-23-000136:irdeck51623v3.htm,0001144879-23-000136,,,,,,,,https://www.sec.gov/cgi-bin/browse-edgar?action=getcompany&CIK=1144879,,APLD
"""large language model""",1498148,Artificial Intelligence Technology Solutions Inc.  (AITX)  (CIK 0001498148),8-K,2023-05-19,0001493152-23-018233:ex99-1.htm,0001493152-23-018233,,,,,,,,https://www.sec.gov/cgi-bin/browse-edgar?action=getcompany&CIK=1498148,,AITX
"""large language model""",19617,"JPMORGAN CHASE & CO  (JPM, AMJB, JPM-PC, JPM-PD, JPM-PJ, JPM-PK, JPM-PL, JPM-PM)  (CIK 0000019617)",8-K,2023-05-22,0000019617-23-000388:investordaypresentation.htm,0000019617-23-000388,,,,,,,,https://www.sec.gov/cgi-bin/browse-edgar?action=getcompany&CIK=19617,,JPM
"""large language model""",19617,"JPMORGAN CHASE & CO  (JPM, AMJB, JPM-PC, JPM-PD, JPM-PJ, JPM-PK, JPM-PL, JPM-PM)  (CIK 0000019617)",8-K,2023-05-22,0000019617-23-000388:investordaypresentation.htm,0000019617-23-000388,,,,,,,,https://www.sec.gov/cgi-bin/browse-edgar?action=getcompany&CIK=19617,,JPM-PC
"""large language model""",19617,"JPMORGAN CHASE & CO  (JPM, AMJB, JPM-PC, JPM-PD, JPM-PJ, JPM-PK, JPM-PL, JPM-PM)  (CIK 0000019617)",8-K,2023-05-22,0000019617-23-000388:investordaypresentation.htm,0000019617-23-000388,,,,,,,,https://www.sec.gov/cgi-bin/browse-edgar?action=getcompany&CIK=19617,,VYLD
"""large language model""",19617,"JPMORGAN CHASE & CO  (JPM, AMJB, JPM-PC, JPM-PD, JPM-PJ, JPM-PK, JPM-PL, JPM-PM)  (CIK 0000019617)",8-K,2023-05-22,0000019617-23-000388:investordaypresentation.htm,0000019617-23-000388,,,,,,,,https://www.sec.gov/cgi-bin/browse-edgar?action=getcompany&CIK=19617,,AMJB
"""large language model""",19617,"JPMORGAN CHASE & CO  (JPM, AMJB, JPM-PC, JPM-PD, JPM-PJ, JPM-PK, JPM-PL, JPM-PM)  (CIK 0000019617)",8-K,2023-05-22,0000019617-23-000388:investordaypresentation.htm,0000019617-23-000388,,,,,,,,https://www.sec.gov/cgi-bin/browse-edgar?action=getcompany&CIK=19617,,JPM-PD
"""large language model""",19617,"JPMORGAN CHASE & CO  (JPM, AMJB, JPM-PC, JPM-PD, JPM-PJ, JPM-PK, JPM-PL, JPM-PM)  (CIK 0000019617)",8-K,2023-05-22,0000019617-23-000388:investordaypresentation.htm,0000019617-23-000388,,,,,,,,https://www.sec.gov/cgi-bin/browse-edgar?action=getcompany&CIK=19617,,JPM-PJ
"""large language model""",19617,"JPMORGAN CHASE & CO  (JPM, AMJB, JPM-PC, JPM-PD, JPM-PJ, JPM-PK, JPM-PL, JPM-PM)  (CIK 0000019617)",8-K,2023-05-22,0000019617-23-000388:investordaypresentation.htm,0000019617-23-000388,,,,,,,,https://www.sec.gov/cgi-bin/browse-edgar?action=getcompany&CIK=19617,,JPM-PK
"""large language model""",19617,"JPMORGAN CHASE & CO  (JPM, AMJB, JPM-PC, JPM-PD, JPM-PJ, JPM-PK, JPM-PL, JPM-PM)  (CIK 0000019617)",8-K,2023-05-22,0000019617-23-000388:investordaypresentation.htm,0000019617-23-000388,,,,,,,,https://www.sec.gov/cgi-bin/browse-edgar?action=getcompany&CIK=19617,,JPM-PL
"""large language model""",19617,"JPMORGAN CHASE & CO  (JPM, AMJB, JPM-PC, JPM-PD, JPM-PJ, JPM-PK, JPM-PL, JPM-PM)  (CIK 0000019617)",8-K,2023-05-22,0000019617-23-000388:investordaypresentation.htm,0000019617-23-000388,,,,,,,,https://www.sec.gov/cgi-bin/browse-edgar?action=getcompany&CIK=19617,,JPM-PM
"""generative AI""",1868640,"Vahanna Tech Edge Acquisition I Corp.  (RDZN, RDZNW)  (CIK 0001868640)",8-K,2023-05-22,0001193125-23-149922:d504076dex991.htm,0001193125-23-149922,,,,,,,,https://www.sec.gov/cgi-bin/browse-edgar?action=getcompany&CIK=1868640,,RDZN
"""generative AI""",1868640,"Vahanna Tech Edge Acquisition I Corp.  (RDZN, RDZNW)  (CIK 0001868640)",8-K,2023-05-22,0001193125-23-149922:d504076dex991.htm,0001193125-23-149922,,,,,,,,https://www.sec.gov/cgi-bin/browse-edgar?action=getcompany&CIK=1868640,,RDZNW
"""generative artificial intelligence""",829323,"Inuvo, Inc.  (INUV)  (CIK 0000829323)",8-K,2023-05-22,0000829323-23-000026:inuvpresidentpr52223.htm,0000829323-23-000026,,,,,,,,https://www.sec.gov/cgi-bin/browse-edgar?action=getcompany&CIK=829323,,INUV
"""generative AI""",1448056,"NEW RELIC, INC.  (CIK 0001448056)",8-K,2023-05-23,0001448056-23-000031:q4ex9912023.htm,0001448056-23-000031,,,,,,,,https://www.sec.gov/cgi-bin/browse-edgar?action=getcompany&CIK=1448056,,
"""generative AI""",1549346,"Shutterstock, Inc.  (SSTK)  (CIK 0001549346)",8-K,2023-05-23,0001140361-23-026154:brhc20053362_ex99-1.htm,0001140361-23-026154,,,,,,,,https://www.sec.gov/cgi-bin/browse-edgar?action=getcompany&CIK=1549346,,SSTK
"""generative AI""",1805521,"FARADAY FUTURE INTELLIGENT ELECTRIC INC.  (FFIE, FFIEW)  (CIK 0001805521)",8-K,2023-05-23,0001213900-23-042091:ea179051ex99-2_faraday.htm,0001213900-23-042091,,,,,,,,https://www.sec.gov/cgi-bin/browse-edgar?action=getcompany&CIK=1805521,,FFAI
"""generative AI""",1805521,"FARADAY FUTURE INTELLIGENT ELECTRIC INC.  (FFIE, FFIEW)  (CIK 0001805521)",8-K,2023-05-23,0001213900-23-042091:ea179051ex99-2_faraday.htm,0001213900-23-042091,,,,,,,,https://www.sec.gov/cgi-bin/browse-edgar?action=getcompany&CIK=1805521,,FFAIW
"""generative AI""",1045810,NVIDIA CORP  (NVDA)  (CIK 0001045810),8-K,2023-05-24,0001045810-23-000087:q1fy24cfocommentary.htm,0001045810-23-000087,,,,,,,,https://www.sec.gov/cgi-bin/browse-edgar?action=getcompany&CIK=1045810,,NVDA
"""generative AI""",1734722,"UiPath, Inc.  (PATH)  (CIK 0001734722)",8-K,2023-05-24,0001734722-23-000041:path-20230430xex991.htm,0001734722-23-000041,,,,,,,,https://www.sec.gov/cgi-bin/browse-edgar?action=getcompany&CIK=1734722,,PATH
"""generative AI""",1805521,"FARADAY FUTURE INTELLIGENT ELECTRIC INC.  (FFIE, FFIEW)  (CIK 0001805521)",8-K,2023-05-24,0001213900-23-042515:ea179171ex99-1_faraday.htm,0001213900-23-042515,,,,,,,,https://www.sec.gov/cgi-bin/browse-edgar?action=getcompany&CIK=1805521,,FFAI
"""generative AI""",1805521,"FARADAY FUTURE INTELLIGENT ELECTRIC INC.  (FFIE, FFIEW)  (CIK 0001805521)",8-K,2023-05-24,0001213900-23-042515:ea179171ex99-1_faraday.htm,0001213900-23-042515,,,,,,,,https://www.sec.gov/cgi-bin/browse-edgar?action=getcompany&CIK=1805521,,FFAIW
"""generative AI""",874866,CORVEL CORP  (CRVL)  (CIK 0000874866),8-K,2023-05-25,0000950170-23-024016:crvl-ex99_1.htm,0000950170-23-024016,,,,,,,,https://www.sec.gov/cgi-bin/browse-edgar?action=getcompany&CIK=874866,,CRVL
"""generative artificial intelligence""",829323,"Inuvo, Inc.  (INUV)  (CIK 0000829323)",8-K,2023-05-25,0001654954-23-007202:inuvo_ex991.htm,0001654954-23-007202,,,,,,,,https://www.sec.gov/cgi-bin/browse-edgar?action=getcompany&CIK=829323,,INUV
"""generative AI""",1372612,BOX INC  (BOX)  (CIK 0001372612),8-K,2023-05-30,0000950170-23-024825:box-ex99_1.htm,0000950170-23-024825,,,,,,,,https://www.sec.gov/cgi-bin/browse-edgar?action=getcompany&CIK=1372612,,BOX
"""generative AI""",1372612,BOX INC  (BOX)  (CIK 0001372612),8-K,2023-05-30,0000950170-23-024825:box-ex99_1.htm,0000950170-23-024825,,,,,,,,https://www.sec.gov/cgi-bin/browse-edgar?action=getcompany&CIK=1372612,,BXCAP
"""generative artificial intelligence""",1120970,Comstock Inc.  (LODE)  (CIK 0001120970),8-K,2023-05-30,0001120970-23-000039:lode-20230525.htm,0001120970-23-000039,,,,,,,,https://www.sec.gov/cgi-bin/browse-edgar?action=getcompany&CIK=1120970,,LODE
"""generative AI""",1577526,"C3.ai, Inc.  (AI)  (CIK 0001577526)",8-K,2023-05-31,0001628280-23-020351:ex991-fy23xq4earnings.htm,0001628280-23-020351,,,,,,,,https://www.sec.gov/cgi-bin/browse-edgar?action=getcompany&CIK=1577526,,AI
"""generative AI""",1807794,Credo Technology Group Holding Ltd  (CRDO)  (CIK 0001807794),8-K,2023-05-31,0001628280-23-020320:credoq42023ex-991.htm,0001628280-23-020320,,,,,,,,https://www.sec.gov/cgi-bin/browse-edgar?action=getcompany&CIK=1807794,,CRDO
"""generative AI""",1108524,"Salesforce, Inc.  (CRM)  (CIK 0001108524)",8-K,2023-05-31,0001108524-23-000021:crm-q1fy24xexhibit991.htm,0001108524-23-000021,,,,,,,,https://www.sec.gov/cgi-bin/browse-edgar?action=getcompany&CIK=1108524,,CRM
"""generative AI""",1535527,"CrowdStrike Holdings, Inc.  (CRWD)  (CIK 0001535527)",8-K,2023-05-31,0001535527-23-000012:crwd-20230531xex991.htm,0001535527-23-000012,,,,,,,,https://www.sec.gov/cgi-bin/browse-edgar?action=getcompany&CIK=1535527,,CRWD
"""generative AI""",1393052,VEEVA SYSTEMS INC  (VEEV)  (CIK 0001393052),8-K,2023-05-31,0001393052-23-000031:veev-20230430q124xex991.htm,0001393052-23-000031,,,,,,,,https://www.sec.gov/cgi-bin/browse-edgar?action=getcompany&CIK=1393052,,VEEV
"""generative AI""",1805521,"FARADAY FUTURE INTELLIGENT ELECTRIC INC.  (FFIE, FFIEW)  (CIK 0001805521)",8-K,2023-05-31,0001213900-23-044201:ea179547ex99-1_faraday.htm,0001213900-23-044201,,,,,,,,https://www.sec.gov/cgi-bin/browse-edgar?action=getcompany&CIK=1805521,,FFAI
"""generative AI""",1805521,"FARADAY FUTURE INTELLIGENT ELECTRIC INC.  (FFIE, FFIEW)  (CIK 0001805521)",8-K,2023-05-31,0001213900-23-044201:ea179547ex99-1_faraday.htm,0001213900-23-044201,,,,,,,,https://www.sec.gov/cgi-bin/browse-edgar?action=getcompany&CIK=1805521,,FFAIW
"""generative AI""",1858257,"AvidXchange Holdings, Inc.  (AVDX)  (CIK 0001858257)",8-K,2023-06-01,0000950170-23-025539:avdx-ex99_1.htm,0000950170-23-025539,,,,,,,,https://www.sec.gov/cgi-bin/browse-edgar?action=getcompany&CIK=1858257,,
"""generative AI""",1583708,"SentinelOne, Inc.  (S)  (CIK 0001583708)",8-K,2023-06-01,0001583708-23-000034:shareholderletterq1fy24-.htm,0001583708-23-000034,,,,,,,,https://www.sec.gov/cgi-bin/browse-edgar?action=getcompany&CIK=1583708,,S
"""generative AI""",1707753,Elastic N.V.  (ESTC)  (CIK 0001707753),8-K,2023-06-01,0001707753-23-000011:a23q4erex991.htm,0001707753-23-000011,,,,,,,,https://www.sec.gov/cgi-bin/browse-edgar?action=getcompany&CIK=1707753,,ESTC
"""generative artificial intelligence""",1477720,"Asana, Inc.  (ASAN)  (CIK 0001477720)",8-K,2023-06-01,0001477720-23-000028:asana8-kex991q1fy24.htm,0001477720-23-000028,,,,,,,,https://www.sec.gov/cgi-bin/browse-edgar?action=getcompany&CIK=1477720,,ASAN
"""generative AI""",1571996,Dell Technologies Inc.  (DELL)  (CIK 0001571996),8-K,2023-06-01,0001571996-23-000014:exhibit991earnings8kq1fy24.htm,0001571996-23-000014,,,,,,,,https://www.sec.gov/cgi-bin/browse-edgar?action=getcompany&CIK=1571996,,DELL
"""generative AI""",1568100,"PagerDuty, Inc.  (PD)  (CIK 0001568100)",8-K,2023-06-01,0001568100-23-000031:pagerdutyq1fy24earningspre.htm,0001568100-23-000031,,,,,,,,https://www.sec.gov/cgi-bin/browse-edgar?action=getcompany&CIK=1568100,,PD
"""generative AI""",1794515,ZoomInfo Technologies Inc.  (ZI)  (CIK 0001794515),8-K,2023-06-02,0001794515-23-000109:zi-20230602.htm,0001794515-23-000109,,,,,,,,https://www.sec.gov/cgi-bin/browse-edgar?action=getcompany&CIK=1794515,,GTM
"""strategic AI""",1884072,Adamas One Corp.  (JEWL)  (CIK 0001884072),8-K,2023-06-05,0001199835-23-000308:jewl_ex99-1.htm,0001199835-23-000308,,,,,,,,https://www.sec.gov/cgi-bin/browse-edgar?action=getcompany&CIK=1884072,,
"""generative artificial intelligence""",18926,"Lumen Technologies, Inc.  (LUMN)  (CIK 0000018926)",8-K,2023-06-05,0001193125-23-160567:d439469dex991.htm,0001193125-23-160567,,,,,,,,https://www.sec.gov/cgi-bin/browse-edgar?action=getcompany&CIK=18926,,LUMN
"""generative AI""",1653482,Gitlab Inc.  (GTLB)  (CIK 0001653482),8-K,2023-06-05,0001628280-23-020862:gitlab-ex99120230430fy24.htm,0001628280-23-020862,,,,,,,,https://www.sec.gov/cgi-bin/browse-edgar?action=getcompany&CIK=1653482,,GTLB
"""generative AI""",1774675,"Skillsoft Corp.  (SKIL, SKILW)  (CIK 0001774675)",8-K,2023-06-06,0001437749-23-016748:ex_509056.htm,0001437749-23-016748,,,,,,,,https://www.sec.gov/cgi-bin/browse-edgar?action=getcompany&CIK=1774675,,SKIL
"""generative AI""",1764046,CLARIVATE Plc  (CLVT)  (CIK 0001764046),8-K,2023-06-06,0001764046-23-000073:clarivatepresenationwill.htm,0001764046-23-000073,,,,,,,,https://www.sec.gov/cgi-bin/browse-edgar?action=getcompany&CIK=1764046,,CLVT
"""generative AI""",1614178,"Yext, Inc.  (YEXT)  (CIK 0001614178)",8-K,2023-06-06,0001614178-23-000026:ex991q1fy24earningsrelease.htm,0001614178-23-000026,,,,,,,,https://www.sec.gov/cgi-bin/browse-edgar?action=getcompany&CIK=1614178,,YEXT
"""generative AI""",1672688,Absci Corp  (ABSI)  (CIK 0001672688),8-K,2023-06-06,0001628280-23-021102:exhibit991-vanhoutenappoin.htm,0001628280-23-021102,,,,,,,,https://www.sec.gov/cgi-bin/browse-edgar?action=getcompany&CIK=1672688,,ABSI
"""generative AI""",1823575,"ZeroFox Holdings, Inc.  (CIK 0001823575)",8-K,2023-06-06,0000950170-23-026521:zfox-ex99_1.htm,0000950170-23-026521,,,,,,,,https://www.sec.gov/cgi-bin/browse-edgar?action=getcompany&CIK=1823575,,
"""generative AI""",1826671,"Near Intelligence, Inc.  (CIK 0001826671)",8-K,2023-06-09,0001213900-23-047844:ea179951ex99-1_nearintell.htm,0001213900-23-047844,,,,,,,,https://www.sec.gov/cgi-bin/browse-edgar?action=getcompany&CIK=1826671,,
"""generative AI""",1013857,PEGASYSTEMS INC  (PEGA)  (CIK 0001013857),8-K,2023-06-12,0001013857-23-000125:investorsession202306112.htm,0001013857-23-000125,,,,,,,,https://www.sec.gov/cgi-bin/browse-edgar?action=getcompany&CIK=1013857,,PEGA
"""generative AI""",1341439,ORACLE CORP  (ORCL)  (CIK 0001341439),8-K,2023-06-12,0000950170-23-027490:orcl-ex99_1.htm,0000950170-23-027490,,,,,,,,https://www.sec.gov/cgi-bin/browse-edgar?action=getcompany&CIK=1341439,,ORCL
"""generative AI""",1341439,ORACLE CORP  (ORCL)  (CIK 0001341439),8-K,2023-06-12,0000950170-23-027490:orcl-ex99_1.htm,0000950170-23-027490,,,,,,,,https://www.sec.gov/cgi-bin/browse-edgar?action=getcompany&CIK=1341439,,ORCL-PD
"""generative AI""",1667313,"Zedge, Inc.  (ZDGE)  (CIK 0001667313)",8-K,2023-06-12,0001213900-23-048152:ea180184ex99-1_zedge.htm,0001213900-23-048152,,,,,,,,https://www.sec.gov/cgi-bin/browse-edgar?action=getcompany&CIK=1667313,,ZDGE
"""generative artificial intelligence""",1866838,"Inception Growth Acquisition Ltd  (IGTA, IGTAR, IGTAU, IGTAW)  (CIK 0001866838)",8-K,2023-06-12,0001213900-23-048137:ea180154-8k425_incept.htm,0001213900-23-048137,,,,,,,,https://www.sec.gov/cgi-bin/browse-edgar?action=getcompany&CIK=1866838,,
"""generative AI""",1601830,"RECURSION PHARMACEUTICALS, INC.  (RXRX)  (CIK 0001601830)",8-K,2023-06-13,0001601830-23-000046:ex991june2023deck.htm,0001601830-23-000046,,,,,,,,https://www.sec.gov/cgi-bin/browse-edgar?action=getcompany&CIK=1601830,,RXRX
"""AI acquisition""",1848861,"Healthcare AI Acquisition Corp.  (HAIA, HAIAU, HAIAW)  (CIK 0001848861)",8-K,2023-06-14,0001477932-23-004565:haia_8k.htm,0001477932-23-004565,,,,,,,,https://www.sec.gov/cgi-bin/browse-edgar?action=getcompany&CIK=1848861,,
"""generative AI""",1829953,Corner Growth Acquisition Corp.  (CIK 0001829953),8-K,2023-06-14,0001193125-23-166450:d429952dex993.htm,0001193125-23-166450,,,,,,,,https://www.sec.gov/cgi-bin/browse-edgar?action=getcompany&CIK=1829953,,
"""generative AI""",107140,"JOHN WILEY & SONS, INC.  (WLY, WLYB)  (CIK 0000107140)",8-K,2023-06-15,0000107140-23-000083:q423earningspresentation.htm,0000107140-23-000083,,,,,,,,https://www.sec.gov/cgi-bin/browse-edgar?action=getcompany&CIK=107140,,WLY
"""generative AI""",107140,"JOHN WILEY & SONS, INC.  (WLY, WLYB)  (CIK 0000107140)",8-K,2023-06-15,0000107140-23-000083:q423earningspresentation.htm,0000107140-23-000083,,,,,,,,https://www.sec.gov/cgi-bin/browse-edgar?action=getcompany&CIK=107140,,WLYB
"""generative AI""",796343,ADOBE INC.  (ADBE)  (CIK 0000796343),8-K,2023-06-15,0000796343-23-000133:adbeex991q223.htm,0000796343-23-000133,,,,,,,,https://www.sec.gov/cgi-bin/browse-edgar?action=getcompany&CIK=796343,,ADBE
"""generative AI""",746838,UNISYS CORP  (UIS)  (CIK 0000746838),8-K,2023-06-15,0001308179-23-000887:uis4211221-ex991.htm,0001308179-23-000887,,,,,,,,https://www.sec.gov/cgi-bin/browse-edgar?action=getcompany&CIK=746838,,UIS
"""generative AI""",1013237,FACTSET RESEARCH SYSTEMS INC  (FDS)  (CIK 0001013237),8-K,2023-06-22,0001013237-23-000065:investordeckjunefy2023.htm,0001013237-23-000065,,,,,,,,https://www.sec.gov/cgi-bin/browse-edgar?action=getcompany&CIK=1013237,,FDS
"""generative AI""",56679,KORN FERRY  (KFY)  (CIK 0000056679),8-K,2023-06-27,0001628280-23-023523:kfy-2023430xex991q4fy23.htm,0001628280-23-023523,,,,,,,,https://www.sec.gov/cgi-bin/browse-edgar?action=getcompany&CIK=56679,,KFY
"""generative AI""",1803599,Concentrix Corp  (CNXC)  (CIK 0001803599),8-K,2023-06-28,0001803599-23-000144:exhibit991q22023.htm,0001803599-23-000144,,,,,,,,https://www.sec.gov/cgi-bin/browse-edgar?action=getcompany&CIK=1803599,,CNXC
"""generative artificial intelligence""",1120970,Comstock Inc.  (LODE)  (CIK 0001120970),8-K,2023-06-29,0001120970-23-000042:exhibit991uplode23pressrel.htm,0001120970-23-000042,,,,,,,,https://www.sec.gov/cgi-bin/browse-edgar?action=getcompany&CIK=1120970,,LODE
"""AI acquisition""",1848861,"Healthcare AI Acquisition Corp.  (HAIA, HAIAU, HAIAW)  (CIK 0001848861)",8-K,2023-07-03,0001477932-23-004981:haia_8k.htm,0001477932-23-004981,,,,,,,,https://www.sec.gov/cgi-bin/browse-edgar?action=getcompany&CIK=1848861,,
"""generative AI""",1289419,"Morningstar, Inc.  (MORN)  (CIK 0001289419)",8-K,2023-07-06,0001104659-23-078743:tm2320476d1_8k.htm,0001104659-23-078743,,,,,,,,https://www.sec.gov/cgi-bin/browse-edgar?action=getcompany&CIK=1289419,,MORN
"""generative artificial intelligence""",1120970,Comstock Inc.  (LODE)  (CIK 0001120970),8-K,2023-07-06,0001120970-23-000048:exhibit991pressrelease.htm,0001120970-23-000048,,,,,,,,https://www.sec.gov/cgi-bin/browse-edgar?action=getcompany&CIK=1120970,,LODE
"""generative AI""",1843714,"Andretti Acquisition Corp.  (ZPTA, ZPTAW)  (CIK 0001843714)",8-K,2023-07-06,0000950142-23-001944:eh230377044_ex9901.htm,0000950142-23-001944,,,,,,,,https://www.sec.gov/cgi-bin/browse-edgar?action=getcompany&CIK=1843714,,ZPTA
"""generative AI""",1843714,"Andretti Acquisition Corp.  (ZPTA, ZPTAW)  (CIK 0001843714)",8-K,2023-07-06,0000950142-23-001944:eh230377044_ex9901.htm,0000950142-23-001944,,,,,,,,https://www.sec.gov/cgi-bin/browse-edgar?action=getcompany&CIK=1843714,,ZPTAW
"""generative AI""",1868640,"Vahanna Tech Edge Acquisition I Corp.  (RDZN, RDZNW)  (CIK 0001868640)",8-K,2023-07-10,0001193125-23-184651:d522119dex991.htm,0001193125-23-184651,,,,,,,,https://www.sec.gov/cgi-bin/browse-edgar?action=getcompany&CIK=1868640,,RDZN
"""generative AI""",1868640,"Vahanna Tech Edge Acquisition I Corp.  (RDZN, RDZNW)  (CIK 0001868640)",8-K,2023-07-10,0001193125-23-184651:d522119dex991.htm,0001193125-23-184651,,,,,,,,https://www.sec.gov/cgi-bin/browse-edgar?action=getcompany&CIK=1868640,,RDZNW
"""generative AI""",1819394,"Matterport, Inc./DE  (MTTR)  (CIK 0001819394)",8-K,2023-07-11,0001819394-23-000038:exhibitto8k71123.htm,0001819394-23-000038,,,,,,,,https://www.sec.gov/cgi-bin/browse-edgar?action=getcompany&CIK=1819394,,
"""AI acquisition""",1848861,"Healthcare AI Acquisition Corp.  (HAIA, HAIAU, HAIAW)  (CIK 0001848861)",8-K,2023-07-11,0001477932-23-005178:haia_8k.htm,0001477932-23-005178,,,,,,,,https://www.sec.gov/cgi-bin/browse-edgar?action=getcompany&CIK=1848861,,
"""generative AI""",1601830,"RECURSION PHARMACEUTICALS, INC.  (RXRX)  (CIK 0001601830)",8-K,2023-07-12,0001601830-23-000050:ex991-rxrxxnvidiapr.htm,0001601830-23-000050,,,,,,,,https://www.sec.gov/cgi-bin/browse-edgar?action=getcompany&CIK=1601830,,RXRX
"""generative AI""",1102993,LIVEPERSON INC  (LPSN)  (CIK 0001102993),8-K,2023-07-12,0001213900-23-056490:ea181703ex99-1_liveperson.htm,0001213900-23-056490,,,,,,,,https://www.sec.gov/cgi-bin/browse-edgar?action=getcompany&CIK=1102993,,LPSN
"""AI acquisition""",1848861,"Healthcare AI Acquisition Corp.  (HAIA, HAIAU, HAIAW)  (CIK 0001848861)",8-K,2023-07-13,0001477932-23-005239:haia_ex991.htm,0001477932-23-005239,,,,,,,,https://www.sec.gov/cgi-bin/browse-edgar?action=getcompany&CIK=1848861,,
"""generative AI""",1820875,"CXApp Inc.  (CXAI, CXAIW)  (CIK 0001820875)",8-K,2023-07-14,0001829126-23-004673:cxappinc_ex99-1.htm,0001829126-23-004673,,,,,,,,https://www.sec.gov/cgi-bin/browse-edgar?action=getcompany&CIK=1820875,,CXAI
"""generative AI""",1820875,"CXApp Inc.  (CXAI, CXAIW)  (CIK 0001820875)",8-K,2023-07-14,0001829126-23-004673:cxappinc_ex99-1.htm,0001829126-23-004673,,,,,,,,https://www.sec.gov/cgi-bin/browse-edgar?action=getcompany&CIK=1820875,,CXAIW
"""AI acquisition""",1848861,"Healthcare AI Acquisition Corp.  (HAIA, HAIAU, HAIAW)  (CIK 0001848861)",8-K,2023-07-14,0001477932-23-005313:haia_8ka.htm,0001477932-23-005313,,,,,,,,https://www.sec.gov/cgi-bin/browse-edgar?action=getcompany&CIK=1848861,,
"""generative AI""",1853044,"Worldwide Webb Acquisition Corp.  (AERT, AERTW)  (CIK 0001853044)",8-K,2023-07-14,0001193125-23-187254:d878505dex991.htm,0001193125-23-187254,,,,,,,,https://www.sec.gov/cgi-bin/browse-edgar?action=getcompany&CIK=1853044,,AERT
"""generative AI""",1853044,"Worldwide Webb Acquisition Corp.  (AERT, AERTW)  (CIK 0001853044)",8-K,2023-07-14,0001193125-23-187254:d878505dex991.htm,0001193125-23-187254,,,,,,,,https://www.sec.gov/cgi-bin/browse-edgar?action=getcompany&CIK=1853044,,AERTW
"""generative AI""",1805521,"FARADAY FUTURE INTELLIGENT ELECTRIC INC.  (FFIE, FFIEW)  (CIK 0001805521)",8-K,2023-07-18,0001213900-23-057573:ea181904ex99-1_faraday.htm,0001213900-23-057573,,,,,,,,https://www.sec.gov/cgi-bin/browse-edgar?action=getcompany&CIK=1805521,,FFAI
"""generative AI""",1805521,"FARADAY FUTURE INTELLIGENT ELECTRIC INC.  (FFIE, FFIEW)  (CIK 0001805521)",8-K,2023-07-18,0001213900-23-057573:ea181904ex99-1_faraday.htm,0001213900-23-057573,,,,,,,,https://www.sec.gov/cgi-bin/browse-edgar?action=getcompany&CIK=1805521,,FFAIW
"""generative AI""",29989,OMNICOM GROUP INC.  (OMC)  (CIK 0000029989),8-K,2023-07-18,0000029989-23-000023:a2023q2investorpresentat.htm,0000029989-23-000023,,,,,,,,https://www.sec.gov/cgi-bin/browse-edgar?action=getcompany&CIK=29989,,OMC
"""generative AI""",718877,"Activision Blizzard, Inc.  (CIK 0000718877)",8-K,2023-07-19,0001628280-23-025102:atvi63023ex991prtables.htm,0001628280-23-025102,,,,,,,,https://www.sec.gov/cgi-bin/browse-edgar?action=getcompany&CIK=718877,,
"""generative AI""",759944,"CITIZENS FINANCIAL GROUP INC/RI  (CFG, CFG-PE, CFG-PH)  (CIK 0000759944)",8-K,2023-07-19,0000759944-23-000112:q223earningspresentation.htm,0000759944-23-000112,,,,,,,,https://www.sec.gov/cgi-bin/browse-edgar?action=getcompany&CIK=759944,,CFG
"""generative AI""",759944,"CITIZENS FINANCIAL GROUP INC/RI  (CFG, CFG-PE, CFG-PH)  (CIK 0000759944)",8-K,2023-07-19,0000759944-23-000112:q223earningspresentation.htm,0000759944-23-000112,,,,,,,,https://www.sec.gov/cgi-bin/browse-edgar?action=getcompany&CIK=759944,,CFG-PE
"""generative AI""",759944,"CITIZENS FINANCIAL GROUP INC/RI  (CFG, CFG-PE, CFG-PH)  (CIK 0000759944)",8-K,2023-07-19,0000759944-23-000112:q223earningspresentation.htm,0000759944-23-000112,,,,,,,,https://www.sec.gov/cgi-bin/browse-edgar?action=getcompany&CIK=759944,,CFG-PH
"""generative AI""",759944,"CITIZENS FINANCIAL GROUP INC/RI  (CFG, CFG-PE, CFG-PH)  (CIK 0000759944)",8-K,2023-07-19,0000759944-23-000112:q223earningspresentation.htm,0000759944-23-000112,,,,,,,,https://www.sec.gov/cgi-bin/browse-edgar?action=getcompany&CIK=759944,,CFG-PI
"""generative AI""",51143,INTERNATIONAL BUSINESS MACHINES CORP  (IBM)  (CIK 0000051143),8-K,2023-07-20,0000051143-23-000015:ibm-2023x07x20xex991.htm,0000051143-23-000015,,,,,,,,https://www.sec.gov/cgi-bin/browse-edgar?action=getcompany&CIK=51143,,IBM
"""generative AI""",708781,CASS INFORMATION SYSTEMS INC  (CASS)  (CIK 0000708781),8-K,2023-07-20,0000708781-23-000021:cass-20230630xexx991.htm,0000708781-23-000021,,,,,,,,https://www.sec.gov/cgi-bin/browse-edgar?action=getcompany&CIK=708781,,CASS
"""AI acquisition""",1803599,Concentrix Corp  (CNXC)  (CIK 0001803599),8-K,2023-07-20,0001803599-23-000165:exhibit11.htm,0001803599-23-000165,,,,,,,,https://www.sec.gov/cgi-bin/browse-edgar?action=getcompany&CIK=1803599,,CNXC
"""generative artificial intelligence""",1038773,SMARTFINANCIAL INC.  (SMBK)  (CIK 0001038773),8-K,2023-07-24,0001558370-23-012155:smbk-20230724xex99d2.htm,0001558370-23-012155,,,,,,,,https://www.sec.gov/cgi-bin/browse-edgar?action=getcompany&CIK=1038773,,SMBK
"""generative AI""",813672,CADENCE DESIGN SYSTEMS INC  (CDNS)  (CIK 0000813672),8-K,2023-07-24,0000813672-23-000040:cdns07242023ex9901.htm,0000813672-23-000040,,,,,,,,https://www.sec.gov/cgi-bin/browse-edgar?action=getcompany&CIK=813672,,CDNS
"""generative AI""",1059556,MOODYS CORP /DE/  (MCO)  (CIK 0001059556),8-K,2023-07-25,0001059556-23-000046:mco-20230725.htm,0001059556-23-000046,,,,,,,,https://www.sec.gov/cgi-bin/browse-edgar?action=getcompany&CIK=1059556,,MCO
"""generative AI""",1564408,Snap Inc  (SNAP)  (CIK 0001564408),8-K,2023-07-25,0001564408-23-000036:q22023investorletter_vf.htm,0001564408-23-000036,,,,,,,,https://www.sec.gov/cgi-bin/browse-edgar?action=getcompany&CIK=1564408,,SNAP
"""generative AI""",1840856,"SOUNDHOUND AI, INC.  (SOUN, SOUNW)  (CIK 0001840856)",8-K,2023-07-25,0001213900-23-059417:ea182291ex99-1_soundhound.htm,0001213900-23-059417,,,,,,,,https://www.sec.gov/cgi-bin/browse-edgar?action=getcompany&CIK=1840856,,SOUN
"""generative AI""",1840856,"SOUNDHOUND AI, INC.  (SOUN, SOUNW)  (CIK 0001840856)",8-K,2023-07-25,0001213900-23-059417:ea182291ex99-1_soundhound.htm,0001213900-23-059417,,,,,,,,https://www.sec.gov/cgi-bin/browse-edgar?action=getcompany&CIK=1840856,,SOUNW
"""generative AI""",1013857,PEGASYSTEMS INC  (PEGA)  (CIK 0001013857),8-K,2023-07-26,0001013857-23-000143:q22023_ex-991.htm,0001013857-23-000143,,,,,,,,https://www.sec.gov/cgi-bin/browse-edgar?action=getcompany&CIK=1013857,,PEGA
"""generative AI""",732717,"AT&T INC.  (T, TBB, TBC, T-PA, T-PC)  (CIK 0000732717)",8-K,2023-07-26,0000732717-23-000043:t-2q2023exhibit991.htm,0000732717-23-000043,,,,,,,,https://www.sec.gov/cgi-bin/browse-edgar?action=getcompany&CIK=732717,,T
"""generative AI""",732717,"AT&T INC.  (T, TBB, TBC, T-PA, T-PC)  (CIK 0000732717)",8-K,2023-07-26,0000732717-23-000043:t-2q2023exhibit991.htm,0000732717-23-000043,,,,,,,,https://www.sec.gov/cgi-bin/browse-edgar?action=getcompany&CIK=732717,,TBB
"""generative AI""",732717,"AT&T INC.  (T, TBB, TBC, T-PA, T-PC)  (CIK 0000732717)",8-K,2023-07-26,0000732717-23-000043:t-2q2023exhibit991.htm,0000732717-23-000043,,,,,,,,https://www.sec.gov/cgi-bin/browse-edgar?action=getcompany&CIK=732717,,T-PA
"""generative AI""",732717,"AT&T INC.  (T, TBB, TBC, T-PA, T-PC)  (CIK 0000732717)",8-K,2023-07-26,0000732717-23-000043:t-2q2023exhibit991.htm,0000732717-23-000043,,,,,,,,https://www.sec.gov/cgi-bin/browse-edgar?action=getcompany&CIK=732717,,T-PC
"""generative AI""",1065088,EBAY INC  (EBAY)  (CIK 0001065088),8-K,2023-07-26,0001065088-23-000018:exhibit991erebayq22023.htm,0001065088-23-000018,,,,,,,,https://www.sec.gov/cgi-bin/browse-edgar?action=getcompany&CIK=1065088,,EBAY
"""AI partnership""",1373715,"ServiceNow, Inc.  (NOW)  (CIK 0001373715)",8-K,2023-07-26,0001373715-23-000323:erq2fy23.htm,0001373715-23-000323,,,,,,,,https://www.sec.gov/cgi-bin/browse-edgar?action=getcompany&CIK=1373715,,NOW
"""generative artificial intelligence""",1516912,"Origin Bancorp, Inc.  (OBK)  (CIK 0001516912)",8-K,2023-07-26,0001516912-23-000133:a06302023obnkexhibit991er.htm,0001516912-23-000133,,,,,,,,https://www.sec.gov/cgi-bin/browse-edgar?action=getcompany&CIK=1516912,,OBK
"""generative AI""",1651562,"Coursera, Inc.  (COUR)  (CIK 0001651562)",8-K,2023-07-27,0001651562-23-000010:cour-20230630xexx991.htm,0001651562-23-000010,,,,,,,,https://www.sec.gov/cgi-bin/browse-edgar?action=getcompany&CIK=1651562,,COUR
"""generative AI""",50863,INTEL CORP  (INTC)  (CIK 0000050863),8-K,2023-07-27,0000050863-23-000068:q223_earningsrelease.htm,0000050863-23-000068,,,,,,,,https://www.sec.gov/cgi-bin/browse-edgar?action=getcompany&CIK=50863,,INTC
"""generative AI""",1467373,Accenture plc  (ACN)  (CIK 0001467373),8-K,2023-07-27,0001467373-23-000244:acn72720238-kexhibit.htm,0001467373-23-000244,,,,,,,,https://www.sec.gov/cgi-bin/browse-edgar?action=getcompany&CIK=1467373,,ACN
"""generative AI""",827052,EDISON INTERNATIONAL  (EIX)  (CIK 0000827052),8-K,2023-07-27,0000827052-23-000064:eix-20230727xex99d2.htm,0000827052-23-000064,,,,,,,,https://www.sec.gov/cgi-bin/browse-edgar?action=getcompany&CIK=827052,,EIX
"""generative AI""",1833756,"Leonardo DRS, Inc.  (DRS)  (CIK 0001833756)",8-K,2023-07-28,0001628280-23-026102:ldo-itxcallstreetexpress.htm,0001628280-23-026102,,,,,,,,https://www.sec.gov/cgi-bin/browse-edgar?action=getcompany&CIK=1833756,,DRS
"""generative artificial intelligence""",1562528,"Franklin BSP Realty Trust, Inc.  (FBRT, FBRT-PE)  (CIK 0001562528)",8-K,2023-07-31,0001562528-23-000034:fbrtq22023earningsrelease.htm,0001562528-23-000034,,,,,,,,https://www.sec.gov/cgi-bin/browse-edgar?action=getcompany&CIK=1562528,,FBRT
"""generative artificial intelligence""",1562528,"Franklin BSP Realty Trust, Inc.  (FBRT, FBRT-PE)  (CIK 0001562528)",8-K,2023-07-31,0001562528-23-000034:fbrtq22023earningsrelease.htm,0001562528-23-000034,,,,,,,,https://www.sec.gov/cgi-bin/browse-edgar?action=getcompany&CIK=1562528,,FBRT-PE
"""strategic AI""",1819928,"DoubleVerify Holdings, Inc.  (DV)  (CIK 0001819928)",8-K,2023-07-31,0001558370-23-012566:dv-20230731xex99d1.htm,0001558370-23-012566,,,,,,,,https://www.sec.gov/cgi-bin/browse-edgar?action=getcompany&CIK=1819928,,DV
"""generative AI""",1336920,"Leidos Holdings, Inc.  (LDOS)  (CIK 0001336920)",8-K,2023-08-01,0001336920-23-000049:ldos063023q2pressreleaseex.htm,0001336920-23-000049,,,,,,,,https://www.sec.gov/cgi-bin/browse-edgar?action=getcompany&CIK=1336920,,LDOS
"""generative AI""",1431695,Olo Inc.  (OLO)  (CIK 0001431695),8-K,2023-08-01,0001431695-23-000026:oloq22023exhibit991.htm,0001431695-23-000026,,,,,,,,https://www.sec.gov/cgi-bin/browse-edgar?action=getcompany&CIK=1431695,,
"""generative AI""",2488,ADVANCED MICRO DEVICES INC  (AMD)  (CIK 0000002488),8-K,2023-08-01,0000002488-23-000135:q22023991.htm,0000002488-23-000135,,,,,,,,https://www.sec.gov/cgi-bin/browse-edgar?action=getcompany&CIK=2488,,AMD
"""generative AI""",1280058,BLACKBAUD INC  (BLKB)  (CIK 0001280058),8-K,2023-08-01,0001280058-23-000034:blkbq22023exhibit991.htm,0001280058-23-000034,,,,,,,,https://www.sec.gov/cgi-bin/browse-edgar?action=getcompany&CIK=1280058,,BLKB
"""generative AI""",874866,CORVEL CORP  (CRVL)  (CIK 0000874866),8-K,2023-08-01,0000950170-23-036073:crvl-ex99_1.htm,0000950170-23-036073,,,,,,,,https://www.sec.gov/cgi-bin/browse-edgar?action=getcompany&CIK=874866,,CRVL
"""generative AI""",1544522,Freshworks Inc.  (FRSH)  (CIK 0001544522),8-K,2023-08-01,0001544522-23-000053:q223quarterlyearningsrelea.htm,0001544522-23-000053,,,,,,,,https://www.sec.gov/cgi-bin/browse-edgar?action=getcompany&CIK=1544522,,FRSH
"""generative AI""",1327318,"TrueCar, Inc.  (TRUE)  (CIK 0001327318)",8-K,2023-08-01,0001327318-23-000024:truecarq22023stockholder.htm,0001327318-23-000024,,,,,,,,https://www.sec.gov/cgi-bin/browse-edgar?action=getcompany&CIK=1327318,,
"""generative AI""",1058290,COGNIZANT TECHNOLOGY SOLUTIONS CORP  (CTSH)  (CIK 0001058290),8-K,2023-08-02,0001058290-23-000255:exhibit9916302023.htm,0001058290-23-000255,,,,,,,,https://www.sec.gov/cgi-bin/browse-edgar?action=getcompany&CIK=1058290,,CTSH
"""generative AI""",1810806,Unity Software Inc.  (U)  (CIK 0001810806),8-K,2023-08-02,0001810806-23-000126:a2023_q2shareholderlette.htm,0001810806-23-000126,,,,,,,,https://www.sec.gov/cgi-bin/browse-edgar?action=getcompany&CIK=1810806,,U
"""generative AI""",1438231,Digimarc CORP  (DMRC)  (CIK 0001438231),8-K,2023-08-02,0001437749-23-021650:ex_524681.htm,0001437749-23-021650,,,,,,,,https://www.sec.gov/cgi-bin/browse-edgar?action=getcompany&CIK=1438231,,
"""generative AI""",1627475,"UPWORK, INC  (UPWK)  (CIK 0001627475)",8-K,2023-08-02,0001627475-23-000048:updated_finalxq223upwork.htm,0001627475-23-000048,,,,,,,,https://www.sec.gov/cgi-bin/browse-edgar?action=getcompany&CIK=1627475,,UPWK
"""generative AI""",1526520,"TripAdvisor, Inc.  (TRIP)  (CIK 0001526520)",8-K,2023-08-02,0000950170-23-037121:trip-ex99_1.htm,0000950170-23-037121,,,,,,,,https://www.sec.gov/cgi-bin/browse-edgar?action=getcompany&CIK=1526520,,TRIP
"""generative AI""",1910851,R1 RCM Inc. /DE  (RCM)  (CIK 0001910851),8-K,2023-08-02,0001628280-23-026570:a2023q2_earningscalldeck.htm,0001628280-23-026570,,,,,,,,https://www.sec.gov/cgi-bin/browse-edgar?action=getcompany&CIK=1910851,,
"""generative AI""",1773383,"Dynatrace, Inc.  (DT)  (CIK 0001773383)",8-K,2023-08-02,0001773383-23-000131:fy24q1-earningsreleaseex991.htm,0001773383-23-000131,,,,,,,,https://www.sec.gov/cgi-bin/browse-edgar?action=getcompany&CIK=1773383,,DT
"""generative AI""",1851003,Zeta Global Holdings Corp.  (ZETA)  (CIK 0001851003),8-K,2023-08-02,0000950170-23-037140:zeta-ex99_1.htm,0000950170-23-037140,,,,,,,,https://www.sec.gov/cgi-bin/browse-edgar?action=getcompany&CIK=1851003,,ZETA
"""generative AI""",1868778,Informatica Inc.  (INFA)  (CIK 0001868778),8-K,2023-08-02,0001868778-23-000023:infa-2023q2x8k_ex991.htm,0001868778-23-000023,,,,,,,,https://www.sec.gov/cgi-bin/browse-edgar?action=getcompany&CIK=1868778,,
"""generative AI""",1043277,"C. H. ROBINSON WORLDWIDE, INC.  (CHRW)  (CIK 0001043277)",8-K,2023-08-02,0001043277-23-000026:q22023earningsdeck.htm,0001043277-23-000026,,,,,,,,https://www.sec.gov/cgi-bin/browse-edgar?action=getcompany&CIK=1043277,,CHRW
"""generative AI""",1432133,KALTURA INC  (KLTR)  (CIK 0001432133),8-K,2023-08-02,0001432133-23-000072:kaltura-q2x2023earningsrel.htm,0001432133-23-000072,,,,,,,,https://www.sec.gov/cgi-bin/browse-edgar?action=getcompany&CIK=1432133,,KLTR
"""generative AI""",1866368,"Clearwater Analytics Holdings, Inc.  (CWAN)  (CIK 0001866368)",8-K,2023-08-02,0001628280-23-026774:cwan-20230630xexx991.htm,0001628280-23-026774,,,,,,,,https://www.sec.gov/cgi-bin/browse-edgar?action=getcompany&CIK=1866368,,
"""generative artificial intelligence""",104918,AVISTA CORP  (AVA)  (CIK 0000104918),8-K,2023-08-02,0000950170-23-036702:ava-ex99_1.htm,0000950170-23-036702,,,,,,,,https://www.sec.gov/cgi-bin/browse-edgar?action=getcompany&CIK=104918,,AVA
"""generative artificial intelligence""",1866838,"Inception Growth Acquisition Ltd  (IGTA, IGTAR, IGTAU, IGTAW)  (CIK 0001866838)",8-K,2023-08-02,0001213900-23-062543:ea182751ex99-1_incept.htm,0001213900-23-062543,,,,,,,,https://www.sec.gov/cgi-bin/browse-edgar?action=getcompany&CIK=1866838,,
"""generative artificial intelligence""",1039399,FORMFACTOR INC  (FORM)  (CIK 0001039399),8-K,2023-08-02,0001039399-23-000030:q223exhibit9901.htm,0001039399-23-000030,,,,,,,,https://www.sec.gov/cgi-bin/browse-edgar?action=getcompany&CIK=1039399,,FORM
"""generative AI""",1743725,"GRID DYNAMICS HOLDINGS, INC.  (GDYN)  (CIK 0001743725)",8-K,2023-08-03,0001628280-23-027208:grid-20230803xex991.htm,0001628280-23-027208,,,,,,,,https://www.sec.gov/cgi-bin/browse-edgar?action=getcompany&CIK=1743725,,GDYN
"""generative AI""",1512673,"Block, Inc.  (SQ, BSQKZ)  (CIK 0001512673)",8-K,2023-08-03,0001193125-23-202864:d469227dex991.htm,0001193125-23-202864,,,,,,,,https://www.sec.gov/cgi-bin/browse-edgar?action=getcompany&CIK=1512673,,XYZ
"""generative AI""",1512673,"Block, Inc.  (SQ, BSQKZ)  (CIK 0001512673)",8-K,2023-08-03,0001193125-23-202864:d469227dex991.htm,0001193125-23-202864,,,,,,,,https://www.sec.gov/cgi-bin/browse-edgar?action=getcompany&CIK=1512673,,BSQKZ
"""generative AI""",1799208,"Dun & Bradstreet Holdings, Inc.  (DNB)  (CIK 0001799208)",8-K,2023-08-03,0001799208-23-000035:q22023prexhibit991.htm,0001799208-23-000035,,,,,,,,https://www.sec.gov/cgi-bin/browse-edgar?action=getcompany&CIK=1799208,,
"""generative AI""",1475115,"Eventbrite, Inc.  (EB)  (CIK 0001475115)",8-K,2023-08-03,0001475115-23-000123:a9028-q2shareholderlette.htm,0001475115-23-000123,,,,,,,,https://www.sec.gov/cgi-bin/browse-edgar?action=getcompany&CIK=1475115,,
"""generative AI""",1609711,GoDaddy Inc.  (GDDY)  (CIK 0001609711),8-K,2023-08-03,0001609711-23-000127:gddyex991-20230630xq2earni.htm,0001609711-23-000127,,,,,,,,https://www.sec.gov/cgi-bin/browse-edgar?action=getcompany&CIK=1609711,,GDDY
"""generative AI""",1075531,Booking Holdings Inc.  (BKNG)  (CIK 0001075531),8-K,2023-08-03,0001075531-23-000045:ex99163023.htm,0001075531-23-000045,,,,,,,,https://www.sec.gov/cgi-bin/browse-edgar?action=getcompany&CIK=1075531,,BKNG
"""generative AI""",1224133,MARCHEX INC  (MCHX)  (CIK 0001224133),8-K,2023-08-03,0000950170-23-038008:mchx-ex99_1.htm,0000950170-23-038008,,,,,,,,https://www.sec.gov/cgi-bin/browse-edgar?action=getcompany&CIK=1224133,,MCHX
"""generative AI""",1801169,Opendoor Technologies Inc.  (OPEN)  (CIK 0001801169),8-K,2023-08-03,0001801169-23-000096:q22023formxex992sharehol.htm,0001801169-23-000096,,,,,,,,https://www.sec.gov/cgi-bin/browse-edgar?action=getcompany&CIK=1801169,,OPEN
"""generative AI""",1801169,Opendoor Technologies Inc.  (OPEN)  (CIK 0001801169),8-K,2023-08-03,0001801169-23-000096:q22023formxex992sharehol.htm,0001801169-23-000096,,,,,,,,https://www.sec.gov/cgi-bin/browse-edgar?action=getcompany&CIK=1801169,,OPENW
"""generative AI""",1801169,Opendoor Technologies Inc.  (OPEN)  (CIK 0001801169),8-K,2023-08-03,0001801169-23-000096:q22023formxex992sharehol.htm,0001801169-23-000096,,,,,,,,https://www.sec.gov/cgi-bin/browse-edgar?action=getcompany&CIK=1801169,,OPENL
"""generative AI""",1801169,Opendoor Technologies Inc.  (OPEN)  (CIK 0001801169),8-K,2023-08-03,0001801169-23-000096:q22023formxex992sharehol.htm,0001801169-23-000096,,,,,,,,https://www.sec.gov/cgi-bin/browse-edgar?action=getcompany&CIK=1801169,,OPENZ
"""generative AI""",1495932,"EXP World Holdings, Inc.  (EXPI)  (CIK 0001495932)",8-K,2023-08-03,0001558370-23-013201:expi-20230803xex99d1.htm,0001558370-23-013201,,,,,,,,https://www.sec.gov/cgi-bin/browse-edgar?action=getcompany&CIK=1495932,,AGNT
"""generative AI""",1018724,AMAZON COM INC  (AMZN)  (CIK 0001018724),8-K,2023-08-03,0001018724-23-000010:amzn-20230630xex991.htm,0001018724-23-000010,,,,,,,,https://www.sec.gov/cgi-bin/browse-edgar?action=getcompany&CIK=1018724,,AMZN
"""generative AI""",1831840,"SEMrush Holdings, Inc.  (SEMR)  (CIK 0001831840)",8-K,2023-08-03,0001628280-23-027278:semrush8-kexhibit991q22023.htm,0001628280-23-027278,,,,,,,,https://www.sec.gov/cgi-bin/browse-edgar?action=getcompany&CIK=1831840,,
"""AI partnership""",1764046,CLARIVATE Plc  (CLVT)  (CIK 0001764046),8-K,2023-08-03,0001764046-23-000086:ex992q22023supplementald.htm,0001764046-23-000086,,,,,,,,https://www.sec.gov/cgi-bin/browse-edgar?action=getcompany&CIK=1764046,,CLVT
"""generative AI""",1582982,"CareCloud, Inc.  (CCLD, CCLDO, CCLDP)  (CIK 0001582982)",8-K,2023-08-03,0001493152-23-026514:ex99-1.htm,0001493152-23-026514,,,,,,,,https://www.sec.gov/cgi-bin/browse-edgar?action=getcompany&CIK=1582982,,CCLD
"""generative AI""",1682852,"Moderna, Inc.  (MRNA)  (CIK 0001682852)",8-K,2023-08-03,0001682852-23-000025:exhibit9912023q2pressrelea.htm,0001682852-23-000025,,,,,,,,https://www.sec.gov/cgi-bin/browse-edgar?action=getcompany&CIK=1682852,,MRNA
"""generative AI""",1650372,Atlassian Corp  (TEAM)  (CIK 0001650372),8-K,2023-08-03,0001650372-23-000035:teamq42023shareholderlet.htm,0001650372-23-000035,,,,,,,,https://www.sec.gov/cgi-bin/browse-edgar?action=getcompany&CIK=1650372,,TEAM
"""generative AI""",1441683,APPIAN CORP  (APPN)  (CIK 0001441683),8-K,2023-08-03,0001441683-23-000070:appnex991earningsrelease-0.htm,0001441683-23-000070,,,,,,,,https://www.sec.gov/cgi-bin/browse-edgar?action=getcompany&CIK=1441683,,APPN
"""generative AI""",1517375,"Sprout Social, Inc.  (SPT)  (CIK 0001517375)",8-K,2023-08-03,0001517375-23-000092:projecttagger-mergeragreem.htm,0001517375-23-000092,,,,,,,,https://www.sec.gov/cgi-bin/browse-edgar?action=getcompany&CIK=1517375,,SPT
"""generative AI""",1607939,"Udemy, Inc.  (UDMY)  (CIK 0001607939)",8-K,2023-08-03,0001607939-23-000146:q22023pressrelease.htm,0001607939-23-000146,,,,,,,,https://www.sec.gov/cgi-bin/browse-edgar?action=getcompany&CIK=1607939,,
"""generative AI""",1013880,"TTEC Holdings, Inc.  (TTEC)  (CIK 0001013880)",8-K,2023-08-04,0001104659-23-087874:tm2322833d1_ex99-1.htm,0001104659-23-087874,,,,,,,,https://www.sec.gov/cgi-bin/browse-edgar?action=getcompany&CIK=1013880,,TTEC
"""generative AI""",1679688,"DigitalBridge Group, Inc.  (DBRG, DBRG-PH, DBRG-PI, DBRG-PJ)  (CIK 0001679688)",8-K,2023-08-04,0001679688-23-000084:digitalbridge2q2023earni.htm,0001679688-23-000084,,,,,,,,https://www.sec.gov/cgi-bin/browse-edgar?action=getcompany&CIK=1679688,,DBRG
"""generative AI""",1679688,"DigitalBridge Group, Inc.  (DBRG, DBRG-PH, DBRG-PI, DBRG-PJ)  (CIK 0001679688)",8-K,2023-08-04,0001679688-23-000084:digitalbridge2q2023earni.htm,0001679688-23-000084,,,,,,,,https://www.sec.gov/cgi-bin/browse-edgar?action=getcompany&CIK=1679688,,DBRG-PH
"""generative AI""",1679688,"DigitalBridge Group, Inc.  (DBRG, DBRG-PH, DBRG-PI, DBRG-PJ)  (CIK 0001679688)",8-K,2023-08-04,0001679688-23-000084:digitalbridge2q2023earni.htm,0001679688-23-000084,,,,,,,,https://www.sec.gov/cgi-bin/browse-edgar?action=getcompany&CIK=1679688,,DBRG-PI
"""generative AI""",1679688,"DigitalBridge Group, Inc.  (DBRG, DBRG-PH, DBRG-PI, DBRG-PJ)  (CIK 0001679688)",8-K,2023-08-04,0001679688-23-000084:digitalbridge2q2023earni.htm,0001679688-23-000084,,,,,,,,https://www.sec.gov/cgi-bin/browse-edgar?action=getcompany&CIK=1679688,,DBRG-PJ
"""generative AI""",1364954,"CHEGG, INC  (CHGG)  (CIK 0001364954)",8-K,2023-08-07,0001364954-23-000119:a9901-financialresultsq220.htm,0001364954-23-000119,,,,,,,,https://www.sec.gov/cgi-bin/browse-edgar?action=getcompany&CIK=1364954,,CHGG
"""generative AI""",1689923,"Alteryx, Inc.  (CIK 0001689923)",8-K,2023-08-07,0001689923-23-000053:ayxex99206302023.htm,0001689923-23-000053,,,,,,,,https://www.sec.gov/cgi-bin/browse-edgar?action=getcompany&CIK=1689923,,
"""generative AI""",1384905,"RingCentral, Inc.  (RNG)  (CIK 0001384905)",8-K,2023-08-07,0001384905-23-000030:rng-20230630x8kxex991.htm,0001384905-23-000030,,,,,,,,https://www.sec.gov/cgi-bin/browse-edgar?action=getcompany&CIK=1384905,,RNG
"""AI acquisition""",1848861,"Healthcare AI Acquisition Corp.  (HAIA, HAIAU, HAIAW)  (CIK 0001848861)",8-K,2023-08-08,0001477932-23-005805:haia_ex101.htm,0001477932-23-005805,,,,,,,,https://www.sec.gov/cgi-bin/browse-edgar?action=getcompany&CIK=1848861,,
"""generative AI""",876883,Stagwell Inc  (STGW)  (CIK 0000876883),8-K,2023-08-08,0000876883-23-000019:stagwell2q23earningspres.htm,0000876883-23-000019,,,,,,,,https://www.sec.gov/cgi-bin/browse-edgar?action=getcompany&CIK=876883,,STGW
"""generative AI""",1102993,LIVEPERSON INC  (LPSN)  (CIK 0001102993),8-K,2023-08-08,0001213900-23-064603:ea183078ex99-1_liveperson.htm,0001213900-23-064603,,,,,,,,https://www.sec.gov/cgi-bin/browse-edgar?action=getcompany&CIK=1102993,,LPSN
"""generative AI""",1846069,"Nextdoor Holdings, Inc.  (KIND)  (CIK 0001846069)",8-K,2023-08-08,0001846069-23-000042:exhibit991-8xkxshareholder.htm,0001846069-23-000042,,,,,,,,https://www.sec.gov/cgi-bin/browse-edgar?action=getcompany&CIK=1846069,,NXDR
"""generative AI""",1562088,"Duolingo, Inc.  (DUOL)  (CIK 0001562088)",8-K,2023-08-08,0001562088-23-000173:duolingo_q2-2023xshareho.htm,0001562088-23-000173,,,,,,,,https://www.sec.gov/cgi-bin/browse-edgar?action=getcompany&CIK=1562088,,DUOL
"""generative AI""",1447669,TWILIO INC  (TWLO)  (CIK 0001447669),8-K,2023-08-08,0001447669-23-000168:twloq223ex991.htm,0001447669-23-000168,,,,,,,,https://www.sec.gov/cgi-bin/browse-edgar?action=getcompany&CIK=1447669,,TWLO
"""generative AI""",1601830,"RECURSION PHARMACEUTICALS, INC.  (RXRX)  (CIK 0001601830)",8-K,2023-08-08,0001601830-23-000056:exhibit991-q0223.htm,0001601830-23-000056,,,,,,,,https://www.sec.gov/cgi-bin/browse-edgar?action=getcompany&CIK=1601830,,RXRX
"""generative AI""",1840856,"SOUNDHOUND AI, INC.  (SOUN, SOUNW)  (CIK 0001840856)",8-K,2023-08-08,0001840856-23-000042:soun-20230808ex991.htm,0001840856-23-000042,,,,,,,,https://www.sec.gov/cgi-bin/browse-edgar?action=getcompany&CIK=1840856,,SOUN
"""generative AI""",1840856,"SOUNDHOUND AI, INC.  (SOUN, SOUNW)  (CIK 0001840856)",8-K,2023-08-08,0001840856-23-000042:soun-20230808ex991.htm,0001840856-23-000042,,,,,,,,https://www.sec.gov/cgi-bin/browse-edgar?action=getcompany&CIK=1840856,,SOUNW
"""generative AI""",1819394,"Matterport, Inc./DE  (MTTR)  (CIK 0001819394)",8-K,2023-08-08,0001819394-23-000042:mttr-20230808xexx991q223.htm,0001819394-23-000042,,,,,,,,https://www.sec.gov/cgi-bin/browse-edgar?action=getcompany&CIK=1819394,,
"""generative AI""",1810019,"Rackspace Technology, Inc.  (RXT)  (CIK 0001810019)",8-K,2023-08-08,0001810019-23-000126:rxt991_q22023.htm,0001810019-23-000126,,,,,,,,https://www.sec.gov/cgi-bin/browse-edgar?action=getcompany&CIK=1810019,,RXT
"""generative AI""",1768267,Cerence Inc.  (CRNC)  (CIK 0001768267),8-K,2023-08-08,0000950170-23-039351:crnc-ex99_2.htm,0000950170-23-039351,,,,,,,,https://www.sec.gov/cgi-bin/browse-edgar?action=getcompany&CIK=1768267,,CRNC
"""generative AI""",1459417,"2U, Inc.  (TWOUQ)  (CIK 0001459417)",8-K,2023-08-08,0001459417-23-000034:a2uq22023earningsreleaseex.htm,0001459417-23-000034,,,,,,,,https://www.sec.gov/cgi-bin/browse-edgar?action=getcompany&CIK=1459417,,
"""generative AI""",1819404,Nerdy Inc.  (NRDY)  (CIK 0001819404),8-K,2023-08-08,0001193125-23-206194:d502883dex991.htm,0001193125-23-206194,,,,,,,,https://www.sec.gov/cgi-bin/browse-edgar?action=getcompany&CIK=1819404,,NRDY
"""generative AI""",1069183,"AXON ENTERPRISE, INC.  (AXON)  (CIK 0001069183)",8-K,2023-08-08,0001069183-23-000044:axon-20230808xex99d1.htm,0001069183-23-000044,,,,,,,,https://www.sec.gov/cgi-bin/browse-edgar?action=getcompany&CIK=1069183,,AXON
"""generative AI""",1561550,"Datadog, Inc.  (DDOG)  (CIK 0001561550)",8-K,2023-08-08,0001561550-23-000035:ex-991x20230630x8k.htm,0001561550-23-000035,,,,,,,,https://www.sec.gov/cgi-bin/browse-edgar?action=getcompany&CIK=1561550,,DDOG
"""generative AI""",1110611,ON24 INC.  (ONTF)  (CIK 0001110611),8-K,2023-08-08,0001110611-23-000025:ontf-2023q2exx991.htm,0001110611-23-000025,,,,,,,,https://www.sec.gov/cgi-bin/browse-edgar?action=getcompany&CIK=1110611,,
"""generative AI""",1131554,"SYNCHRONOSS TECHNOLOGIES INC  (SNCR, SNCRL)  (CIK 0001131554)",8-K,2023-08-08,0001131554-23-000067:sncr-ex991_06302023.htm,0001131554-23-000067,,,,,,,,https://www.sec.gov/cgi-bin/browse-edgar?action=getcompany&CIK=1131554,,
"""generative AI""",1720116,"Red Violet, Inc.  (RDVT)  (CIK 0001720116)",8-K,2023-08-09,0000950170-23-040664:rdvt-ex99_2.htm,0000950170-23-040664,,,,,,,,https://www.sec.gov/cgi-bin/browse-edgar?action=getcompany&CIK=1720116,,RDVT
"""generative AI""",1823466,"FiscalNote Holdings, Inc.  (NOTE, NOTE-WT)  (CIK 0001823466)",8-K,2023-08-09,0000950170-23-040155:note-ex99_1.htm,0000950170-23-040155,,,,,,,,https://www.sec.gov/cgi-bin/browse-edgar?action=getcompany&CIK=1823466,,NOTE
"""generative AI""",1823466,"FiscalNote Holdings, Inc.  (NOTE, NOTE-WT)  (CIK 0001823466)",8-K,2023-08-09,0000950170-23-040155:note-ex99_1.htm,0000950170-23-040155,,,,,,,,https://www.sec.gov/cgi-bin/browse-edgar?action=getcompany&CIK=1823466,,NOTEW
"""generative AI""",1173489,CEVA INC  (CEVA)  (CIK 0001173489),8-K,2023-08-09,0001437749-23-022624:ex_556521.htm,0001437749-23-022624,,,,,,,,https://www.sec.gov/cgi-bin/browse-edgar?action=getcompany&CIK=1173489,,CEVA
"""generative AI""",1315098,Roblox Corp  (RBLX)  (CIK 0001315098),8-K,2023-08-09,0001315098-23-000124:ex992-shletterq223080923.htm,0001315098-23-000124,,,,,,,,https://www.sec.gov/cgi-bin/browse-edgar?action=getcompany&CIK=1315098,,RBLX
"""generative AI""",1398659,Genpact LTD  (G)  (CIK 0001398659),8-K,2023-08-09,0001398659-23-000025:genpactltdexhibit991q223.htm,0001398659-23-000025,,,,,,,,https://www.sec.gov/cgi-bin/browse-edgar?action=getcompany&CIK=1398659,,G
"""generative AI""",1704720,"Cannae Holdings, Inc.  (CNNE)  (CIK 0001704720)",8-K,2023-08-09,0001704720-23-000069:a20232qcannaeshareholderle.htm,0001704720-23-000069,,,,,,,,https://www.sec.gov/cgi-bin/browse-edgar?action=getcompany&CIK=1704720,,CNNE
"""generative AI""",1840502,"Taboola.com Ltd.  (TBLA, TBLAW)  (CIK 0001840502)",8-K,2023-08-09,0001140361-23-038678:brhc20056893_ex99-3.htm,0001140361-23-038678,,,,,,,,https://www.sec.gov/cgi-bin/browse-edgar?action=getcompany&CIK=1840502,,TBLA
"""generative AI""",1818093,Beauty Health Co  (SKIN)  (CIK 0001818093),8-K,2023-08-09,0001628280-23-028406:ex991-2023q2xearnings.htm,0001628280-23-028406,,,,,,,,https://www.sec.gov/cgi-bin/browse-edgar?action=getcompany&CIK=1818093,,SKIN
"""large language model""",1527728,RENOVARO BIOSCIENCES INC.  (RENB)  (CIK 0001527728),8-K,2023-08-09,0001731122-23-001419:e4918_ex99-1.htm,0001731122-23-001419,,,,,,,,https://www.sec.gov/cgi-bin/browse-edgar?action=getcompany&CIK=1527728,,LNAI
"""generative AI""",1816233,"Sharecare, Inc.  (SHCR, SHCRW)  (CIK 0001816233)",8-K,2023-08-09,0001816233-23-000156:sharecareexhibit99163023.htm,0001816233-23-000156,,,,,,,,https://www.sec.gov/cgi-bin/browse-edgar?action=getcompany&CIK=1816233,,
"""generative AI""",1829864,"TaskUs, Inc.  (TASK)  (CIK 0001829864)",8-K,2023-08-09,0001829864-23-000100:earningsreleaseex991q22023.htm,0001829864-23-000100,,,,,,,,https://www.sec.gov/cgi-bin/browse-edgar?action=getcompany&CIK=1829864,,TASK
"""generative AI""",790526,"RadNet, Inc.  (RDNT)  (CIK 0000790526)",8-K,2023-08-09,0001683168-23-005434:radnet_ex9902.htm,0001683168-23-005434,,,,,,,,https://www.sec.gov/cgi-bin/browse-edgar?action=getcompany&CIK=790526,,RDNT
"""generative AI""",829323,"Inuvo, Inc.  (INUV)  (CIK 0000829323)",8-K,2023-08-10,0001654954-23-010497:inuvo_ex992.htm,0001654954-23-010497,,,,,,,,https://www.sec.gov/cgi-bin/browse-edgar?action=getcompany&CIK=829323,,INUV
"""generative AI""",903651,INNODATA INC  (INOD)  (CIK 0000903651),8-K,2023-08-10,0001104659-23-089860:tm2322427d1_ex99-1.htm,0001104659-23-089860,,,,,,,,https://www.sec.gov/cgi-bin/browse-edgar?action=getcompany&CIK=903651,,INOD
"""large language model""",1844419,"Maquia Capital Acquisition Corp  (MAQC, MAQCU, MAQCW)  (CIK 0001844419)",8-K,2023-08-10,0001104659-23-089661:tm2323399d1_ex99-1.htm,0001104659-23-089661,,,,,,,,https://www.sec.gov/cgi-bin/browse-edgar?action=getcompany&CIK=1844419,,
"""generative AI""",1564708,"NEWS CORP  (NWS, NWSA)  (CIK 0001564708)",8-K,2023-08-10,0001564708-23-000351:release-q4fy2023.htm,0001564708-23-000351,,,,,,,,https://www.sec.gov/cgi-bin/browse-edgar?action=getcompany&CIK=1564708,,NWSA
"""generative AI""",1564708,"NEWS CORP  (NWS, NWSA)  (CIK 0001564708)",8-K,2023-08-10,0001564708-23-000351:release-q4fy2023.htm,0001564708-23-000351,,,,,,,,https://www.sec.gov/cgi-bin/browse-edgar?action=getcompany&CIK=1564708,,NWS
"""generative AI""",1564708,"NEWS CORP  (NWS, NWSA)  (CIK 0001564708)",8-K,2023-08-10,0001564708-23-000351:release-q4fy2023.htm,0001564708-23-000351,,,,,,,,https://www.sec.gov/cgi-bin/browse-edgar?action=getcompany&CIK=1564708,,NWSLL
"""generative AI""",1868640,"Vahanna Tech Edge Acquisition I Corp.  (RDZN, RDZNW)  (CIK 0001868640)",8-K,2023-08-10,0001193125-23-207755:d515292dex991.htm,0001193125-23-207755,,,,,,,,https://www.sec.gov/cgi-bin/browse-edgar?action=getcompany&CIK=1868640,,RDZN
"""generative AI""",1868640,"Vahanna Tech Edge Acquisition I Corp.  (RDZN, RDZNW)  (CIK 0001868640)",8-K,2023-08-10,0001193125-23-207755:d515292dex991.htm,0001193125-23-207755,,,,,,,,https://www.sec.gov/cgi-bin/browse-edgar?action=getcompany&CIK=1868640,,RDZNW
"""generative AI""",1672688,Absci Corp  (ABSI)  (CIK 0001672688),8-K,2023-08-14,0001628280-23-029198:exhibit991-2023q210xqpr.htm,0001628280-23-029198,,,,,,,,https://www.sec.gov/cgi-bin/browse-edgar?action=getcompany&CIK=1672688,,ABSI
"""generative AI""",1826671,"Near Intelligence, Inc.  (CIK 0001826671)",8-K,2023-08-14,0001213900-23-067213:ea183404ex99-1_nearintell.htm,0001213900-23-067213,,,,,,,,https://www.sec.gov/cgi-bin/browse-edgar?action=getcompany&CIK=1826671,,
"""generative AI""",896878,INTUIT INC.  (INTU)  (CIK 0000896878),8-K,2023-08-14,0000896878-23-000028:exhibitx.htm,0000896878-23-000028,,,,,,,,https://www.sec.gov/cgi-bin/browse-edgar?action=getcompany&CIK=896878,,INTU
"""generative AI""",1282631,NETLIST INC  (NLST)  (CIK 0001282631),8-K,2023-08-14,0001104659-23-090933:tm2323654d1_ex99-1.htm,0001104659-23-090933,,,,,,,,https://www.sec.gov/cgi-bin/browse-edgar?action=getcompany&CIK=1282631,,NLST
"""generative artificial intelligence""",1898496,"Getty Images Holdings, Inc.  (GETY)  (CIK 0001898496)",8-K,2023-08-14,0001104659-23-091499:tm2323606d1_ex99-1.htm,0001104659-23-091499,,,,,,,,https://www.sec.gov/cgi-bin/browse-edgar?action=getcompany&CIK=1898496,,GETY
"""large language model""",1718939,T Stamp Inc  (IDAI)  (CIK 0001718939),8-K,2023-08-14,0001718939-23-000008:q22023pressreleaseex-991id.htm,0001718939-23-000008,,,,,,,,https://www.sec.gov/cgi-bin/browse-edgar?action=getcompany&CIK=1718939,,IDAI
"""generative artificial intelligence""",1120970,Comstock Inc.  (LODE)  (CIK 0001120970),8-K,2023-08-15,0001120970-23-000054:exhibit991comstock-sidot.htm,0001120970-23-000054,,,,,,,,https://www.sec.gov/cgi-bin/browse-edgar?action=getcompany&CIK=1120970,,LODE
"""generative AI""",1570585,"Liberty Global plc  (LBTYA, LBTYB, LBTYK)  (CIK 0001570585)",8-K,2023-08-15,0001570585-23-000365:ex991infosyslibertyglobalp.htm,0001570585-23-000365,,,,,,,,https://www.sec.gov/cgi-bin/browse-edgar?action=getcompany&CIK=1570585,,LBTYA
"""generative AI""",1570585,"Liberty Global plc  (LBTYA, LBTYB, LBTYK)  (CIK 0001570585)",8-K,2023-08-15,0001570585-23-000365:ex991infosyslibertyglobalp.htm,0001570585-23-000365,,,,,,,,https://www.sec.gov/cgi-bin/browse-edgar?action=getcompany&CIK=1570585,,LBTYB
"""generative AI""",1570585,"Liberty Global plc  (LBTYA, LBTYB, LBTYK)  (CIK 0001570585)",8-K,2023-08-15,0001570585-23-000365:ex991infosyslibertyglobalp.htm,0001570585-23-000365,,,,,,,,https://www.sec.gov/cgi-bin/browse-edgar?action=getcompany&CIK=1570585,,LBTYK
"""generative AI""",820318,COHERENT CORP.  (COHR)  (CIK 0000820318),8-K,2023-08-16,0001193125-23-213587:d515308dex992.htm,0001193125-23-213587,,,,,,,,https://www.sec.gov/cgi-bin/browse-edgar?action=getcompany&CIK=820318,,COHR
"""AI acquisition""",1848861,"Healthcare AI Acquisition Corp.  (HAIA, HAIAU, HAIAW)  (CIK 0001848861)",8-K,2023-08-17,0001477932-23-006236:haia_ex31.htm,0001477932-23-006236,,,,,,,,https://www.sec.gov/cgi-bin/browse-edgar?action=getcompany&CIK=1848861,,
"""generative AI""",1144879,Applied Digital Corp.  (APLD)  (CIK 0001144879),8-K,2023-08-21,0001144879-23-000191:applieddigital-companyov.htm,0001144879-23-000191,,,,,,,,https://www.sec.gov/cgi-bin/browse-edgar?action=getcompany&CIK=1144879,,APLD
"""generative AI""",1805521,"FARADAY FUTURE INTELLIGENT ELECTRIC INC.  (FFIE, FFIEW)  (CIK 0001805521)",8-K,2023-08-21,0001213900-23-069404:ea183983ex99-3_faraday.htm,0001213900-23-069404,,,,,,,,https://www.sec.gov/cgi-bin/browse-edgar?action=getcompany&CIK=1805521,,FFAI
"""generative AI""",1805521,"FARADAY FUTURE INTELLIGENT ELECTRIC INC.  (FFIE, FFIEW)  (CIK 0001805521)",8-K,2023-08-21,0001213900-23-069404:ea183983ex99-3_faraday.htm,0001213900-23-069404,,,,,,,,https://www.sec.gov/cgi-bin/browse-edgar?action=getcompany&CIK=1805521,,FFAIW
"""generative AI""",1045810,NVIDIA CORP  (NVDA)  (CIK 0001045810),8-K,2023-08-23,0001045810-23-000171:q2fy24pr.htm,0001045810-23-000171,,,,,,,,https://www.sec.gov/cgi-bin/browse-edgar?action=getcompany&CIK=1045810,,NVDA
"""generative AI""",1327811,"Workday, Inc.  (WDAY)  (CIK 0001327811)",8-K,2023-08-24,0001327811-23-000149:wday-07312023x991.htm,0001327811-23-000149,,,,,,,,https://www.sec.gov/cgi-bin/browse-edgar?action=getcompany&CIK=1327811,,WDAY
"""generative AI""",1530766,"BioSig Technologies, Inc.  (BSGM)  (CIK 0001530766)",8-K,2023-08-24,0001185185-23-000913:ex_564354.htm,0001185185-23-000913,,,,,,,,https://www.sec.gov/cgi-bin/browse-edgar?action=getcompany&CIK=1530766,,STEX
"""AI partnership""",1830214,"Ginkgo Bioworks Holdings, Inc.  (DNA, DNA-WT)  (CIK 0001830214)",8-K,2023-08-29,0000950170-23-044892:dna-20230829.htm,0000950170-23-044892,,,,,,,,https://www.sec.gov/cgi-bin/browse-edgar?action=getcompany&CIK=1830214,,DNA
"""AI partnership""",1830214,"Ginkgo Bioworks Holdings, Inc.  (DNA, DNA-WT)  (CIK 0001830214)",8-K,2023-08-29,0000950170-23-044892:dna-20230829.htm,0000950170-23-044892,,,,,,,,https://www.sec.gov/cgi-bin/browse-edgar?action=getcompany&CIK=1830214,,DNABW
"""generative AI""",1769624,"AGBA Group Holding Ltd.  (AGBA, AGBAW)  (CIK 0001769624)",8-K,2023-08-30,0001213900-23-071892:ea184448ex99-1_agbagroup.htm,0001213900-23-071892,,,,,,,,https://www.sec.gov/cgi-bin/browse-edgar?action=getcompany&CIK=1769624,,ILLR
"""generative AI""",1769624,"AGBA Group Holding Ltd.  (AGBA, AGBAW)  (CIK 0001769624)",8-K,2023-08-30,0001213900-23-071892:ea184448ex99-1_agbagroup.htm,0001213900-23-071892,,,,,,,,https://www.sec.gov/cgi-bin/browse-edgar?action=getcompany&CIK=1769624,,ILLRW
"""generative AI""",1441816,"MongoDB, Inc.  (MDB)  (CIK 0001441816)",8-K,2023-08-31,0001441816-23-000166:mdb-073123xex991xrelease.htm,0001441816-23-000166,,,,,,,,https://www.sec.gov/cgi-bin/browse-edgar?action=getcompany&CIK=1441816,,MDB
"""generative AI""",1707753,Elastic N.V.  (ESTC)  (CIK 0001707753),8-K,2023-08-31,0001707753-23-000044:a24q1erex991.htm,0001707753-23-000044,,,,,,,,https://www.sec.gov/cgi-bin/browse-edgar?action=getcompany&CIK=1707753,,ESTC
"""generative AI""",1568100,"PagerDuty, Inc.  (PD)  (CIK 0001568100)",8-K,2023-08-31,0001568100-23-000042:pagerdutyq2fy24earningspre.htm,0001568100-23-000042,,,,,,,,https://www.sec.gov/cgi-bin/browse-edgar?action=getcompany&CIK=1568100,,PD
"""generative AI""",1124610,"VMWARE, INC.  (CIK 0001124610)",8-K,2023-08-31,0001124610-23-000059:pressreleasefinancials_831.htm,0001124610-23-000059,,,,,,,,https://www.sec.gov/cgi-bin/browse-edgar?action=getcompany&CIK=1124610,,
"""generative AI""",1618732,"Nutanix, Inc.  (NTNX)  (CIK 0001618732)",8-K,2023-08-31,0001157523-23-001386:a53546975ex99_1.htm,0001157523-23-001386,,,,,,,,https://www.sec.gov/cgi-bin/browse-edgar?action=getcompany&CIK=1618732,,NTNX
"""generative AI""",1730168,Broadcom Inc.  (AVGO)  (CIK 0001730168),8-K,2023-08-31,0001730168-23-000074:avgo-07302023x8kxex99.htm,0001730168-23-000074,,,,,,,,https://www.sec.gov/cgi-bin/browse-edgar?action=getcompany&CIK=1730168,,AVGO
"""generative AI""",1571996,Dell Technologies Inc.  (DELL)  (CIK 0001571996),8-K,2023-08-31,0001571996-23-000029:exhibit991earnings8kq2fy24.htm,0001571996-23-000029,,,,,,,,https://www.sec.gov/cgi-bin/browse-edgar?action=getcompany&CIK=1571996,,DELL
"""generative AI""",1583708,"SentinelOne, Inc.  (S)  (CIK 0001583708)",8-K,2023-08-31,0001583708-23-000046:shareholderletterq2fy24-.htm,0001583708-23-000046,,,,,,,,https://www.sec.gov/cgi-bin/browse-edgar?action=getcompany&CIK=1583708,,S
"""generative AI""",1805526,Janover Inc.  (JNVR)  (CIK 0001805526),8-K,2023-09-05,0001575872-23-001404:cm409_ex99-1.htm,0001575872-23-001404,,,,,,,,https://www.sec.gov/cgi-bin/browse-edgar?action=getcompany&CIK=1805526,,DFDV
"""generative AI""",1805526,Janover Inc.  (JNVR)  (CIK 0001805526),8-K,2023-09-05,0001575872-23-001404:cm409_ex99-1.htm,0001575872-23-001404,,,,,,,,https://www.sec.gov/cgi-bin/browse-edgar?action=getcompany&CIK=1805526,,DFDVW
"""generative AI""",1805526,Janover Inc.  (JNVR)  (CIK 0001805526),8-K,2023-09-05,0001575872-23-001404:cm409_ex99-1.htm,0001575872-23-001404,,,,,,,,https://www.sec.gov/cgi-bin/browse-edgar?action=getcompany&CIK=1805526,,DFUKF
"""large language model""",1601830,"RECURSION PHARMACEUTICALS, INC.  (RXRX)  (CIK 0001601830)",8-K,2023-09-05,0001601830-23-000063:rxrx2023sepwebsite.htm,0001601830-23-000063,,,,,,,,https://www.sec.gov/cgi-bin/browse-edgar?action=getcompany&CIK=1601830,,RXRX
"""generative AI""",1843714,"Andretti Acquisition Corp.  (ZPTA, ZPTAW)  (CIK 0001843714)",8-K,2023-09-06,0001193125-23-229092:d539142dex993.htm,0001193125-23-229092,,,,,,,,https://www.sec.gov/cgi-bin/browse-edgar?action=getcompany&CIK=1843714,,ZPTA
"""generative AI""",1843714,"Andretti Acquisition Corp.  (ZPTA, ZPTAW)  (CIK 0001843714)",8-K,2023-09-06,0001193125-23-229092:d539142dex993.htm,0001193125-23-229092,,,,,,,,https://www.sec.gov/cgi-bin/browse-edgar?action=getcompany&CIK=1843714,,ZPTAW
"""generative AI""",1823575,"ZeroFox Holdings, Inc.  (CIK 0001823575)",8-K,2023-09-06,0000950170-23-046554:zfox-ex99_1.htm,0000950170-23-046554,,,,,,,,https://www.sec.gov/cgi-bin/browse-edgar?action=getcompany&CIK=1823575,,
"""generative AI""",1845022,"Couchbase, Inc.  (BASE)  (CIK 0001845022)",8-K,2023-09-06,0001845022-23-000084:base-20230906xexx991.htm,0001845022-23-000084,,,,,,,,https://www.sec.gov/cgi-bin/browse-edgar?action=getcompany&CIK=1845022,,
"""generative AI""",1577526,"C3.ai, Inc.  (AI)  (CIK 0001577526)",8-K,2023-09-06,0001628280-23-031546:ex991-fy24xq1earnings.htm,0001628280-23-031546,,,,,,,,https://www.sec.gov/cgi-bin/browse-edgar?action=getcompany&CIK=1577526,,AI
"""generative AI""",1734722,"UiPath, Inc.  (PATH)  (CIK 0001734722)",8-K,2023-09-06,0001734722-23-000054:path-20230731xex991.htm,0001734722-23-000054,,,,,,,,https://www.sec.gov/cgi-bin/browse-edgar?action=getcompany&CIK=1734722,,PATH
"""generative AI""",713425,AMERICAN SOFTWARE INC  (AMSWA)  (CIK 0000713425),8-K,2023-09-07,0001157523-23-001401:a53550258_ex991.htm,0001157523-23-001401,,,,,,,,https://www.sec.gov/cgi-bin/browse-edgar?action=getcompany&CIK=713425,,
"""generative AI""",1544522,Freshworks Inc.  (FRSH)  (CIK 0001544522),8-K,2023-09-07,0001193125-23-230351:d522026dex991.htm,0001193125-23-230351,,,,,,,,https://www.sec.gov/cgi-bin/browse-edgar?action=getcompany&CIK=1544522,,FRSH
"""generative AI""",1366561,SMARTSHEET INC  (SMAR)  (CIK 0001366561),8-K,2023-09-07,0001366561-23-000099:q22024smarearnings.htm,0001366561-23-000099,,,,,,,,https://www.sec.gov/cgi-bin/browse-edgar?action=getcompany&CIK=1366561,,
"""large language model""",1838163,"DHC Acquisition Corp.  (BNAI, BNAIW)  (CIK 0001838163)",8-K,2023-09-08,0001193125-23-230794:d507211dex993.htm,0001193125-23-230794,,,,,,,,https://www.sec.gov/cgi-bin/browse-edgar?action=getcompany&CIK=1838163,,BNAI
"""large language model""",1838163,"DHC Acquisition Corp.  (BNAI, BNAIW)  (CIK 0001838163)",8-K,2023-09-08,0001193125-23-230794:d507211dex993.htm,0001193125-23-230794,,,,,,,,https://www.sec.gov/cgi-bin/browse-edgar?action=getcompany&CIK=1838163,,BNAIW
"""AI acquisition""",1848861,"Healthcare AI Acquisition Corp.  (HAIA, HAIAU, HAIAW)  (CIK 0001848861)",8-K,2023-09-08,0001477932-23-006750:haia_8k.htm,0001477932-23-006750,,,,,,,,https://www.sec.gov/cgi-bin/browse-edgar?action=getcompany&CIK=1848861,,
"""generative AI""",759944,"CITIZENS FINANCIAL GROUP INC/RI  (CFG, CFG-PE, CFG-PH)  (CIK 0000759944)",8-K,2023-09-11,0000759944-23-000139:cfgbarclaysglobalfinanci.htm,0000759944-23-000139,,,,,,,,https://www.sec.gov/cgi-bin/browse-edgar?action=getcompany&CIK=759944,,CFG
"""generative AI""",759944,"CITIZENS FINANCIAL GROUP INC/RI  (CFG, CFG-PE, CFG-PH)  (CIK 0000759944)",8-K,2023-09-11,0000759944-23-000139:cfgbarclaysglobalfinanci.htm,0000759944-23-000139,,,,,,,,https://www.sec.gov/cgi-bin/browse-edgar?action=getcompany&CIK=759944,,CFG-PE
"""generative AI""",759944,"CITIZENS FINANCIAL GROUP INC/RI  (CFG, CFG-PE, CFG-PH)  (CIK 0000759944)",8-K,2023-09-11,0000759944-23-000139:cfgbarclaysglobalfinanci.htm,0000759944-23-000139,,,,,,,,https://www.sec.gov/cgi-bin/browse-edgar?action=getcompany&CIK=759944,,CFG-PH
"""generative AI""",759944,"CITIZENS FINANCIAL GROUP INC/RI  (CFG, CFG-PE, CFG-PH)  (CIK 0000759944)",8-K,2023-09-11,0000759944-23-000139:cfgbarclaysglobalfinanci.htm,0000759944-23-000139,,,,,,,,https://www.sec.gov/cgi-bin/browse-edgar?action=getcompany&CIK=759944,,CFG-PI
"""generative AI""",1774675,"Skillsoft Corp.  (SKIL, SKILW)  (CIK 0001774675)",8-K,2023-09-11,0001437749-23-025591:ex_531958.htm,0001437749-23-025591,,,,,,,,https://www.sec.gov/cgi-bin/browse-edgar?action=getcompany&CIK=1774675,,SKIL
"""generative AI""",1341439,ORACLE CORP  (ORCL)  (CIK 0001341439),8-K,2023-09-11,0000950170-23-047471:orcl-ex99_1.htm,0000950170-23-047471,,,,,,,,https://www.sec.gov/cgi-bin/browse-edgar?action=getcompany&CIK=1341439,,ORCL
"""generative AI""",1341439,ORACLE CORP  (ORCL)  (CIK 0001341439),8-K,2023-09-11,0000950170-23-047471:orcl-ex99_1.htm,0000950170-23-047471,,,,,,,,https://www.sec.gov/cgi-bin/browse-edgar?action=getcompany&CIK=1341439,,ORCL-PD
"""generative artificial intelligence""",1866838,"Inception Growth Acquisition Ltd  (IGTA, IGTAR, IGTAU, IGTAW)  (CIK 0001866838)",8-K,2023-09-13,0001213900-23-076226:ea185042ex99-1_inception.htm,0001213900-23-076226,,,,,,,,https://www.sec.gov/cgi-bin/browse-edgar?action=getcompany&CIK=1866838,,
"""generative AI""",1066194,EGAIN Corp  (EGAN)  (CIK 0001066194),8-K,2023-09-14,0001558370-23-015750:egan-20230914xex99d1.htm,0001558370-23-015750,,,,,,,,https://www.sec.gov/cgi-bin/browse-edgar?action=getcompany&CIK=1066194,,EGAN
"""generative AI""",1039399,FORMFACTOR INC  (FORM)  (CIK 0001039399),8-K,2023-09-18,0001039399-23-000040:pressrelease.htm,0001039399-23-000040,,,,,,,,https://www.sec.gov/cgi-bin/browse-edgar?action=getcompany&CIK=1039399,,FORM
"""generative AI""",820318,COHERENT CORP.  (COHR)  (CIK 0000820318),8-K,2023-09-19,0001193125-23-237086:d527715dex991.htm,0001193125-23-237086,,,,,,,,https://www.sec.gov/cgi-bin/browse-edgar?action=getcompany&CIK=820318,,COHR
"""generative AI""",713425,AMERICAN SOFTWARE INC  (AMSWA)  (CIK 0000713425),8-K,2023-09-19,0001157523-23-001428:a53557812ex99_1.htm,0001157523-23-001428,,,,,,,,https://www.sec.gov/cgi-bin/browse-edgar?action=getcompany&CIK=713425,,
"""generative AI""",1506293,"PINTEREST, INC.  (PINS)  (CIK 0001506293)",8-K,2023-09-19,0001193125-23-237635:d520674dex992.htm,0001193125-23-237635,,,,,,,,https://www.sec.gov/cgi-bin/browse-edgar?action=getcompany&CIK=1506293,,PINS
"""generative AI""",1611052,"PROCORE TECHNOLOGIES, INC.  (PCOR)  (CIK 0001611052)",8-K,2023-09-20,0001193125-23-238562:d536618dex991.htm,0001193125-23-238562,,,,,,,,https://www.sec.gov/cgi-bin/browse-edgar?action=getcompany&CIK=1611052,,PCOR
"""generative AI""",1013237,FACTSET RESEARCH SYSTEMS INC  (FDS)  (CIK 0001013237),8-K,2023-09-21,0001013237-23-000094:investordecksepfy2023vfi.htm,0001013237-23-000094,,,,,,,,https://www.sec.gov/cgi-bin/browse-edgar?action=getcompany&CIK=1013237,,FDS
"""generative AI""",858877,"CISCO SYSTEMS, INC.  (CSCO)  (CIK 0000858877)",8-K,2023-09-21,0001193125-23-239165:d464532dex991.htm,0001193125-23-239165,,,,,,,,https://www.sec.gov/cgi-bin/browse-edgar?action=getcompany&CIK=858877,,CSCO
"""generative AI""",1353283,SPLUNK INC  (CIK 0001353283),8-K,2023-09-21,0001104659-23-102594:tm2326347d1_ex99-1.htm,0001104659-23-102594,,,,,,,,https://www.sec.gov/cgi-bin/browse-edgar?action=getcompany&CIK=1353283,,
"""generative AI""",1803599,Concentrix Corp  (CNXC)  (CIK 0001803599),8-K,2023-09-25,0001803599-23-000187:exhibit991092523.htm,0001803599-23-000187,,,,,,,,https://www.sec.gov/cgi-bin/browse-edgar?action=getcompany&CIK=1803599,,CNXC
"""generative AI""",713425,AMERICAN SOFTWARE INC  (AMSWA)  (CIK 0000713425),8-K,2023-09-25,0001157523-23-001443:a53561169ex99_1.htm,0001157523-23-001443,,,,,,,,https://www.sec.gov/cgi-bin/browse-edgar?action=getcompany&CIK=713425,,
"""generative AI""",1667313,"Zedge, Inc.  (ZDGE)  (CIK 0001667313)",8-K,2023-09-26,0001213900-23-079316:ea185794ex99-1_zedge.htm,0001213900-23-079316,,,,,,,,https://www.sec.gov/cgi-bin/browse-edgar?action=getcompany&CIK=1667313,,ZDGE
"""generative artificial intelligence""",1832433,Ferguson plc  (CIK 0001832433),8-K,2023-09-26,0001832433-23-000063:exhibit991pressreleaseq4fy.htm,0001832433-23-000063,,,,,,,,https://www.sec.gov/cgi-bin/browse-edgar?action=getcompany&CIK=1832433,,
"""generative AI""",1803599,Concentrix Corp  (CNXC)  (CIK 0001803599),8-K,2023-09-27,0001803599-23-000191:exhibit991q32023.htm,0001803599-23-000191,,,,,,,,https://www.sec.gov/cgi-bin/browse-edgar?action=getcompany&CIK=1803599,,CNXC
"""generative AI""",1070235,BLACKBERRY Ltd  (BB)  (CIK 0001070235),8-K,2023-09-28,0001070235-23-000129:q2fy24ex-991.htm,0001070235-23-000129,,,,,,,,https://www.sec.gov/cgi-bin/browse-edgar?action=getcompany&CIK=1070235,,BB
"""generative AI""",1467373,Accenture plc  (ACN)  (CIK 0001467373),8-K,2023-09-28,0001467373-23-000303:fy23q4plc8-kexhibit.htm,0001467373-23-000303,,,,,,,,https://www.sec.gov/cgi-bin/browse-edgar?action=getcompany&CIK=1467373,,ACN
"""generative AI""",1807166,Amesite Inc.  (AMST)  (CIK 0001807166),8-K,2023-09-29,0001213900-23-080728:ea186032ex99-1_amesite.htm,0001213900-23-080728,,,,,,,,https://www.sec.gov/cgi-bin/browse-edgar?action=getcompany&CIK=1807166,,AMST
"""generative AI""",1554818,"AUDDIA INC.  (AUUD, AUUDW)  (CIK 0001554818)",8-K,2023-10-02,0001683168-23-006881:auddia_ex9902.htm,0001683168-23-006881,,,,,,,,https://www.sec.gov/cgi-bin/browse-edgar?action=getcompany&CIK=1554818,,AUUD
"""generative AI""",1120970,Comstock Inc.  (LODE)  (CIK 0001120970),8-K,2023-10-02,0001120970-23-000057:exhibit991comstockpr-q3per.htm,0001120970-23-000057,,,,,,,,https://www.sec.gov/cgi-bin/browse-edgar?action=getcompany&CIK=1120970,,LODE
"""generative artificial intelligence""",1723648,"LiveVox Holdings, Inc.  (CIK 0001723648)",8-K,2023-10-04,0001104659-23-106641:tm2327430d1_ex2-1.htm,0001104659-23-106641,,,,,,,,https://www.sec.gov/cgi-bin/browse-edgar?action=getcompany&CIK=1723648,,
"""generative AI""",1571996,Dell Technologies Inc.  (DELL)  (CIK 0001571996),8-K,2023-10-05,0001193125-23-251131:d541426dex991.htm,0001193125-23-251131,,,,,,,,https://www.sec.gov/cgi-bin/browse-edgar?action=getcompany&CIK=1571996,,DELL
"""generative artificial intelligence""",1120970,Comstock Inc.  (LODE)  (CIK 0001120970),8-K,2023-10-05,0001120970-23-000060:exhibit99120231005-cfpryie.htm,0001120970-23-000060,,,,,,,,https://www.sec.gov/cgi-bin/browse-edgar?action=getcompany&CIK=1120970,,LODE
"""generative AI""",1810806,Unity Software Inc.  (U)  (CIK 0001810806),8-K,2023-10-10,0001193125-23-253118:d551719dex991.htm,0001193125-23-253118,,,,,,,,https://www.sec.gov/cgi-bin/browse-edgar?action=getcompany&CIK=1810806,,U
"""generative AI""",1443646,Booz Allen Hamilton Holding Corp  (BAH)  (CIK 0001443646),8-K,2023-10-10,0001443646-23-000220:investorpresentationocto.htm,0001443646-23-000220,,,,,,,,https://www.sec.gov/cgi-bin/browse-edgar?action=getcompany&CIK=1443646,,BAH
"""generative artificial intelligence""",313143,HAEMONETICS CORP  (HAE)  (CIK 0000313143),8-K,2023-10-12,0000313143-23-000051:exhibit21-arrangementagree.htm,0000313143-23-000051,,,,,,,,https://www.sec.gov/cgi-bin/browse-edgar?action=getcompany&CIK=313143,,HAE
"""generative AI""",1144879,Applied Digital Corp.  (APLD)  (CIK 0001144879),8-K,2023-10-12,0001144879-23-000216:technicaloverview1012202.htm,0001144879-23-000216,,,,,,,,https://www.sec.gov/cgi-bin/browse-edgar?action=getcompany&CIK=1144879,,APLD
"""generative AI""",29989,OMNICOM GROUP INC.  (OMC)  (CIK 0000029989),8-K,2023-10-17,0000029989-23-000031:a2023q3investorpresentat.htm,0000029989-23-000031,,,,,,,,https://www.sec.gov/cgi-bin/browse-edgar?action=getcompany&CIK=29989,,OMC
"""generative artificial intelligence""",1120970,Comstock Inc.  (LODE)  (CIK 0001120970),8-K,2023-10-17,0001120970-23-000066:exhibit991lodepr-renfuelli.htm,0001120970-23-000066,,,,,,,,https://www.sec.gov/cgi-bin/browse-edgar?action=getcompany&CIK=1120970,,LODE
"""generative AI""",1805521,"FARADAY FUTURE INTELLIGENT ELECTRIC INC.  (FFIE, FFIEW)  (CIK 0001805521)",8-K,2023-10-17,0001013762-23-004211:ea186853ex99-1_faraday.htm,0001013762-23-004211,,,,,,,,https://www.sec.gov/cgi-bin/browse-edgar?action=getcompany&CIK=1805521,,FFAI
"""generative AI""",1805521,"FARADAY FUTURE INTELLIGENT ELECTRIC INC.  (FFIE, FFIEW)  (CIK 0001805521)",8-K,2023-10-17,0001013762-23-004211:ea186853ex99-1_faraday.htm,0001013762-23-004211,,,,,,,,https://www.sec.gov/cgi-bin/browse-edgar?action=getcompany&CIK=1805521,,FFAIW
"""generative artificial intelligence""",1169445,COMPUTER PROGRAMS & SYSTEMS INC  (TBRG)  (CIK 0001169445),8-K,2023-10-17,0001193125-23-257783:d570178dex21.htm,0001193125-23-257783,,,,,,,,https://www.sec.gov/cgi-bin/browse-edgar?action=getcompany&CIK=1169445,,
"""generative AI""",759944,"CITIZENS FINANCIAL GROUP INC/RI  (CFG, CFG-PE, CFG-PH)  (CIK 0000759944)",8-K,2023-10-18,0000759944-23-000143:a3q23earningspresentatio.htm,0000759944-23-000143,,,,,,,,https://www.sec.gov/cgi-bin/browse-edgar?action=getcompany&CIK=759944,,CFG
"""generative AI""",759944,"CITIZENS FINANCIAL GROUP INC/RI  (CFG, CFG-PE, CFG-PH)  (CIK 0000759944)",8-K,2023-10-18,0000759944-23-000143:a3q23earningspresentatio.htm,0000759944-23-000143,,,,,,,,https://www.sec.gov/cgi-bin/browse-edgar?action=getcompany&CIK=759944,,CFG-PE
"""generative AI""",759944,"CITIZENS FINANCIAL GROUP INC/RI  (CFG, CFG-PE, CFG-PH)  (CIK 0000759944)",8-K,2023-10-18,0000759944-23-000143:a3q23earningspresentatio.htm,0000759944-23-000143,,,,,,,,https://www.sec.gov/cgi-bin/browse-edgar?action=getcompany&CIK=759944,,CFG-PH
"""generative AI""",759944,"CITIZENS FINANCIAL GROUP INC/RI  (CFG, CFG-PE, CFG-PH)  (CIK 0000759944)",8-K,2023-10-18,0000759944-23-000143:a3q23earningspresentatio.htm,0000759944-23-000143,,,,,,,,https://www.sec.gov/cgi-bin/browse-edgar?action=getcompany&CIK=759944,,CFG-PI
"""generative artificial intelligence""",1424657,"Cuentas Inc.  (CUEN, CUENW)  (CIK 0001424657)",8-K,2023-10-19,0001013762-23-004956:ea186951ex99-1_cuentas.htm,0001013762-23-004956,,,,,,,,https://www.sec.gov/cgi-bin/browse-edgar?action=getcompany&CIK=1424657,,CUEN
"""generative artificial intelligence""",1424657,"Cuentas Inc.  (CUEN, CUENW)  (CIK 0001424657)",8-K,2023-10-19,0001013762-23-004956:ea186951ex99-1_cuentas.htm,0001013762-23-004956,,,,,,,,https://www.sec.gov/cgi-bin/browse-edgar?action=getcompany&CIK=1424657,,CUENW
"""generative AI""",813672,CADENCE DESIGN SYSTEMS INC  (CDNS)  (CIK 0000813672),8-K,2023-10-23,0000813672-23-000067:cdns10232023ex9901.htm,0000813672-23-000067,,,,,,,,https://www.sec.gov/cgi-bin/browse-edgar?action=getcompany&CIK=813672,,CDNS
"""generative artificial intelligence""",1038773,SMARTFINANCIAL INC.  (SMBK)  (CIK 0001038773),8-K,2023-10-23,0001558370-23-016630:smbk-20231023xex99d2.htm,0001558370-23-016630,,,,,,,,https://www.sec.gov/cgi-bin/browse-edgar?action=getcompany&CIK=1038773,,SMBK
"""generative AI""",1564408,Snap Inc  (SNAP)  (CIK 0001564408),8-K,2023-10-24,0001564408-23-000050:q32023investorletter_vf.htm,0001564408-23-000050,,,,,,,,https://www.sec.gov/cgi-bin/browse-edgar?action=getcompany&CIK=1564408,,SNAP
"""generative AI""",1101239,EQUINIX INC  (EQIX)  (CIK 0001101239),8-K,2023-10-25,0000950170-23-055177:eqix-ex99_1.htm,0000950170-23-055177,,,,,,,,https://www.sec.gov/cgi-bin/browse-edgar?action=getcompany&CIK=1101239,,EQIX
"""generative artificial intelligence""",1516912,"Origin Bancorp, Inc.  (OBK)  (CIK 0001516912)",8-K,2023-10-25,0001516912-23-000172:a09302023obkexhibit991er.htm,0001516912-23-000172,,,,,,,,https://www.sec.gov/cgi-bin/browse-edgar?action=getcompany&CIK=1516912,,OBK
"""generative AI""",1373715,"ServiceNow, Inc.  (NOW)  (CIK 0001373715)",8-K,2023-10-25,0001373715-23-000417:erq3fy23.htm,0001373715-23-000417,,,,,,,,https://www.sec.gov/cgi-bin/browse-edgar?action=getcompany&CIK=1373715,,NOW
"""generative artificial intelligence""",711669,COLONY BANKCORP INC  (CBAN)  (CIK 0000711669),8-K,2023-10-25,0000711669-23-000154:a3q2023cbaner.htm,0000711669-23-000154,,,,,,,,https://www.sec.gov/cgi-bin/browse-edgar?action=getcompany&CIK=711669,,CBAN
"""generative AI""",51143,INTERNATIONAL BUSINESS MACHINES CORP  (IBM)  (CIK 0000051143),8-K,2023-10-26,0000051143-23-000028:ibm-3q23xearningsxprepar.htm,0000051143-23-000028,,,,,,,,https://www.sec.gov/cgi-bin/browse-edgar?action=getcompany&CIK=51143,,IBM
"""generative AI""",1667313,"Zedge, Inc.  (ZDGE)  (CIK 0001667313)",8-K,2023-10-26,0001013762-23-006950:ea187339ex99-1_zedgeinc.htm,0001013762-23-006950,,,,,,,,https://www.sec.gov/cgi-bin/browse-edgar?action=getcompany&CIK=1667313,,ZDGE
"""generative AI""",1018724,AMAZON COM INC  (AMZN)  (CIK 0001018724),8-K,2023-10-26,0001018724-23-000016:amzn-20230930xex991.htm,0001018724-23-000016,,,,,,,,https://www.sec.gov/cgi-bin/browse-edgar?action=getcompany&CIK=1018724,,AMZN
"""generative AI""",1289419,"Morningstar, Inc.  (MORN)  (CIK 0001289419)",8-K,2023-10-26,0001104659-23-111747:tm2329171d1_ex99-3.htm,0001104659-23-111747,,,,,,,,https://www.sec.gov/cgi-bin/browse-edgar?action=getcompany&CIK=1289419,,MORN
"""generative AI""",1023313,"FORRESTER RESEARCH, INC.  (FORR)  (CIK 0001023313)",8-K,2023-10-26,0001193125-23-264079:d567864dex991.htm,0001193125-23-264079,,,,,,,,https://www.sec.gov/cgi-bin/browse-edgar?action=getcompany&CIK=1023313,,FORR
"""generative AI""",1633978,Lumentum Holdings Inc.  (LITE)  (CIK 0001633978),8-K,2023-10-30,0001193125-23-265658:d575524dex991.htm,0001193125-23-265658,,,,,,,,https://www.sec.gov/cgi-bin/browse-edgar?action=getcompany&CIK=1633978,,LITE
"""generative AI""",1364954,"CHEGG, INC  (CHGG)  (CIK 0001364954)",8-K,2023-10-30,0001364954-23-000144:a9901-financialresultsq320.htm,0001364954-23-000144,,,,,,,,https://www.sec.gov/cgi-bin/browse-edgar?action=getcompany&CIK=1364954,,CHGG
"""generative artificial intelligence""",1120970,Comstock Inc.  (LODE)  (CIK 0001120970),8-K,2023-10-31,0001120970-23-000080:comstockoverview-novembe.htm,0001120970-23-000080,,,,,,,,https://www.sec.gov/cgi-bin/browse-edgar?action=getcompany&CIK=1120970,,LODE
"""generative AI""",1280058,BLACKBAUD INC  (BLKB)  (CIK 0001280058),8-K,2023-10-31,0001280058-23-000043:blkbq32023exhibit991.htm,0001280058-23-000043,,,,,,,,https://www.sec.gov/cgi-bin/browse-edgar?action=getcompany&CIK=1280058,,BLKB
"""generative AI""",1544522,Freshworks Inc.  (FRSH)  (CIK 0001544522),8-K,2023-10-31,0001544522-23-000063:q323quarterlyearningsrelea.htm,0001544522-23-000063,,,,,,,,https://www.sec.gov/cgi-bin/browse-edgar?action=getcompany&CIK=1544522,,FRSH
"""generative AI""",1085869,PERFICIENT INC  (PRFT)  (CIK 0001085869),8-K,2023-10-31,0001085869-23-000183:prfpressrelease_q32023.htm,0001085869-23-000183,,,,,,,,https://www.sec.gov/cgi-bin/browse-edgar?action=getcompany&CIK=1085869,,
"""generative AI""",1851003,Zeta Global Holdings Corp.  (ZETA)  (CIK 0001851003),8-K,2023-11-01,0000950170-23-057423:zeta-ex99_1.htm,0000950170-23-057423,,,,,,,,https://www.sec.gov/cgi-bin/browse-edgar?action=getcompany&CIK=1851003,,ZETA
"""generative AI""",1058290,COGNIZANT TECHNOLOGY SOLUTIONS CORP  (CTSH)  (CIK 0001058290),8-K,2023-11-01,0001058290-23-000329:exhibit9919302023.htm,0001058290-23-000329,,,,,,,,https://www.sec.gov/cgi-bin/browse-edgar?action=getcompany&CIK=1058290,,CTSH
"""generative AI""",1725057,Ceridian HCM Holding Inc.  (DAY)  (CIK 0001725057),8-K,2023-11-01,0000950170-23-057134:cday-ex99_1.htm,0000950170-23-057134,,,,,,,,https://www.sec.gov/cgi-bin/browse-edgar?action=getcompany&CIK=1725057,,
"""generative AI""",1660280,"Tenable Holdings, Inc.  (TENB)  (CIK 0001660280)",8-K,2023-11-01,0001660280-23-000136:q32023financialresults-ear.htm,0001660280-23-000136,,,,,,,,https://www.sec.gov/cgi-bin/browse-edgar?action=getcompany&CIK=1660280,,TENB
"""generative AI""",1691421,"Lemonade, Inc.  (LMND, LMND-WT)  (CIK 0001691421)",8-K,2023-11-01,0001691421-23-000108:lmndshlq32023_final.htm,0001691421-23-000108,,,,,,,,https://www.sec.gov/cgi-bin/browse-edgar?action=getcompany&CIK=1691421,,LMND
"""generative AI""",1866368,"Clearwater Analytics Holdings, Inc.  (CWAN)  (CIK 0001866368)",8-K,2023-11-01,0001628280-23-036001:cwan-20230930xexx9911.htm,0001628280-23-036001,,,,,,,,https://www.sec.gov/cgi-bin/browse-edgar?action=getcompany&CIK=1866368,,
"""generative AI""",1831840,"SEMrush Holdings, Inc.  (SEMR)  (CIK 0001831840)",8-K,2023-11-01,0001628280-23-036022:semrush8-kexhibit991q32023.htm,0001628280-23-036022,,,,,,,,https://www.sec.gov/cgi-bin/browse-edgar?action=getcompany&CIK=1831840,,
"""generative AI""",804328,QUALCOMM INC/DE  (QCOM)  (CIK 0000804328),8-K,2023-11-01,0000804328-23-000054:qcom092423erex991.htm,0000804328-23-000054,,,,,,,,https://www.sec.gov/cgi-bin/browse-edgar?action=getcompany&CIK=804328,,QCOM
"""generative AI""",1859199,reAlpha Tech Corp.  (AIRE)  (CIK 0001859199),8-K,2023-11-01,0001213900-23-081931:ea187563ex99-1_realphatech.htm,0001213900-23-081931,,,,,,,,https://www.sec.gov/cgi-bin/browse-edgar?action=getcompany&CIK=1859199,,AIRE
"""generative AI""",1868778,Informatica Inc.  (INFA)  (CIK 0001868778),8-K,2023-11-01,0001868778-23-000030:infa-2023q3x8k_ex991.htm,0001868778-23-000030,,,,,,,,https://www.sec.gov/cgi-bin/browse-edgar?action=getcompany&CIK=1868778,,
"""generative AI""",1043277,"C. H. ROBINSON WORLDWIDE, INC.  (CHRW)  (CIK 0001043277)",8-K,2023-11-01,0001043277-23-000034:q32023earningsdeck.htm,0001043277-23-000034,,,,,,,,https://www.sec.gov/cgi-bin/browse-edgar?action=getcompany&CIK=1043277,,CHRW
"""generative artificial intelligence""",104918,AVISTA CORP  (AVA)  (CIK 0000104918),8-K,2023-11-01,0000950170-23-057046:ava-ex99_1.htm,0000950170-23-057046,,,,,,,,https://www.sec.gov/cgi-bin/browse-edgar?action=getcompany&CIK=104918,,AVA
"""generative AI""",1679688,"DigitalBridge Group, Inc.  (DBRG, DBRG-PH, DBRG-PI, DBRG-PJ)  (CIK 0001679688)",8-K,2023-11-01,0001679688-23-000112:dbrg3q2023earningspresen.htm,0001679688-23-000112,,,,,,,,https://www.sec.gov/cgi-bin/browse-edgar?action=getcompany&CIK=1679688,,DBRG
"""generative AI""",1679688,"DigitalBridge Group, Inc.  (DBRG, DBRG-PH, DBRG-PI, DBRG-PJ)  (CIK 0001679688)",8-K,2023-11-01,0001679688-23-000112:dbrg3q2023earningspresen.htm,0001679688-23-000112,,,,,,,,https://www.sec.gov/cgi-bin/browse-edgar?action=getcompany&CIK=1679688,,DBRG-PH
"""generative AI""",1679688,"DigitalBridge Group, Inc.  (DBRG, DBRG-PH, DBRG-PI, DBRG-PJ)  (CIK 0001679688)",8-K,2023-11-01,0001679688-23-000112:dbrg3q2023earningspresen.htm,0001679688-23-000112,,,,,,,,https://www.sec.gov/cgi-bin/browse-edgar?action=getcompany&CIK=1679688,,DBRG-PI
"""generative AI""",1679688,"DigitalBridge Group, Inc.  (DBRG, DBRG-PH, DBRG-PI, DBRG-PJ)  (CIK 0001679688)",8-K,2023-11-01,0001679688-23-000112:dbrg3q2023earningspresen.htm,0001679688-23-000112,,,,,,,,https://www.sec.gov/cgi-bin/browse-edgar?action=getcompany&CIK=1679688,,DBRG-PJ
"""generative AI""",1607939,"Udemy, Inc.  (UDMY)  (CIK 0001607939)",8-K,2023-11-02,0001607939-23-000184:q32023pressrelease.htm,0001607939-23-000184,,,,,,,,https://www.sec.gov/cgi-bin/browse-edgar?action=getcompany&CIK=1607939,,
"""generative AI""",1582982,"CareCloud, Inc.  (CCLD, CCLDO, CCLDP)  (CIK 0001582982)",8-K,2023-11-02,0001493152-23-039076:ex99-1.htm,0001493152-23-039076,,,,,,,,https://www.sec.gov/cgi-bin/browse-edgar?action=getcompany&CIK=1582982,,CCLD
"""generative AI""",903651,INNODATA INC  (INOD)  (CIK 0000903651),8-K,2023-11-02,0001104659-23-113873:tm2329020d1_ex99-1.htm,0001104659-23-113873,,,,,,,,https://www.sec.gov/cgi-bin/browse-edgar?action=getcompany&CIK=903651,,INOD
"""generative AI""",1512673,"Block, Inc.  (SQ, BSQKZ)  (CIK 0001512673)",8-K,2023-11-02,0001193125-23-269372:d711180dex991.htm,0001193125-23-269372,,,,,,,,https://www.sec.gov/cgi-bin/browse-edgar?action=getcompany&CIK=1512673,,XYZ
"""generative AI""",1512673,"Block, Inc.  (SQ, BSQKZ)  (CIK 0001512673)",8-K,2023-11-02,0001193125-23-269372:d711180dex991.htm,0001193125-23-269372,,,,,,,,https://www.sec.gov/cgi-bin/browse-edgar?action=getcompany&CIK=1512673,,BSQKZ
"""large language model""",1910851,R1 RCM Inc. /DE  (RCM)  (CIK 0001910851),8-K,2023-11-02,0001628280-23-036171:a2023q3_earningscalldeck.htm,0001628280-23-036171,,,,,,,,https://www.sec.gov/cgi-bin/browse-edgar?action=getcompany&CIK=1910851,,
"""generative AI""",1805284,"Rocket Companies, Inc.  (RKT)  (CIK 0001805284)",8-K,2023-11-02,0001805284-23-000086:rkt-earningsrelease0930202.htm,0001805284-23-000086,,,,,,,,https://www.sec.gov/cgi-bin/browse-edgar?action=getcompany&CIK=1805284,,RKT
"""generative AI""",1801169,Opendoor Technologies Inc.  (OPEN)  (CIK 0001801169),8-K,2023-11-02,0001801169-23-000137:q32023formxex992sharehol.htm,0001801169-23-000137,,,,,,,,https://www.sec.gov/cgi-bin/browse-edgar?action=getcompany&CIK=1801169,,OPEN
"""generative AI""",1801169,Opendoor Technologies Inc.  (OPEN)  (CIK 0001801169),8-K,2023-11-02,0001801169-23-000137:q32023formxex992sharehol.htm,0001801169-23-000137,,,,,,,,https://www.sec.gov/cgi-bin/browse-edgar?action=getcompany&CIK=1801169,,OPENW
"""generative AI""",1801169,Opendoor Technologies Inc.  (OPEN)  (CIK 0001801169),8-K,2023-11-02,0001801169-23-000137:q32023formxex992sharehol.htm,0001801169-23-000137,,,,,,,,https://www.sec.gov/cgi-bin/browse-edgar?action=getcompany&CIK=1801169,,OPENL
"""generative AI""",1801169,Opendoor Technologies Inc.  (OPEN)  (CIK 0001801169),8-K,2023-11-02,0001801169-23-000137:q32023formxex992sharehol.htm,0001801169-23-000137,,,,,,,,https://www.sec.gov/cgi-bin/browse-edgar?action=getcompany&CIK=1801169,,OPENZ
"""generative artificial intelligence""",1175680,CytoDyn Inc.  (CYDY)  (CIK 0001175680),8-K,2023-11-06,0001558370-23-017624:cydy-20231103xex99d1.htm,0001558370-23-017624,,,,,,,,https://www.sec.gov/cgi-bin/browse-edgar?action=getcompany&CIK=1175680,,CYDY
"""generative AI""",1689923,"Alteryx, Inc.  (CIK 0001689923)",8-K,2023-11-06,0001689923-23-000076:ayxex99209302023.htm,0001689923-23-000076,,,,,,,,https://www.sec.gov/cgi-bin/browse-edgar?action=getcompany&CIK=1689923,,
"""generative artificial intelligence""",1120970,Comstock Inc.  (LODE)  (CIK 0001120970),8-K,2023-11-06,0001120970-23-000083:comstockgenmatoverview.htm,0001120970-23-000083,,,,,,,,https://www.sec.gov/cgi-bin/browse-edgar?action=getcompany&CIK=1120970,,LODE
"""generative AI""",820318,COHERENT CORP.  (COHR)  (CIK 0000820318),8-K,2023-11-06,0001193125-23-271381:d479671dex992.htm,0001193125-23-271381,,,,,,,,https://www.sec.gov/cgi-bin/browse-edgar?action=getcompany&CIK=820318,,COHR
"""generative artificial intelligence""",1438231,Digimarc CORP  (DMRC)  (CIK 0001438231),8-K,2023-11-06,0001437749-23-030384:ex_564726.htm,0001437749-23-030384,,,,,,,,https://www.sec.gov/cgi-bin/browse-edgar?action=getcompany&CIK=1438231,,
"""generative AI""",1769804,"Augmedix, Inc.  (AUGX)  (CIK 0001769804)",8-K,2023-11-06,0001213900-23-083869:ea187794ex99-1_augmedix.htm,0001213900-23-083869,,,,,,,,https://www.sec.gov/cgi-bin/browse-edgar?action=getcompany&CIK=1769804,,
"""generative artificial intelligence""",1764046,CLARIVATE Plc  (CLVT)  (CIK 0001764046),8-K,2023-11-07,0001764046-23-000110:ex992q32023supplementald.htm,0001764046-23-000110,,,,,,,,https://www.sec.gov/cgi-bin/browse-edgar?action=getcompany&CIK=1764046,,CLVT
"""generative AI""",1065088,EBAY INC  (EBAY)  (CIK 0001065088),8-K,2023-11-07,0001065088-23-000036:exhibit991erebayq32023.htm,0001065088-23-000036,,,,,,,,https://www.sec.gov/cgi-bin/browse-edgar?action=getcompany&CIK=1065088,,EBAY
"""generative AI""",1835972,"Arrowroot Acquisition Corp.  (AILE, AILEW)  (CIK 0001835972)",8-K,2023-11-07,0001213900-23-084012:ea187731ex99-1_arrowroot.htm,0001213900-23-084012,,,,,,,,https://www.sec.gov/cgi-bin/browse-edgar?action=getcompany&CIK=1835972,,
"""generative AI""",1543151,"Uber Technologies, Inc  (UBER)  (CIK 0001543151)",8-K,2023-11-07,0001543151-23-000036:uberq323earningspressrelea.htm,0001543151-23-000036,,,,,,,,https://www.sec.gov/cgi-bin/browse-edgar?action=getcompany&CIK=1543151,,UBER
"""generative AI""",1852244,"GXO Logistics, Inc.  (GXO)  (CIK 0001852244)",8-K,2023-11-07,0001852244-23-000038:gxothirdquarter2023resul.htm,0001852244-23-000038,,,,,,,,https://www.sec.gov/cgi-bin/browse-edgar?action=getcompany&CIK=1852244,,GXO
"""generative AI""",1667011,"Arteris, Inc.  (AIP)  (CIK 0001667011)",8-K,2023-11-07,0001667011-23-000028:exhibit991q3fy238-k.htm,0001667011-23-000028,,,,,,,,https://www.sec.gov/cgi-bin/browse-edgar?action=getcompany&CIK=1667011,,AIP
"""generative AI""",1627475,"UPWORK, INC  (UPWK)  (CIK 0001627475)",8-K,2023-11-07,0001627475-23-000055:final_q323upworksharehol.htm,0001627475-23-000055,,,,,,,,https://www.sec.gov/cgi-bin/browse-edgar?action=getcompany&CIK=1627475,,UPWK
"""generative AI""",1819404,Nerdy Inc.  (NRDY)  (CIK 0001819404),8-K,2023-11-07,0001193125-23-272414:d576408dex991.htm,0001193125-23-272414,,,,,,,,https://www.sec.gov/cgi-bin/browse-edgar?action=getcompany&CIK=1819404,,NRDY
"""generative AI""",1286139,"LEGALZOOM.COM, INC.  (LZ)  (CIK 0001286139)",8-K,2023-11-07,0001286139-23-000130:lz-20231107xexx991.htm,0001286139-23-000130,,,,,,,,https://www.sec.gov/cgi-bin/browse-edgar?action=getcompany&CIK=1286139,,LZ
"""generative AI""",1454938,Outbrain Inc.  (OB)  (CIK 0001454938),8-K,2023-11-07,0001454938-23-000149:q32023er-exhibit991.htm,0001454938-23-000149,,,,,,,,https://www.sec.gov/cgi-bin/browse-edgar?action=getcompany&CIK=1454938,,TEAD
"""generative AI""",1102993,LIVEPERSON INC  (LPSN)  (CIK 0001102993),8-K,2023-11-08,0001102993-23-000130:lpsnq32023ex-991xpressrele.htm,0001102993-23-000130,,,,,,,,https://www.sec.gov/cgi-bin/browse-edgar?action=getcompany&CIK=1102993,,LPSN
"""large language model""",1579091,Maplebear Inc.  (CART)  (CIK 0001579091),8-K,2023-11-08,0001579091-23-000009:q323earningsshareholderl.htm,0001579091-23-000009,,,,,,,,https://www.sec.gov/cgi-bin/browse-edgar?action=getcompany&CIK=1579091,,CART
"""generative AI""",1398659,Genpact LTD  (G)  (CIK 0001398659),8-K,2023-11-08,0001398659-23-000033:genpactltdexhibit991q323.htm,0001398659-23-000033,,,,,,,,https://www.sec.gov/cgi-bin/browse-edgar?action=getcompany&CIK=1398659,,G
"""generative AI""",1839439,"PAYCOR HCM, INC.  (PYCR)  (CIK 0001839439)",8-K,2023-11-08,0001839439-23-000034:a2024pycrq18-kexhibit991.htm,0001839439-23-000034,,,,,,,,https://www.sec.gov/cgi-bin/browse-edgar?action=getcompany&CIK=1839439,,
"""generative artificial intelligence""",1447669,TWILIO INC  (TWLO)  (CIK 0001447669),8-K,2023-11-08,0001447669-23-000224:twloq323ex991.htm,0001447669-23-000224,,,,,,,,https://www.sec.gov/cgi-bin/browse-edgar?action=getcompany&CIK=1447669,,TWLO
"""generative AI""",1562088,"Duolingo, Inc.  (DUOL)  (CIK 0001562088)",8-K,2023-11-08,0001562088-23-000219:q3fy23shareholderletter.htm,0001562088-23-000219,,,,,,,,https://www.sec.gov/cgi-bin/browse-edgar?action=getcompany&CIK=1562088,,DUOL
"""generative AI""",1293282,TechTarget Inc  (TTGT)  (CIK 0001293282),8-K,2023-11-08,0000950170-23-061076:ttgt-ex99_1.htm,0000950170-23-061076,,,,,,,,https://www.sec.gov/cgi-bin/browse-edgar?action=getcompany&CIK=1293282,,
"""AI partnership""",1830214,"Ginkgo Bioworks Holdings, Inc.  (DNA, DNA-WT)  (CIK 0001830214)",8-K,2023-11-08,0001628280-23-037916:ex-991q32023earnings.htm,0001628280-23-037916,,,,,,,,https://www.sec.gov/cgi-bin/browse-edgar?action=getcompany&CIK=1830214,,DNA
"""AI partnership""",1830214,"Ginkgo Bioworks Holdings, Inc.  (DNA, DNA-WT)  (CIK 0001830214)",8-K,2023-11-08,0001628280-23-037916:ex-991q32023earnings.htm,0001628280-23-037916,,,,,,,,https://www.sec.gov/cgi-bin/browse-edgar?action=getcompany&CIK=1830214,,DNABW
"""generative AI""",1840502,"Taboola.com Ltd.  (TBLA, TBLAW)  (CIK 0001840502)",8-K,2023-11-08,0001140361-23-051967:ef20014068_ex99-1.htm,0001140361-23-051967,,,,,,,,https://www.sec.gov/cgi-bin/browse-edgar?action=getcompany&CIK=1840502,,TBLA
"""generative AI""",1224133,MARCHEX INC  (MCHX)  (CIK 0001224133),8-K,2023-11-08,0000950170-23-061145:mchx-ex99_1.htm,0000950170-23-061145,,,,,,,,https://www.sec.gov/cgi-bin/browse-edgar?action=getcompany&CIK=1224133,,MCHX
"""generative AI""",1720420,IBEX Ltd  (IBEX)  (CIK 0001720420),8-K,2023-11-09,0001720420-23-000028:ex-991.htm,0001720420-23-000028,,,,,,,,https://www.sec.gov/cgi-bin/browse-edgar?action=getcompany&CIK=1720420,,IBEX
"""AI partnership""",1657573,"Xometry, Inc.  (XMTR)  (CIK 0001657573)",8-K,2023-11-09,0000950170-23-061534:xmtr-ex99_1.htm,0000950170-23-061534,,,,,,,,https://www.sec.gov/cgi-bin/browse-edgar?action=getcompany&CIK=1657573,,XMTR
"""generative AI""",1816233,"Sharecare, Inc.  (SHCR, SHCRW)  (CIK 0001816233)",8-K,2023-11-09,0001816233-23-000181:sharecareexhibit99193023.htm,0001816233-23-000181,,,,,,,,https://www.sec.gov/cgi-bin/browse-edgar?action=getcompany&CIK=1816233,,
"""generative AI""",1840856,"SOUNDHOUND AI, INC.  (SOUN, SOUNW)  (CIK 0001840856)",8-K,2023-11-09,0001840856-23-000054:soun-20231109ex9911.htm,0001840856-23-000054,,,,,,,,https://www.sec.gov/cgi-bin/browse-edgar?action=getcompany&CIK=1840856,,SOUN
"""generative AI""",1840856,"SOUNDHOUND AI, INC.  (SOUN, SOUNW)  (CIK 0001840856)",8-K,2023-11-09,0001840856-23-000054:soun-20231109ex9911.htm,0001840856-23-000054,,,,,,,,https://www.sec.gov/cgi-bin/browse-edgar?action=getcompany&CIK=1840856,,SOUNW
"""generative AI""",1777921,"AvePoint, Inc.  (AVPT, AVPTW)  (CIK 0001777921)",8-K,2023-11-09,0001171843-23-006952:exh_991.htm,0001171843-23-006952,,,,,,,,https://www.sec.gov/cgi-bin/browse-edgar?action=getcompany&CIK=1777921,,AVPT
"""generative AI""",1810806,Unity Software Inc.  (U)  (CIK 0001810806),8-K,2023-11-09,0001810806-23-000179:q32023shareholderletter_.htm,0001810806-23-000179,,,,,,,,https://www.sec.gov/cgi-bin/browse-edgar?action=getcompany&CIK=1810806,,U
"""generative AI""",1075736,"Crexendo, Inc.  (CXDO)  (CIK 0001075736)",8-K,2023-11-09,0001654954-23-014010:cxdo_ex991.htm,0001654954-23-014010,,,,,,,,https://www.sec.gov/cgi-bin/browse-edgar?action=getcompany&CIK=1075736,,CXDO
"""generative AI""",1516513,"Doximity, Inc.  (DOCS)  (CIK 0001516513)",8-K,2023-11-09,0001516513-23-000082:doximity-2023930xex991.htm,0001516513-23-000082,,,,,,,,https://www.sec.gov/cgi-bin/browse-edgar?action=getcompany&CIK=1516513,,DOCS
"""generative AI""",1964979,"ALLURION TECHNOLOGIES, INC.  (ALUR, ALUR-WT)  (CIK 0001964979)",8-K,2023-11-13,0000950170-23-062465:alur-ex99_1.htm,0000950170-23-062465,,,,,,,,https://www.sec.gov/cgi-bin/browse-edgar?action=getcompany&CIK=1964979,,ALUR
"""generative AI""",1964979,"ALLURION TECHNOLOGIES, INC.  (ALUR, ALUR-WT)  (CIK 0001964979)",8-K,2023-11-13,0000950170-23-062465:alur-ex99_1.htm,0000950170-23-062465,,,,,,,,https://www.sec.gov/cgi-bin/browse-edgar?action=getcompany&CIK=1964979,,ALURW
"""generative AI""",1964979,"ALLURION TECHNOLOGIES, INC.  (ALUR, ALUR-WT)  (CIK 0001964979)",8-K,2023-11-13,0000950170-23-062465:alur-ex99_1.htm,0000950170-23-062465,,,,,,,,https://www.sec.gov/cgi-bin/browse-edgar?action=getcompany&CIK=1964979,,ALURD
"""generative AI""",1805521,"FARADAY FUTURE INTELLIGENT ELECTRIC INC.  (FFIE, FFIEW)  (CIK 0001805521)",8-K,2023-11-13,0001213900-23-086153:ea188261ex99-3_faraday.htm,0001213900-23-086153,,,,,,,,https://www.sec.gov/cgi-bin/browse-edgar?action=getcompany&CIK=1805521,,FFAI
"""generative AI""",1805521,"FARADAY FUTURE INTELLIGENT ELECTRIC INC.  (FFIE, FFIEW)  (CIK 0001805521)",8-K,2023-11-13,0001213900-23-086153:ea188261ex99-3_faraday.htm,0001213900-23-086153,,,,,,,,https://www.sec.gov/cgi-bin/browse-edgar?action=getcompany&CIK=1805521,,FFAIW
"""generative artificial intelligence""",829323,"Inuvo, Inc.  (INUV)  (CIK 0000829323)",8-K,2023-11-13,0001654954-23-014053:inuvo_ex992.htm,0001654954-23-014053,,,,,,,,https://www.sec.gov/cgi-bin/browse-edgar?action=getcompany&CIK=829323,,INUV
"""generative AI""",790526,"RadNet, Inc.  (RDNT)  (CIK 0000790526)",8-K,2023-11-13,0001683168-23-007874:radnet_ex9902.htm,0001683168-23-007874,,,,,,,,https://www.sec.gov/cgi-bin/browse-edgar?action=getcompany&CIK=790526,,RDNT
"""generative AI""",1672688,Absci Corp  (ABSI)  (CIK 0001672688),8-K,2023-11-14,0001628280-23-038977:exhibit991-2023q310xqpr.htm,0001628280-23-038977,,,,,,,,https://www.sec.gov/cgi-bin/browse-edgar?action=getcompany&CIK=1672688,,ABSI
"""generative AI""",1873722,Bubblr Inc.  (BBLR)  (CIK 0001873722),8-K,2023-11-14,0001493152-23-041180:ex99-1.htm,0001493152-23-041180,,,,,,,,https://www.sec.gov/cgi-bin/browse-edgar?action=getcompany&CIK=1873722,,BBLR
"""generative AI""",1095073,"EVEREST GROUP, LTD.  (EG)  (CIK 0001095073)",8-K,2023-11-14,0001095073-23-000051:investorpresentationdate.htm,0001095073-23-000051,,,,,,,,https://www.sec.gov/cgi-bin/browse-edgar?action=getcompany&CIK=1095073,,EG
"""generative AI""",1023459,"Simulations Plus, Inc.  (SLP)  (CIK 0001023459)",8-K,2023-11-14,0001023459-23-000144:slpinvestorday202311923v.htm,0001023459-23-000144,,,,,,,,https://www.sec.gov/cgi-bin/browse-edgar?action=getcompany&CIK=1023459,,SLP
"""generative AI""",1823466,"FiscalNote Holdings, Inc.  (NOTE, NOTE-WT)  (CIK 0001823466)",8-K,2023-11-14,0000950170-23-063343:note-ex99_1.htm,0000950170-23-063343,,,,,,,,https://www.sec.gov/cgi-bin/browse-edgar?action=getcompany&CIK=1823466,,NOTE
"""generative AI""",1823466,"FiscalNote Holdings, Inc.  (NOTE, NOTE-WT)  (CIK 0001823466)",8-K,2023-11-14,0000950170-23-063343:note-ex99_1.htm,0000950170-23-063343,,,,,,,,https://www.sec.gov/cgi-bin/browse-edgar?action=getcompany&CIK=1823466,,NOTEW
"""generative artificial intelligence""",1120970,Comstock Inc.  (LODE)  (CIK 0001120970),8-K,2023-11-14,0001120970-23-000090:genmathrsilaunchnewsrelease.htm,0001120970-23-000090,,,,,,,,https://www.sec.gov/cgi-bin/browse-edgar?action=getcompany&CIK=1120970,,LODE
"""generative AI""",1898496,"Getty Images Holdings, Inc.  (GETY)  (CIK 0001898496)",8-K,2023-11-14,0001104659-23-118147:tm2330744d1_ex99-1.htm,0001104659-23-118147,,,,,,,,https://www.sec.gov/cgi-bin/browse-edgar?action=getcompany&CIK=1898496,,GETY
"""generative AI""",1769624,"AGBA Group Holding Ltd.  (AGBA, AGBAW)  (CIK 0001769624)",8-K,2023-11-14,0001213900-23-086452:ea188323ex99-2_agbagroup.htm,0001213900-23-086452,,,,,,,,https://www.sec.gov/cgi-bin/browse-edgar?action=getcompany&CIK=1769624,,ILLR
"""generative AI""",1769624,"AGBA Group Holding Ltd.  (AGBA, AGBAW)  (CIK 0001769624)",8-K,2023-11-14,0001213900-23-086452:ea188323ex99-2_agbagroup.htm,0001213900-23-086452,,,,,,,,https://www.sec.gov/cgi-bin/browse-edgar?action=getcompany&CIK=1769624,,ILLRW
"""generative AI""",1364954,"CHEGG, INC  (CHGG)  (CIK 0001364954)",8-K,2023-11-15,0001364954-23-000148:a9901-1115238xk.htm,0001364954-23-000148,,,,,,,,https://www.sec.gov/cgi-bin/browse-edgar?action=getcompany&CIK=1364954,,CHGG
"""generative AI""",858877,"CISCO SYSTEMS, INC.  (CSCO)  (CIK 0000858877)",8-K,2023-11-15,0001193125-23-277891:d850595dex991.htm,0001193125-23-277891,,,,,,,,https://www.sec.gov/cgi-bin/browse-edgar?action=getcompany&CIK=858877,,CSCO
"""generative AI""",1769804,"Augmedix, Inc.  (AUGX)  (CIK 0001769804)",8-K,2023-11-15,0001213900-23-087547:ea188530ex99-1_augmedix.htm,0001213900-23-087547,,,,,,,,https://www.sec.gov/cgi-bin/browse-edgar?action=getcompany&CIK=1769804,,
"""generative AI""",1564708,"NEWS CORP  (NWS, NWSA)  (CIK 0001564708)",8-K,2023-11-15,0001564708-23-000557:exhibit991combined.htm,0001564708-23-000557,,,,,,,,https://www.sec.gov/cgi-bin/browse-edgar?action=getcompany&CIK=1564708,,NWSA
"""generative AI""",1564708,"NEWS CORP  (NWS, NWSA)  (CIK 0001564708)",8-K,2023-11-15,0001564708-23-000557:exhibit991combined.htm,0001564708-23-000557,,,,,,,,https://www.sec.gov/cgi-bin/browse-edgar?action=getcompany&CIK=1564708,,NWS
"""generative AI""",1564708,"NEWS CORP  (NWS, NWSA)  (CIK 0001564708)",8-K,2023-11-15,0001564708-23-000557:exhibit991combined.htm,0001564708-23-000557,,,,,,,,https://www.sec.gov/cgi-bin/browse-edgar?action=getcompany&CIK=1564708,,NWSLL
"""generative AI""",1805521,"FARADAY FUTURE INTELLIGENT ELECTRIC INC.  (FFIE, FFIEW)  (CIK 0001805521)",8-K,2023-11-15,0001213900-23-087254:ea188475ex99-1_faraday.htm,0001213900-23-087254,,,,,,,,https://www.sec.gov/cgi-bin/browse-edgar?action=getcompany&CIK=1805521,,FFAI
"""generative AI""",1805521,"FARADAY FUTURE INTELLIGENT ELECTRIC INC.  (FFIE, FFIEW)  (CIK 0001805521)",8-K,2023-11-15,0001213900-23-087254:ea188475ex99-1_faraday.htm,0001213900-23-087254,,,,,,,,https://www.sec.gov/cgi-bin/browse-edgar?action=getcompany&CIK=1805521,,FFAIW
"""generative AI""",713425,AMERICAN SOFTWARE INC  (AMSWA)  (CIK 0000713425),8-K,2023-11-16,0001157523-23-001750:a53851443ex99_1.htm,0001157523-23-001750,,,,,,,,https://www.sec.gov/cgi-bin/browse-edgar?action=getcompany&CIK=713425,,
"""generative AI""",1828852,"Mondee Holdings, Inc.  (MOND)  (CIK 0001828852)",8-K,2023-11-17,0001828852-23-000184:purplegridsrelease-37x.htm,0001828852-23-000184,,,,,,,,https://www.sec.gov/cgi-bin/browse-edgar?action=getcompany&CIK=1828852,,
"""large language model""",1368365,"REMARK HOLDINGS, INC.  (MARK)  (CIK 0001368365)",8-K,2023-11-20,0001368365-23-000099:ex991earningsrelease2023q3.htm,0001368365-23-000099,,,,,,,,https://www.sec.gov/cgi-bin/browse-edgar?action=getcompany&CIK=1368365,,
"""generative AI""",1045810,NVIDIA CORP  (NVDA)  (CIK 0001045810),8-K,2023-11-21,0001045810-23-000225:q3fy24pr.htm,0001045810-23-000225,,,,,,,,https://www.sec.gov/cgi-bin/browse-edgar?action=getcompany&CIK=1045810,,NVDA
"""AI collaboration""",1641398,GD Culture Group Ltd  (GDC)  (CIK 0001641398),8-K,2023-11-22,0001213900-23-089613:ea188771ex99-3_gdculture.htm,0001213900-23-089613,,,,,,,,https://www.sec.gov/cgi-bin/browse-edgar?action=getcompany&CIK=1641398,,GDC
"""generative AI""",1768267,Cerence Inc.  (CRNC)  (CIK 0001768267),8-K,2023-11-27,0000950170-23-066033:crnc-ex99_2.htm,0000950170-23-066033,,,,,,,,https://www.sec.gov/cgi-bin/browse-edgar?action=getcompany&CIK=1768267,,CRNC
"""generative AI""",1002047,"NetApp, Inc.  (NTAP)  (CIK 0001002047)",8-K,2023-11-28,0000950170-23-066400:ntap-ex99_1.htm,0000950170-23-066400,,,,,,,,https://www.sec.gov/cgi-bin/browse-edgar?action=getcompany&CIK=1002047,,NTAP
"""generative AI""",1327811,"Workday, Inc.  (WDAY)  (CIK 0001327811)",8-K,2023-11-28,0001327811-23-000200:wday-10312023x991.htm,0001327811-23-000200,,,,,,,,https://www.sec.gov/cgi-bin/browse-edgar?action=getcompany&CIK=1327811,,WDAY
"""generative AI""",1840317,"Plum Acquisition Corp. I  (PLMI, PLMIU, PLMIW)  (CIK 0001840317)",8-K,2023-11-28,0001213900-23-090335:ea189129ex99-1_plumacq1.htm,0001213900-23-090335,,,,,,,,https://www.sec.gov/cgi-bin/browse-edgar?action=getcompany&CIK=1840317,,VEEA
"""generative AI""",1840317,"Plum Acquisition Corp. I  (PLMI, PLMIU, PLMIW)  (CIK 0001840317)",8-K,2023-11-28,0001213900-23-090335:ea189129ex99-1_plumacq1.htm,0001213900-23-090335,,,,,,,,https://www.sec.gov/cgi-bin/browse-edgar?action=getcompany&CIK=1840317,,VEEAW
"""generative AI""",1571996,Dell Technologies Inc.  (DELL)  (CIK 0001571996),8-K,2023-11-30,0001571996-23-000039:exhibit991earnings8kq3fy24.htm,0001571996-23-000039,,,,,,,,https://www.sec.gov/cgi-bin/browse-edgar?action=getcompany&CIK=1571996,,DELL
"""generative AI""",1707753,Elastic N.V.  (ESTC)  (CIK 0001707753),8-K,2023-11-30,0001707753-23-000055:a24q2erex991.htm,0001707753-23-000055,,,,,,,,https://www.sec.gov/cgi-bin/browse-edgar?action=getcompany&CIK=1707753,,ESTC
"""generative AI""",1568100,"PagerDuty, Inc.  (PD)  (CIK 0001568100)",8-K,2023-11-30,0001628280-23-040341:pagerdutyq3fy24earningspre.htm,0001628280-23-040341,,,,,,,,https://www.sec.gov/cgi-bin/browse-edgar?action=getcompany&CIK=1568100,,PD
"""generative AI""",1964789,Hut 8 Corp.  (HUT)  (CIK 0001964789),8-K,2023-12-01,0001104659-23-122902:tm2331643d4_ex99-2.htm,0001104659-23-122902,,,,,,,,https://www.sec.gov/cgi-bin/browse-edgar?action=getcompany&CIK=1964789,,HUT
"""generative AI""",1805521,"FARADAY FUTURE INTELLIGENT ELECTRIC INC.  (FFIE, FFIEW)  (CIK 0001805521)",8-K,2023-12-04,0001213900-23-092288:ea189442ex99-1_faraday.htm,0001213900-23-092288,,,,,,,,https://www.sec.gov/cgi-bin/browse-edgar?action=getcompany&CIK=1805521,,FFAI
"""generative AI""",1805521,"FARADAY FUTURE INTELLIGENT ELECTRIC INC.  (FFIE, FFIEW)  (CIK 0001805521)",8-K,2023-12-04,0001213900-23-092288:ea189442ex99-1_faraday.htm,0001213900-23-092288,,,,,,,,https://www.sec.gov/cgi-bin/browse-edgar?action=getcompany&CIK=1805521,,FFAIW
"""generative AI""",1672688,Absci Corp  (ABSI)  (CIK 0001672688),8-K,2023-12-04,0001628280-23-040546:exhibit991-8xkx23x11x29.htm,0001628280-23-040546,,,,,,,,https://www.sec.gov/cgi-bin/browse-edgar?action=getcompany&CIK=1672688,,ABSI
"""generative AI""",1372612,BOX INC  (BOX)  (CIK 0001372612),8-K,2023-12-05,0000950170-23-068148:box-ex99_1.htm,0000950170-23-068148,,,,,,,,https://www.sec.gov/cgi-bin/browse-edgar?action=getcompany&CIK=1372612,,BOX
"""generative AI""",1372612,BOX INC  (BOX)  (CIK 0001372612),8-K,2023-12-05,0000950170-23-068148:box-ex99_1.htm,0000950170-23-068148,,,,,,,,https://www.sec.gov/cgi-bin/browse-edgar?action=getcompany&CIK=1372612,,BXCAP
"""generative artificial intelligence""",1832433,Ferguson plc  (CIK 0001832433),8-K,2023-12-05,0001832433-23-000068:exhibit991pressreleaseq1fy.htm,0001832433-23-000068,,,,,,,,https://www.sec.gov/cgi-bin/browse-edgar?action=getcompany&CIK=1832433,,
"""generative AI""",1441816,"MongoDB, Inc.  (MDB)  (CIK 0001441816)",8-K,2023-12-05,0001441816-23-000239:mdb-103123xex991xrelease.htm,0001441816-23-000239,,,,,,,,https://www.sec.gov/cgi-bin/browse-edgar?action=getcompany&CIK=1441816,,MDB
"""generative AI""",759944,"CITIZENS FINANCIAL GROUP INC/RI  (CFG, CFG-PE, CFG-PH)  (CIK 0000759944)",8-K,2023-12-05,0000759944-23-000168:goldmansachsdec2023final.htm,0000759944-23-000168,,,,,,,,https://www.sec.gov/cgi-bin/browse-edgar?action=getcompany&CIK=759944,,CFG
"""generative AI""",759944,"CITIZENS FINANCIAL GROUP INC/RI  (CFG, CFG-PE, CFG-PH)  (CIK 0000759944)",8-K,2023-12-05,0000759944-23-000168:goldmansachsdec2023final.htm,0000759944-23-000168,,,,,,,,https://www.sec.gov/cgi-bin/browse-edgar?action=getcompany&CIK=759944,,CFG-PE
"""generative AI""",759944,"CITIZENS FINANCIAL GROUP INC/RI  (CFG, CFG-PE, CFG-PH)  (CIK 0000759944)",8-K,2023-12-05,0000759944-23-000168:goldmansachsdec2023final.htm,0000759944-23-000168,,,,,,,,https://www.sec.gov/cgi-bin/browse-edgar?action=getcompany&CIK=759944,,CFG-PH
"""generative AI""",759944,"CITIZENS FINANCIAL GROUP INC/RI  (CFG, CFG-PE, CFG-PH)  (CIK 0000759944)",8-K,2023-12-05,0000759944-23-000168:goldmansachsdec2023final.htm,0000759944-23-000168,,,,,,,,https://www.sec.gov/cgi-bin/browse-edgar?action=getcompany&CIK=759944,,CFG-PI
"""generative AI""",1774675,"Skillsoft Corp.  (SKIL, SKILW)  (CIK 0001774675)",8-K,2023-12-05,0001437749-23-033638:ex_569732.htm,0001437749-23-033638,,,,,,,,https://www.sec.gov/cgi-bin/browse-edgar?action=getcompany&CIK=1774675,,SKIL
"""generative AI""",63908,MCDONALDS CORP  (MCD)  (CIK 0000063908),8-K,2023-12-06,0000063908-23-000112:exhibit991-investorupdate2.htm,0000063908-23-000112,,,,,,,,https://www.sec.gov/cgi-bin/browse-edgar?action=getcompany&CIK=63908,,MCD
"""generative AI""",1577526,"C3.ai, Inc.  (AI)  (CIK 0001577526)",8-K,2023-12-06,0001628280-23-040913:ex991-fy24xq2earnings.htm,0001628280-23-040913,,,,,,,,https://www.sec.gov/cgi-bin/browse-edgar?action=getcompany&CIK=1577526,,AI
"""generative AI""",1569345,"Sprinklr, Inc.  (CXM)  (CIK 0001569345)",8-K,2023-12-06,0001569345-23-000071:q3fy24-earningsrelease.htm,0001569345-23-000071,,,,,,,,https://www.sec.gov/cgi-bin/browse-edgar?action=getcompany&CIK=1569345,,CXM
"""generative AI""",1720671,"HashiCorp, Inc.  (HCP)  (CIK 0001720671)",8-K,2023-12-07,0001628280-23-041058:hcp-q3fy24xex991.htm,0001628280-23-041058,,,,,,,,https://www.sec.gov/cgi-bin/browse-edgar?action=getcompany&CIK=1720671,,
"""generative AI""",1840856,"SOUNDHOUND AI, INC.  (SOUN, SOUNW)  (CIK 0001840856)",8-K,2023-12-07,0001213900-23-093913:ea189490ex99-1_soundhoun.htm,0001213900-23-093913,,,,,,,,https://www.sec.gov/cgi-bin/browse-edgar?action=getcompany&CIK=1840856,,SOUN
"""generative AI""",1840856,"SOUNDHOUND AI, INC.  (SOUN, SOUNW)  (CIK 0001840856)",8-K,2023-12-07,0001213900-23-093913:ea189490ex99-1_soundhoun.htm,0001213900-23-093913,,,,,,,,https://www.sec.gov/cgi-bin/browse-edgar?action=getcompany&CIK=1840856,,SOUNW
"""generative artificial intelligence""",1261333,"DOCUSIGN, INC.  (DOCU)  (CIK 0001261333)",8-K,2023-12-07,0001261333-23-000101:q324ex-991er.htm,0001261333-23-000101,,,,,,,,https://www.sec.gov/cgi-bin/browse-edgar?action=getcompany&CIK=1261333,,DOCU
"""generative AI""",1383312,"BROADRIDGE FINANCIAL SOLUTIONS, INC.  (BR)  (CIK 0001383312)",8-K,2023-12-07,0001383312-23-000059:ex992investorday2023pres.htm,0001383312-23-000059,,,,,,,,https://www.sec.gov/cgi-bin/browse-edgar?action=getcompany&CIK=1383312,,BR
"""generative AI""",1707753,Elastic N.V.  (ESTC)  (CIK 0001707753),8-K,2023-12-11,0001707753-23-000062:exh991-pressreleasedecembe.htm,0001707753-23-000062,,,,,,,,https://www.sec.gov/cgi-bin/browse-edgar?action=getcompany&CIK=1707753,,ESTC
"""generative AI""",1341439,ORACLE CORP  (ORCL)  (CIK 0001341439),8-K,2023-12-11,0000950170-23-069410:orcl-ex99_1.htm,0000950170-23-069410,,,,,,,,https://www.sec.gov/cgi-bin/browse-edgar?action=getcompany&CIK=1341439,,ORCL
"""generative AI""",1341439,ORACLE CORP  (ORCL)  (CIK 0001341439),8-K,2023-12-11,0000950170-23-069410:orcl-ex99_1.htm,0000950170-23-069410,,,,,,,,https://www.sec.gov/cgi-bin/browse-edgar?action=getcompany&CIK=1341439,,ORCL-PD
"""generative artificial intelligence""",1844971,"Greenidge Generation Holdings Inc.  (GREE, GREEL)  (CIK 0001844971)",8-K,2023-12-12,0001628280-23-041278:ex991-greenidgegenerationh.htm,0001628280-23-041278,,,,,,,,https://www.sec.gov/cgi-bin/browse-edgar?action=getcompany&CIK=1844971,,GREE
"""generative artificial intelligence""",1844971,"Greenidge Generation Holdings Inc.  (GREE, GREEL)  (CIK 0001844971)",8-K,2023-12-12,0001628280-23-041278:ex991-greenidgegenerationh.htm,0001628280-23-041278,,,,,,,,https://www.sec.gov/cgi-bin/browse-edgar?action=getcompany&CIK=1844971,,GREEL
"""generative artificial intelligence""",1831978,"Newbury Street Acquisition Corp  (NBST, NBSTU, NBSTW)  (CIK 0001831978)",8-K,2023-12-12,0001213900-23-095168:ea189943ex99-1_newbury.htm,0001213900-23-095168,,,,,,,,https://www.sec.gov/cgi-bin/browse-edgar?action=getcompany&CIK=1831978,,
"""generative AI""",1667313,"Zedge, Inc.  (ZDGE)  (CIK 0001667313)",8-K,2023-12-13,0001213900-23-095388:ea189975ex99-1_zedgeinc.htm,0001213900-23-095388,,,,,,,,https://www.sec.gov/cgi-bin/browse-edgar?action=getcompany&CIK=1667313,,ZDGE
"""generative artificial intelligence""",1831978,"Newbury Street Acquisition Corp  (NBST, NBSTU, NBSTW)  (CIK 0001831978)",8-K,2023-12-14,0001213900-23-095552:ea190047ex99-1_newbury.htm,0001213900-23-095552,,,,,,,,https://www.sec.gov/cgi-bin/browse-edgar?action=getcompany&CIK=1831978,,
"""generative artificial intelligence""",1388295,OneMeta Inc.  (ONEI)  (CIK 0001388295),8-K,2023-12-18,0001493152-23-045260:ex99-1.htm,0001493152-23-045260,,,,,,,,https://www.sec.gov/cgi-bin/browse-edgar?action=getcompany&CIK=1388295,,ONEI
"""generative AI""",1689923,"Alteryx, Inc.  (CIK 0001689923)",8-K,2023-12-19,0001193125-23-298609:d676158dex991.htm,0001193125-23-298609,,,,,,,,https://www.sec.gov/cgi-bin/browse-edgar?action=getcompany&CIK=1689923,,
"""generative AI""",1289419,"Morningstar, Inc.  (MORN)  (CIK 0001289419)",8-K,2023-12-19,0001104659-23-127324:tm2332863d1_8k.htm,0001104659-23-127324,,,,,,,,https://www.sec.gov/cgi-bin/browse-edgar?action=getcompany&CIK=1289419,,MORN
"""generative AI""",1013237,FACTSET RESEARCH SYSTEMS INC  (FDS)  (CIK 0001013237),8-K,2023-12-19,0001013237-23-000193:fdsq12024earningsrelease.htm,0001013237-23-000193,,,,,,,,https://www.sec.gov/cgi-bin/browse-edgar?action=getcompany&CIK=1013237,,FDS
"""generative artificial intelligence""",886128,"FUELCELL ENERGY INC  (FCEL, FCELB)  (CIK 0000886128)",8-K,2023-12-19,0001558370-23-019891:fcel-20231219xex99d1.htm,0001558370-23-019891,,,,,,,,https://www.sec.gov/cgi-bin/browse-edgar?action=getcompany&CIK=886128,,FCEL
"""generative artificial intelligence""",886128,"FUELCELL ENERGY INC  (FCEL, FCELB)  (CIK 0000886128)",8-K,2023-12-19,0001558370-23-019891:fcel-20231219xex99d1.htm,0001558370-23-019891,,,,,,,,https://www.sec.gov/cgi-bin/browse-edgar?action=getcompany&CIK=886128,,FCELB
"""generative AI""",1672688,Absci Corp  (ABSI)  (CIK 0001672688),8-K,2023-12-20,0001628280-23-042078:exhibit991-8xkx23x12x20.htm,0001628280-23-042078,,,,,,,,https://www.sec.gov/cgi-bin/browse-edgar?action=getcompany&CIK=1672688,,ABSI
"""generative AI""",1070235,BLACKBERRY Ltd  (BB)  (CIK 0001070235),8-K,2023-12-20,0001070235-23-000163:q3fy24ex-991.htm,0001070235-23-000163,,,,,,,,https://www.sec.gov/cgi-bin/browse-edgar?action=getcompany&CIK=1070235,,BB
"""generative artificial intelligence""",1120970,Comstock Inc.  (LODE)  (CIK 0001120970),8-K,2023-12-27,0001120970-23-000098:exhibit991lodeprrenfuelfac.htm,0001120970-23-000098,,,,,,,,https://www.sec.gov/cgi-bin/browse-edgar?action=getcompany&CIK=1120970,,LODE
"""generative AI""",1083301,TERAWULF INC.  (WULF)  (CIK 0001083301),8-K,2023-12-28,0001083301-23-000066:terawulfincpressrelease1.htm,0001083301-23-000066,,,,,,,,https://www.sec.gov/cgi-bin/browse-edgar?action=getcompany&CIK=1083301,,WULF
"""AI acquisition""",1848861,"Healthcare AI Acquisition Corp.  (HAIA, HAIAU, HAIAW)  (CIK 0001848861)",8-K,2023-12-28,0001477932-23-009381:haia_8k.htm,0001477932-23-009381,,,,,,,,https://www.sec.gov/cgi-bin/browse-edgar?action=getcompany&CIK=1848861,,
"""generative AI""",1829953,Corner Growth Acquisition Corp.  (CIK 0001829953),8-K,2024-01-02,0001104659-24-000411:tm241451d1_ex99-1.htm,0001104659-24-000411,,,,,,,,https://www.sec.gov/cgi-bin/browse-edgar?action=getcompany&CIK=1829953,,
"""generative AI""",1083301,TERAWULF INC.  (WULF)  (CIK 0001083301),8-K,2024-01-03,0001083301-24-000007:wulfdec23opsreport01-03x.htm,0001083301-24-000007,,,,,,,,https://www.sec.gov/cgi-bin/browse-edgar?action=getcompany&CIK=1083301,,WULF
"""generative AI""",1120970,Comstock Inc.  (LODE)  (CIK 0001120970),8-K,2024-01-03,0001120970-24-000002:comstockpr-q4perceptionana.htm,0001120970-24-000002,,,,,,,,https://www.sec.gov/cgi-bin/browse-edgar?action=getcompany&CIK=1120970,,LODE
"""generative AI""",1825452,"Onfolio Holdings, Inc  (ONFO, ONFOW)  (CIK 0001825452)",8-K,2024-01-04,0001654954-24-000162:onfo_ex991.htm,0001654954-24-000162,,,,,,,,https://www.sec.gov/cgi-bin/browse-edgar?action=getcompany&CIK=1825452,,ONFO
"""generative AI""",1825452,"Onfolio Holdings, Inc  (ONFO, ONFOW)  (CIK 0001825452)",8-K,2024-01-04,0001654954-24-000162:onfo_ex991.htm,0001654954-24-000162,,,,,,,,https://www.sec.gov/cgi-bin/browse-edgar?action=getcompany&CIK=1825452,,ONFOW
"""generative AI""",1825452,"Onfolio Holdings, Inc  (ONFO, ONFOW)  (CIK 0001825452)",8-K,2024-01-04,0001654954-24-000162:onfo_ex991.htm,0001654954-24-000162,,,,,,,,https://www.sec.gov/cgi-bin/browse-edgar?action=getcompany&CIK=1825452,,ONFOP
"""generative AI""",1636422,"Health Catalyst, Inc.  (HCAT)  (CIK 0001636422)",8-K,2024-01-08,0001636422-24-000004:jpm2024presentation.htm,0001636422-24-000004,,,,,,,,https://www.sec.gov/cgi-bin/browse-edgar?action=getcompany&CIK=1636422,,HCAT
"""large language model""",1601830,"RECURSION PHARMACEUTICALS, INC.  (RXRX)  (CIK 0001601830)",8-K,2024-01-08,0001601830-24-000005:rxrx-jpm_deckxfinal.htm,0001601830-24-000005,,,,,,,,https://www.sec.gov/cgi-bin/browse-edgar?action=getcompany&CIK=1601830,,RXRX
"""generative artificial intelligence""",1120970,Comstock Inc.  (LODE)  (CIK 0001120970),8-K,2024-01-08,0001120970-24-000006:exhibit991lode2024-01x08_c.htm,0001120970-24-000006,,,,,,,,https://www.sec.gov/cgi-bin/browse-edgar?action=getcompany&CIK=1120970,,LODE
"""generative AI""",1672688,Absci Corp  (ABSI)  (CIK 0001672688),8-K,2024-01-08,0001628280-24-000763:jpm2024presentation.htm,0001628280-24-000763,,,,,,,,https://www.sec.gov/cgi-bin/browse-edgar?action=getcompany&CIK=1672688,,ABSI
"""generative AI""",1281984,"Decentral Life, Inc.  (WDLF)  (CIK 0001281984)",8-K,2024-01-09,0001493152-24-001754:ex99-1.htm,0001493152-24-001754,,,,,,,,https://www.sec.gov/cgi-bin/browse-edgar?action=getcompany&CIK=1281984,,WDLF
"""generative AI""",1438231,Digimarc CORP  (DMRC)  (CIK 0001438231),8-K,2024-01-09,0001193125-24-004808:d862282dex991.htm,0001193125-24-004808,,,,,,,,https://www.sec.gov/cgi-bin/browse-edgar?action=getcompany&CIK=1438231,,
"""generative AI""",1805526,Janover Inc.  (JNVR)  (CIK 0001805526),8-K,2024-01-11,0001213900-24-002825:ea191508ex99-1_janover.htm,0001213900-24-002825,,,,,,,,https://www.sec.gov/cgi-bin/browse-edgar?action=getcompany&CIK=1805526,,DFDV
"""generative AI""",1805526,Janover Inc.  (JNVR)  (CIK 0001805526),8-K,2024-01-11,0001213900-24-002825:ea191508ex99-1_janover.htm,0001213900-24-002825,,,,,,,,https://www.sec.gov/cgi-bin/browse-edgar?action=getcompany&CIK=1805526,,DFDVW
"""generative AI""",1805526,Janover Inc.  (JNVR)  (CIK 0001805526),8-K,2024-01-11,0001213900-24-002825:ea191508ex99-1_janover.htm,0001213900-24-002825,,,,,,,,https://www.sec.gov/cgi-bin/browse-edgar?action=getcompany&CIK=1805526,,DFUKF
"""generative AI""",759944,"CITIZENS FINANCIAL GROUP INC/RI  (CFG, CFG-PE, CFG-PH)  (CIK 0000759944)",8-K,2024-01-17,0000759944-24-000005:a4q23earningspresentatio.htm,0000759944-24-000005,,,,,,,,https://www.sec.gov/cgi-bin/browse-edgar?action=getcompany&CIK=759944,,CFG
"""generative AI""",759944,"CITIZENS FINANCIAL GROUP INC/RI  (CFG, CFG-PE, CFG-PH)  (CIK 0000759944)",8-K,2024-01-17,0000759944-24-000005:a4q23earningspresentatio.htm,0000759944-24-000005,,,,,,,,https://www.sec.gov/cgi-bin/browse-edgar?action=getcompany&CIK=759944,,CFG-PE
"""generative AI""",759944,"CITIZENS FINANCIAL GROUP INC/RI  (CFG, CFG-PE, CFG-PH)  (CIK 0000759944)",8-K,2024-01-17,0000759944-24-000005:a4q23earningspresentatio.htm,0000759944-24-000005,,,,,,,,https://www.sec.gov/cgi-bin/browse-edgar?action=getcompany&CIK=759944,,CFG-PH
"""generative AI""",759944,"CITIZENS FINANCIAL GROUP INC/RI  (CFG, CFG-PE, CFG-PH)  (CIK 0000759944)",8-K,2024-01-17,0000759944-24-000005:a4q23earningspresentatio.htm,0000759944-24-000005,,,,,,,,https://www.sec.gov/cgi-bin/browse-edgar?action=getcompany&CIK=759944,,CFG-PI
"""generative AI""",1169445,COMPUTER PROGRAMS & SYSTEMS INC  (TBRG)  (CIK 0001169445),8-K,2024-01-17,0001193125-24-008957:d611562dex21.htm,0001193125-24-008957,,,,,,,,https://www.sec.gov/cgi-bin/browse-edgar?action=getcompany&CIK=1169445,,
"""generative artificial intelligence""",1038773,SMARTFINANCIAL INC.  (SMBK)  (CIK 0001038773),8-K,2024-01-22,0001558370-24-000413:smbk-20240122xex99d1.htm,0001558370-24-000413,,,,,,,,https://www.sec.gov/cgi-bin/browse-edgar?action=getcompany&CIK=1038773,,SMBK
"""generative artificial intelligence""",1516912,"Origin Bancorp, Inc.  (OBK)  (CIK 0001516912)",8-K,2024-01-24,0001516912-24-000005:a12312023obkexhibit991er.htm,0001516912-24-000005,,,,,,,,https://www.sec.gov/cgi-bin/browse-edgar?action=getcompany&CIK=1516912,,OBK
"""generative AI""",51143,INTERNATIONAL BUSINESS MACHINES CORP  (IBM)  (CIK 0000051143),8-K,2024-01-24,0000051143-24-000004:ibm-20240124xex991.htm,0000051143-24-000004,,,,,,,,https://www.sec.gov/cgi-bin/browse-edgar?action=getcompany&CIK=51143,,IBM
"""generative artificial intelligence""",1803599,Concentrix Corp  (CNXC)  (CIK 0001803599),8-K,2024-01-24,0001803599-24-000009:exhibit991q42023.htm,0001803599-24-000009,,,,,,,,https://www.sec.gov/cgi-bin/browse-edgar?action=getcompany&CIK=1803599,,CNXC
"""generative AI""",1373715,"ServiceNow, Inc.  (NOW)  (CIK 0001373715)",8-K,2024-01-24,0001373715-24-000009:erq4fy23.htm,0001373715-24-000009,,,,,,,,https://www.sec.gov/cgi-bin/browse-edgar?action=getcompany&CIK=1373715,,NOW
"""generative artificial intelligence""",711669,COLONY BANKCORP INC  (CBAN)  (CIK 0000711669),8-K,2024-01-24,0000711669-24-000009:a4q2023cbaner.htm,0000711669-24-000009,,,,,,,,https://www.sec.gov/cgi-bin/browse-edgar?action=getcompany&CIK=711669,,CBAN
"""generative AI""",107140,"JOHN WILEY & SONS, INC.  (WLY, WLYB)  (CIK 0000107140)",8-K,2024-01-25,0000107140-24-000022:exhibit992presentation.htm,0000107140-24-000022,,,,,,,,https://www.sec.gov/cgi-bin/browse-edgar?action=getcompany&CIK=107140,,WLY
"""generative AI""",107140,"JOHN WILEY & SONS, INC.  (WLY, WLYB)  (CIK 0000107140)",8-K,2024-01-25,0000107140-24-000022:exhibit992presentation.htm,0000107140-24-000022,,,,,,,,https://www.sec.gov/cgi-bin/browse-edgar?action=getcompany&CIK=107140,,WLYB
"""generative AI""",51143,INTERNATIONAL BUSINESS MACHINES CORP  (IBM)  (CIK 0000051143),8-K,2024-01-25,0000051143-24-000007:ex992.htm,0000051143-24-000007,,,,,,,,https://www.sec.gov/cgi-bin/browse-edgar?action=getcompany&CIK=51143,,IBM
"""generative artificial intelligence""",1388295,OneMeta Inc.  (ONEI)  (CIK 0001388295),8-K,2024-01-29,0001493152-24-004175:ex99-1.htm,0001493152-24-004175,,,,,,,,https://www.sec.gov/cgi-bin/browse-edgar?action=getcompany&CIK=1388295,,ONEI
"""generative AI""",1843714,"Andretti Acquisition Corp.  (ZPTA, ZPTAW)  (CIK 0001843714)",8-K,2024-01-29,0000950142-24-000233:eh240443255_ex9901.htm,0000950142-24-000233,,,,,,,,https://www.sec.gov/cgi-bin/browse-edgar?action=getcompany&CIK=1843714,,ZPTA
"""generative AI""",1843714,"Andretti Acquisition Corp.  (ZPTA, ZPTAW)  (CIK 0001843714)",8-K,2024-01-29,0000950142-24-000233:eh240443255_ex9901.htm,0000950142-24-000233,,,,,,,,https://www.sec.gov/cgi-bin/browse-edgar?action=getcompany&CIK=1843714,,ZPTAW
"""generative AI""",891103,"Match Group, Inc.  (MTCH)  (CIK 0000891103)",8-K,2024-01-30,0000891103-24-000005:mtch8-k20240130ex991.htm,0000891103-24-000005,,,,,,,,https://www.sec.gov/cgi-bin/browse-edgar?action=getcompany&CIK=891103,,MTCH
"""generative AI""",2488,ADVANCED MICRO DEVICES INC  (AMD)  (CIK 0000002488),8-K,2024-01-30,0000002488-24-000009:q42023991final.htm,0000002488-24-000009,,,,,,,,https://www.sec.gov/cgi-bin/browse-edgar?action=getcompany&CIK=2488,,AMD
"""generative AI""",874866,CORVEL CORP  (CRVL)  (CIK 0000874866),8-K,2024-01-30,0000950170-24-008469:crvl-ex99_1.htm,0000950170-24-008469,,,,,,,,https://www.sec.gov/cgi-bin/browse-edgar?action=getcompany&CIK=874866,,CRVL
"""generative AI""",804328,QUALCOMM INC/DE  (QCOM)  (CIK 0000804328),8-K,2024-01-31,0000804328-24-000015:qcom122423erex991.htm,0000804328-24-000015,,,,,,,,https://www.sec.gov/cgi-bin/browse-edgar?action=getcompany&CIK=804328,,QCOM
"""generative AI""",1650372,Atlassian Corp  (TEAM)  (CIK 0001650372),8-K,2024-02-01,0001650372-24-000007:teamq22024shareholderlet.htm,0001650372-24-000007,,,,,,,,https://www.sec.gov/cgi-bin/browse-edgar?action=getcompany&CIK=1650372,,TEAM
"""generative AI""",1651562,"Coursera, Inc.  (COUR)  (CIK 0001651562)",8-K,2024-02-01,0001651562-24-000004:cour-20231231xexx991.htm,0001651562-24-000004,,,,,,,,https://www.sec.gov/cgi-bin/browse-edgar?action=getcompany&CIK=1651562,,COUR
"""generative AI""",827054,MICROCHIP TECHNOLOGY INC  (MCHP)  (CIK 0000827054),8-K,2024-02-01,0000827054-24-000022:exhibit991q3fy24.htm,0000827054-24-000022,,,,,,,,https://www.sec.gov/cgi-bin/browse-edgar?action=getcompany&CIK=827054,,MCHP
"""generative AI""",827054,MICROCHIP TECHNOLOGY INC  (MCHP)  (CIK 0000827054),8-K,2024-02-01,0000827054-24-000022:exhibit991q3fy24.htm,0000827054-24-000022,,,,,,,,https://www.sec.gov/cgi-bin/browse-edgar?action=getcompany&CIK=827054,,MCHPP
"""generative AI""",1666138,Atkore Inc.  (ATKR)  (CIK 0001666138),8-K,2024-02-01,0001666138-24-000014:fy24q1erdeck992.htm,0001666138-24-000014,,,,,,,,https://www.sec.gov/cgi-bin/browse-edgar?action=getcompany&CIK=1666138,,ATKR
"""generative AI""",1018724,AMAZON COM INC  (AMZN)  (CIK 0001018724),8-K,2024-02-01,0001018724-24-000006:amzn-20231231xex991.htm,0001018724-24-000006,,,,,,,,https://www.sec.gov/cgi-bin/browse-edgar?action=getcompany&CIK=1018724,,AMZN
"""generative AI""",1805284,"Rocket Companies, Inc.  (RKT)  (CIK 0001805284)",8-K,2024-02-01,0000950142-24-000254:eh230443815_ex9901.htm,0000950142-24-000254,,,,,,,,https://www.sec.gov/cgi-bin/browse-edgar?action=getcompany&CIK=1805284,,RKT
"""generative AI""",1364954,"CHEGG, INC  (CHGG)  (CIK 0001364954)",8-K,2024-02-05,0001364954-24-000005:a9901-financialresultsq423.htm,0001364954-24-000005,,,,,,,,https://www.sec.gov/cgi-bin/browse-edgar?action=getcompany&CIK=1364954,,CHGG
"""generative AI""",1361113,VARONIS SYSTEMS INC  (VRNS)  (CIK 0001361113),8-K,2024-02-05,0001171843-24-000594:exh_991.htm,0001171843-24-000594,,,,,,,,https://www.sec.gov/cgi-bin/browse-edgar?action=getcompany&CIK=1361113,,VRNS
"""generative AI""",820318,COHERENT CORP.  (COHR)  (CIK 0000820318),8-K,2024-02-05,0001193125-24-024186:d726431dex992.htm,0001193125-24-024186,,,,,,,,https://www.sec.gov/cgi-bin/browse-edgar?action=getcompany&CIK=820318,,COHR
"""generative AI""",1544522,Freshworks Inc.  (FRSH)  (CIK 0001544522),8-K,2024-02-06,0001544522-24-000003:q423quarterlyearningsrelea.htm,0001544522-24-000003,,,,,,,,https://www.sec.gov/cgi-bin/browse-edgar?action=getcompany&CIK=1544522,,FRSH
"""generative AI""",1768267,Cerence Inc.  (CRNC)  (CIK 0001768267),8-K,2024-02-06,0000950170-24-011536:crnc-ex99_1.htm,0000950170-24-011536,,,,,,,,https://www.sec.gov/cgi-bin/browse-edgar?action=getcompany&CIK=1768267,,CRNC
"""generative AI""",1058290,COGNIZANT TECHNOLOGY SOLUTIONS CORP  (CTSH)  (CIK 0001058290),8-K,2024-02-06,0001058290-24-000013:exhibit993123123.htm,0001058290-24-000013,,,,,,,,https://www.sec.gov/cgi-bin/browse-edgar?action=getcompany&CIK=1058290,,CTSH
"""generative AI""",1564408,Snap Inc  (SNAP)  (CIK 0001564408),8-K,2024-02-06,0001564408-24-000017:snapincq42023investorlet.htm,0001564408-24-000017,,,,,,,,https://www.sec.gov/cgi-bin/browse-edgar?action=getcompany&CIK=1564408,,SNAP
"""generative AI""",1039399,FORMFACTOR INC  (FORM)  (CIK 0001039399),8-K,2024-02-07,0001039399-24-000004:q423exhibit9901.htm,0001039399-24-000004,,,,,,,,https://www.sec.gov/cgi-bin/browse-edgar?action=getcompany&CIK=1039399,,FORM
"""generative AI""",1293282,TechTarget Inc  (TTGT)  (CIK 0001293282),8-K,2024-02-07,0000950170-24-012220:ttgt-ex99_1.htm,0000950170-24-012220,,,,,,,,https://www.sec.gov/cgi-bin/browse-edgar?action=getcompany&CIK=1293282,,
"""generative AI""",1564708,"NEWS CORP  (NWS, NWSA)  (CIK 0001564708)",8-K,2024-02-07,0001564708-24-000067:release-q2fy2024.htm,0001564708-24-000067,,,,,,,,https://www.sec.gov/cgi-bin/browse-edgar?action=getcompany&CIK=1564708,,NWSA
"""generative AI""",1564708,"NEWS CORP  (NWS, NWSA)  (CIK 0001564708)",8-K,2024-02-07,0001564708-24-000067:release-q2fy2024.htm,0001564708-24-000067,,,,,,,,https://www.sec.gov/cgi-bin/browse-edgar?action=getcompany&CIK=1564708,,NWS
"""generative AI""",1564708,"NEWS CORP  (NWS, NWSA)  (CIK 0001564708)",8-K,2024-02-07,0001564708-24-000067:release-q2fy2024.htm,0001564708-24-000067,,,,,,,,https://www.sec.gov/cgi-bin/browse-edgar?action=getcompany&CIK=1564708,,NWSLL
"""generative AI""",1699838,"Confluent, Inc.  (CFLT)  (CIK 0001699838)",8-K,2024-02-07,0000950170-24-012189:cflt-ex99_1.htm,0000950170-24-012189,,,,,,,,https://www.sec.gov/cgi-bin/browse-edgar?action=getcompany&CIK=1699838,,
"""generative AI""",1929561,"RXO, Inc.  (RXO)  (CIK 0001929561)",8-K,2024-02-08,0001929561-24-000025:rxoearningspresentation-.htm,0001929561-24-000025,,,,,,,,https://www.sec.gov/cgi-bin/browse-edgar?action=getcompany&CIK=1929561,,RXO
"""generative AI""",1773383,"Dynatrace, Inc.  (DT)  (CIK 0001773383)",8-K,2024-02-08,0001773383-24-000009:fy24q3-earningsreleaseex991.htm,0001773383-24-000009,,,,,,,,https://www.sec.gov/cgi-bin/browse-edgar?action=getcompany&CIK=1773383,,DT
"""generative AI""",1398659,Genpact LTD  (G)  (CIK 0001398659),8-K,2024-02-08,0001398659-24-000025:genpactltdexhibit991q423.htm,0001398659-24-000025,,,,,,,,https://www.sec.gov/cgi-bin/browse-edgar?action=getcompany&CIK=1398659,,G
"""generative AI""",1907982,"D-Wave Quantum Inc.  (QBTS, QBTS-WT)  (CIK 0001907982)",8-K,2024-02-08,0001907982-24-000015:d-wavezapataaixpressrele.htm,0001907982-24-000015,,,,,,,,https://www.sec.gov/cgi-bin/browse-edgar?action=getcompany&CIK=1907982,,QBTS
"""generative artificial intelligence""",1206264,"TEMPUR SEALY INTERNATIONAL, INC.  (TPX)  (CIK 0001206264)",8-K,2024-02-08,0001206264-24-000046:february2024finaltpxinve.htm,0001206264-24-000046,,,,,,,,https://www.sec.gov/cgi-bin/browse-edgar?action=getcompany&CIK=1206264,,SGI
"""generative AI""",1591698,Paylocity Holding Corp  (PCTY)  (CIK 0001591698),8-K,2024-02-08,0001591698-24-000012:pcty-20240208xex991.htm,0001591698-24-000012,,,,,,,,https://www.sec.gov/cgi-bin/browse-edgar?action=getcompany&CIK=1591698,,PCTY
"""generative AI""",1066194,EGAIN Corp  (EGAN)  (CIK 0001066194),8-K,2024-02-08,0001558370-24-000893:egan-20240208xex99d1.htm,0001558370-24-000893,,,,,,,,https://www.sec.gov/cgi-bin/browse-edgar?action=getcompany&CIK=1066194,,EGAN
"""generative AI""",1822250,ContextLogic Inc.  (LOGC)  (CIK 0001822250),8-K,2024-02-12,0001213900-24-012273:ea193410ex2-1_contextlogic.htm,0001213900-24-012273,,,,,,,,https://www.sec.gov/cgi-bin/browse-edgar?action=getcompany&CIK=1822250,,
"""generative AI""",813672,CADENCE DESIGN SYSTEMS INC  (CDNS)  (CIK 0000813672),8-K,2024-02-12,0000813672-24-000030:cdns02122024ex9901.htm,0000813672-24-000030,,,,,,,,https://www.sec.gov/cgi-bin/browse-edgar?action=getcompany&CIK=813672,,CDNS
"""generative AI""",1794515,ZoomInfo Technologies Inc.  (ZI)  (CIK 0001794515),8-K,2024-02-12,0001794515-24-000011:zi-8kex991x20240212.htm,0001794515-24-000011,,,,,,,,https://www.sec.gov/cgi-bin/browse-edgar?action=getcompany&CIK=1794515,,GTM
"""generative AI""",1022408,EPLUS INC  (PLUS)  (CIK 0001022408),8-K,2024-02-12,0001022408-24-000010:transcript.htm,0001022408-24-000010,,,,,,,,https://www.sec.gov/cgi-bin/browse-edgar?action=getcompany&CIK=1022408,,PLUS
"""generative AI""",51644,"INTERPUBLIC GROUP OF COMPANIES, INC.  (IPG)  (CIK 0000051644)",8-K,2024-02-12,0000051644-24-000007:earningscalltranscript4q.htm,0000051644-24-000007,,,,,,,,https://www.sec.gov/cgi-bin/browse-edgar?action=getcompany&CIK=51644,,
"""generative AI""",1059556,MOODYS CORP /DE/  (MCO)  (CIK 0001059556),8-K,2024-02-13,0001059556-24-000012:a4q23earningsrelease.htm,0001059556-24-000012,,,,,,,,https://www.sec.gov/cgi-bin/browse-edgar?action=getcompany&CIK=1059556,,MCO
"""generative artificial intelligence""",1617640,"ZILLOW GROUP, INC.  (Z, ZG)  (CIK 0001617640)",8-K,2024-02-13,0001617640-24-000012:q42023991.htm,0001617640-24-000012,,,,,,,,https://www.sec.gov/cgi-bin/browse-edgar?action=getcompany&CIK=1617640,,ZG
"""generative artificial intelligence""",1617640,"ZILLOW GROUP, INC.  (Z, ZG)  (CIK 0001617640)",8-K,2024-02-13,0001617640-24-000012:q42023991.htm,0001617640-24-000012,,,,,,,,https://www.sec.gov/cgi-bin/browse-edgar?action=getcompany&CIK=1617640,,Z
"""generative AI""",1472012,Immunome Inc.  (IMNM)  (CIK 0001472012),8-K,2024-02-13,0001104659-24-019883:tm245878d1_ex99-2.htm,0001104659-24-019883,,,,,,,,https://www.sec.gov/cgi-bin/browse-edgar?action=getcompany&CIK=1472012,,IMNM
"""generative AI""",1609711,GoDaddy Inc.  (GDDY)  (CIK 0001609711),8-K,2024-02-13,0001609711-24-000016:a12312023-ex991q4earningsr.htm,0001609711-24-000016,,,,,,,,https://www.sec.gov/cgi-bin/browse-edgar?action=getcompany&CIK=1609711,,GDDY
"""generative AI""",1607939,"Udemy, Inc.  (UDMY)  (CIK 0001607939)",8-K,2024-02-14,0001607939-24-000010:q42023pressrelease.htm,0001607939-24-000010,,,,,,,,https://www.sec.gov/cgi-bin/browse-edgar?action=getcompany&CIK=1607939,,
"""generative artificial intelligence""",1447669,TWILIO INC  (TWLO)  (CIK 0001447669),8-K,2024-02-14,0001447669-24-000015:twloq423ex991.htm,0001447669-24-000015,,,,,,,,https://www.sec.gov/cgi-bin/browse-edgar?action=getcompany&CIK=1447669,,TWLO
"""generative AI""",1101239,EQUINIX INC  (EQIX)  (CIK 0001101239),8-K,2024-02-14,0001628280-24-004799:eqix-123123xpr8kupload.htm,0001628280-24-004799,,,,,,,,https://www.sec.gov/cgi-bin/browse-edgar?action=getcompany&CIK=1101239,,EQIX
"""generative AI""",1543151,"Uber Technologies, Inc  (UBER)  (CIK 0001543151)",8-K,2024-02-14,0001552781-24-000039:e24041_ex99-2.htm,0001552781-24-000039,,,,,,,,https://www.sec.gov/cgi-bin/browse-edgar?action=getcompany&CIK=1543151,,UBER
"""large language model""",1720893,"BioXcel Therapeutics, Inc.  (BTAI)  (CIK 0001720893)",8-K,2024-02-14,0001104659-24-022856:tm246194d1_ex99-1.htm,0001104659-24-022856,,,,,,,,https://www.sec.gov/cgi-bin/browse-edgar?action=getcompany&CIK=1720893,,BTAI
"""generative AI""",103145,VEECO INSTRUMENTS INC  (VECO)  (CIK 0000103145),8-K,2024-02-14,0001558370-24-001157:veco-20240214xex99d2.htm,0001558370-24-001157,,,,,,,,https://www.sec.gov/cgi-bin/browse-edgar?action=getcompany&CIK=103145,,VECO
"""generative AI""",1173489,CEVA INC  (CEVA)  (CIK 0001173489),8-K,2024-02-14,0001437749-24-004004:ex_625427.htm,0001437749-24-004004,,,,,,,,https://www.sec.gov/cgi-bin/browse-edgar?action=getcompany&CIK=1173489,,CEVA
"""generative AI""",1868778,Informatica Inc.  (INFA)  (CIK 0001868778),8-K,2024-02-14,0001868778-24-000003:infa-2023q4x8k_ex991final.htm,0001868778-24-000003,,,,,,,,https://www.sec.gov/cgi-bin/browse-edgar?action=getcompany&CIK=1868778,,
"""generative AI""",932696,INSIGHT ENTERPRISES INC  (NSIT)  (CIK 0000932696),8-K,2024-02-15,0001628280-24-004938:ex-992.htm,0001628280-24-004938,,,,,,,,https://www.sec.gov/cgi-bin/browse-edgar?action=getcompany&CIK=932696,,NSIT
"""generative AI""",1805526,Janover Inc.  (JNVR)  (CIK 0001805526),8-K,2024-02-15,0001213900-24-014581:ea193884ex99-1_janover.htm,0001213900-24-014581,,,,,,,,https://www.sec.gov/cgi-bin/browse-edgar?action=getcompany&CIK=1805526,,DFDV
"""generative AI""",1805526,Janover Inc.  (JNVR)  (CIK 0001805526),8-K,2024-02-15,0001213900-24-014581:ea193884ex99-1_janover.htm,0001213900-24-014581,,,,,,,,https://www.sec.gov/cgi-bin/browse-edgar?action=getcompany&CIK=1805526,,DFDVW
"""generative AI""",1805526,Janover Inc.  (JNVR)  (CIK 0001805526),8-K,2024-02-15,0001213900-24-014581:ea193884ex99-1_janover.htm,0001213900-24-014581,,,,,,,,https://www.sec.gov/cgi-bin/browse-edgar?action=getcompany&CIK=1805526,,DFUKF
"""generative AI""",1352010,"EPAM Systems, Inc.  (EPAM)  (CIK 0001352010)",8-K,2024-02-15,0001352010-24-000003:exhibit99_q4x2023.htm,0001352010-24-000003,,,,,,,,https://www.sec.gov/cgi-bin/browse-edgar?action=getcompany&CIK=1352010,,EPAM
"""generative artificial intelligence""",1057379,"HACKETT GROUP, INC.  (HCKT)  (CIK 0001057379)",8-K,2024-02-20,0000950170-24-017151:hckt-ex99_1.htm,0000950170-24-017151,,,,,,,,https://www.sec.gov/cgi-bin/browse-edgar?action=getcompany&CIK=1057379,,HCKT
"""generative AI""",1803696,Adeia Inc.  (ADEA)  (CIK 0001803696),8-K,2024-02-20,0000950170-24-017096:adea-ex99_1.htm,0000950170-24-017096,,,,,,,,https://www.sec.gov/cgi-bin/browse-edgar?action=getcompany&CIK=1803696,,ADEA
"""generative AI""",1667011,"Arteris, Inc.  (AIP)  (CIK 0001667011)",8-K,2024-02-20,0001667011-24-000009:exhibit991fy238-k.htm,0001667011-24-000009,,,,,,,,https://www.sec.gov/cgi-bin/browse-edgar?action=getcompany&CIK=1667011,,AIP
"""generative AI""",713425,AMERICAN SOFTWARE INC  (AMSWA)  (CIK 0000713425),8-K,2024-02-21,0001628280-24-005940:asijimedenfieldresignation.htm,0001628280-24-005940,,,,,,,,https://www.sec.gov/cgi-bin/browse-edgar?action=getcompany&CIK=713425,,
"""generative AI""",1045810,NVIDIA CORP  (NVDA)  (CIK 0001045810),8-K,2024-02-21,0001045810-24-000028:q4fy24pr.htm,0001045810-24-000028,,,,,,,,https://www.sec.gov/cgi-bin/browse-edgar?action=getcompany&CIK=1045810,,NVDA
"""generative artificial intelligence""",104918,AVISTA CORP  (AVA)  (CIK 0000104918),8-K,2024-02-21,0000950170-24-017430:ava-ex99_1.htm,0000950170-24-017430,,,,,,,,https://www.sec.gov/cgi-bin/browse-edgar?action=getcompany&CIK=104918,,AVA
"""generative artificial intelligence""",1021635,OGE ENERGY CORP.  (OGE)  (CIK 0001021635),8-K,2024-02-21,0000950170-24-017411:oge-ex99_01.htm,0000950170-24-017411,,,,,,,,https://www.sec.gov/cgi-bin/browse-edgar?action=getcompany&CIK=1021635,,OGE
"""generative AI""",1831978,"Newbury Street Acquisition Corp  (NBST, NBSTU, NBSTW)  (CIK 0001831978)",8-K,2024-02-21,0001213900-24-015576:ea0200384ex99-1_newbury.htm,0001213900-24-015576,,,,,,,,https://www.sec.gov/cgi-bin/browse-edgar?action=getcompany&CIK=1831978,,
"""generative AI""",1368514,"ADMA BIOLOGICS, INC.  (ADMA)  (CIK 0001368514)",8-K,2024-02-21,0001140361-24-008680:ef20022054_ex99-1.htm,0001140361-24-008680,,,,,,,,https://www.sec.gov/cgi-bin/browse-edgar?action=getcompany&CIK=1368514,,ADMA
"""generative AI""",1370637,ETSY INC  (ETSY)  (CIK 0001370637),8-K,2024-02-21,0001370637-24-000011:exhibit99112312023.htm,0001370637-24-000011,,,,,,,,https://www.sec.gov/cgi-bin/browse-edgar?action=getcompany&CIK=1370637,,ETSY
"""generative AI""",1549346,"Shutterstock, Inc.  (SSTK)  (CIK 0001549346)",8-K,2024-02-21,0001549346-24-000004:shutterstock2027_long-ra.htm,0001549346-24-000004,,,,,,,,https://www.sec.gov/cgi-bin/browse-edgar?action=getcompany&CIK=1549346,,SSTK
"""generative AI""",713425,AMERICAN SOFTWARE INC  (AMSWA)  (CIK 0000713425),8-K,2024-02-22,0001628280-24-006395:expr1.htm,0001628280-24-006395,,,,,,,,https://www.sec.gov/cgi-bin/browse-edgar?action=getcompany&CIK=713425,,
"""generative AI""",1476840,"Expensify, Inc.  (EXFY)  (CIK 0001476840)",8-K,2024-02-22,0001476840-24-000013:exhibit991-8xkq423earnings.htm,0001476840-24-000013,,,,,,,,https://www.sec.gov/cgi-bin/browse-edgar?action=getcompany&CIK=1476840,,EXFY
"""generative artificial intelligence""",1437491,"RiskOn International, Inc.  (ROII)  (CIK 0001437491)",8-K,2024-02-22,0001214659-24-003292:o2212418k.htm,0001214659-24-003292,,,,,,,,https://www.sec.gov/cgi-bin/browse-edgar?action=getcompany&CIK=1437491,,
"""generative AI""",1834488,"N-able, Inc.  (NABL)  (CIK 0001834488)",8-K,2024-02-22,0001834488-24-000028:nabl-20231231x8kxex991.htm,0001834488-24-000028,,,,,,,,https://www.sec.gov/cgi-bin/browse-edgar?action=getcompany&CIK=1834488,,NABL
"""generative AI""",827052,EDISON INTERNATIONAL  (EIX)  (CIK 0000827052),8-K,2024-02-22,0000827052-24-000012:eix-20240222xex99d2.htm,0000827052-24-000012,,,,,,,,https://www.sec.gov/cgi-bin/browse-edgar?action=getcompany&CIK=827052,,EIX
"""generative AI""",903651,INNODATA INC  (INOD)  (CIK 0000903651),8-K,2024-02-22,0001104659-24-026596:tm245623d1_ex99-1.htm,0001104659-24-026596,,,,,,,,https://www.sec.gov/cgi-bin/browse-edgar?action=getcompany&CIK=903651,,INOD
"""generative AI""",1585521,"Zoom Video Communications, Inc.  (ZM)  (CIK 0001585521)",8-K,2024-02-26,0001585521-24-000025:zm-20240226ex991.htm,0001585521-24-000025,,,,,,,,https://www.sec.gov/cgi-bin/browse-edgar?action=getcompany&CIK=1585521,,ZM
"""generative AI""",1422930,"PubMatic, Inc.  (PUBM)  (CIK 0001422930)",8-K,2024-02-26,0001422930-24-000004:fy23pressrelease.htm,0001422930-24-000004,,,,,,,,https://www.sec.gov/cgi-bin/browse-edgar?action=getcompany&CIK=1422930,,PUBM
"""generative AI""",1810806,Unity Software Inc.  (U)  (CIK 0001810806),8-K,2024-02-26,0001810806-24-000021:a2023_q4shareholderlette.htm,0001810806-24-000021,,,,,,,,https://www.sec.gov/cgi-bin/browse-edgar?action=getcompany&CIK=1810806,,U
"""generative AI""",1805521,"FARADAY FUTURE INTELLIGENT ELECTRIC INC.  (FFIE, FFIEW)  (CIK 0001805521)",8-K,2024-02-26,0001213900-24-016665:ea0200677ex99-2_faraday.htm,0001213900-24-016665,,,,,,,,https://www.sec.gov/cgi-bin/browse-edgar?action=getcompany&CIK=1805521,,FFAI
"""generative AI""",1805521,"FARADAY FUTURE INTELLIGENT ELECTRIC INC.  (FFIE, FFIEW)  (CIK 0001805521)",8-K,2024-02-26,0001213900-24-016665:ea0200677ex99-2_faraday.htm,0001213900-24-016665,,,,,,,,https://www.sec.gov/cgi-bin/browse-edgar?action=getcompany&CIK=1805521,,FFAIW
"""large language model""",1601830,"RECURSION PHARMACEUTICALS, INC.  (RXRX)  (CIK 0001601830)",8-K,2024-02-27,0001601830-24-000018:exhibit991-10xk23.htm,0001601830-24-000018,,,,,,,,https://www.sec.gov/cgi-bin/browse-edgar?action=getcompany&CIK=1601830,,RXRX
"""generative AI""",1065088,EBAY INC  (EBAY)  (CIK 0001065088),8-K,2024-02-27,0001065088-24-000033:exhibit991erebayq42023.htm,0001065088-24-000033,,,,,,,,https://www.sec.gov/cgi-bin/browse-edgar?action=getcompany&CIK=1065088,,EBAY
"""generative AI""",1851003,Zeta Global Holdings Corp.  (ZETA)  (CIK 0001851003),8-K,2024-02-27,0000950170-24-021097:zeta-ex99_1.htm,0000950170-24-021097,,,,,,,,https://www.sec.gov/cgi-bin/browse-edgar?action=getcompany&CIK=1851003,,ZETA
"""generative artificial intelligence""",1193311,ONCOR ELECTRIC DELIVERY CO LLC  (CIK 0001193311),8-K,2024-02-27,0001193125-24-047069:d793311dex991.htm,0001193125-24-047069,,,,,,,,https://www.sec.gov/cgi-bin/browse-edgar?action=getcompany&CIK=1193311,,
"""generative AI""",1819404,Nerdy Inc.  (NRDY)  (CIK 0001819404),8-K,2024-02-27,0001193125-24-047907:d770750dex991.htm,0001193125-24-047907,,,,,,,,https://www.sec.gov/cgi-bin/browse-edgar?action=getcompany&CIK=1819404,,NRDY
"""generative AI""",1846069,"Nextdoor Holdings, Inc.  (KIND)  (CIK 0001846069)",8-K,2024-02-27,0001846069-24-000045:exhibit991-8xkxshareholder.htm,0001846069-24-000045,,,,,,,,https://www.sec.gov/cgi-bin/browse-edgar?action=getcompany&CIK=1846069,,NXDR
"""generative AI""",1910851,R1 RCM Inc. /DE  (RCM)  (CIK 0001910851),8-K,2024-02-27,0001628280-24-007024:a2023pressrelease.htm,0001628280-24-007024,,,,,,,,https://www.sec.gov/cgi-bin/browse-edgar?action=getcompany&CIK=1910851,,
"""large language model""",1721947,Jamf Holding Corp.  (JAMF)  (CIK 0001721947),8-K,2024-02-27,0001628280-24-007206:jamf-12312023x8kxexhibit991.htm,0001628280-24-007206,,,,,,,,https://www.sec.gov/cgi-bin/browse-edgar?action=getcompany&CIK=1721947,,
"""generative AI""",1691421,"Lemonade, Inc.  (LMND, LMND-WT)  (CIK 0001691421)",8-K,2024-02-27,0001691421-24-000019:lmndq42023shlfinal.htm,0001691421-24-000019,,,,,,,,https://www.sec.gov/cgi-bin/browse-edgar?action=getcompany&CIK=1691421,,LMND
"""generative AI""",1829864,"TaskUs, Inc.  (TASK)  (CIK 0001829864)",8-K,2024-02-28,0001829864-24-000004:earningsreleaseex991q42023.htm,0001829864-24-000004,,,,,,,,https://www.sec.gov/cgi-bin/browse-edgar?action=getcompany&CIK=1829864,,TASK
"""generative AI""",1672688,Absci Corp  (ABSI)  (CIK 0001672688),8-K,2024-02-28,0001193125-24-050659:d768554dex992.htm,0001193125-24-050659,,,,,,,,https://www.sec.gov/cgi-bin/browse-edgar?action=getcompany&CIK=1672688,,ABSI
"""generative AI""",1562088,"Duolingo, Inc.  (DUOL)  (CIK 0001562088)",8-K,2024-02-28,0001562088-24-000048:q4fy23shareholderletter.htm,0001562088-24-000048,,,,,,,,https://www.sec.gov/cgi-bin/browse-edgar?action=getcompany&CIK=1562088,,DUOL
"""generative AI""",1824920,"IonQ, Inc.  (IONQ, IONQ-WT)  (CIK 0001824920)",8-K,2024-02-28,0000950170-24-022062:ionq-ex99_1.htm,0000950170-24-022062,,,,,,,,https://www.sec.gov/cgi-bin/browse-edgar?action=getcompany&CIK=1824920,,IONQ
"""generative AI""",1824920,"IonQ, Inc.  (IONQ, IONQ-WT)  (CIK 0001824920)",8-K,2024-02-28,0000950170-24-022062:ionq-ex99_1.htm,0000950170-24-022062,,,,,,,,https://www.sec.gov/cgi-bin/browse-edgar?action=getcompany&CIK=1824920,,IONQ-WT
"""generative AI""",1496963,"Squarespace, Inc.  (SQSP)  (CIK 0001496963)",8-K,2024-02-28,0001496963-24-000007:sqsp-02282024x8kexhibit991.htm,0001496963-24-000007,,,,,,,,https://www.sec.gov/cgi-bin/browse-edgar?action=getcompany&CIK=1496963,,
"""generative AI""",1577526,"C3.ai, Inc.  (AI)  (CIK 0001577526)",8-K,2024-02-28,0001628280-24-007584:ex991-fy24xq3earnings.htm,0001628280-24-007584,,,,,,,,https://www.sec.gov/cgi-bin/browse-edgar?action=getcompany&CIK=1577526,,AI
"""generative AI""",1826681,"Sarcos Technology & Robotics Corp  (PDYN, PDYNW)  (CIK 0001826681)",8-K,2024-02-28,0000950170-24-022191:strc-ex99_1.htm,0000950170-24-022191,,,,,,,,https://www.sec.gov/cgi-bin/browse-edgar?action=getcompany&CIK=1826681,,PDYN
"""generative AI""",1826681,"Sarcos Technology & Robotics Corp  (PDYN, PDYNW)  (CIK 0001826681)",8-K,2024-02-28,0000950170-24-022191:strc-ex99_1.htm,0000950170-24-022191,,,,,,,,https://www.sec.gov/cgi-bin/browse-edgar?action=getcompany&CIK=1826681,,PDYNW
"""large language model""",1788999,Xperi Inc.  (XPER)  (CIK 0001788999),8-K,2024-02-28,0000950170-24-022102:xper-ex99_1.htm,0000950170-24-022102,,,,,,,,https://www.sec.gov/cgi-bin/browse-edgar?action=getcompany&CIK=1788999,,XPER
"""generative AI""",1840502,"Taboola.com Ltd.  (TBLA, TBLAW)  (CIK 0001840502)",8-K,2024-02-28,0001140361-24-009863:ef20022363_ex99-1.htm,0001140361-24-009863,,,,,,,,https://www.sec.gov/cgi-bin/browse-edgar?action=getcompany&CIK=1840502,,TBLA
"""generative AI""",935036,"ACI WORLDWIDE, INC.  (ACIW)  (CIK 0000935036)",8-K,2024-02-29,0000935036-24-000005:aciw-20240229ex993.htm,0000935036-24-000005,,,,,,,,https://www.sec.gov/cgi-bin/browse-edgar?action=getcompany&CIK=935036,,ACIW
"""generative AI""",1840856,"SOUNDHOUND AI, INC.  (SOUN, SOUNW)  (CIK 0001840856)",8-K,2024-02-29,0001213900-24-018500:ea0200947ex99-1_sound.htm,0001213900-24-018500,,,,,,,,https://www.sec.gov/cgi-bin/browse-edgar?action=getcompany&CIK=1840856,,SOUN
"""generative AI""",1840856,"SOUNDHOUND AI, INC.  (SOUN, SOUNW)  (CIK 0001840856)",8-K,2024-02-29,0001213900-24-018500:ea0200947ex99-1_sound.htm,0001213900-24-018500,,,,,,,,https://www.sec.gov/cgi-bin/browse-edgar?action=getcompany&CIK=1840856,,SOUNW
"""generative AI""",1777921,"AvePoint, Inc.  (AVPT, AVPTW)  (CIK 0001777921)",8-K,2024-02-29,0001171843-24-001096:exh_991.htm,0001171843-24-001096,,,,,,,,https://www.sec.gov/cgi-bin/browse-edgar?action=getcompany&CIK=1777921,,AVPT
"""generative artificial intelligence""",829323,"Inuvo, Inc.  (INUV)  (CIK 0000829323)",8-K,2024-02-29,0001654954-24-002424:inuvo_ex991.htm,0001654954-24-002424,,,,,,,,https://www.sec.gov/cgi-bin/browse-edgar?action=getcompany&CIK=829323,,INUV
"""generative AI""",1571996,Dell Technologies Inc.  (DELL)  (CIK 0001571996),8-K,2024-02-29,0001571996-24-000008:exhibit991earnings8kq4fy24.htm,0001571996-24-000008,,,,,,,,https://www.sec.gov/cgi-bin/browse-edgar?action=getcompany&CIK=1571996,,DELL
"""generative AI""",1707753,Elastic N.V.  (ESTC)  (CIK 0001707753),8-K,2024-02-29,0001707753-24-000003:a24q3erex991.htm,0001707753-24-000003,,,,,,,,https://www.sec.gov/cgi-bin/browse-edgar?action=getcompany&CIK=1707753,,ESTC
"""generative AI""",769397,"Autodesk, Inc.  (ADSK)  (CIK 0000769397)",8-K,2024-02-29,0000769397-24-000019:q424pressrelease.htm,0000769397-24-000019,,,,,,,,https://www.sec.gov/cgi-bin/browse-edgar?action=getcompany&CIK=769397,,ADSK
"""generative AI""",1297989,"ExlService Holdings, Inc.  (EXLS)  (CIK 0001297989)",8-K,2024-02-29,0001297989-24-000002:exlq42023pressrelease.htm,0001297989-24-000002,,,,,,,,https://www.sec.gov/cgi-bin/browse-edgar?action=getcompany&CIK=1297989,,EXLS
"""generative AI""",64463,"Soluna Holdings, Inc  (SLNH, SLNHP)  (CIK 0000064463)",8-K,2024-03-01,0001493152-24-008481:ex99-1.htm,0001493152-24-008481,,,,,,,,https://www.sec.gov/cgi-bin/browse-edgar?action=getcompany&CIK=64463,,SLNH
"""generative AI""",64463,"Soluna Holdings, Inc  (SLNH, SLNHP)  (CIK 0000064463)",8-K,2024-03-01,0001493152-24-008481:ex99-1.htm,0001493152-24-008481,,,,,,,,https://www.sec.gov/cgi-bin/browse-edgar?action=getcompany&CIK=64463,,SLNHP
"""generative AI""",1768267,Cerence Inc.  (CRNC)  (CIK 0001768267),8-K,2024-03-04,0001193125-24-056964:d803481dex991.htm,0001193125-24-056964,,,,,,,,https://www.sec.gov/cgi-bin/browse-edgar?action=getcompany&CIK=1768267,,CRNC
"""generative AI""",1838163,"DHC Acquisition Corp.  (BNAI, BNAIW)  (CIK 0001838163)",8-K,2024-03-04,0001193125-24-056693:d796527dex991.htm,0001193125-24-056693,,,,,,,,https://www.sec.gov/cgi-bin/browse-edgar?action=getcompany&CIK=1838163,,BNAI
"""generative AI""",1838163,"DHC Acquisition Corp.  (BNAI, BNAIW)  (CIK 0001838163)",8-K,2024-03-04,0001193125-24-056693:d796527dex991.htm,0001193125-24-056693,,,,,,,,https://www.sec.gov/cgi-bin/browse-edgar?action=getcompany&CIK=1838163,,BNAIW
"""generative AI""",1484778,ThredUp Inc.  (TDUP)  (CIK 0001484778),8-K,2024-03-04,0001484778-24-000033:exhibit991earningsreleaseq.htm,0001484778-24-000033,,,,,,,,https://www.sec.gov/cgi-bin/browse-edgar?action=getcompany&CIK=1484778,,TDUP
"""generative AI""",1831840,"SEMrush Holdings, Inc.  (SEMR)  (CIK 0001831840)",8-K,2024-03-04,0001628280-24-008536:semrush8-kexhibit991q42023.htm,0001628280-24-008536,,,,,,,,https://www.sec.gov/cgi-bin/browse-edgar?action=getcompany&CIK=1831840,,
"""generative AI""",1280058,BLACKBAUD INC  (BLKB)  (CIK 0001280058),8-K,2024-03-04,0001280058-24-000017:blkbex992q42023investorp.htm,0001280058-24-000017,,,,,,,,https://www.sec.gov/cgi-bin/browse-edgar?action=getcompany&CIK=1280058,,BLKB
"""generative AI""",790526,"RadNet, Inc.  (RDNT)  (CIK 0000790526)",8-K,2024-03-05,0001683168-24-001310:radnet_ex9901.htm,0001683168-24-001310,,,,,,,,https://www.sec.gov/cgi-bin/browse-edgar?action=getcompany&CIK=790526,,RDNT
"""generative AI""",1075736,"Crexendo, Inc.  (CXDO)  (CIK 0001075736)",8-K,2024-03-05,0001654954-24-002643:cxdo_ex991.htm,0001654954-24-002643,,,,,,,,https://www.sec.gov/cgi-bin/browse-edgar?action=getcompany&CIK=1075736,,CXDO
"""generative AI""",1720671,"HashiCorp, Inc.  (HCP)  (CIK 0001720671)",8-K,2024-03-05,0001628280-24-008867:hcp-q4fy24xex991.htm,0001628280-24-008867,,,,,,,,https://www.sec.gov/cgi-bin/browse-edgar?action=getcompany&CIK=1720671,,
"""generative artificial intelligence""",1832433,Ferguson plc  (CIK 0001832433),8-K,2024-03-05,0001832433-24-000002:exhibit991pressreleaseq2fy.htm,0001832433-24-000002,,,,,,,,https://www.sec.gov/cgi-bin/browse-edgar?action=getcompany&CIK=1832433,,
"""generative artificial intelligence""",1175535,Whitestone REIT  (WSR)  (CIK 0001175535),8-K,2024-03-06,0001437749-24-006841:ex_626445.htm,0001437749-24-006841,,,,,,,,https://www.sec.gov/cgi-bin/browse-edgar?action=getcompany&CIK=1175535,,WSR
"""generative AI""",1614178,"Yext, Inc.  (YEXT)  (CIK 0001614178)",8-K,2024-03-06,0001614178-24-000010:shareholderreportq4fy24.htm,0001614178-24-000010,,,,,,,,https://www.sec.gov/cgi-bin/browse-edgar?action=getcompany&CIK=1614178,,YEXT
"""generative AI""",1945619,Kinetic Seas Inc.  (ECGR)  (CIK 0001945619),8-K,2024-03-06,0001683168-24-001339:kinetic_8ka.htm,0001683168-24-001339,,,,,,,,https://www.sec.gov/cgi-bin/browse-edgar?action=getcompany&CIK=1945619,,KSEZ
"""generative artificial intelligence""",1261333,"DOCUSIGN, INC.  (DOCU)  (CIK 0001261333)",8-K,2024-03-07,0001261333-24-000027:q424ex-991er.htm,0001261333-24-000027,,,,,,,,https://www.sec.gov/cgi-bin/browse-edgar?action=getcompany&CIK=1261333,,DOCU
"""large language model""",107140,"JOHN WILEY & SONS, INC.  (WLY, WLYB)  (CIK 0000107140)",8-K,2024-03-07,0000107140-24-000026:q324earningspresentation.htm,0000107140-24-000026,,,,,,,,https://www.sec.gov/cgi-bin/browse-edgar?action=getcompany&CIK=107140,,WLY
"""large language model""",107140,"JOHN WILEY & SONS, INC.  (WLY, WLYB)  (CIK 0000107140)",8-K,2024-03-07,0000107140-24-000026:q324earningspresentation.htm,0000107140-24-000026,,,,,,,,https://www.sec.gov/cgi-bin/browse-edgar?action=getcompany&CIK=107140,,WLYB
"""generative AI""",1484778,ThredUp Inc.  (TDUP)  (CIK 0001484778),8-K,2024-03-07,0001628280-24-009647:transcript_4q23.htm,0001628280-24-009647,,,,,,,,https://www.sec.gov/cgi-bin/browse-edgar?action=getcompany&CIK=1484778,,TDUP
"""generative AI""",1720116,"Red Violet, Inc.  (RDVT)  (CIK 0001720116)",8-K,2024-03-11,0000950170-24-028926:rdvt-ex99_2.htm,0000950170-24-028926,,,,,,,,https://www.sec.gov/cgi-bin/browse-edgar?action=getcompany&CIK=1720116,,RDVT
"""generative AI""",866729,SCHOLASTIC CORP  (SCHL)  (CIK 0000866729),8-K,2024-03-12,0001193125-24-066012:d810442dex21.htm,0001193125-24-066012,,,,,,,,https://www.sec.gov/cgi-bin/browse-edgar?action=getcompany&CIK=866729,,SCHL
"""generative AI""",1859199,reAlpha Tech Corp.  (AIRE)  (CIK 0001859199),8-K,2024-03-12,0001213900-24-021559:ea020156701ex99-1_realpha.htm,0001213900-24-021559,,,,,,,,https://www.sec.gov/cgi-bin/browse-edgar?action=getcompany&CIK=1859199,,AIRE
"""generative AI""",1823466,"FiscalNote Holdings, Inc.  (NOTE, NOTE-WT)  (CIK 0001823466)",8-K,2024-03-12,0000950170-24-029986:note-ex99_1.htm,0000950170-24-029986,,,,,,,,https://www.sec.gov/cgi-bin/browse-edgar?action=getcompany&CIK=1823466,,NOTE
"""generative AI""",1823466,"FiscalNote Holdings, Inc.  (NOTE, NOTE-WT)  (CIK 0001823466)",8-K,2024-03-12,0000950170-24-029986:note-ex99_1.htm,0000950170-24-029986,,,,,,,,https://www.sec.gov/cgi-bin/browse-edgar?action=getcompany&CIK=1823466,,NOTEW
"""generative AI""",1615165,"Veritone, Inc.  (VERI)  (CIK 0001615165)",8-K,2024-03-12,0000950170-24-029995:veri-ex99_1.htm,0000950170-24-029995,,,,,,,,https://www.sec.gov/cgi-bin/browse-edgar?action=getcompany&CIK=1615165,,VERI
"""generative AI""",1734722,"UiPath, Inc.  (PATH)  (CIK 0001734722)",8-K,2024-03-13,0001734722-24-000007:path-20240131xex991.htm,0001734722-24-000007,,,,,,,,https://www.sec.gov/cgi-bin/browse-edgar?action=getcompany&CIK=1734722,,PATH
"""generative AI""",1964738,Solventum Corp  (SOLV)  (CIK 0001964738),8-K,2024-03-13,0001628280-24-010988:exhibit991-8xk.htm,0001628280-24-010988,,,,,,,,https://www.sec.gov/cgi-bin/browse-edgar?action=getcompany&CIK=1964738,,SOLV
"""generative AI""",935036,"ACI WORLDWIDE, INC.  (ACIW)  (CIK 0000935036)",8-K,2024-03-13,0000935036-24-000011:aciw-20240312_ex991.htm,0000935036-24-000011,,,,,,,,https://www.sec.gov/cgi-bin/browse-edgar?action=getcompany&CIK=935036,,ACIW
"""generative AI""",1829953,Corner Growth Acquisition Corp.  (CIK 0001829953),8-K,2024-03-14,0001104659-24-034109:tm248810d1_ex99-2.htm,0001104659-24-034109,,,,,,,,https://www.sec.gov/cgi-bin/browse-edgar?action=getcompany&CIK=1829953,,
"""generative AI""",796343,ADOBE INC.  (ADBE)  (CIK 0000796343),8-K,2024-03-14,0000796343-24-000057:adbeex991q124.htm,0000796343-24-000057,,,,,,,,https://www.sec.gov/cgi-bin/browse-edgar?action=getcompany&CIK=796343,,ADBE
"""generative AI""",1366561,SMARTSHEET INC  (SMAR)  (CIK 0001366561),8-K,2024-03-14,0001366561-24-000052:q42024smarearnings.htm,0001366561-24-000052,,,,,,,,https://www.sec.gov/cgi-bin/browse-edgar?action=getcompany&CIK=1366561,,
"""generative AI""",1898496,"Getty Images Holdings, Inc.  (GETY)  (CIK 0001898496)",8-K,2024-03-14,0001628280-24-011247:gety-2023x12x31ex991.htm,0001628280-24-011247,,,,,,,,https://www.sec.gov/cgi-bin/browse-edgar?action=getcompany&CIK=1898496,,GETY
"""generative AI""",1224133,MARCHEX INC  (MCHX)  (CIK 0001224133),8-K,2024-03-14,0000950170-24-031514:mchx-ex99_1.htm,0000950170-24-031514,,,,,,,,https://www.sec.gov/cgi-bin/browse-edgar?action=getcompany&CIK=1224133,,MCHX
"""generative AI""",1667313,"Zedge, Inc.  (ZDGE)  (CIK 0001667313)",8-K,2024-03-15,0001213900-24-022809:ea020181801ex99-1_zedgeinc.htm,0001213900-24-022809,,,,,,,,https://www.sec.gov/cgi-bin/browse-edgar?action=getcompany&CIK=1667313,,ZDGE
"""generative AI""",1907982,"D-Wave Quantum Inc.  (QBTS, QBTS-WT)  (CIK 0001907982)",8-K,2024-03-18,0001907982-24-000042:a2024rothconference_d-wa.htm,0001907982-24-000042,,,,,,,,https://www.sec.gov/cgi-bin/browse-edgar?action=getcompany&CIK=1907982,,QBTS
"""generative AI""",1843714,"Andretti Acquisition Corp.  (ZPTA, ZPTAW)  (CIK 0001843714)",8-K,2024-03-18,0000950142-24-000730:eh240458671_ex9901.htm,0000950142-24-000730,,,,,,,,https://www.sec.gov/cgi-bin/browse-edgar?action=getcompany&CIK=1843714,,ZPTA
"""generative AI""",1843714,"Andretti Acquisition Corp.  (ZPTA, ZPTAW)  (CIK 0001843714)",8-K,2024-03-18,0000950142-24-000730:eh240458671_ex9901.htm,0000950142-24-000730,,,,,,,,https://www.sec.gov/cgi-bin/browse-edgar?action=getcompany&CIK=1843714,,ZPTAW
"""generative AI""",1763950,Lantern Pharma Inc.  (LTRN)  (CIK 0001763950),8-K,2024-03-18,0001493152-24-010303:ex99-1.htm,0001493152-24-010303,,,,,,,,https://www.sec.gov/cgi-bin/browse-edgar?action=getcompany&CIK=1763950,,LTRN
"""generative AI""",886744,"GERON CORP  (GERN, GERNW)  (CIK 0000886744)",8-K,2024-03-19,0000950170-24-033142:gern-ex99_1.htm,0000950170-24-033142,,,,,,,,https://www.sec.gov/cgi-bin/browse-edgar?action=getcompany&CIK=886744,,GERN
"""generative AI""",1083301,TERAWULF INC.  (WULF)  (CIK 0001083301),8-K,2024-03-19,0001083301-24-000066:exhibit992-wulfmarch24in.htm,0001083301-24-000066,,,,,,,,https://www.sec.gov/cgi-bin/browse-edgar?action=getcompany&CIK=1083301,,WULF
"""generative AI""",1534154,authID Inc.  (AUID)  (CIK 0001534154),8-K,2024-03-20,0001213900-24-024366:ea020207302ex99-2_authidinc.htm,0001213900-24-024366,,,,,,,,https://www.sec.gov/cgi-bin/browse-edgar?action=getcompany&CIK=1534154,,AUID
"""generative AI""",883241,SYNOPSYS INC  (SNPS)  (CIK 0000883241),8-K,2024-03-20,0001193125-24-072735:d785364dex991.htm,0001193125-24-072735,,,,,,,,https://www.sec.gov/cgi-bin/browse-edgar?action=getcompany&CIK=883241,,SNPS
"""generative artificial intelligence""",790051,CARLISLE COMPANIES INC  (CSL)  (CIK 0000790051),8-K,2024-03-20,0000790051-24-000079:purchaseagreementbetweenca.htm,0000790051-24-000079,,,,,,,,https://www.sec.gov/cgi-bin/browse-edgar?action=getcompany&CIK=790051,,CSL
"""generative AI""",1582982,"CareCloud, Inc.  (CCLD, CCLDO, CCLDP)  (CIK 0001582982)",8-K,2024-03-21,0001493152-24-010726:ex99-1.htm,0001493152-24-010726,,,,,,,,https://www.sec.gov/cgi-bin/browse-edgar?action=getcompany&CIK=1582982,,CCLD
"""generative AI""",1013237,FACTSET RESEARCH SYSTEMS INC  (FDS)  (CIK 0001013237),8-K,2024-03-21,0001013237-24-000036:fds-newboardappointmentxla.htm,0001013237-24-000036,,,,,,,,https://www.sec.gov/cgi-bin/browse-edgar?action=getcompany&CIK=1013237,,FDS
"""generative AI""",1173204,Cineverse Corp.  (CNVS)  (CIK 0001173204),8-K,2024-03-21,0000950170-24-034318:cnvs-ex99_1.htm,0000950170-24-034318,,,,,,,,https://www.sec.gov/cgi-bin/browse-edgar?action=getcompany&CIK=1173204,,CNVS
"""generative AI""",1467373,Accenture plc  (ACN)  (CIK 0001467373),8-K,2024-03-21,0001467373-24-000106:fy24q2earnings8-kexhibit.htm,0001467373-24-000106,,,,,,,,https://www.sec.gov/cgi-bin/browse-edgar?action=getcompany&CIK=1467373,,ACN
"""generative AI""",1672688,Absci Corp  (ABSI)  (CIK 0001672688),8-K,2024-03-21,0001628280-24-012365:exhibit991-202310xkpr.htm,0001628280-24-012365,,,,,,,,https://www.sec.gov/cgi-bin/browse-edgar?action=getcompany&CIK=1672688,,ABSI
"""generative AI""",1325964,"Lightwave Logic, Inc.  (LWLG)  (CIK 0001325964)",8-K,2024-03-25,0001079973-24-000416:ex99x1.htm,0001079973-24-000416,,,,,,,,https://www.sec.gov/cgi-bin/browse-edgar?action=getcompany&CIK=1325964,,LWLG
"""generative artificial intelligence""",1803599,Concentrix Corp  (CNXC)  (CIK 0001803599),8-K,2024-03-26,0001803599-24-000101:exhibit991q12024.htm,0001803599-24-000101,,,,,,,,https://www.sec.gov/cgi-bin/browse-edgar?action=getcompany&CIK=1803599,,CNXC
"""generative AI""",1907982,"D-Wave Quantum Inc.  (QBTS, QBTS-WT)  (CIK 0001907982)",8-K,2024-03-28,0001907982-24-000046:qbts-20240328xexx991.htm,0001907982-24-000046,,,,,,,,https://www.sec.gov/cgi-bin/browse-edgar?action=getcompany&CIK=1907982,,QBTS
"""generative AI""",1320760,"TSS, Inc.  (TSSI)  (CIK 0001320760)",8-K,2024-03-28,0001437749-24-009810:ex_646809.htm,0001437749-24-009810,,,,,,,,https://www.sec.gov/cgi-bin/browse-edgar?action=getcompany&CIK=1320760,,TSSI
"""generative AI""",946581,TAKE TWO INTERACTIVE SOFTWARE INC  (TTWO)  (CIK 0000946581),8-K,2024-04-01,0001193125-24-083524:d817256dex21.htm,0001193125-24-083524,,,,,,,,https://www.sec.gov/cgi-bin/browse-edgar?action=getcompany&CIK=946581,,TTWO
"""generative artificial intelligence""",1635327,Flutter Entertainment plc  (FLUT)  (CIK 0001635327),8-K,2024-04-02,0001193125-24-084648:d786980dex995.htm,0001193125-24-084648,,,,,,,,https://www.sec.gov/cgi-bin/browse-edgar?action=getcompany&CIK=1635327,,FLUT
"""generative AI""",1807794,Credo Technology Group Holding Ltd  (CRDO)  (CIK 0001807794),8-K,2024-04-02,0001628280-24-014410:a8-kapril2024ex991.htm,0001628280-24-014410,,,,,,,,https://www.sec.gov/cgi-bin/browse-edgar?action=getcompany&CIK=1807794,,CRDO
"""generative AI""",1819394,"Matterport, Inc./DE  (MTTR)  (CIK 0001819394)",8-K,2024-04-02,0001819394-24-000008:mttr-20240402xexx991.htm,0001819394-24-000008,,,,,,,,https://www.sec.gov/cgi-bin/browse-edgar?action=getcompany&CIK=1819394,,
"""generative AI""",1396536,"DUOS TECHNOLOGIES GROUP, INC.  (DUOT)  (CIK 0001396536)",8-K,2024-04-02,0001079973-24-000504:ex99x2.htm,0001079973-24-000504,,,,,,,,https://www.sec.gov/cgi-bin/browse-edgar?action=getcompany&CIK=1396536,,DUOT
"""generative AI""",1013237,FACTSET RESEARCH SYSTEMS INC  (FDS)  (CIK 0001013237),8-K,2024-04-03,0001013237-24-000051:investordeckapril2024.htm,0001013237-24-000051,,,,,,,,https://www.sec.gov/cgi-bin/browse-edgar?action=getcompany&CIK=1013237,,FDS
"""generative AI""",64463,"Soluna Holdings, Inc  (SLNH, SLNHP)  (CIK 0000064463)",8-K,2024-04-03,0001493152-24-013008:ex99-1.htm,0001493152-24-013008,,,,,,,,https://www.sec.gov/cgi-bin/browse-edgar?action=getcompany&CIK=64463,,SLNH
"""generative AI""",64463,"Soluna Holdings, Inc  (SLNH, SLNHP)  (CIK 0000064463)",8-K,2024-04-03,0001493152-24-013008:ex99-1.htm,0001493152-24-013008,,,,,,,,https://www.sec.gov/cgi-bin/browse-edgar?action=getcompany&CIK=64463,,SLNHP
"""generative AI""",1843714,"Zapata Computing Holdings Inc.  (ZPTA, ZPTAW)  (CIK 0001843714)",8-K,2024-04-03,0001193125-24-085161:d13242dex993.htm,0001193125-24-085161,,,,,,,,https://www.sec.gov/cgi-bin/browse-edgar?action=getcompany&CIK=1843714,,ZPTA
"""generative AI""",1843714,"Zapata Computing Holdings Inc.  (ZPTA, ZPTAW)  (CIK 0001843714)",8-K,2024-04-03,0001193125-24-085161:d13242dex993.htm,0001193125-24-085161,,,,,,,,https://www.sec.gov/cgi-bin/browse-edgar?action=getcompany&CIK=1843714,,ZPTAW
"""generative AI""",1829953,Corner Growth Acquisition Corp.  (CIK 0001829953),8-K,2024-04-04,0001193125-24-086203:d820504dex991.htm,0001193125-24-086203,,,,,,,,https://www.sec.gov/cgi-bin/browse-edgar?action=getcompany&CIK=1829953,,
"""generative AI""",1120970,Comstock Inc.  (LODE)  (CIK 0001120970),8-K,2024-04-04,0001120970-24-000027:exhibit991comstockpr-1q24p.htm,0001120970-24-000027,,,,,,,,https://www.sec.gov/cgi-bin/browse-edgar?action=getcompany&CIK=1120970,,LODE
"""generative AI""",64463,"Soluna Holdings, Inc  (SLNH, SLNHP)  (CIK 0000064463)",8-K,2024-04-04,0001493152-24-013138:ex99-1.htm,0001493152-24-013138,,,,,,,,https://www.sec.gov/cgi-bin/browse-edgar?action=getcompany&CIK=64463,,SLNH
"""generative AI""",64463,"Soluna Holdings, Inc  (SLNH, SLNHP)  (CIK 0000064463)",8-K,2024-04-04,0001493152-24-013138:ex99-1.htm,0001493152-24-013138,,,,,,,,https://www.sec.gov/cgi-bin/browse-edgar?action=getcompany&CIK=64463,,SLNHP
"""generative AI""",1922331,"Global Star Acquisition Inc.  (GLST, GLSTR, GLSTU, GLSTW)  (CIK 0001922331)",8-K,2024-04-08,0001829126-24-002261:globalstaracq_ex99-1.htm,0001829126-24-002261,,,,,,,,https://www.sec.gov/cgi-bin/browse-edgar?action=getcompany&CIK=1922331,,
"""generative AI""",1667313,"Zedge, Inc.  (ZDGE)  (CIK 0001667313)",8-K,2024-04-09,0001213900-24-031346:ea020350801ex99-1_zedge.htm,0001213900-24-031346,,,,,,,,https://www.sec.gov/cgi-bin/browse-edgar?action=getcompany&CIK=1667313,,ZDGE
"""generative AI""",1018724,AMAZON COM INC  (AMZN)  (CIK 0001018724),8-K,2024-04-11,0001104659-24-045915:tm246113d3_ex99-1.htm,0001104659-24-045915,,,,,,,,https://www.sec.gov/cgi-bin/browse-edgar?action=getcompany&CIK=1018724,,AMZN
"""generative AI""",1577526,"C3.ai, Inc.  (AI)  (CIK 0001577526)",8-K,2024-04-11,0001628280-24-015673:exhibit991.htm,0001628280-24-015673,,,,,,,,https://www.sec.gov/cgi-bin/browse-edgar?action=getcompany&CIK=1577526,,AI
"""generative AI""",1774675,"Skillsoft Corp.  (SKIL, SKILW)  (CIK 0001774675)",8-K,2024-04-15,0001437749-24-012056:ex_653789.htm,0001437749-24-012056,,,,,,,,https://www.sec.gov/cgi-bin/browse-edgar?action=getcompany&CIK=1774675,,SKIL
"""generative AI""",100517,"United Airlines Holdings, Inc.  (UAL)  (CIK 0000100517)",8-K,2024-04-16,0000100517-24-000076:ual_03312024erex991.htm,0000100517-24-000076,,,,,,,,https://www.sec.gov/cgi-bin/browse-edgar?action=getcompany&CIK=100517,,UAL
"""generative AI""",1355848,"Kartoon Studios, Inc.  (TOON)  (CIK 0001355848)",8-K,2024-04-16,0001683168-24-002424:kartoon_ex9901.htm,0001683168-24-002424,,,,,,,,https://www.sec.gov/cgi-bin/browse-edgar?action=getcompany&CIK=1355848,,TOON
"""generative AI""",807863,MITEK SYSTEMS INC  (MITK)  (CIK 0000807863),8-K,2024-04-17,0000807863-24-000047:mitk-20231231xexx993xq12.htm,0000807863-24-000047,,,,,,,,https://www.sec.gov/cgi-bin/browse-edgar?action=getcompany&CIK=807863,,MITK
"""generative AI""",1769624,"AGBA Group Holding Ltd.  (AGBA, AGBAW)  (CIK 0001769624)",8-K,2024-04-18,0001213900-24-033943:ea020403101ex99-1_agba.htm,0001213900-24-033943,,,,,,,,https://www.sec.gov/cgi-bin/browse-edgar?action=getcompany&CIK=1769624,,ILLR
"""generative AI""",1769624,"AGBA Group Holding Ltd.  (AGBA, AGBAW)  (CIK 0001769624)",8-K,2024-04-18,0001213900-24-033943:ea020403101ex99-1_agba.htm,0001213900-24-033943,,,,,,,,https://www.sec.gov/cgi-bin/browse-edgar?action=getcompany&CIK=1769624,,ILLRW
"""generative artificial intelligence""",1832433,Ferguson plc  (CIK 0001832433),8-K,2024-04-18,0001193125-24-100127:d808240d8k.htm,0001193125-24-100127,,,,,,,,https://www.sec.gov/cgi-bin/browse-edgar?action=getcompany&CIK=1832433,,
"""generative AI""",1737523,BioNexus Gene Lab Corp  (BGLC)  (CIK 0001737523),8-K,2024-04-18,0001477932-24-002229:bglc_ex991.htm,0001477932-24-002229,,,,,,,,https://www.sec.gov/cgi-bin/browse-edgar?action=getcompany&CIK=1737523,,BGLC
"""generative AI""",1769624,"AGBA Group Holding Ltd.  (AGBA, AGBAW)  (CIK 0001769624)",8-K,2024-04-19,0001213900-24-034273:ea020427201ex99-1_agba.htm,0001213900-24-034273,,,,,,,,https://www.sec.gov/cgi-bin/browse-edgar?action=getcompany&CIK=1769624,,ILLR
"""generative AI""",1769624,"AGBA Group Holding Ltd.  (AGBA, AGBAW)  (CIK 0001769624)",8-K,2024-04-19,0001213900-24-034273:ea020427201ex99-1_agba.htm,0001213900-24-034273,,,,,,,,https://www.sec.gov/cgi-bin/browse-edgar?action=getcompany&CIK=1769624,,ILLRW
"""generative AI""",813672,CADENCE DESIGN SYSTEMS INC  (CDNS)  (CIK 0000813672),8-K,2024-04-22,0000813672-24-000083:cdns04222024ex9901.htm,0000813672-24-000083,,,,,,,,https://www.sec.gov/cgi-bin/browse-edgar?action=getcompany&CIK=813672,,CDNS
"""large language model""",1720893,"BioXcel Therapeutics, Inc.  (BTAI)  (CIK 0001720893)",8-K,2024-04-22,0001104659-24-049691:tm249625d4_ex99-1.htm,0001104659-24-049691,,,,,,,,https://www.sec.gov/cgi-bin/browse-edgar?action=getcompany&CIK=1720893,,BTAI
"""generative artificial intelligence""",1057352,"COSTAR GROUP, INC.  (CSGP)  (CIK 0001057352)",8-K,2024-04-22,0001193125-24-103937:d828310dex991.htm,0001193125-24-103937,,,,,,,,https://www.sec.gov/cgi-bin/browse-edgar?action=getcompany&CIK=1057352,,CSGP
"""generative artificial intelligence""",1038773,SMARTFINANCIAL INC.  (SMBK)  (CIK 0001038773),8-K,2024-04-22,0001558370-24-005422:smbk-20240422xex99d1.htm,0001558370-24-005422,,,,,,,,https://www.sec.gov/cgi-bin/browse-edgar?action=getcompany&CIK=1038773,,SMBK
"""generative artificial intelligence""",1819394,"Matterport, Inc./DE  (MTTR)  (CIK 0001819394)",8-K,2024-04-22,0001104659-24-049761:tm2411308d1_ex99-1.htm,0001104659-24-049761,,,,,,,,https://www.sec.gov/cgi-bin/browse-edgar?action=getcompany&CIK=1819394,,
"""generative artificial intelligence""",1516912,"Origin Bancorp, Inc.  (OBK)  (CIK 0001516912)",8-K,2024-04-24,0001516912-24-000033:a03312024obkexhibit991er.htm,0001516912-24-000033,,,,,,,,https://www.sec.gov/cgi-bin/browse-edgar?action=getcompany&CIK=1516912,,OBK
"""generative AI""",51143,INTERNATIONAL BUSINESS MACHINES CORP  (IBM)  (CIK 0000051143),8-K,2024-04-24,0000051143-24-000018:ibm-20240424xex991.htm,0000051143-24-000018,,,,,,,,https://www.sec.gov/cgi-bin/browse-edgar?action=getcompany&CIK=51143,,IBM
"""generative artificial intelligence""",711669,COLONY BANKCORP INC  (CBAN)  (CIK 0000711669),8-K,2024-04-24,0000711669-24-000058:a1q2024cbaner.htm,0000711669-24-000058,,,,,,,,https://www.sec.gov/cgi-bin/browse-edgar?action=getcompany&CIK=711669,,CBAN
"""generative AI""",1120970,Comstock Inc.  (LODE)  (CIK 0001120970),8-K,2024-04-24,0001120970-24-000036:exhibit991-pressreleaseren.htm,0001120970-24-000036,,,,,,,,https://www.sec.gov/cgi-bin/browse-edgar?action=getcompany&CIK=1120970,,LODE
"""generative AI""",51644,"INTERPUBLIC GROUP OF COMPANIES, INC.  (IPG)  (CIK 0000051644)",8-K,2024-04-24,0000051644-24-000019:ipgq12024earningsreleaseex.htm,0000051644-24-000019,,,,,,,,https://www.sec.gov/cgi-bin/browse-edgar?action=getcompany&CIK=51644,,
"""generative AI""",798941,"FIRST CITIZENS BANCSHARES INC /DE/  (FCNCA, FCNCB, FCNCO, FCNCP)  (CIK 0000798941)",8-K,2024-04-25,0000798941-24-000022:a1q2024investorpresentat.htm,0000798941-24-000022,,,,,,,,https://www.sec.gov/cgi-bin/browse-edgar?action=getcompany&CIK=798941,,FCNCA
"""generative AI""",798941,"FIRST CITIZENS BANCSHARES INC /DE/  (FCNCA, FCNCB, FCNCO, FCNCP)  (CIK 0000798941)",8-K,2024-04-25,0000798941-24-000022:a1q2024investorpresentat.htm,0000798941-24-000022,,,,,,,,https://www.sec.gov/cgi-bin/browse-edgar?action=getcompany&CIK=798941,,FCNCB
"""generative AI""",798941,"FIRST CITIZENS BANCSHARES INC /DE/  (FCNCA, FCNCB, FCNCO, FCNCP)  (CIK 0000798941)",8-K,2024-04-25,0000798941-24-000022:a1q2024investorpresentat.htm,0000798941-24-000022,,,,,,,,https://www.sec.gov/cgi-bin/browse-edgar?action=getcompany&CIK=798941,,FCNCO
"""generative AI""",798941,"FIRST CITIZENS BANCSHARES INC /DE/  (FCNCA, FCNCB, FCNCO, FCNCP)  (CIK 0000798941)",8-K,2024-04-25,0000798941-24-000022:a1q2024investorpresentat.htm,0000798941-24-000022,,,,,,,,https://www.sec.gov/cgi-bin/browse-edgar?action=getcompany&CIK=798941,,FCNCP
"""generative AI""",798941,"FIRST CITIZENS BANCSHARES INC /DE/  (FCNCA, FCNCB, FCNCO, FCNCP)  (CIK 0000798941)",8-K,2024-04-25,0000798941-24-000022:a1q2024investorpresentat.htm,0000798941-24-000022,,,,,,,,https://www.sec.gov/cgi-bin/browse-edgar?action=getcompany&CIK=798941,,FCNCN
"""generative AI""",1402436,SS&C Technologies Holdings Inc  (SSNC)  (CIK 0001402436),8-K,2024-04-25,0000950170-24-048310:ssnc-ex99_1.htm,0000950170-24-048310,,,,,,,,https://www.sec.gov/cgi-bin/browse-edgar?action=getcompany&CIK=1402436,,SSNC
"""generative AI""",1564408,Snap Inc  (SNAP)  (CIK 0001564408),8-K,2024-04-25,0001564408-24-000030:snap-2024425xexx991pressre.htm,0001564408-24-000030,,,,,,,,https://www.sec.gov/cgi-bin/browse-edgar?action=getcompany&CIK=1564408,,SNAP
"""generative AI""",51143,INTERNATIONAL BUSINESS MACHINES CORP  (IBM)  (CIK 0000051143),8-K,2024-04-25,0000051143-24-000021:a1q24-ex99x1.htm,0000051143-24-000021,,,,,,,,https://www.sec.gov/cgi-bin/browse-edgar?action=getcompany&CIK=51143,,IBM
"""generative AI""",50863,INTEL CORP  (INTC)  (CIK 0000050863),8-K,2024-04-25,0000050863-24-000074:q124_earningsrelease.htm,0000050863-24-000074,,,,,,,,https://www.sec.gov/cgi-bin/browse-edgar?action=getcompany&CIK=50863,,INTC
"""generative AI""",1497230,"SMC Entertainment, Inc.  (SMCE)  (CIK 0001497230)",8-K,2024-04-25,0001654954-24-005039:smc_ex991.htm,0001654954-24-005039,,,,,,,,https://www.sec.gov/cgi-bin/browse-edgar?action=getcompany&CIK=1497230,,FYNN
"""generative artificial intelligence""",730708,SEACOAST BANKING CORP OF FLORIDA  (SBCF)  (CIK 0000730708),8-K,2024-04-25,0000730708-24-000132:a1q2024earningsrelease.htm,0000730708-24-000132,,,,,,,,https://www.sec.gov/cgi-bin/browse-edgar?action=getcompany&CIK=730708,,SBCF
"""generative AI""",1720671,"HashiCorp, Inc.  (HCP)  (CIK 0001720671)",8-K,2024-04-25,0001193125-24-114310:d804229dex991.htm,0001193125-24-114310,,,,,,,,https://www.sec.gov/cgi-bin/browse-edgar?action=getcompany&CIK=1720671,,
"""AI initiative""",1860871,"Tevogen Bio Holdings Inc.  (TVGN, TVGNW)  (CIK 0001860871)",8-K,2024-04-26,0001493152-24-016060:ex99-1.htm,0001493152-24-016060,,,,,,,,https://www.sec.gov/cgi-bin/browse-edgar?action=getcompany&CIK=1860871,,TVGN
"""AI initiative""",1860871,"Tevogen Bio Holdings Inc.  (TVGN, TVGNW)  (CIK 0001860871)",8-K,2024-04-26,0001493152-24-016060:ex99-1.htm,0001493152-24-016060,,,,,,,,https://www.sec.gov/cgi-bin/browse-edgar?action=getcompany&CIK=1860871,,TVGNW
"""generative AI""",51644,"INTERPUBLIC GROUP OF COMPANIES, INC.  (IPG)  (CIK 0000051644)",8-K,2024-04-29,0000051644-24-000023:q12024transcript.htm,0000051644-24-000023,,,,,,,,https://www.sec.gov/cgi-bin/browse-edgar?action=getcompany&CIK=51644,,
"""strategic AI""",278165,OMNIQ Corp.  (OMQS)  (CIK 0000278165),8-K,2024-04-29,0001493152-24-016860:ex99-1.htm,0001493152-24-016860,,,,,,,,https://www.sec.gov/cgi-bin/browse-edgar?action=getcompany&CIK=278165,,OMQS
"""generative AI""",1651562,"Coursera, Inc.  (COUR)  (CIK 0001651562)",8-K,2024-04-29,0001651562-24-000031:cour-20240331xexx991.htm,0001651562-24-000031,,,,,,,,https://www.sec.gov/cgi-bin/browse-edgar?action=getcompany&CIK=1651562,,COUR
"""generative AI""",1364954,"CHEGG, INC  (CHGG)  (CIK 0001364954)",8-K,2024-04-29,0001364954-24-000040:a9901-financialresultsq120.htm,0001364954-24-000040,,,,,,,,https://www.sec.gov/cgi-bin/browse-edgar?action=getcompany&CIK=1364954,,CHGG
"""generative AI""",1691421,"Lemonade, Inc.  (LMND, LMND-WT)  (CIK 0001691421)",8-K,2024-04-30,0001691421-24-000054:shareholderletterq12024f.htm,0001691421-24-000054,,,,,,,,https://www.sec.gov/cgi-bin/browse-edgar?action=getcompany&CIK=1691421,,LMND
"""generative AI""",2488,ADVANCED MICRO DEVICES INC  (AMD)  (CIK 0000002488),8-K,2024-04-30,0000002488-24-000054:q12024991.htm,0000002488-24-000054,,,,,,,,https://www.sec.gov/cgi-bin/browse-edgar?action=getcompany&CIK=2488,,AMD
"""generative AI""",1289848,Huron Consulting Group Inc.  (HURN)  (CIK 0001289848),8-K,2024-04-30,0001289848-24-000118:hurninvestorpresentation.htm,0001289848-24-000118,,,,,,,,https://www.sec.gov/cgi-bin/browse-edgar?action=getcompany&CIK=1289848,,HURN
"""generative AI""",1018724,AMAZON COM INC  (AMZN)  (CIK 0001018724),8-K,2024-04-30,0001018724-24-000081:amzn-20240331xex991.htm,0001018724-24-000081,,,,,,,,https://www.sec.gov/cgi-bin/browse-edgar?action=getcompany&CIK=1018724,,AMZN
"""generative AI""",24741,CORNING INC /NY  (GLW)  (CIK 0000024741),8-K,2024-04-30,0001437749-24-013839:ex_601853.htm,0001437749-24-013839,,,,,,,,https://www.sec.gov/cgi-bin/browse-edgar?action=getcompany&CIK=24741,,GLW
"""generative AI""",1120970,Comstock Inc.  (LODE)  (CIK 0001120970),8-K,2024-04-30,0001120970-24-000049:exhibit991-prearningsrelea.htm,0001120970-24-000049,,,,,,,,https://www.sec.gov/cgi-bin/browse-edgar?action=getcompany&CIK=1120970,,LODE
"""generative AI""",1769624,"AGBA Group Holding Ltd.  (AGBA, AGBAW)  (CIK 0001769624)",8-K,2024-04-30,0001213900-24-037505:ea020497001ex99-1_agba.htm,0001213900-24-037505,,,,,,,,https://www.sec.gov/cgi-bin/browse-edgar?action=getcompany&CIK=1769624,,ILLR
"""generative AI""",1769624,"AGBA Group Holding Ltd.  (AGBA, AGBAW)  (CIK 0001769624)",8-K,2024-04-30,0001213900-24-037505:ea020497001ex99-1_agba.htm,0001213900-24-037505,,,,,,,,https://www.sec.gov/cgi-bin/browse-edgar?action=getcompany&CIK=1769624,,ILLRW
"""generative AI""",1023313,"FORRESTER RESEARCH, INC.  (FORR)  (CIK 0001023313)",8-K,2024-04-30,0001193125-24-125080:d810346dex991.htm,0001193125-24-125080,,,,,,,,https://www.sec.gov/cgi-bin/browse-edgar?action=getcompany&CIK=1023313,,FORR
"""generative artificial intelligence""",1021635,OGE ENERGY CORP.  (OGE)  (CIK 0001021635),8-K,2024-05-01,0000950170-24-050702:oge-ex99_01.htm,0000950170-24-050702,,,,,,,,https://www.sec.gov/cgi-bin/browse-edgar?action=getcompany&CIK=1021635,,OGE
"""generative AI""",1866368,"Clearwater Analytics Holdings, Inc.  (CWAN)  (CIK 0001866368)",8-K,2024-05-01,0001628280-24-019629:cwan-20240331xexx991.htm,0001628280-24-019629,,,,,,,,https://www.sec.gov/cgi-bin/browse-edgar?action=getcompany&CIK=1866368,,
"""generative AI""",1660280,"Tenable Holdings, Inc.  (TENB)  (CIK 0001660280)",8-K,2024-05-01,0001660280-24-000069:q12024financialresults-ear.htm,0001660280-24-000069,,,,,,,,https://www.sec.gov/cgi-bin/browse-edgar?action=getcompany&CIK=1660280,,TENB
"""generative artificial intelligence""",104918,AVISTA CORP  (AVA)  (CIK 0000104918),8-K,2024-05-01,0000950170-24-050790:ava-ex99_1.htm,0000950170-24-050790,,,,,,,,https://www.sec.gov/cgi-bin/browse-edgar?action=getcompany&CIK=104918,,AVA
"""generative AI""",1690820,CARVANA CO.  (CVNA)  (CIK 0001690820),8-K,2024-05-01,0001690820-24-000164:ex99_1q12024.htm,0001690820-24-000164,,,,,,,,https://www.sec.gov/cgi-bin/browse-edgar?action=getcompany&CIK=1690820,,CVNA
"""generative artificial intelligence""",1617640,"ZILLOW GROUP, INC.  (Z, ZG)  (CIK 0001617640)",8-K,2024-05-01,0001617640-24-000069:exhibit993.htm,0001617640-24-000069,,,,,,,,https://www.sec.gov/cgi-bin/browse-edgar?action=getcompany&CIK=1617640,,ZG
"""generative artificial intelligence""",1617640,"ZILLOW GROUP, INC.  (Z, ZG)  (CIK 0001617640)",8-K,2024-05-01,0001617640-24-000069:exhibit993.htm,0001617640-24-000069,,,,,,,,https://www.sec.gov/cgi-bin/browse-edgar?action=getcompany&CIK=1617640,,Z
"""generative AI""",1058290,COGNIZANT TECHNOLOGY SOLUTIONS CORP  (CTSH)  (CIK 0001058290),8-K,2024-05-01,0001058290-24-000115:exhibit9913312024.htm,0001058290-24-000115,,,,,,,,https://www.sec.gov/cgi-bin/browse-edgar?action=getcompany&CIK=1058290,,CTSH
"""generative AI""",1078271,EXTREME NETWORKS INC  (EXTR)  (CIK 0001078271),8-K,2024-05-01,0000950170-24-050891:extr-ex99_1.htm,0000950170-24-050891,,,,,,,,https://www.sec.gov/cgi-bin/browse-edgar?action=getcompany&CIK=1078271,,EXTR
"""AI initiative""",1844971,"Greenidge Generation Holdings Inc.  (GREE, GREEL)  (CIK 0001844971)",8-K,2024-05-01,0001628280-24-019590:gree_investorpresentatio.htm,0001628280-24-019590,,,,,,,,https://www.sec.gov/cgi-bin/browse-edgar?action=getcompany&CIK=1844971,,GREE
"""AI initiative""",1844971,"Greenidge Generation Holdings Inc.  (GREE, GREEL)  (CIK 0001844971)",8-K,2024-05-01,0001628280-24-019590:gree_investorpresentatio.htm,0001628280-24-019590,,,,,,,,https://www.sec.gov/cgi-bin/browse-edgar?action=getcompany&CIK=1844971,,GREEL
"""generative artificial intelligence""",876883,Stagwell Inc  (STGW)  (CIK 0000876883),8-K,2024-05-01,0000876883-24-000011:stgw2024331pr.htm,0000876883-24-000011,,,,,,,,https://www.sec.gov/cgi-bin/browse-edgar?action=getcompany&CIK=876883,,STGW
"""generative AI""",1667011,"Arteris, Inc.  (AIP)  (CIK 0001667011)",8-K,2024-05-02,0001667011-24-000015:exhibit991q1fy248-k.htm,0001667011-24-000015,,,,,,,,https://www.sec.gov/cgi-bin/browse-edgar?action=getcompany&CIK=1667011,,AIP
"""generative AI""",1059556,MOODYS CORP /DE/  (MCO)  (CIK 0001059556),8-K,2024-05-02,0001059556-24-000087:a1q24earningsrelease.htm,0001059556-24-000087,,,,,,,,https://www.sec.gov/cgi-bin/browse-edgar?action=getcompany&CIK=1059556,,MCO
"""generative AI""",1682852,"Moderna, Inc.  (MRNA)  (CIK 0001682852)",8-K,2024-05-02,0001682852-24-000023:exhibit9912024q1pressrelea.htm,0001682852-24-000023,,,,,,,,https://www.sec.gov/cgi-bin/browse-edgar?action=getcompany&CIK=1682852,,MRNA
"""generative AI""",1438231,Digimarc CORP  (DMRC)  (CIK 0001438231),8-K,2024-05-02,0001437749-24-014360:ex_649431.htm,0001437749-24-014360,,,,,,,,https://www.sec.gov/cgi-bin/browse-edgar?action=getcompany&CIK=1438231,,
"""generative AI""",1549346,"Shutterstock, Inc.  (SSTK)  (CIK 0001549346)",8-K,2024-05-02,0001140361-24-023881:ny20028287x1_ex2-1.htm,0001140361-24-023881,,,,,,,,https://www.sec.gov/cgi-bin/browse-edgar?action=getcompany&CIK=1549346,,SSTK
"""generative AI""",1459417,"2U, Inc.  (TWOUQ)  (CIK 0001459417)",8-K,2024-05-02,0001459417-24-000034:a2uq12024earningsreleaseex.htm,0001459417-24-000034,,,,,,,,https://www.sec.gov/cgi-bin/browse-edgar?action=getcompany&CIK=1459417,,
"""generative AI""",1929561,"RXO, Inc.  (RXO)  (CIK 0001929561)",8-K,2024-05-02,0001929561-24-000075:earningspresentation-q12.htm,0001929561-24-000075,,,,,,,,https://www.sec.gov/cgi-bin/browse-edgar?action=getcompany&CIK=1929561,,RXO
"""generative artificial intelligence""",932696,INSIGHT ENTERPRISES INC  (NSIT)  (CIK 0000932696),8-K,2024-05-02,0001628280-24-019805:nsit-20240502xerx8kex991.htm,0001628280-24-019805,,,,,,,,https://www.sec.gov/cgi-bin/browse-edgar?action=getcompany&CIK=932696,,NSIT
"""generative AI""",1607939,"Udemy, Inc.  (UDMY)  (CIK 0001607939)",8-K,2024-05-02,0001607939-24-000072:q12024pressrelease.htm,0001607939-24-000072,,,,,,,,https://www.sec.gov/cgi-bin/browse-edgar?action=getcompany&CIK=1607939,,
"""generative AI""",1805284,"Rocket Companies, Inc.  (RKT)  (CIK 0001805284)",8-K,2024-05-02,0001805284-24-000061:rkt-earningsrelease0331202.htm,0001805284-24-000061,,,,,,,,https://www.sec.gov/cgi-bin/browse-edgar?action=getcompany&CIK=1805284,,RKT
"""generative AI""",1620280,Uniti Group Inc.  (UNIT)  (CIK 0001620280),8-K,2024-05-03,0000950103-24-006323:dp210423_ex9902.htm,0000950103-24-006323,,,,,,,,https://www.sec.gov/cgi-bin/browse-edgar?action=getcompany&CIK=1620280,,
"""generative AI""",1069183,"AXON ENTERPRISE, INC.  (AXON)  (CIK 0001069183)",8-K,2024-05-06,0001069183-24-000029:axon-20240506xex99d1.htm,0001069183-24-000029,,,,,,,,https://www.sec.gov/cgi-bin/browse-edgar?action=getcompany&CIK=1069183,,AXON
"""generative AI""",820318,COHERENT CORP.  (COHR)  (CIK 0000820318),8-K,2024-05-06,0001193125-24-131935:d819783dex992.htm,0001193125-24-131935,,,,,,,,https://www.sec.gov/cgi-bin/browse-edgar?action=getcompany&CIK=820318,,COHR
"""generative artificial intelligence""",883241,SYNOPSYS INC  (SNPS)  (CIK 0000883241),8-K,2024-05-06,0001193125-24-131535:d823729dex991.htm,0001193125-24-131535,,,,,,,,https://www.sec.gov/cgi-bin/browse-edgar?action=getcompany&CIK=883241,,SNPS
"""generative AI""",1851003,Zeta Global Holdings Corp.  (ZETA)  (CIK 0001851003),8-K,2024-05-06,0000950170-24-053531:zeta-ex99_1.htm,0000950170-24-053531,,,,,,,,https://www.sec.gov/cgi-bin/browse-edgar?action=getcompany&CIK=1851003,,ZETA
"""generative AI""",1484778,ThredUp Inc.  (TDUP)  (CIK 0001484778),8-K,2024-05-06,0001484778-24-000070:exhibit991earningsreleaseq.htm,0001484778-24-000070,,,,,,,,https://www.sec.gov/cgi-bin/browse-edgar?action=getcompany&CIK=1484778,,TDUP
"""generative AI""",1831840,"SEMrush Holdings, Inc.  (SEMR)  (CIK 0001831840)",8-K,2024-05-06,0001628280-24-020671:semrush8-kexhibit991q12024.htm,0001628280-24-020671,,,,,,,,https://www.sec.gov/cgi-bin/browse-edgar?action=getcompany&CIK=1831840,,
"""generative AI""",1803696,Adeia Inc.  (ADEA)  (CIK 0001803696),8-K,2024-05-06,0000950170-24-053530:adea-ex99_1.htm,0000950170-24-053530,,,,,,,,https://www.sec.gov/cgi-bin/browse-edgar?action=getcompany&CIK=1803696,,ADEA
"""generative AI""",1615165,"Veritone, Inc.  (VERI)  (CIK 0001615165)",8-K,2024-05-07,0000950170-24-054647:veri-ex99_1.htm,0000950170-24-054647,,,,,,,,https://www.sec.gov/cgi-bin/browse-edgar?action=getcompany&CIK=1615165,,VERI
"""generative AI""",1846069,"Nextdoor Holdings, Inc.  (KIND)  (CIK 0001846069)",8-K,2024-05-07,0001846069-24-000125:exhibit991-8xkxshareholder.htm,0001846069-24-000125,,,,,,,,https://www.sec.gov/cgi-bin/browse-edgar?action=getcompany&CIK=1846069,,NXDR
"""generative AI""",903651,INNODATA INC  (INOD)  (CIK 0000903651),8-K,2024-05-07,0001104659-24-058055:tm2412945d1_ex99-1.htm,0001104659-24-058055,,,,,,,,https://www.sec.gov/cgi-bin/browse-edgar?action=getcompany&CIK=903651,,INOD
"""generative artificial intelligence""",1447669,TWILIO INC  (TWLO)  (CIK 0001447669),8-K,2024-05-07,0001447669-24-000069:twloq124ex991.htm,0001447669-24-000069,,,,,,,,https://www.sec.gov/cgi-bin/browse-edgar?action=getcompany&CIK=1447669,,TWLO
"""generative AI""",1847577,Learn CW Investment Corp  (LCW)  (CIK 0001847577),8-K,2024-05-07,0001140361-24-024634:ny20012992x13_ex99-1.htm,0001140361-24-024634,,,,,,,,https://www.sec.gov/cgi-bin/browse-edgar?action=getcompany&CIK=1847577,,
"""generative AI""",1835681,"POWERSCHOOL HOLDINGS, INC.  (PWSC)  (CIK 0001835681)",8-K,2024-05-07,0001835681-24-000068:exhibit991-q124earningsrel.htm,0001835681-24-000068,,,,,,,,https://www.sec.gov/cgi-bin/browse-edgar?action=getcompany&CIK=1835681,,
"""generative AI""",1565687,"Intapp, Inc.  (INTA)  (CIK 0001565687)",8-K,2024-05-07,0000950170-24-054484:inta-ex99_1.htm,0000950170-24-054484,,,,,,,,https://www.sec.gov/cgi-bin/browse-edgar?action=getcompany&CIK=1565687,,INTA
"""generative artificial intelligence""",1800227,IAC Inc.  (IAC)  (CIK 0001800227),8-K,2024-05-07,0001800227-24-000022:ex_991q12024iac-pressrelea.htm,0001800227-24-000022,,,,,,,,https://www.sec.gov/cgi-bin/browse-edgar?action=getcompany&CIK=1800227,,PPLI
"""generative AI""",829323,"Inuvo, Inc.  (INUV)  (CIK 0000829323)",8-K,2024-05-07,0001654954-24-005712:inuvo_ex991.htm,0001654954-24-005712,,,,,,,,https://www.sec.gov/cgi-bin/browse-edgar?action=getcompany&CIK=829323,,INUV
"""generative artificial intelligence""",1833197,"Latham Group, Inc.  (SWIM)  (CIK 0001833197)",8-K,2024-05-07,0001104659-24-058015:tm2413566d2_ex99.htm,0001104659-24-058015,,,,,,,,https://www.sec.gov/cgi-bin/browse-edgar?action=getcompany&CIK=1833197,,SWIM
"""generative AI""",70487,NATIONAL RESEARCH CORP  (NRC)  (CIK 0000070487),8-K,2024-05-07,0001437749-24-015131:ex_668107.htm,0001437749-24-015131,,,,,,,,https://www.sec.gov/cgi-bin/browse-edgar?action=getcompany&CIK=70487,,NRC
"""generative AI""",1699838,"Confluent, Inc.  (CFLT)  (CIK 0001699838)",8-K,2024-05-07,0000950170-24-054470:cflt-ex99_1.htm,0000950170-24-054470,,,,,,,,https://www.sec.gov/cgi-bin/browse-edgar?action=getcompany&CIK=1699838,,
"""generative AI""",1392972,"PROS Holdings, Inc.  (PRO)  (CIK 0001392972)",8-K,2024-05-07,0001392972-24-000062:a2024q1ex991prosearningsre.htm,0001392972-24-000062,,,,,,,,https://www.sec.gov/cgi-bin/browse-edgar?action=getcompany&CIK=1392972,,
"""generative AI""",71691,NEW YORK TIMES CO  (NYT)  (CIK 0000071691),8-K,2024-05-08,0000071691-24-000103:pressrelease03312024.htm,0000071691-24-000103,,,,,,,,https://www.sec.gov/cgi-bin/browse-edgar?action=getcompany&CIK=71691,,NYT
"""generative AI""",1577916,"Premier, Inc.  (PINC)  (CIK 0001577916)",8-K,2024-05-08,0001193125-24-134184:d827328dex992.htm,0001193125-24-134184,,,,,,,,https://www.sec.gov/cgi-bin/browse-edgar?action=getcompany&CIK=1577916,,
"""large language model""",1788999,Xperi Inc.  (XPER)  (CIK 0001788999),8-K,2024-05-08,0000950170-24-055688:xper-ex99_1.htm,0000950170-24-055688,,,,,,,,https://www.sec.gov/cgi-bin/browse-edgar?action=getcompany&CIK=1788999,,XPER
"""generative AI""",1562088,"Duolingo, Inc.  (DUOL)  (CIK 0001562088)",8-K,2024-05-08,0001562088-24-000110:q1fy24shareholderletter.htm,0001562088-24-000110,,,,,,,,https://www.sec.gov/cgi-bin/browse-edgar?action=getcompany&CIK=1562088,,DUOL
"""generative AI""",1393883,"DHI GROUP, INC.  (DHX)  (CIK 0001393883)",8-K,2024-05-08,0001393883-24-000084:a991-earningsrelease2024q1.htm,0001393883-24-000084,,,,,,,,https://www.sec.gov/cgi-bin/browse-edgar?action=getcompany&CIK=1393883,,DHX
"""generative artificial intelligence""",1318568,Everi Holdings Inc.  (EVRI)  (CIK 0001318568),8-K,2024-05-08,0001318568-24-000077:a33124q1991exhibit.htm,0001318568-24-000077,,,,,,,,https://www.sec.gov/cgi-bin/browse-edgar?action=getcompany&CIK=1318568,,
"""generative AI""",1564708,"NEWS CORP  (NWS, NWSA)  (CIK 0001564708)",8-K,2024-05-08,0001564708-24-000246:release-q3fy2024.htm,0001564708-24-000246,,,,,,,,https://www.sec.gov/cgi-bin/browse-edgar?action=getcompany&CIK=1564708,,NWSA
"""generative AI""",1564708,"NEWS CORP  (NWS, NWSA)  (CIK 0001564708)",8-K,2024-05-08,0001564708-24-000246:release-q3fy2024.htm,0001564708-24-000246,,,,,,,,https://www.sec.gov/cgi-bin/browse-edgar?action=getcompany&CIK=1564708,,NWS
"""generative AI""",1564708,"NEWS CORP  (NWS, NWSA)  (CIK 0001564708)",8-K,2024-05-08,0001564708-24-000246:release-q3fy2024.htm,0001564708-24-000246,,,,,,,,https://www.sec.gov/cgi-bin/browse-edgar?action=getcompany&CIK=1564708,,NWSLL
"""generative artificial intelligence""",1206264,"TEMPUR SEALY INTERNATIONAL, INC.  (TPX)  (CIK 0001206264)",8-K,2024-05-08,0001206264-24-000092:a20240507tpxq12024invest.htm,0001206264-24-000092,,,,,,,,https://www.sec.gov/cgi-bin/browse-edgar?action=getcompany&CIK=1206264,,SGI
"""generative AI""",1945619,Kinetic Seas Inc.  (ECGR)  (CIK 0001945619),8-K,2024-05-08,0001683168-24-003111:kinetic_ex9900.htm,0001683168-24-003111,,,,,,,,https://www.sec.gov/cgi-bin/browse-edgar?action=getcompany&CIK=1945619,,KSEZ
"""generative AI""",1768267,Cerence Inc.  (CRNC)  (CIK 0001768267),8-K,2024-05-09,0000950170-24-056266:crnc-ex99_2.htm,0000950170-24-056266,,,,,,,,https://www.sec.gov/cgi-bin/browse-edgar?action=getcompany&CIK=1768267,,CRNC
"""large language model""",1345016,YELP INC  (YELP)  (CIK 0001345016),8-K,2024-05-09,0001345016-24-000029:yelpq12024ex992lettertos.htm,0001345016-24-000029,,,,,,,,https://www.sec.gov/cgi-bin/browse-edgar?action=getcompany&CIK=1345016,,YELP
"""generative AI""",1398659,Genpact LTD  (G)  (CIK 0001398659),8-K,2024-05-09,0001398659-24-000078:genpactltdexhibit991.htm,0001398659-24-000078,,,,,,,,https://www.sec.gov/cgi-bin/browse-edgar?action=getcompany&CIK=1398659,,G
"""generative AI""",1173489,CEVA INC  (CEVA)  (CIK 0001173489),8-K,2024-05-09,0001437749-24-015490:ex_668550.htm,0001437749-24-015490,,,,,,,,https://www.sec.gov/cgi-bin/browse-edgar?action=getcompany&CIK=1173489,,CEVA
"""generative AI""",1368514,"ADMA BIOLOGICS, INC.  (ADMA)  (CIK 0001368514)",8-K,2024-05-09,0001140361-24-025173:ef20028782_ex99-1.htm,0001140361-24-025173,,,,,,,,https://www.sec.gov/cgi-bin/browse-edgar?action=getcompany&CIK=1368514,,ADMA
"""generative AI""",1776661,"Advantage Solutions Inc.  (ADV, ADVWW)  (CIK 0001776661)",8-K,2024-05-09,0000950170-24-056245:adv-ex99_2.htm,0000950170-24-056245,,,,,,,,https://www.sec.gov/cgi-bin/browse-edgar?action=getcompany&CIK=1776661,,ADV
"""large language model""",1601830,"RECURSION PHARMACEUTICALS, INC.  (RXRX)  (CIK 0001601830)",8-K,2024-05-09,0001601830-24-000051:rxrx2024q1website.htm,0001601830-24-000051,,,,,,,,https://www.sec.gov/cgi-bin/browse-edgar?action=getcompany&CIK=1601830,,RXRX
"""generative AI""",1840856,"SOUNDHOUND AI, INC.  (SOUN, SOUNW)  (CIK 0001840856)",8-K,2024-05-09,0001213900-24-041376:ea020567501ex99-1_sound.htm,0001213900-24-041376,,,,,,,,https://www.sec.gov/cgi-bin/browse-edgar?action=getcompany&CIK=1840856,,SOUN
"""generative AI""",1840856,"SOUNDHOUND AI, INC.  (SOUN, SOUNW)  (CIK 0001840856)",8-K,2024-05-09,0001213900-24-041376:ea020567501ex99-1_sound.htm,0001213900-24-041376,,,,,,,,https://www.sec.gov/cgi-bin/browse-edgar?action=getcompany&CIK=1840856,,SOUNW
"""AI initiative""",868278,"ProPhase Labs, Inc.  (PRPH)  (CIK 0000868278)",8-K,2024-05-09,0001493152-24-018499:ex99-1.htm,0001493152-24-018499,,,,,,,,https://www.sec.gov/cgi-bin/browse-edgar?action=getcompany&CIK=868278,,PRPH
"""generative AI""",1352010,"EPAM Systems, Inc.  (EPAM)  (CIK 0001352010)",8-K,2024-05-09,0001352010-24-000015:exhibit99_q1x2024.htm,0001352010-24-000015,,,,,,,,https://www.sec.gov/cgi-bin/browse-edgar?action=getcompany&CIK=1352010,,EPAM
"""generative AI""",1823466,"FiscalNote Holdings, Inc.  (NOTE, NOTE-WT)  (CIK 0001823466)",8-K,2024-05-09,0000950170-24-056244:note-ex99_3.htm,0000950170-24-056244,,,,,,,,https://www.sec.gov/cgi-bin/browse-edgar?action=getcompany&CIK=1823466,,NOTE
"""generative AI""",1823466,"FiscalNote Holdings, Inc.  (NOTE, NOTE-WT)  (CIK 0001823466)",8-K,2024-05-09,0000950170-24-056244:note-ex99_3.htm,0000950170-24-056244,,,,,,,,https://www.sec.gov/cgi-bin/browse-edgar?action=getcompany&CIK=1823466,,NOTEW
"""generative AI""",1898496,"Getty Images Holdings, Inc.  (GETY)  (CIK 0001898496)",8-K,2024-05-09,0001628280-24-022221:gety-20240331xex991.htm,0001628280-24-022221,,,,,,,,https://www.sec.gov/cgi-bin/browse-edgar?action=getcompany&CIK=1898496,,GETY
"""generative AI""",1720420,IBEX Ltd  (IBEX)  (CIK 0001720420),8-K,2024-05-09,0001720420-24-000030:ibex-20240509exx991.htm,0001720420-24-000030,,,,,,,,https://www.sec.gov/cgi-bin/browse-edgar?action=getcompany&CIK=1720420,,IBEX
"""generative AI""",1210677,FIRST ADVANTAGE CORP  (FA)  (CIK 0001210677),8-K,2024-05-09,0000950170-24-056174:fa-ex99_1.htm,0000950170-24-056174,,,,,,,,https://www.sec.gov/cgi-bin/browse-edgar?action=getcompany&CIK=1210677,,FA
"""generative AI""",1293282,TechTarget Inc  (TTGT)  (CIK 0001293282),8-K,2024-05-09,0000950170-24-056842:ttgt-ex99_1.htm,0000950170-24-056842,,,,,,,,https://www.sec.gov/cgi-bin/browse-edgar?action=getcompany&CIK=1293282,,
"""generative AI""",1828536,"Energy Vault Holdings, Inc.  (NRGV)  (CIK 0001828536)",8-K,2024-05-09,0001828536-24-000101:ev_presentationxinvester.htm,0001828536-24-000101,,,,,,,,https://www.sec.gov/cgi-bin/browse-edgar?action=getcompany&CIK=1828536,,NRGV
"""generative artificial intelligence""",1084048,"ZIFF DAVIS, INC.  (ZD)  (CIK 0001084048)",8-K,2024-05-09,0001084048-24-000044:zdq12024earningspresenta.htm,0001084048-24-000044,,,,,,,,https://www.sec.gov/cgi-bin/browse-edgar?action=getcompany&CIK=1084048,,ZD
"""generative AI""",1562088,"Duolingo, Inc.  (DUOL)  (CIK 0001562088)",8-K,2024-05-10,0001562088-24-000117:q1fy24shareholderletter1.htm,0001562088-24-000117,,,,,,,,https://www.sec.gov/cgi-bin/browse-edgar?action=getcompany&CIK=1562088,,DUOL
"""AI acquisition""",1848861,"Healthcare AI Acquisition Corp.  (HAIA, HAIAU, HAIAW)  (CIK 0001848861)",8-K,2024-05-13,0001477932-24-002773:haia_8k.htm,0001477932-24-002773,,,,,,,,https://www.sec.gov/cgi-bin/browse-edgar?action=getcompany&CIK=1848861,,
"""generative AI""",1843714,"Zapata Computing Holdings Inc.  (ZPTA, ZPTAW)  (CIK 0001843714)",8-K,2024-05-13,0001193125-24-137298:d810168dex991.htm,0001193125-24-137298,,,,,,,,https://www.sec.gov/cgi-bin/browse-edgar?action=getcompany&CIK=1843714,,ZPTA
"""generative AI""",1843714,"Zapata Computing Holdings Inc.  (ZPTA, ZPTAW)  (CIK 0001843714)",8-K,2024-05-13,0001193125-24-137298:d810168dex991.htm,0001193125-24-137298,,,,,,,,https://www.sec.gov/cgi-bin/browse-edgar?action=getcompany&CIK=1843714,,ZPTAW
"""generative AI""",790526,"RadNet, Inc.  (RDNT)  (CIK 0000790526)",8-K,2024-05-13,0001683168-24-003246:radnet_ex9902.htm,0001683168-24-003246,,,,,,,,https://www.sec.gov/cgi-bin/browse-edgar?action=getcompany&CIK=790526,,RDNT
"""generative AI""",1769804,"Augmedix, Inc.  (AUGX)  (CIK 0001769804)",8-K,2024-05-13,0001628280-24-022885:augx-q1x2024xearningsxrele.htm,0001628280-24-022885,,,,,,,,https://www.sec.gov/cgi-bin/browse-edgar?action=getcompany&CIK=1769804,,
"""generative AI""",1907982,"D-Wave Quantum Inc.  (QBTS, QBTS-WT)  (CIK 0001907982)",8-K,2024-05-13,0001907982-24-000059:q1investordeckv4.htm,0001907982-24-000059,,,,,,,,https://www.sec.gov/cgi-bin/browse-edgar?action=getcompany&CIK=1907982,,QBTS
"""generative AI""",1672688,Absci Corp  (ABSI)  (CIK 0001672688),8-K,2024-05-14,0001628280-24-023060:exhibit991-2024q110xqpr.htm,0001628280-24-023060,,,,,,,,https://www.sec.gov/cgi-bin/browse-edgar?action=getcompany&CIK=1672688,,ABSI
"""generative artificial intelligence""",1175535,Whitestone REIT  (WSR)  (CIK 0001175535),8-K,2024-05-14,0001437749-24-016622:ex_673898.htm,0001437749-24-016622,,,,,,,,https://www.sec.gov/cgi-bin/browse-edgar?action=getcompany&CIK=1175535,,WSR
"""large language model""",1838163,"Brand Engagement Network Inc.  (BNAI, BNAIW)  (CIK 0001838163)",8-K,2024-05-14,0001493152-24-019243:ex99-1.htm,0001493152-24-019243,,,,,,,,https://www.sec.gov/cgi-bin/browse-edgar?action=getcompany&CIK=1838163,,BNAI
"""large language model""",1838163,"Brand Engagement Network Inc.  (BNAI, BNAIW)  (CIK 0001838163)",8-K,2024-05-14,0001493152-24-019243:ex99-1.htm,0001493152-24-019243,,,,,,,,https://www.sec.gov/cgi-bin/browse-edgar?action=getcompany&CIK=1838163,,BNAIW
"""generative AI""",1320760,"TSS, Inc.  (TSSI)  (CIK 0001320760)",8-K,2024-05-14,0001437749-24-016608:ex_673530.htm,0001437749-24-016608,,,,,,,,https://www.sec.gov/cgi-bin/browse-edgar?action=getcompany&CIK=1320760,,TSSI
"""generative AI""",1582982,"CareCloud, Inc.  (CCLD, CCLDO, CCLDP)  (CIK 0001582982)",8-K,2024-05-14,0001493152-24-019075:ex99-1.htm,0001493152-24-019075,,,,,,,,https://www.sec.gov/cgi-bin/browse-edgar?action=getcompany&CIK=1582982,,CCLD
"""generative AI""",1355848,"Kartoon Studios, Inc.  (TOON)  (CIK 0001355848)",8-K,2024-05-15,0001355848-24-000072:kartoon_20240515-ex991.htm,0001355848-24-000072,,,,,,,,https://www.sec.gov/cgi-bin/browse-edgar?action=getcompany&CIK=1355848,,TOON
"""generative artificial intelligence""",932696,INSIGHT ENTERPRISES INC  (NSIT)  (CIK 0000932696),8-K,2024-05-15,0001628280-24-023399:pressrelease.htm,0001628280-24-023399,,,,,,,,https://www.sec.gov/cgi-bin/browse-edgar?action=getcompany&CIK=932696,,NSIT
"""generative AI""",1843714,"Zapata Computing Holdings Inc.  (ZPTA, ZPTAW)  (CIK 0001843714)",8-K,2024-05-15,0001193125-24-138880:d839718dex991.htm,0001193125-24-138880,,,,,,,,https://www.sec.gov/cgi-bin/browse-edgar?action=getcompany&CIK=1843714,,ZPTA
"""generative AI""",1843714,"Zapata Computing Holdings Inc.  (ZPTA, ZPTAW)  (CIK 0001843714)",8-K,2024-05-15,0001193125-24-138880:d839718dex991.htm,0001193125-24-138880,,,,,,,,https://www.sec.gov/cgi-bin/browse-edgar?action=getcompany&CIK=1843714,,ZPTAW
"""generative AI""",1495231,"IZEA Worldwide, Inc.  (IZEA)  (CIK 0001495231)",8-K,2024-05-15,0001495231-24-000082:exhibit991pressreleaseq120.htm,0001495231-24-000082,,,,,,,,https://www.sec.gov/cgi-bin/browse-edgar?action=getcompany&CIK=1495231,,IZEA
"""generative artificial intelligence""",1785424,"Katapult Holdings, Inc.  (KPLT, KPLTW)  (CIK 0001785424)",8-K,2024-05-15,0001628280-24-023374:q12024earningsrelease.htm,0001628280-24-023374,,,,,,,,https://www.sec.gov/cgi-bin/browse-edgar?action=getcompany&CIK=1785424,,KPLT
"""generative AI""",1829247,"BullFrog AI Holdings, Inc.  (BFRG, BFRGW)  (CIK 0001829247)",8-K,2024-05-16,0001493152-24-020150:ex99-1.htm,0001493152-24-020150,,,,,,,,https://www.sec.gov/cgi-bin/browse-edgar?action=getcompany&CIK=1829247,,BFRG
"""generative AI""",1829247,"BullFrog AI Holdings, Inc.  (BFRG, BFRGW)  (CIK 0001829247)",8-K,2024-05-16,0001493152-24-020150:ex99-1.htm,0001493152-24-020150,,,,,,,,https://www.sec.gov/cgi-bin/browse-edgar?action=getcompany&CIK=1829247,,BFRGW
"""generative AI""",716133,CINCINNATI BELL INC  (CIK 0000716133),8-K,2024-05-16,0000950157-24-000773:ex99-1.htm,0000950157-24-000773,,,,,,,,https://www.sec.gov/cgi-bin/browse-edgar?action=getcompany&CIK=716133,,
"""generative AI""",1666138,Atkore Inc.  (ATKR)  (CIK 0001666138),8-K,2024-05-17,0001666138-24-000051:atkrirmay24.htm,0001666138-24-000051,,,,,,,,https://www.sec.gov/cgi-bin/browse-edgar?action=getcompany&CIK=1666138,,ATKR
"""AI initiative""",1039280,NETSOL TECHNOLOGIES INC  (NTWK)  (CIK 0001039280),8-K,2024-05-20,0001493152-24-020637:ex99-1.htm,0001493152-24-020637,,,,,,,,https://www.sec.gov/cgi-bin/browse-edgar?action=getcompany&CIK=1039280,,NTWK
"""generative AI""",19617,"JPMORGAN CHASE & CO  (JPM, AMJB, JPM-PC, JPM-PD, JPM-PJ, JPM-PK, JPM-PL, JPM-PM)  (CIK 0000019617)",8-K,2024-05-20,0000019617-24-000404:investordaypresentation.htm,0000019617-24-000404,,,,,,,,https://www.sec.gov/cgi-bin/browse-edgar?action=getcompany&CIK=19617,,JPM
"""generative AI""",19617,"JPMORGAN CHASE & CO  (JPM, AMJB, JPM-PC, JPM-PD, JPM-PJ, JPM-PK, JPM-PL, JPM-PM)  (CIK 0000019617)",8-K,2024-05-20,0000019617-24-000404:investordaypresentation.htm,0000019617-24-000404,,,,,,,,https://www.sec.gov/cgi-bin/browse-edgar?action=getcompany&CIK=19617,,JPM-PC
"""generative AI""",19617,"JPMORGAN CHASE & CO  (JPM, AMJB, JPM-PC, JPM-PD, JPM-PJ, JPM-PK, JPM-PL, JPM-PM)  (CIK 0000019617)",8-K,2024-05-20,0000019617-24-000404:investordaypresentation.htm,0000019617-24-000404,,,,,,,,https://www.sec.gov/cgi-bin/browse-edgar?action=getcompany&CIK=19617,,VYLD
"""generative AI""",19617,"JPMORGAN CHASE & CO  (JPM, AMJB, JPM-PC, JPM-PD, JPM-PJ, JPM-PK, JPM-PL, JPM-PM)  (CIK 0000019617)",8-K,2024-05-20,0000019617-24-000404:investordaypresentation.htm,0000019617-24-000404,,,,,,,,https://www.sec.gov/cgi-bin/browse-edgar?action=getcompany&CIK=19617,,AMJB
"""generative AI""",19617,"JPMORGAN CHASE & CO  (JPM, AMJB, JPM-PC, JPM-PD, JPM-PJ, JPM-PK, JPM-PL, JPM-PM)  (CIK 0000019617)",8-K,2024-05-20,0000019617-24-000404:investordaypresentation.htm,0000019617-24-000404,,,,,,,,https://www.sec.gov/cgi-bin/browse-edgar?action=getcompany&CIK=19617,,JPM-PD
"""generative AI""",19617,"JPMORGAN CHASE & CO  (JPM, AMJB, JPM-PC, JPM-PD, JPM-PJ, JPM-PK, JPM-PL, JPM-PM)  (CIK 0000019617)",8-K,2024-05-20,0000019617-24-000404:investordaypresentation.htm,0000019617-24-000404,,,,,,,,https://www.sec.gov/cgi-bin/browse-edgar?action=getcompany&CIK=19617,,JPM-PJ
"""generative AI""",19617,"JPMORGAN CHASE & CO  (JPM, AMJB, JPM-PC, JPM-PD, JPM-PJ, JPM-PK, JPM-PL, JPM-PM)  (CIK 0000019617)",8-K,2024-05-20,0000019617-24-000404:investordaypresentation.htm,0000019617-24-000404,,,,,,,,https://www.sec.gov/cgi-bin/browse-edgar?action=getcompany&CIK=19617,,JPM-PK
"""generative AI""",19617,"JPMORGAN CHASE & CO  (JPM, AMJB, JPM-PC, JPM-PD, JPM-PJ, JPM-PK, JPM-PL, JPM-PM)  (CIK 0000019617)",8-K,2024-05-20,0000019617-24-000404:investordaypresentation.htm,0000019617-24-000404,,,,,,,,https://www.sec.gov/cgi-bin/browse-edgar?action=getcompany&CIK=19617,,JPM-PL
"""generative AI""",19617,"JPMORGAN CHASE & CO  (JPM, AMJB, JPM-PC, JPM-PD, JPM-PJ, JPM-PK, JPM-PL, JPM-PM)  (CIK 0000019617)",8-K,2024-05-20,0000019617-24-000404:investordaypresentation.htm,0000019617-24-000404,,,,,,,,https://www.sec.gov/cgi-bin/browse-edgar?action=getcompany&CIK=19617,,JPM-PM
"""generative AI""",1022079,QUEST DIAGNOSTICS INC  (DGX)  (CIK 0001022079),8-K,2024-05-21,0001022079-24-000138:dgx05162024ex991.htm,0001022079-24-000138,,,,,,,,https://www.sec.gov/cgi-bin/browse-edgar?action=getcompany&CIK=1022079,,DGX
"""large language model""",1844419,"Maquia Capital Acquisition Corp  (MAQC, MAQCU, MAQCW)  (CIK 0001844419)",8-K,2024-05-22,0001104659-24-064323:tm2415009d1_ex99-1.htm,0001104659-24-064323,,,,,,,,https://www.sec.gov/cgi-bin/browse-edgar?action=getcompany&CIK=1844419,,
"""generative AI""",1045810,NVIDIA CORP  (NVDA)  (CIK 0001045810),8-K,2024-05-22,0001045810-24-000113:q1fy25pr.htm,0001045810-24-000113,,,,,,,,https://www.sec.gov/cgi-bin/browse-edgar?action=getcompany&CIK=1045810,,NVDA
"""large language model""",1640147,Snowflake Inc.  (SNOW)  (CIK 0001640147),8-K,2024-05-22,0001640147-24-000122:fy2025q1earnings.htm,0001640147-24-000122,,,,,,,,https://www.sec.gov/cgi-bin/browse-edgar?action=getcompany&CIK=1640147,,SNOW
"""generative AI""",64463,"Soluna Holdings, Inc  (SLNH, SLNHP)  (CIK 0000064463)",8-K,2024-05-22,0001493152-24-021002:ex99-3.htm,0001493152-24-021002,,,,,,,,https://www.sec.gov/cgi-bin/browse-edgar?action=getcompany&CIK=64463,,SLNH
"""generative AI""",64463,"Soluna Holdings, Inc  (SLNH, SLNHP)  (CIK 0000064463)",8-K,2024-05-22,0001493152-24-021002:ex99-3.htm,0001493152-24-021002,,,,,,,,https://www.sec.gov/cgi-bin/browse-edgar?action=getcompany&CIK=64463,,SLNHP
"""generative AI""",874866,CORVEL CORP  (CRVL)  (CIK 0000874866),8-K,2024-05-22,0000950170-24-063218:crvl-ex99_1.htm,0000950170-24-063218,,,,,,,,https://www.sec.gov/cgi-bin/browse-edgar?action=getcompany&CIK=874866,,CRVL
"""generative AI""",1738827,"KLX Energy Services Holdings, Inc.  (KLXE)  (CIK 0001738827)",8-K,2024-05-23,0001738827-24-000054:klx_irxdeck5-23x24vf.htm,0001738827-24-000054,,,,,,,,https://www.sec.gov/cgi-bin/browse-edgar?action=getcompany&CIK=1738827,,KLXE
"""generative AI""",1327811,"Workday, Inc.  (WDAY)  (CIK 0001327811)",8-K,2024-05-23,0001327811-24-000089:wday-04302024x991.htm,0001327811-24-000089,,,,,,,,https://www.sec.gov/cgi-bin/browse-edgar?action=getcompany&CIK=1327811,,WDAY
"""generative AI""",1124804,Veradigm Inc.  (MDRX)  (CIK 0001124804),8-K,2024-05-28,0001193125-24-147595:d813949dex992.htm,0001193125-24-147595,,,,,,,,https://www.sec.gov/cgi-bin/browse-edgar?action=getcompany&CIK=1124804,,
"""generative AI""",1805521,"FARADAY FUTURE INTELLIGENT ELECTRIC INC.  (FFIE, FFIEW)  (CIK 0001805521)",8-K,2024-05-28,0001213900-24-047116:ea020698801ex99-1_faraday.htm,0001213900-24-047116,,,,,,,,https://www.sec.gov/cgi-bin/browse-edgar?action=getcompany&CIK=1805521,,FFAI
"""generative AI""",1805521,"FARADAY FUTURE INTELLIGENT ELECTRIC INC.  (FFIE, FFIEW)  (CIK 0001805521)",8-K,2024-05-28,0001213900-24-047116:ea020698801ex99-1_faraday.htm,0001213900-24-047116,,,,,,,,https://www.sec.gov/cgi-bin/browse-edgar?action=getcompany&CIK=1805521,,FFAIW
"""generative AI""",1898496,"Getty Images Holdings, Inc.  (GETY)  (CIK 0001898496)",8-K,2024-05-28,0001104659-24-065365:tm2415646d1_8k.htm,0001104659-24-065365,,,,,,,,https://www.sec.gov/cgi-bin/browse-edgar?action=getcompany&CIK=1898496,,GETY
"""large language model""",1838163,"Brand Engagement Network Inc.  (BNAI, BNAIW)  (CIK 0001838163)",8-K,2024-05-29,0001493152-24-021730:ex99-1.htm,0001493152-24-021730,,,,,,,,https://www.sec.gov/cgi-bin/browse-edgar?action=getcompany&CIK=1838163,,BNAI
"""large language model""",1838163,"Brand Engagement Network Inc.  (BNAI, BNAIW)  (CIK 0001838163)",8-K,2024-05-29,0001493152-24-021730:ex99-1.htm,0001493152-24-021730,,,,,,,,https://www.sec.gov/cgi-bin/browse-edgar?action=getcompany&CIK=1838163,,BNAIW
"""generative AI""",1577526,"C3.ai, Inc.  (AI)  (CIK 0001577526)",8-K,2024-05-29,0001628280-24-025609:ex991-fy24xq4earnings.htm,0001628280-24-025609,,,,,,,,https://www.sec.gov/cgi-bin/browse-edgar?action=getcompany&CIK=1577526,,AI
"""generative AI""",1734722,"UiPath, Inc.  (PATH)  (CIK 0001734722)",8-K,2024-05-29,0001734722-24-000032:path-20240430xex991.htm,0001734722-24-000032,,,,,,,,https://www.sec.gov/cgi-bin/browse-edgar?action=getcompany&CIK=1734722,,PATH
"""generative AI""",1474432,"Pure Storage, Inc.  (PSTG)  (CIK 0001474432)",8-K,2024-05-29,0001628280-24-025604:pstg-ex991q1fy2025xpressre.htm,0001628280-24-025604,,,,,,,,https://www.sec.gov/cgi-bin/browse-edgar?action=getcompany&CIK=1474432,,P
"""generative AI""",1618732,"Nutanix, Inc.  (NTNX)  (CIK 0001618732)",8-K,2024-05-29,0000950170-24-065921:ntnx-ex99_1.htm,0000950170-24-065921,,,,,,,,https://www.sec.gov/cgi-bin/browse-edgar?action=getcompany&CIK=1618732,,NTNX
"""generative AI""",1214816,"AXIS CAPITAL HOLDINGS LTD  (AXS, AXS-PE)  (CIK 0001214816)",8-K,2024-05-30,0001104659-24-066449:tm2415864d1_ex99-1.htm,0001104659-24-066449,,,,,,,,https://www.sec.gov/cgi-bin/browse-edgar?action=getcompany&CIK=1214816,,AXS
"""generative AI""",1214816,"AXIS CAPITAL HOLDINGS LTD  (AXS, AXS-PE)  (CIK 0001214816)",8-K,2024-05-30,0001104659-24-066449:tm2415864d1_ex99-1.htm,0001104659-24-066449,,,,,,,,https://www.sec.gov/cgi-bin/browse-edgar?action=getcompany&CIK=1214816,,AXS-PE
"""generative AI""",1707753,Elastic N.V.  (ESTC)  (CIK 0001707753),8-K,2024-05-30,0001628280-24-025782:a24q4erex991.htm,0001628280-24-025782,,,,,,,,https://www.sec.gov/cgi-bin/browse-edgar?action=getcompany&CIK=1707753,,ESTC
"""generative AI""",1568100,"PagerDuty, Inc.  (PD)  (CIK 0001568100)",8-K,2024-05-30,0001568100-24-000054:pagerdutyq1fy25earningspre.htm,0001568100-24-000054,,,,,,,,https://www.sec.gov/cgi-bin/browse-edgar?action=getcompany&CIK=1568100,,PD
"""generative AI""",1441816,"MongoDB, Inc.  (MDB)  (CIK 0001441816)",8-K,2024-05-30,0001441816-24-000108:mdb-43024xex991xrelease.htm,0001441816-24-000108,,,,,,,,https://www.sec.gov/cgi-bin/browse-edgar?action=getcompany&CIK=1441816,,MDB
"""generative AI""",1326801,"Meta Platforms, Inc.  (META)  (CIK 0001326801)",8-K,2024-05-31,0001326801-24-000057:meta-20240529.htm,0001326801-24-000057,,,,,,,,https://www.sec.gov/cgi-bin/browse-edgar?action=getcompany&CIK=1326801,,META
"""generative AI""",1420720,"iBio, Inc.  (IBIO)  (CIK 0001420720)",8-K,2024-06-03,0001558370-24-008860:ibio-20240603xex99d1.htm,0001558370-24-008860,,,,,,,,https://www.sec.gov/cgi-bin/browse-edgar?action=getcompany&CIK=1420720,,IBIO
"""generative AI""",1610250,"Boot Barn Holdings, Inc.  (BOOT)  (CIK 0001610250)",8-K,2024-06-04,0001558370-24-008879:boot-20240604xex99d1.htm,0001558370-24-008879,,,,,,,,https://www.sec.gov/cgi-bin/browse-edgar?action=getcompany&CIK=1610250,,BOOT
"""large language model""",1628908,"Evolent Health, Inc.  (EVH)  (CIK 0001628908)",8-K,2024-06-04,0001628908-24-000057:exhibit992.htm,0001628908-24-000057,,,,,,,,https://www.sec.gov/cgi-bin/browse-edgar?action=getcompany&CIK=1628908,,EVH
"""generative artificial intelligence""",1832433,Ferguson plc  (CIK 0001832433),8-K,2024-06-04,0001832433-24-000008:exhibit991pressreleaseq3fy.htm,0001832433-24-000008,,,,,,,,https://www.sec.gov/cgi-bin/browse-edgar?action=getcompany&CIK=1832433,,
"""generative artificial intelligence""",1175535,Whitestone REIT  (WSR)  (CIK 0001175535),8-K,2024-06-04,0001437749-24-019213:ex_683603.htm,0001437749-24-019213,,,,,,,,https://www.sec.gov/cgi-bin/browse-edgar?action=getcompany&CIK=1175535,,WSR
"""large language model""",1845022,"Couchbase, Inc.  (BASE)  (CIK 0001845022)",8-K,2024-06-05,0001845022-24-000066:base-20240605xexx991.htm,0001845022-24-000066,,,,,,,,https://www.sec.gov/cgi-bin/browse-edgar?action=getcompany&CIK=1845022,,
"""generative AI""",64463,"Soluna Holdings, Inc  (SLNH, SLNHP)  (CIK 0000064463)",8-K,2024-06-06,0001493152-24-022952:ex99-1.htm,0001493152-24-022952,,,,,,,,https://www.sec.gov/cgi-bin/browse-edgar?action=getcompany&CIK=64463,,SLNH
"""generative AI""",64463,"Soluna Holdings, Inc  (SLNH, SLNHP)  (CIK 0000064463)",8-K,2024-06-06,0001493152-24-022952:ex99-1.htm,0001493152-24-022952,,,,,,,,https://www.sec.gov/cgi-bin/browse-edgar?action=getcompany&CIK=64463,,SLNHP
"""generative AI""",713425,AMERICAN SOFTWARE INC  (AMSWA)  (CIK 0000713425),8-K,2024-06-06,0001628280-24-027032:asiq4fy24pressrelease-fi.htm,0001628280-24-027032,,,,,,,,https://www.sec.gov/cgi-bin/browse-edgar?action=getcompany&CIK=713425,,
"""generative artificial intelligence""",1261333,"DOCUSIGN, INC.  (DOCU)  (CIK 0001261333)",8-K,2024-06-06,0001261333-24-000083:q125ex-991er.htm,0001261333-24-000083,,,,,,,,https://www.sec.gov/cgi-bin/browse-edgar?action=getcompany&CIK=1261333,,DOCU
"""generative AI""",1835681,"POWERSCHOOL HOLDINGS, INC.  (PWSC)  (CIK 0001835681)",8-K,2024-06-07,0001193125-24-156777:d232555dex991.htm,0001193125-24-156777,,,,,,,,https://www.sec.gov/cgi-bin/browse-edgar?action=getcompany&CIK=1835681,,
"""generative AI""",1320760,"TSS, Inc.  (TSSI)  (CIK 0001320760)",8-K,2024-06-10,0001437749-24-019812:ex_686152.htm,0001437749-24-019812,,,,,,,,https://www.sec.gov/cgi-bin/browse-edgar?action=getcompany&CIK=1320760,,TSSI
"""generative AI""",1941365,"MasterBrand, Inc.  (MBC)  (CIK 0001941365)",8-K,2024-06-10,0001140361-24-029580:ef20030890_ex99-1.htm,0001140361-24-029580,,,,,,,,https://www.sec.gov/cgi-bin/browse-edgar?action=getcompany&CIK=1941365,,MBC
"""generative AI""",1667313,"Zedge, Inc.  (ZDGE)  (CIK 0001667313)",8-K,2024-06-10,0001213900-24-051221:ea020757501ex99-1_zedgeinc.htm,0001213900-24-051221,,,,,,,,https://www.sec.gov/cgi-bin/browse-edgar?action=getcompany&CIK=1667313,,ZDGE
"""generative AI""",1614178,"Yext, Inc.  (YEXT)  (CIK 0001614178)",8-K,2024-06-10,0001614178-24-000055:shareholderreportq1fy25hou.htm,0001614178-24-000055,,,,,,,,https://www.sec.gov/cgi-bin/browse-edgar?action=getcompany&CIK=1614178,,YEXT
"""generative AI""",1774675,"Skillsoft Corp.  (SKIL, SKILW)  (CIK 0001774675)",8-K,2024-06-10,0001437749-24-019817:ex_654243.htm,0001437749-24-019817,,,,,,,,https://www.sec.gov/cgi-bin/browse-edgar?action=getcompany&CIK=1774675,,SKIL
"""generative AI""",769397,"Autodesk, Inc.  (ADSK)  (CIK 0000769397)",8-K,2024-06-11,0000769397-24-000095:q125pressrelease.htm,0000769397-24-000095,,,,,,,,https://www.sec.gov/cgi-bin/browse-edgar?action=getcompany&CIK=769397,,ADSK
"""generative AI""",1652044,"Alphabet Inc.  (GOOG, GOOGL)  (CIK 0001652044)",8-K,2024-06-13,0001193125-24-160721:d805807d8k.htm,0001193125-24-160721,,,,,,,,https://www.sec.gov/cgi-bin/browse-edgar?action=getcompany&CIK=1652044,,GOOGL
"""generative AI""",1652044,"Alphabet Inc.  (GOOG, GOOGL)  (CIK 0001652044)",8-K,2024-06-13,0001193125-24-160721:d805807d8k.htm,0001193125-24-160721,,,,,,,,https://www.sec.gov/cgi-bin/browse-edgar?action=getcompany&CIK=1652044,,GOOG
"""generative AI""",1652044,"Alphabet Inc.  (GOOG, GOOGL)  (CIK 0001652044)",8-K,2024-06-13,0001193125-24-160721:d805807d8k.htm,0001193125-24-160721,,,,,,,,https://www.sec.gov/cgi-bin/browse-edgar?action=getcompany&CIK=1652044,,GOOGM
"""generative AI""",1652044,"Alphabet Inc.  (GOOG, GOOGL)  (CIK 0001652044)",8-K,2024-06-13,0001193125-24-160721:d805807d8k.htm,0001193125-24-160721,,,,,,,,https://www.sec.gov/cgi-bin/browse-edgar?action=getcompany&CIK=1652044,,GOOGN
"""generative AI""",107140,"JOHN WILEY & SONS, INC.  (WLY, WLYB)  (CIK 0000107140)",8-K,2024-06-13,0000107140-24-000104:exhibit992-q424earningsp.htm,0000107140-24-000104,,,,,,,,https://www.sec.gov/cgi-bin/browse-edgar?action=getcompany&CIK=107140,,WLY
"""generative AI""",107140,"JOHN WILEY & SONS, INC.  (WLY, WLYB)  (CIK 0000107140)",8-K,2024-06-13,0000107140-24-000104:exhibit992-q424earningsp.htm,0000107140-24-000104,,,,,,,,https://www.sec.gov/cgi-bin/browse-edgar?action=getcompany&CIK=107140,,WLYB
"""AI acquisition""",1848861,"Healthcare AI Acquisition Corp.  (HAIA, HAIAU, HAIAW)  (CIK 0001848861)",8-K,2024-06-13,0001477932-24-003674:haia_8k.htm,0001477932-24-003674,,,,,,,,https://www.sec.gov/cgi-bin/browse-edgar?action=getcompany&CIK=1848861,,
"""generative AI""",1582961,"DigitalOcean Holdings, Inc.  (DOCN)  (CIK 0001582961)",8-K,2024-06-17,0001582961-24-000095:exhibit991-cptoannouncement.htm,0001582961-24-000095,,,,,,,,https://www.sec.gov/cgi-bin/browse-edgar?action=getcompany&CIK=1582961,,DOCN
"""generative AI""",1467373,Accenture plc  (ACN)  (CIK 0001467373),8-K,2024-06-20,0001467373-24-000195:fy24q3earnings8-kexhibit.htm,0001467373-24-000195,,,,,,,,https://www.sec.gov/cgi-bin/browse-edgar?action=getcompany&CIK=1467373,,ACN
"""generative AI""",1013237,FACTSET RESEARCH SYSTEMS INC  (FDS)  (CIK 0001013237),8-K,2024-06-21,0001013237-24-000071:fdsq32024earningsrelease.htm,0001013237-24-000071,,,,,,,,https://www.sec.gov/cgi-bin/browse-edgar?action=getcompany&CIK=1013237,,FDS
"""generative AI""",1120970,Comstock Inc.  (LODE)  (CIK 0001120970),8-K,2024-06-24,0001437749-24-021088:ex_691727.htm,0001437749-24-021088,,,,,,,,https://www.sec.gov/cgi-bin/browse-edgar?action=getcompany&CIK=1120970,,LODE
"""generative AI""",64463,"Soluna Holdings, Inc  (SLNH, SLNHP)  (CIK 0000064463)",8-K,2024-06-24,0001493152-24-024848:ex99-1.htm,0001493152-24-024848,,,,,,,,https://www.sec.gov/cgi-bin/browse-edgar?action=getcompany&CIK=64463,,SLNH
"""generative AI""",64463,"Soluna Holdings, Inc  (SLNH, SLNHP)  (CIK 0000064463)",8-K,2024-06-24,0001493152-24-024848:ex99-1.htm,0001493152-24-024848,,,,,,,,https://www.sec.gov/cgi-bin/browse-edgar?action=getcompany&CIK=64463,,SLNHP
"""generative AI""",1736297,"Astera Labs, Inc.  (ALAB)  (CIK 0001736297)",8-K,2024-06-24,0001736297-24-000009:june2024releaseforbethanym.htm,0001736297-24-000009,,,,,,,,https://www.sec.gov/cgi-bin/browse-edgar?action=getcompany&CIK=1736297,,ALAB
"""generative AI""",1848437,"Cartica Acquisition Corp  (CITE, CITEU, CITEW)  (CIK 0001848437)",8-K,2024-06-24,0001104659-24-074337:tm2417925d1_ex99-2.htm,0001104659-24-074337,,,,,,,,https://www.sec.gov/cgi-bin/browse-edgar?action=getcompany&CIK=1848437,,
"""generative AI""",1601830,"RECURSION PHARMACEUTICALS, INC.  (RXRX)  (CIK 0001601830)",8-K,2024-06-24,0001601830-24-000085:downloadday2024_pdf.htm,0001601830-24-000085,,,,,,,,https://www.sec.gov/cgi-bin/browse-edgar?action=getcompany&CIK=1601830,,RXRX
"""generative AI""",1070235,BLACKBERRY Ltd  (BB)  (CIK 0001070235),8-K,2024-06-26,0001070235-24-000092:q1fy25ex-991.htm,0001070235-24-000092,,,,,,,,https://www.sec.gov/cgi-bin/browse-edgar?action=getcompany&CIK=1070235,,BB
"""generative AI""",1820144,"Grindr Inc.  (GRND, GRND-WT)  (CIK 0001820144)",8-K,2024-06-26,0001820144-24-000028:exhibit991-2024investorday.htm,0001820144-24-000028,,,,,,,,https://www.sec.gov/cgi-bin/browse-edgar?action=getcompany&CIK=1820144,,GRND
"""generative artificial intelligence""",1803599,Concentrix Corp  (CNXC)  (CIK 0001803599),8-K,2024-06-26,0001803599-24-000125:exhibit991q22024.htm,0001803599-24-000125,,,,,,,,https://www.sec.gov/cgi-bin/browse-edgar?action=getcompany&CIK=1803599,,CNXC
"""generative AI""",1320760,"TSS, Inc.  (TSSI)  (CIK 0001320760)",8-K,2024-06-27,0001437749-24-021333:ex_693185.htm,0001437749-24-021333,,,,,,,,https://www.sec.gov/cgi-bin/browse-edgar?action=getcompany&CIK=1320760,,TSSI
"""generative AI""",1868640,"Roadzen Inc.  (RDZN, RDZNW)  (CIK 0001868640)",8-K,2024-07-01,0000950170-24-079599:rdzn-ex99_1.htm,0000950170-24-079599,,,,,,,,https://www.sec.gov/cgi-bin/browse-edgar?action=getcompany&CIK=1868640,,RDZN
"""generative AI""",1868640,"Roadzen Inc.  (RDZN, RDZNW)  (CIK 0001868640)",8-K,2024-07-01,0000950170-24-079599:rdzn-ex99_1.htm,0000950170-24-079599,,,,,,,,https://www.sec.gov/cgi-bin/browse-edgar?action=getcompany&CIK=1868640,,RDZNW
"""generative artificial intelligence""",1878897,Douglas Elliman Inc.  (DOUG)  (CIK 0001878897),8-K,2024-07-02,0001193125-24-173893:d657095dex101.htm,0001193125-24-173893,,,,,,,,https://www.sec.gov/cgi-bin/browse-edgar?action=getcompany&CIK=1878897,,DOUG
"""generative AI""",1768267,Cerence Inc.  (CRNC)  (CIK 0001768267),8-K,2024-07-02,0001193125-24-174406:d860175dex991.htm,0001193125-24-174406,,,,,,,,https://www.sec.gov/cgi-bin/browse-edgar?action=getcompany&CIK=1768267,,CRNC
"""generative AI""",1013237,FACTSET RESEARCH SYSTEMS INC  (FDS)  (CIK 0001013237),8-K,2024-07-03,0001013237-24-000086:investordeckjuly2024.htm,0001013237-24-000086,,,,,,,,https://www.sec.gov/cgi-bin/browse-edgar?action=getcompany&CIK=1013237,,FDS
"""generative AI""",24741,CORNING INC /NY  (GLW)  (CIK 0000024741),8-K,2024-07-08,0001206774-24-000650:glw4353151-ex991.htm,0001206774-24-000650,,,,,,,,https://www.sec.gov/cgi-bin/browse-edgar?action=getcompany&CIK=24741,,GLW
"""generative AI""",1907982,"D-Wave Quantum Inc.  (QBTS, QBTS-WT)  (CIK 0001907982)",8-K,2024-07-08,0001907982-24-000081:exh_9911.htm,0001907982-24-000081,,,,,,,,https://www.sec.gov/cgi-bin/browse-edgar?action=getcompany&CIK=1907982,,QBTS
"""generative AI""",1549346,"Shutterstock, Inc.  (SSTK)  (CIK 0001549346)",8-K,2024-07-09,0001549346-24-000025:sstkappointsjaimeteevantob.htm,0001549346-24-000025,,,,,,,,https://www.sec.gov/cgi-bin/browse-edgar?action=getcompany&CIK=1549346,,SSTK
"""generative AI""",1827090,"Certara, Inc.  (CERT)  (CIK 0001827090)",8-K,2024-07-09,0001104659-24-078581:tm2418257d3_ex99-1.htm,0001104659-24-078581,,,,,,,,https://www.sec.gov/cgi-bin/browse-edgar?action=getcompany&CIK=1827090,,CERT
"""generative AI""",1697500,"Solaris Oilfield Infrastructure, Inc.  (SOI)  (CIK 0001697500)",8-K,2024-07-10,0001193125-24-176889:d859401dex992.htm,0001193125-24-176889,,,,,,,,https://www.sec.gov/cgi-bin/browse-edgar?action=getcompany&CIK=1697500,,SEI
"""generative AI""",64463,"Soluna Holdings, Inc  (SLNH, SLNHP)  (CIK 0000064463)",8-K,2024-07-10,0001493152-24-026806:ex99-1.htm,0001493152-24-026806,,,,,,,,https://www.sec.gov/cgi-bin/browse-edgar?action=getcompany&CIK=64463,,SLNH
"""generative AI""",64463,"Soluna Holdings, Inc  (SLNH, SLNHP)  (CIK 0000064463)",8-K,2024-07-10,0001493152-24-026806:ex99-1.htm,0001493152-24-026806,,,,,,,,https://www.sec.gov/cgi-bin/browse-edgar?action=getcompany&CIK=64463,,SLNHP
"""generative AI""",1436229,BTCS Inc.  (BTCS)  (CIK 0001436229),8-K,2024-07-10,0001493152-24-026728:ex99-1.htm,0001493152-24-026728,,,,,,,,https://www.sec.gov/cgi-bin/browse-edgar?action=getcompany&CIK=1436229,,BTCS
"""generative AI""",1437491,"RiskOn International, Inc.  (ROII)  (CIK 0001437491)",8-K,2024-07-15,0001214659-24-012363:ex10_2.htm,0001214659-24-012363,,,,,,,,https://www.sec.gov/cgi-bin/browse-edgar?action=getcompany&CIK=1437491,,
"""generative AI""",1859199,reAlpha Tech Corp.  (AIRE)  (CIK 0001859199),8-K,2024-07-15,0001213900-24-061152:ea020938801ex99-1_real.htm,0001213900-24-061152,,,,,,,,https://www.sec.gov/cgi-bin/browse-edgar?action=getcompany&CIK=1859199,,AIRE
"""generative AI""",1120970,Comstock Inc.  (LODE)  (CIK 0001120970),8-K,2024-07-17,0001437749-24-022917:ex_699221.htm,0001437749-24-022917,,,,,,,,https://www.sec.gov/cgi-bin/browse-edgar?action=getcompany&CIK=1120970,,LODE
"""generative AI""",1173204,Cineverse Corp.  (CNVS)  (CIK 0001173204),8-K,2024-07-17,0000950170-24-084021:cnvs-ex99_1.htm,0000950170-24-084021,,,,,,,,https://www.sec.gov/cgi-bin/browse-edgar?action=getcompany&CIK=1173204,,CNVS
"""generative AI""",64463,"Soluna Holdings, Inc  (SLNH, SLNHP)  (CIK 0000064463)",8-K,2024-07-17,0001493152-24-028109:ex99-1.htm,0001493152-24-028109,,,,,,,,https://www.sec.gov/cgi-bin/browse-edgar?action=getcompany&CIK=64463,,SLNH
"""generative AI""",64463,"Soluna Holdings, Inc  (SLNH, SLNHP)  (CIK 0000064463)",8-K,2024-07-17,0001493152-24-028109:ex99-1.htm,0001493152-24-028109,,,,,,,,https://www.sec.gov/cgi-bin/browse-edgar?action=getcompany&CIK=64463,,SLNHP
"""generative AI""",1120970,Comstock Inc.  (LODE)  (CIK 0001120970),8-K,2024-07-19,0001437749-24-023037:ex_700074.htm,0001437749-24-023037,,,,,,,,https://www.sec.gov/cgi-bin/browse-edgar?action=getcompany&CIK=1120970,,LODE
"""generative AI""",1774675,"Skillsoft Corp.  (SKIL, SKILW)  (CIK 0001774675)",8-K,2024-07-19,0001437749-24-023038:ex_700316.htm,0001437749-24-023038,,,,,,,,https://www.sec.gov/cgi-bin/browse-edgar?action=getcompany&CIK=1774675,,SKIL
"""generative AI""",1144879,Applied Digital Corp.  (APLD)  (CIK 0001144879),8-K,2024-07-19,0001144879-24-000191:apld-20240719.htm,0001144879-24-000191,,,,,,,,https://www.sec.gov/cgi-bin/browse-edgar?action=getcompany&CIK=1144879,,APLD
"""AI acquisition""",1848861,"Healthcare AI Acquisition Corp.  (HAIA, HAIAU, HAIAW)  (CIK 0001848861)",8-K,2024-07-19,0001477932-24-004302:haia_8k.htm,0001477932-24-004302,,,,,,,,https://www.sec.gov/cgi-bin/browse-edgar?action=getcompany&CIK=1848861,,
"""generative AI""",1582961,"DigitalOcean Holdings, Inc.  (DOCN)  (CIK 0001582961)",8-K,2024-07-22,0001582961-24-000113:exhibit991-croannouncement.htm,0001582961-24-000113,,,,,,,,https://www.sec.gov/cgi-bin/browse-edgar?action=getcompany&CIK=1582961,,DOCN
"""generative artificial intelligence""",1038773,SMARTFINANCIAL INC.  (SMBK)  (CIK 0001038773),8-K,2024-07-22,0001558370-24-009947:smbk-20240722xex99d1.htm,0001558370-24-009947,,,,,,,,https://www.sec.gov/cgi-bin/browse-edgar?action=getcompany&CIK=1038773,,SMBK
"""generative artificial intelligence""",1745916,"PennyMac Financial Services, Inc.  (PFSI)  (CIK 0001745916)",8-K,2024-07-23,0001104659-24-081917:tm2419973d1_ex99-2.htm,0001104659-24-081917,,,,,,,,https://www.sec.gov/cgi-bin/browse-edgar?action=getcompany&CIK=1745916,,PFSI
"""generative AI""",1934945,"Trailblazer Merger Corp I  (TBMC, TBMCR)  (CIK 0001934945)",8-K,2024-07-23,0001213900-24-063610:ea020977001ex99-1_trailblaz1.htm,0001213900-24-063610,,,,,,,,https://www.sec.gov/cgi-bin/browse-edgar?action=getcompany&CIK=1934945,,
"""generative AI""",1868640,"Roadzen Inc.  (RDZN, RDZNW)  (CIK 0001868640)",8-K,2024-07-23,0000950170-24-085444:rdzn-ex99_1.htm,0000950170-24-085444,,,,,,,,https://www.sec.gov/cgi-bin/browse-edgar?action=getcompany&CIK=1868640,,RDZN
"""generative AI""",1868640,"Roadzen Inc.  (RDZN, RDZNW)  (CIK 0001868640)",8-K,2024-07-23,0000950170-24-085444:rdzn-ex99_1.htm,0000950170-24-085444,,,,,,,,https://www.sec.gov/cgi-bin/browse-edgar?action=getcompany&CIK=1868640,,RDZNW
"""generative AI""",1373715,"ServiceNow, Inc.  (NOW)  (CIK 0001373715)",8-K,2024-07-24,0001373715-24-000269:erq2fy24.htm,0001373715-24-000269,,,,,,,,https://www.sec.gov/cgi-bin/browse-edgar?action=getcompany&CIK=1373715,,NOW
"""generative AI""",1013857,PEGASYSTEMS INC  (PEGA)  (CIK 0001013857),8-K,2024-07-24,0001013857-24-000156:q22024_ex-991.htm,0001013857-24-000156,,,,,,,,https://www.sec.gov/cgi-bin/browse-edgar?action=getcompany&CIK=1013857,,PEGA
"""generative AI""",51143,INTERNATIONAL BUSINESS MACHINES CORP  (IBM)  (CIK 0000051143),8-K,2024-07-24,0000051143-24-000033:ibm-20240724xex992.htm,0000051143-24-000033,,,,,,,,https://www.sec.gov/cgi-bin/browse-edgar?action=getcompany&CIK=51143,,IBM
"""generative AI""",51644,"INTERPUBLIC GROUP OF COMPANIES, INC.  (IPG)  (CIK 0000051644)",8-K,2024-07-24,0000051644-24-000031:ipgq22024earningsreleaseex.htm,0000051644-24-000031,,,,,,,,https://www.sec.gov/cgi-bin/browse-edgar?action=getcompany&CIK=51644,,
"""generative artificial intelligence""",890564,ASGN Inc  (ASGN)  (CIK 0000890564),8-K,2024-07-24,0000890564-24-000017:earningsrelease-q224.htm,0000890564-24-000017,,,,,,,,https://www.sec.gov/cgi-bin/browse-edgar?action=getcompany&CIK=890564,,EFOR
"""generative artificial intelligence""",1516912,"Origin Bancorp, Inc.  (OBK)  (CIK 0001516912)",8-K,2024-07-24,0001516912-24-000089:a06302024obkexhibit991er.htm,0001516912-24-000089,,,,,,,,https://www.sec.gov/cgi-bin/browse-edgar?action=getcompany&CIK=1516912,,OBK
"""generative artificial intelligence""",711669,COLONY BANKCORP INC  (CBAN)  (CIK 0000711669),8-K,2024-07-24,0000711669-24-000105:a2q2024cbaner.htm,0000711669-24-000105,,,,,,,,https://www.sec.gov/cgi-bin/browse-edgar?action=getcompany&CIK=711669,,CBAN
"""generative artificial intelligence""",1388295,OneMeta Inc.  (ONEI)  (CIK 0001388295),8-K,2024-07-24,0001493152-24-028863:ex99-1.htm,0001493152-24-028863,,,,,,,,https://www.sec.gov/cgi-bin/browse-edgar?action=getcompany&CIK=1388295,,ONEI
"""generative AI""",64463,"Soluna Holdings, Inc  (SLNH, SLNHP)  (CIK 0000064463)",8-K,2024-07-24,0001493152-24-028932:ex99.htm,0001493152-24-028932,,,,,,,,https://www.sec.gov/cgi-bin/browse-edgar?action=getcompany&CIK=64463,,SLNH
"""generative AI""",64463,"Soluna Holdings, Inc  (SLNH, SLNHP)  (CIK 0000064463)",8-K,2024-07-24,0001493152-24-028932:ex99.htm,0001493152-24-028932,,,,,,,,https://www.sec.gov/cgi-bin/browse-edgar?action=getcompany&CIK=64463,,SLNHP
"""generative artificial intelligence""",730708,SEACOAST BANKING CORP OF FLORIDA  (SBCF)  (CIK 0000730708),8-K,2024-07-25,0000730708-24-000158:a2q2024earningsrelease.htm,0000730708-24-000158,,,,,,,,https://www.sec.gov/cgi-bin/browse-edgar?action=getcompany&CIK=730708,,SBCF
"""generative AI""",1459417,"2U, Inc.  (TWOUQ)  (CIK 0001459417)",8-K,2024-07-25,0001193125-24-184277:d875063dex992.htm,0001193125-24-184277,,,,,,,,https://www.sec.gov/cgi-bin/browse-edgar?action=getcompany&CIK=1459417,,
"""generative AI""",51143,INTERNATIONAL BUSINESS MACHINES CORP  (IBM)  (CIK 0000051143),8-K,2024-07-25,0000051143-24-000035:a2q24-ex991.htm,0000051143-24-000035,,,,,,,,https://www.sec.gov/cgi-bin/browse-edgar?action=getcompany&CIK=51143,,IBM
"""generative AI""",1651562,"Coursera, Inc.  (COUR)  (CIK 0001651562)",8-K,2024-07-25,0001651562-24-000046:cour-20240630xexx991.htm,0001651562-24-000046,,,,,,,,https://www.sec.gov/cgi-bin/browse-edgar?action=getcompany&CIK=1651562,,COUR
"""generative AI""",1289419,"Morningstar, Inc.  (MORN)  (CIK 0001289419)",8-K,2024-07-25,0001289419-24-000055:shareholderletter-q224fi.htm,0001289419-24-000055,,,,,,,,https://www.sec.gov/cgi-bin/browse-edgar?action=getcompany&CIK=1289419,,MORN
"""generative AI""",51644,"INTERPUBLIC GROUP OF COMPANIES, INC.  (IPG)  (CIK 0000051644)",8-K,2024-07-25,0000051644-24-000038:earningscalltranscript2q.htm,0000051644-24-000038,,,,,,,,https://www.sec.gov/cgi-bin/browse-edgar?action=getcompany&CIK=51644,,
"""generative AI""",1859199,reAlpha Tech Corp.  (AIRE)  (CIK 0001859199),8-K,2024-07-29,0001013762-24-001780:ea021013701ex99-1_realpha.htm,0001013762-24-001780,,,,,,,,https://www.sec.gov/cgi-bin/browse-edgar?action=getcompany&CIK=1859199,,AIRE
"""generative AI""",1907982,"D-Wave Quantum Inc.  (QBTS, QBTS-WT)  (CIK 0001907982)",8-K,2024-07-29,0001907982-24-000088:exh991.htm,0001907982-24-000088,,,,,,,,https://www.sec.gov/cgi-bin/browse-edgar?action=getcompany&CIK=1907982,,QBTS
"""generative AI""",1819142,"SES AI Corp  (SES, SES-WT)  (CIK 0001819142)",8-K,2024-07-29,0001819142-24-000030:ses-20240729xex99d1.htm,0001819142-24-000030,,,,,,,,https://www.sec.gov/cgi-bin/browse-edgar?action=getcompany&CIK=1819142,,SES
"""generative AI""",1819142,"SES AI Corp  (SES, SES-WT)  (CIK 0001819142)",8-K,2024-07-29,0001819142-24-000030:ses-20240729xex99d1.htm,0001819142-24-000030,,,,,,,,https://www.sec.gov/cgi-bin/browse-edgar?action=getcompany&CIK=1819142,,SES-WT
"""machine learning investment""",1883085,"Pagaya Technologies Ltd.  (PGY, PGYWW)  (CIK 0001883085)",8-K,2024-07-30,0001628280-24-033358:theoremxpagaya_prxfinal1.htm,0001628280-24-033358,,,,,,,,https://www.sec.gov/cgi-bin/browse-edgar?action=getcompany&CIK=1883085,,PGY
"""machine learning investment""",1883085,"Pagaya Technologies Ltd.  (PGY, PGYWW)  (CIK 0001883085)",8-K,2024-07-30,0001628280-24-033358:theoremxpagaya_prxfinal1.htm,0001628280-24-033358,,,,,,,,https://www.sec.gov/cgi-bin/browse-edgar?action=getcompany&CIK=1883085,,PGYWW
"""generative AI""",1691421,"Lemonade, Inc.  (LMND, LMND-WT)  (CIK 0001691421)",8-K,2024-07-30,0001691421-24-000100:lmndshlq22024final.htm,0001691421-24-000100,,,,,,,,https://www.sec.gov/cgi-bin/browse-edgar?action=getcompany&CIK=1691421,,LMND
"""generative AI""",1544522,Freshworks Inc.  (FRSH)  (CIK 0001544522),8-K,2024-07-30,0001544522-24-000046:q224quarterlyearningsrelea.htm,0001544522-24-000046,,,,,,,,https://www.sec.gov/cgi-bin/browse-edgar?action=getcompany&CIK=1544522,,FRSH
"""generative AI""",1868778,Informatica Inc.  (INFA)  (CIK 0001868778),8-K,2024-07-30,0001868778-24-000025:infa-2024q2x8k_ex991.htm,0001868778-24-000025,,,,,,,,https://www.sec.gov/cgi-bin/browse-edgar?action=getcompany&CIK=1868778,,
"""generative artificial intelligence""",1282631,NETLIST INC  (NLST)  (CIK 0001282631),8-K,2024-07-30,0001104659-24-083802:tm2420284d1_ex99-1.htm,0001104659-24-083802,,,,,,,,https://www.sec.gov/cgi-bin/browse-edgar?action=getcompany&CIK=1282631,,NLST
"""generative AI""",4127,"SKYWORKS SOLUTIONS, INC.  (SWKS)  (CIK 0000004127)",8-K,2024-07-30,0000004127-24-000068:q3248-kex991earningsrelease.htm,0000004127-24-000068,,,,,,,,https://www.sec.gov/cgi-bin/browse-edgar?action=getcompany&CIK=4127,,SWKS
"""generative AI""",1023313,"FORRESTER RESEARCH, INC.  (FORR)  (CIK 0001023313)",8-K,2024-07-30,0001193125-24-188867:d95974dex991.htm,0001193125-24-188867,,,,,,,,https://www.sec.gov/cgi-bin/browse-edgar?action=getcompany&CIK=1023313,,FORR
"""generative AI""",24741,CORNING INC /NY  (GLW)  (CIK 0000024741),8-K,2024-07-30,0001437749-24-023825:ex_672532.htm,0001437749-24-023825,,,,,,,,https://www.sec.gov/cgi-bin/browse-edgar?action=getcompany&CIK=24741,,GLW
"""generative AI""",1596532,"Arista Networks, Inc.  (ANET)  (CIK 0001596532)",8-K,2024-07-30,0001596532-24-000277:ex991q224-earningsrelease.htm,0001596532-24-000277,,,,,,,,https://www.sec.gov/cgi-bin/browse-edgar?action=getcompany&CIK=1596532,,ANET
"""generative AI""",2488,ADVANCED MICRO DEVICES INC  (AMD)  (CIK 0000002488),8-K,2024-07-30,0000002488-24-000121:q22024991.htm,0000002488-24-000121,,,,,,,,https://www.sec.gov/cgi-bin/browse-edgar?action=getcompany&CIK=2488,,AMD
"""generative artificial intelligence""",1725057,"Dayforce, Inc.  (DAY)  (CIK 0001725057)",8-K,2024-07-31,0000950170-24-088231:day-ex99_1.htm,0000950170-24-088231,,,,,,,,https://www.sec.gov/cgi-bin/browse-edgar?action=getcompany&CIK=1725057,,
"""generative AI""",1932393,GE HealthCare Technologies Inc.  (GEHC)  (CIK 0001932393),8-K,2024-07-31,0001932393-24-000043:release2q24earnings.htm,0001932393-24-000043,,,,,,,,https://www.sec.gov/cgi-bin/browse-edgar?action=getcompany&CIK=1932393,,GEHC
"""generative AI""",1866368,"Clearwater Analytics Holdings, Inc.  (CWAN)  (CIK 0001866368)",8-K,2024-07-31,0001628280-24-033751:cwan-20240630xexx991.htm,0001628280-24-033751,,,,,,,,https://www.sec.gov/cgi-bin/browse-edgar?action=getcompany&CIK=1866368,,
"""generative AI""",1058290,COGNIZANT TECHNOLOGY SOLUTIONS CORP  (CTSH)  (CIK 0001058290),8-K,2024-07-31,0001058290-24-000241:exhibit9936302024.htm,0001058290-24-000241,,,,,,,,https://www.sec.gov/cgi-bin/browse-edgar?action=getcompany&CIK=1058290,,CTSH
"""generative artificial intelligence""",1175535,Whitestone REIT  (WSR)  (CIK 0001175535),8-K,2024-07-31,0001437749-24-024136:ex_687132.htm,0001437749-24-024136,,,,,,,,https://www.sec.gov/cgi-bin/browse-edgar?action=getcompany&CIK=1175535,,WSR
"""generative AI""",1607939,"Udemy, Inc.  (UDMY)  (CIK 0001607939)",8-K,2024-07-31,0001607939-24-000151:q22024pressrelease.htm,0001607939-24-000151,,,,,,,,https://www.sec.gov/cgi-bin/browse-edgar?action=getcompany&CIK=1607939,,
"""generative AI""",1868640,"Roadzen Inc.  (RDZN, RDZNW)  (CIK 0001868640)",8-K,2024-07-31,0000950170-24-088252:rdzn-ex99_1.htm,0000950170-24-088252,,,,,,,,https://www.sec.gov/cgi-bin/browse-edgar?action=getcompany&CIK=1868640,,RDZN
"""generative AI""",1868640,"Roadzen Inc.  (RDZN, RDZNW)  (CIK 0001868640)",8-K,2024-07-31,0000950170-24-088252:rdzn-ex99_1.htm,0000950170-24-088252,,,,,,,,https://www.sec.gov/cgi-bin/browse-edgar?action=getcompany&CIK=1868640,,RDZNW
"""generative AI""",1851003,Zeta Global Holdings Corp.  (ZETA)  (CIK 0001851003),8-K,2024-07-31,0000950170-24-088550:zeta-ex99_1.htm,0000950170-24-088550,,,,,,,,https://www.sec.gov/cgi-bin/browse-edgar?action=getcompany&CIK=1851003,,ZETA
"""generative AI""",1039399,FORMFACTOR INC  (FORM)  (CIK 0001039399),8-K,2024-07-31,0001039399-24-000025:ex9901-earningsreleasexq224.htm,0001039399-24-000025,,,,,,,,https://www.sec.gov/cgi-bin/browse-edgar?action=getcompany&CIK=1039399,,FORM
"""generative AI""",1699838,"Confluent, Inc.  (CFLT)  (CIK 0001699838)",8-K,2024-07-31,0000950170-24-088555:cflt-ex99_1.htm,0000950170-24-088555,,,,,,,,https://www.sec.gov/cgi-bin/browse-edgar?action=getcompany&CIK=1699838,,
"""generative AI""",1116942,TTM TECHNOLOGIES INC  (TTMI)  (CIK 0001116942),8-K,2024-07-31,0001193125-24-189522:d810000dex991.htm,0001193125-24-189522,,,,,,,,https://www.sec.gov/cgi-bin/browse-edgar?action=getcompany&CIK=1116942,,TTMI
"""generative AI""",1065088,EBAY INC  (EBAY)  (CIK 0001065088),8-K,2024-07-31,0001065088-24-000143:exhibit991erebayq22024.htm,0001065088-24-000143,,,,,,,,https://www.sec.gov/cgi-bin/browse-edgar?action=getcompany&CIK=1065088,,EBAY
"""generative AI""",1410384,"Q2 Holdings, Inc.  (QTWO)  (CIK 0001410384)",8-K,2024-07-31,0001410384-24-000156:a240630q2ex9918k.htm,0001410384-24-000156,,,,,,,,https://www.sec.gov/cgi-bin/browse-edgar?action=getcompany&CIK=1410384,,QTWO
"""generative artificial intelligence""",829323,"Inuvo, Inc.  (INUV)  (CIK 0000829323)",8-K,2024-08-01,0001654954-24-009717:inuvo_ex991.htm,0001654954-24-009717,,,,,,,,https://www.sec.gov/cgi-bin/browse-edgar?action=getcompany&CIK=829323,,INUV
"""generative AI""",1454938,Outbrain Inc.  (OB)  (CIK 0001454938),8-K,2024-08-01,0001454938-24-000149:spaandexhibitsformatted.htm,0001454938-24-000149,,,,,,,,https://www.sec.gov/cgi-bin/browse-edgar?action=getcompany&CIK=1454938,,TEAD
"""generative AI""",1505155,"Upland Software, Inc.  (UPLD)  (CIK 0001505155)",8-K,2024-08-01,0001505155-24-000068:q224991earningsrelease.htm,0001505155-24-000068,,,,,,,,https://www.sec.gov/cgi-bin/browse-edgar?action=getcompany&CIK=1505155,,UPLD
"""generative AI""",1620280,Uniti Group Inc.  (UNIT)  (CIK 0001620280),8-K,2024-08-01,0001104659-24-084644:tm2420510d1_ex99-1.htm,0001104659-24-084644,,,,,,,,https://www.sec.gov/cgi-bin/browse-edgar?action=getcompany&CIK=1620280,,
"""generative AI""",1667011,"Arteris, Inc.  (AIP)  (CIK 0001667011)",8-K,2024-08-01,0001667011-24-000024:exhibit991q2fy248-k.htm,0001667011-24-000024,,,,,,,,https://www.sec.gov/cgi-bin/browse-edgar?action=getcompany&CIK=1667011,,AIP
"""generative artificial intelligence""",876883,Stagwell Inc  (STGW)  (CIK 0000876883),8-K,2024-08-01,0000876883-24-000020:stgw2024630pr.htm,0000876883-24-000020,,,,,,,,https://www.sec.gov/cgi-bin/browse-edgar?action=getcompany&CIK=876883,,STGW
"""generative AI""",1564408,Snap Inc  (SNAP)  (CIK 0001564408),8-K,2024-08-01,0001564408-24-000047:a2024_q2xinvestorletter.htm,0001564408-24-000047,,,,,,,,https://www.sec.gov/cgi-bin/browse-edgar?action=getcompany&CIK=1564408,,SNAP
"""generative AI""",1805284,"Rocket Companies, Inc.  (RKT)  (CIK 0001805284)",8-K,2024-08-01,0001805284-24-000132:rkt-earningsrelease0630202.htm,0001805284-24-000132,,,,,,,,https://www.sec.gov/cgi-bin/browse-edgar?action=getcompany&CIK=1805284,,RKT
"""generative AI""",1512673,"Block, Inc.  (SQ, BSQKZ)  (CIK 0001512673)",8-K,2024-08-01,0001193125-24-191530:d750402dex991.htm,0001193125-24-191530,,,,,,,,https://www.sec.gov/cgi-bin/browse-edgar?action=getcompany&CIK=1512673,,XYZ
"""generative AI""",1512673,"Block, Inc.  (SQ, BSQKZ)  (CIK 0001512673)",8-K,2024-08-01,0001193125-24-191530:d750402dex991.htm,0001193125-24-191530,,,,,,,,https://www.sec.gov/cgi-bin/browse-edgar?action=getcompany&CIK=1512673,,BSQKZ
"""generative AI""",849399,Gen Digital Inc.  (GEN)  (CIK 0000849399),8-K,2024-08-01,0000849399-24-000040:ex9901q1fy25.htm,0000849399-24-000040,,,,,,,,https://www.sec.gov/cgi-bin/browse-edgar?action=getcompany&CIK=849399,,GEN
"""generative AI""",849399,Gen Digital Inc.  (GEN)  (CIK 0000849399),8-K,2024-08-01,0000849399-24-000040:ex9901q1fy25.htm,0000849399-24-000040,,,,,,,,https://www.sec.gov/cgi-bin/browse-edgar?action=getcompany&CIK=849399,,GENVR
"""generative AI""",320193,Apple Inc.  (AAPL)  (CIK 0000320193),8-K,2024-08-01,0000320193-24-000080:a8-kex991q3202406292024.htm,0000320193-24-000080,,,,,,,,https://www.sec.gov/cgi-bin/browse-edgar?action=getcompany&CIK=320193,,AAPL
"""generative AI""",1018724,AMAZON COM INC  (AMZN)  (CIK 0001018724),8-K,2024-08-01,0001018724-24-000128:amzn-20240630xex991.htm,0001018724-24-000128,,,,,,,,https://www.sec.gov/cgi-bin/browse-edgar?action=getcompany&CIK=1018724,,AMZN
"""generative AI""",1739942,SolarWinds Corp  (SWI)  (CIK 0001739942),8-K,2024-08-01,0001739942-24-000092:swi-2024630xex991.htm,0001739942-24-000092,,,,,,,,https://www.sec.gov/cgi-bin/browse-edgar?action=getcompany&CIK=1739942,,
"""generative artificial intelligence""",1447669,TWILIO INC  (TWLO)  (CIK 0001447669),8-K,2024-08-01,0001447669-24-000127:twloq224ex991.htm,0001447669-24-000127,,,,,,,,https://www.sec.gov/cgi-bin/browse-edgar?action=getcompany&CIK=1447669,,TWLO
"""generative artificial intelligence""",932696,INSIGHT ENTERPRISES INC  (NSIT)  (CIK 0000932696),8-K,2024-08-01,0001628280-24-033897:nsit-20240801xerx8kex991.htm,0001628280-24-033897,,,,,,,,https://www.sec.gov/cgi-bin/browse-edgar?action=getcompany&CIK=932696,,NSIT
"""generative AI""",1650372,Atlassian Corp  (TEAM)  (CIK 0001650372),8-K,2024-08-01,0001650372-24-000023:q42024shareholderletter.htm,0001650372-24-000023,,,,,,,,https://www.sec.gov/cgi-bin/browse-edgar?action=getcompany&CIK=1650372,,TEAM
"""generative artificial intelligence""",1163302,UNITED STATES STEEL CORP  (X)  (CIK 0001163302),8-K,2024-08-01,0001163302-24-000050:x-20240801.htm,0001163302-24-000050,,,,,,,,https://www.sec.gov/cgi-bin/browse-edgar?action=getcompany&CIK=1163302,,
"""generative AI""",1364954,"CHEGG, INC  (CHGG)  (CIK 0001364954)",8-K,2024-08-05,0001364954-24-000071:a9901-financialresultsq220.htm,0001364954-24-000071,,,,,,,,https://www.sec.gov/cgi-bin/browse-edgar?action=getcompany&CIK=1364954,,CHGG
"""generative AI""",1794515,ZoomInfo Technologies Inc.  (ZI)  (CIK 0001794515),8-K,2024-08-05,0001794515-24-000132:zi-8kex991x20240805.htm,0001794515-24-000132,,,,,,,,https://www.sec.gov/cgi-bin/browse-edgar?action=getcompany&CIK=1794515,,GTM
"""generative AI""",1573221,"TheRealReal, Inc.  (REAL)  (CIK 0001573221)",8-K,2024-08-06,0001573221-24-000105:real-20240806xex991pressre.htm,0001573221-24-000105,,,,,,,,https://www.sec.gov/cgi-bin/browse-edgar?action=getcompany&CIK=1573221,,REAL
"""AI initiative""",1819394,"Matterport, Inc./DE  (MTTR)  (CIK 0001819394)",8-K,2024-08-06,0001819394-24-000055:mttr-20240806xexx991q224.htm,0001819394-24-000055,,,,,,,,https://www.sec.gov/cgi-bin/browse-edgar?action=getcompany&CIK=1819394,,
"""generative AI""",1828536,"Energy Vault Holdings, Inc.  (NRGV)  (CIK 0001828536)",8-K,2024-08-06,0001828536-24-000141:ex991_evpressreleasex2024q2.htm,0001828536-24-000141,,,,,,,,https://www.sec.gov/cgi-bin/browse-edgar?action=getcompany&CIK=1828536,,NRGV
"""generative artificial intelligence""",1833197,"Latham Group, Inc.  (SWIM)  (CIK 0001833197)",8-K,2024-08-06,0001104659-24-086290:tm2420590d1_ex99.htm,0001104659-24-086290,,,,,,,,https://www.sec.gov/cgi-bin/browse-edgar?action=getcompany&CIK=1833197,,SWIM
"""generative artificial intelligence""",1206264,"TEMPUR SEALY INTERNATIONAL, INC.  (TPX)  (CIK 0001206264)",8-K,2024-08-06,0001206264-24-000130:august2024investorpresen.htm,0001206264-24-000130,,,,,,,,https://www.sec.gov/cgi-bin/browse-edgar?action=getcompany&CIK=1206264,,SGI
"""generative artificial intelligence""",1800227,IAC Inc.  (IAC)  (CIK 0001800227),8-K,2024-08-06,0001800227-24-000035:ex_991q22024iac-pressrelea.htm,0001800227-24-000035,,,,,,,,https://www.sec.gov/cgi-bin/browse-edgar?action=getcompany&CIK=1800227,,PPLI
"""generative AI""",1801417,"byNordic Acquisition Corp  (BYNO, BYNOU, BYNOW)  (CIK 0001801417)",8-K,2024-08-06,0001213900-24-065754:ea021074202ex99-1_bynordic.htm,0001213900-24-065754,,,,,,,,https://www.sec.gov/cgi-bin/browse-edgar?action=getcompany&CIK=1801417,,BYNO
"""generative AI""",1801417,"byNordic Acquisition Corp  (BYNO, BYNOU, BYNOW)  (CIK 0001801417)",8-K,2024-08-06,0001213900-24-065754:ea021074202ex99-1_bynordic.htm,0001213900-24-065754,,,,,,,,https://www.sec.gov/cgi-bin/browse-edgar?action=getcompany&CIK=1801417,,BYNOU
"""generative AI""",1801417,"byNordic Acquisition Corp  (BYNO, BYNOU, BYNOW)  (CIK 0001801417)",8-K,2024-08-06,0001213900-24-065754:ea021074202ex99-1_bynordic.htm,0001213900-24-065754,,,,,,,,https://www.sec.gov/cgi-bin/browse-edgar?action=getcompany&CIK=1801417,,BYNOW
"""generative AI""",1069183,"AXON ENTERPRISE, INC.  (AXON)  (CIK 0001069183)",8-K,2024-08-06,0001069183-24-000047:axon-20240806xex99d1.htm,0001069183-24-000047,,,,,,,,https://www.sec.gov/cgi-bin/browse-edgar?action=getcompany&CIK=1069183,,AXON
"""large language model""",1517413,"Fastly, Inc.  (FSLY)  (CIK 0001517413)",8-K,2024-08-07,0001517413-24-000171:ex992-investorsupplement63.htm,0001517413-24-000171,,,,,,,,https://www.sec.gov/cgi-bin/browse-edgar?action=getcompany&CIK=1517413,,FSLY
"""generative artificial intelligence""",1617640,"ZILLOW GROUP, INC.  (Z, ZG)  (CIK 0001617640)",8-K,2024-08-07,0001617640-24-000095:exhibit993.htm,0001617640-24-000095,,,,,,,,https://www.sec.gov/cgi-bin/browse-edgar?action=getcompany&CIK=1617640,,ZG
"""generative artificial intelligence""",1617640,"ZILLOW GROUP, INC.  (Z, ZG)  (CIK 0001617640)",8-K,2024-08-07,0001617640-24-000095:exhibit993.htm,0001617640-24-000095,,,,,,,,https://www.sec.gov/cgi-bin/browse-edgar?action=getcompany&CIK=1617640,,Z
"""generative AI""",1826681,"Palladyne AI Corp.  (PDYN, PDYNW)  (CIK 0001826681)",8-K,2024-08-07,0000950170-24-092766:pdyn-ex99_2.htm,0000950170-24-092766,,,,,,,,https://www.sec.gov/cgi-bin/browse-edgar?action=getcompany&CIK=1826681,,PDYN
"""generative AI""",1826681,"Palladyne AI Corp.  (PDYN, PDYNW)  (CIK 0001826681)",8-K,2024-08-07,0000950170-24-092766:pdyn-ex99_2.htm,0000950170-24-092766,,,,,,,,https://www.sec.gov/cgi-bin/browse-edgar?action=getcompany&CIK=1826681,,PDYNW
"""generative artificial intelligence""",1021635,OGE ENERGY CORP.  (OGE)  (CIK 0001021635),8-K,2024-08-07,0000950170-24-092040:oge-ex99_01.htm,0000950170-24-092040,,,,,,,,https://www.sec.gov/cgi-bin/browse-edgar?action=getcompany&CIK=1021635,,OGE
"""generative artificial intelligence""",104918,AVISTA CORP  (AVA)  (CIK 0000104918),8-K,2024-08-07,0000950170-24-092166:ava-ex99_1.htm,0000950170-24-092166,,,,,,,,https://www.sec.gov/cgi-bin/browse-edgar?action=getcompany&CIK=104918,,AVA
"""generative AI""",71691,NEW YORK TIMES CO  (NYT)  (CIK 0000071691),8-K,2024-08-07,0000071691-24-000130:pressrelease06302024.htm,0000071691-24-000130,,,,,,,,https://www.sec.gov/cgi-bin/browse-edgar?action=getcompany&CIK=71691,,NYT
"""large language model""",1846069,"Nextdoor Holdings, Inc.  (KIND)  (CIK 0001846069)",8-K,2024-08-07,0001846069-24-000200:exhibit991-8xkxshareholder.htm,0001846069-24-000200,,,,,,,,https://www.sec.gov/cgi-bin/browse-edgar?action=getcompany&CIK=1846069,,NXDR
"""generative AI""",1840502,"Taboola.com Ltd.  (TBLA, TBLAW)  (CIK 0001840502)",8-K,2024-08-07,0001140361-24-035979:ef20033470_ex99-1.htm,0001140361-24-035979,,,,,,,,https://www.sec.gov/cgi-bin/browse-edgar?action=getcompany&CIK=1840502,,TBLA
"""AI acquisition""",1800667,JFrog Ltd  (FROG)  (CIK 0001800667),8-K,2024-08-07,0000950170-24-092801:frog-ex99_1.htm,0000950170-24-092801,,,,,,,,https://www.sec.gov/cgi-bin/browse-edgar?action=getcompany&CIK=1800667,,FROG
"""generative AI""",1078271,EXTREME NETWORKS INC  (EXTR)  (CIK 0001078271),8-K,2024-08-07,0000950170-24-092273:extr-ex99_1.htm,0000950170-24-092273,,,,,,,,https://www.sec.gov/cgi-bin/browse-edgar?action=getcompany&CIK=1078271,,EXTR
"""generative AI""",1173489,CEVA INC  (CEVA)  (CIK 0001173489),8-K,2024-08-07,0001437749-24-025030:ex_708355.htm,0001437749-24-025030,,,,,,,,https://www.sec.gov/cgi-bin/browse-edgar?action=getcompany&CIK=1173489,,CEVA
"""generative AI""",1615165,"Veritone, Inc.  (VERI)  (CIK 0001615165)",8-K,2024-08-08,0000950170-24-094112:veri-ex99_1.htm,0000950170-24-094112,,,,,,,,https://www.sec.gov/cgi-bin/browse-edgar?action=getcompany&CIK=1615165,,VERI
"""generative AI""",1224133,MARCHEX INC  (MCHX)  (CIK 0001224133),8-K,2024-08-08,0000950170-24-094042:mchx-ex99_1.htm,0000950170-24-094042,,,,,,,,https://www.sec.gov/cgi-bin/browse-edgar?action=getcompany&CIK=1224133,,MCHX
"""generative AI""",1768267,Cerence Inc.  (CRNC)  (CIK 0001768267),8-K,2024-08-08,0000950170-24-093306:crnc-ex99_2.htm,0000950170-24-093306,,,,,,,,https://www.sec.gov/cgi-bin/browse-edgar?action=getcompany&CIK=1768267,,CRNC
"""generative AI""",1601830,"RECURSION PHARMACEUTICALS, INC.  (RXRX)  (CIK 0001601830)",8-K,2024-08-08,0001193125-24-196505:d856792dex991.htm,0001193125-24-196505,,,,,,,,https://www.sec.gov/cgi-bin/browse-edgar?action=getcompany&CIK=1601830,,RXRX
"""generative AI""",64463,"Soluna Holdings, Inc  (SLNH, SLNHP)  (CIK 0000064463)",8-K,2024-08-08,0001493152-24-030785:ex99-1.htm,0001493152-24-030785,,,,,,,,https://www.sec.gov/cgi-bin/browse-edgar?action=getcompany&CIK=64463,,SLNH
"""generative AI""",64463,"Soluna Holdings, Inc  (SLNH, SLNHP)  (CIK 0000064463)",8-K,2024-08-08,0001493152-24-030785:ex99-1.htm,0001493152-24-030785,,,,,,,,https://www.sec.gov/cgi-bin/browse-edgar?action=getcompany&CIK=64463,,SLNHP
"""generative artificial intelligence""",1084048,"ZIFF DAVIS, INC.  (ZD)  (CIK 0001084048)",8-K,2024-08-08,0001084048-24-000065:zdq22024earningspresenta.htm,0001084048-24-000065,,,,,,,,https://www.sec.gov/cgi-bin/browse-edgar?action=getcompany&CIK=1084048,,ZD
"""generative AI""",1120970,Comstock Inc.  (LODE)  (CIK 0001120970),8-K,2024-08-08,0001437749-24-025533:ex_710366.htm,0001437749-24-025533,,,,,,,,https://www.sec.gov/cgi-bin/browse-edgar?action=getcompany&CIK=1120970,,LODE
"""generative AI""",1810806,Unity Software Inc.  (U)  (CIK 0001810806),8-K,2024-08-08,0001810806-24-000186:q224-shareholderletter.htm,0001810806-24-000186,,,,,,,,https://www.sec.gov/cgi-bin/browse-edgar?action=getcompany&CIK=1810806,,U
"""generative AI""",1398659,Genpact LTD  (G)  (CIK 0001398659),8-K,2024-08-08,0001398659-24-000085:genpactltdexhibit991q224.htm,0001398659-24-000085,,,,,,,,https://www.sec.gov/cgi-bin/browse-edgar?action=getcompany&CIK=1398659,,G
"""generative AI""",1829864,"TaskUs, Inc.  (TASK)  (CIK 0001829864)",8-K,2024-08-08,0001829864-24-000135:earningsreleaseex991q22024.htm,0001829864-24-000135,,,,,,,,https://www.sec.gov/cgi-bin/browse-edgar?action=getcompany&CIK=1829864,,TASK
"""generative AI""",1820144,"Grindr Inc.  (GRND, GRND-WT)  (CIK 0001820144)",8-K,2024-08-08,0001820144-24-000037:grindr_q22024xshlxvfx882.htm,0001820144-24-000037,,,,,,,,https://www.sec.gov/cgi-bin/browse-edgar?action=getcompany&CIK=1820144,,GRND
"""generative AI""",1210677,FIRST ADVANTAGE CORP  (FA)  (CIK 0001210677),8-K,2024-08-08,0000950170-24-093275:fa-ex99_1.htm,0000950170-24-093275,,,,,,,,https://www.sec.gov/cgi-bin/browse-edgar?action=getcompany&CIK=1210677,,FA
"""generative artificial intelligence""",829323,"Inuvo, Inc.  (INUV)  (CIK 0000829323)",8-K,2024-08-08,0001654954-24-010178:inuvo_ex991.htm,0001654954-24-010178,,,,,,,,https://www.sec.gov/cgi-bin/browse-edgar?action=getcompany&CIK=829323,,INUV
"""generative AI""",1625641,"CS Disco, Inc.  (LAW)  (CIK 0001625641)",8-K,2024-08-08,0001625641-24-000120:q22024earningsrelease.htm,0001625641-24-000120,,,,,,,,https://www.sec.gov/cgi-bin/browse-edgar?action=getcompany&CIK=1625641,,LAW
"""generative AI""",1907982,"D-Wave Quantum Inc.  (QBTS, QBTS-WT)  (CIK 0001907982)",8-K,2024-08-08,0001907982-24-000094:d-waveq22024investorpres.htm,0001907982-24-000094,,,,,,,,https://www.sec.gov/cgi-bin/browse-edgar?action=getcompany&CIK=1907982,,QBTS
"""generative AI""",1840856,"SOUNDHOUND AI, INC.  (SOUN, SOUNW)  (CIK 0001840856)",8-K,2024-08-08,0001840856-24-000026:soun-20240808ex991earnings.htm,0001840856-24-000026,,,,,,,,https://www.sec.gov/cgi-bin/browse-edgar?action=getcompany&CIK=1840856,,SOUN
"""generative AI""",1840856,"SOUNDHOUND AI, INC.  (SOUN, SOUNW)  (CIK 0001840856)",8-K,2024-08-08,0001840856-24-000026:soun-20240808ex991earnings.htm,0001840856-24-000026,,,,,,,,https://www.sec.gov/cgi-bin/browse-edgar?action=getcompany&CIK=1840856,,SOUNW
"""generative AI""",1561550,"Datadog, Inc.  (DDOG)  (CIK 0001561550)",8-K,2024-08-08,0001561550-24-000109:ex-991x20240630x8k.htm,0001561550-24-000109,,,,,,,,https://www.sec.gov/cgi-bin/browse-edgar?action=getcompany&CIK=1561550,,DDOG
"""generative AI""",1763950,Lantern Pharma Inc.  (LTRN)  (CIK 0001763950),8-K,2024-08-08,0001493152-24-030764:ex99-1.htm,0001493152-24-030764,,,,,,,,https://www.sec.gov/cgi-bin/browse-edgar?action=getcompany&CIK=1763950,,LTRN
"""generative AI""",903651,INNODATA INC  (INOD)  (CIK 0000903651),8-K,2024-08-08,0001104659-24-087302:tm2420199d1_ex99-1.htm,0001104659-24-087302,,,,,,,,https://www.sec.gov/cgi-bin/browse-edgar?action=getcompany&CIK=903651,,INOD
"""generative AI""",1956055,"Bukit Jalil Global Acquisition 1 Ltd.  (BUJA, BUJAR, BUJAU, BUJAW)  (CIK 0001956055)",8-K,2024-08-09,0001929980-24-000333:buja_8k.htm,0001929980-24-000333,,,,,,,,https://www.sec.gov/cgi-bin/browse-edgar?action=getcompany&CIK=1956055,,
"""generative AI""",1898496,"Getty Images Holdings, Inc.  (GETY)  (CIK 0001898496)",8-K,2024-08-09,0001628280-24-036345:gety-20240630xex991.htm,0001628280-24-036345,,,,,,,,https://www.sec.gov/cgi-bin/browse-edgar?action=getcompany&CIK=1898496,,GETY
"""generative AI""",790526,"RadNet, Inc.  (RDNT)  (CIK 0000790526)",8-K,2024-08-09,0001683168-24-005428:radnet_ex9901.htm,0001683168-24-005428,,,,,,,,https://www.sec.gov/cgi-bin/browse-edgar?action=getcompany&CIK=790526,,RDNT
"""generative AI""",1868640,"Roadzen Inc.  (RDZN, RDZNW)  (CIK 0001868640)",8-K,2024-08-13,0000950170-24-096237:rdzn-ex99_1.htm,0000950170-24-096237,,,,,,,,https://www.sec.gov/cgi-bin/browse-edgar?action=getcompany&CIK=1868640,,RDZN
"""generative AI""",1868640,"Roadzen Inc.  (RDZN, RDZNW)  (CIK 0001868640)",8-K,2024-08-13,0000950170-24-096237:rdzn-ex99_1.htm,0000950170-24-096237,,,,,,,,https://www.sec.gov/cgi-bin/browse-edgar?action=getcompany&CIK=1868640,,RDZNW
"""generative AI""",882508,QUICKLOGIC Corp  (QUIK)  (CIK 0000882508),8-K,2024-08-13,0001437749-24-026416:ex_686822.htm,0001437749-24-026416,,,,,,,,https://www.sec.gov/cgi-bin/browse-edgar?action=getcompany&CIK=882508,,QUIK
"""generative AI""",1582982,"CareCloud, Inc.  (CCLD, CCLDO, CCLDP)  (CIK 0001582982)",8-K,2024-08-13,0001493152-24-031462:ex99-1.htm,0001493152-24-031462,,,,,,,,https://www.sec.gov/cgi-bin/browse-edgar?action=getcompany&CIK=1582982,,CCLD
"""generative AI""",1781174,"Acrivon Therapeutics, Inc.  (ACRV)  (CIK 0001781174)",8-K,2024-08-13,0000950170-24-095766:acrv-ex99_1.htm,0000950170-24-095766,,,,,,,,https://www.sec.gov/cgi-bin/browse-edgar?action=getcompany&CIK=1781174,,ACRV
"""generative AI""",1672688,Absci Corp  (ABSI)  (CIK 0001672688),8-K,2024-08-14,0001628280-24-037183:exhibit991-2024q210xqpr.htm,0001628280-24-037183,,,,,,,,https://www.sec.gov/cgi-bin/browse-edgar?action=getcompany&CIK=1672688,,ABSI
"""generative artificial intelligence""",1785424,"Katapult Holdings, Inc.  (KPLT, KPLTW)  (CIK 0001785424)",8-K,2024-08-14,0001628280-24-037033:q22024earningsrelease.htm,0001628280-24-037033,,,,,,,,https://www.sec.gov/cgi-bin/browse-edgar?action=getcompany&CIK=1785424,,KPLT
"""generative AI""",1320760,"TSS, Inc.  (TSSI)  (CIK 0001320760)",8-K,2024-08-14,0001437749-24-026780:ex_714913.htm,0001437749-24-026780,,,,,,,,https://www.sec.gov/cgi-bin/browse-edgar?action=getcompany&CIK=1320760,,TSSI
"""AI initiative""",868278,"ProPhase Labs, Inc.  (PRPH)  (CIK 0000868278)",8-K,2024-08-14,0001493152-24-031881:ex99-1.htm,0001493152-24-031881,,,,,,,,https://www.sec.gov/cgi-bin/browse-edgar?action=getcompany&CIK=868278,,PRPH
"""large language model""",1838163,"Brand Engagement Network Inc.  (BNAI, BNAIW)  (CIK 0001838163)",8-K,2024-08-14,0001493152-24-032305:ex99-1.htm,0001493152-24-032305,,,,,,,,https://www.sec.gov/cgi-bin/browse-edgar?action=getcompany&CIK=1838163,,BNAI
"""large language model""",1838163,"Brand Engagement Network Inc.  (BNAI, BNAIW)  (CIK 0001838163)",8-K,2024-08-14,0001493152-24-032305:ex99-1.htm,0001493152-24-032305,,,,,,,,https://www.sec.gov/cgi-bin/browse-edgar?action=getcompany&CIK=1838163,,BNAIW
"""generative AI""",1843714,"Zapata Computing Holdings Inc.  (ZPTA, ZPTAW)  (CIK 0001843714)",8-K,2024-08-14,0000950170-24-096659:ck0001843714-ex99_1.htm,0000950170-24-096659,,,,,,,,https://www.sec.gov/cgi-bin/browse-edgar?action=getcompany&CIK=1843714,,ZPTA
"""generative AI""",1843714,"Zapata Computing Holdings Inc.  (ZPTA, ZPTAW)  (CIK 0001843714)",8-K,2024-08-14,0000950170-24-096659:ck0001843714-ex99_1.htm,0000950170-24-096659,,,,,,,,https://www.sec.gov/cgi-bin/browse-edgar?action=getcompany&CIK=1843714,,ZPTAW
"""large language model""",1936224,SURF AIR MOBILITY INC.  (SRFM)  (CIK 0001936224),8-K,2024-08-14,0000950170-24-097141:srfm-ex99_1.htm,0000950170-24-097141,,,,,,,,https://www.sec.gov/cgi-bin/browse-edgar?action=getcompany&CIK=1936224,,SRFM
"""generative AI""",1844817,Armada Acquisition Corp. I  (CIK 0001844817),8-K,2024-08-15,0001193125-24-201374:d856033dex991.htm,0001193125-24-201374,,,,,,,,https://www.sec.gov/cgi-bin/browse-edgar?action=getcompany&CIK=1844817,,
"""generative AI""",1859199,reAlpha Tech Corp.  (AIRE)  (CIK 0001859199),8-K,2024-08-15,0001213900-24-069319:ea0211508-8k_realpha.htm,0001213900-24-069319,,,,,,,,https://www.sec.gov/cgi-bin/browse-edgar?action=getcompany&CIK=1859199,,AIRE
"""AI acquisition""",1848861,"Healthcare AI Acquisition Corp.  (HAIA, HAIAU, HAIAW)  (CIK 0001848861)",8-K,2024-08-16,0001477932-24-004984:haia_ex103.htm,0001477932-24-004984,,,,,,,,https://www.sec.gov/cgi-bin/browse-edgar?action=getcompany&CIK=1848861,,
"""generative AI""",64463,"Soluna Holdings, Inc  (SLNH, SLNHP)  (CIK 0000064463)",8-K,2024-08-16,0001493152-24-032792:ex99-1.htm,0001493152-24-032792,,,,,,,,https://www.sec.gov/cgi-bin/browse-edgar?action=getcompany&CIK=64463,,SLNH
"""generative AI""",64463,"Soluna Holdings, Inc  (SLNH, SLNHP)  (CIK 0000064463)",8-K,2024-08-16,0001493152-24-032792:ex99-1.htm,0001493152-24-032792,,,,,,,,https://www.sec.gov/cgi-bin/browse-edgar?action=getcompany&CIK=64463,,SLNHP
"""generative AI""",1607939,"Udemy, Inc.  (UDMY)  (CIK 0001607939)",8-K,2024-08-16,0001607939-24-000159:exhibit991-20240816form8xk.htm,0001607939-24-000159,,,,,,,,https://www.sec.gov/cgi-bin/browse-edgar?action=getcompany&CIK=1607939,,
"""generative artificial intelligence""",2488,ADVANCED MICRO DEVICES INC  (AMD)  (CIK 0000002488),8-K,2024-08-19,0001193125-24-202457:d808469dex21.htm,0001193125-24-202457,,,,,,,,https://www.sec.gov/cgi-bin/browse-edgar?action=getcompany&CIK=2488,,AMD
"""generative AI""",1859199,reAlpha Tech Corp.  (AIRE)  (CIK 0001859199),8-K,2024-08-19,0001213900-24-070401:ea021170201ex99-1_realpha.htm,0001213900-24-070401,,,,,,,,https://www.sec.gov/cgi-bin/browse-edgar?action=getcompany&CIK=1859199,,AIRE
"""generative AI""",1859199,reAlpha Tech Corp.  (AIRE)  (CIK 0001859199),8-K,2024-08-20,0001213900-24-070890:ea021184801ex99-1_realph.htm,0001213900-24-070890,,,,,,,,https://www.sec.gov/cgi-bin/browse-edgar?action=getcompany&CIK=1859199,,AIRE
"""generative AI""",1859199,reAlpha Tech Corp.  (AIRE)  (CIK 0001859199),8-K,2024-08-21,0001213900-24-071258:ea021196601ex99-1_realpha.htm,0001213900-24-071258,,,,,,,,https://www.sec.gov/cgi-bin/browse-edgar?action=getcompany&CIK=1859199,,AIRE
"""large language model""",1838163,"Brand Engagement Network Inc.  (BNAI, BNAIW)  (CIK 0001838163)",8-K,2024-08-22,0001493152-24-033580:ex99-1.htm,0001493152-24-033580,,,,,,,,https://www.sec.gov/cgi-bin/browse-edgar?action=getcompany&CIK=1838163,,BNAI
"""large language model""",1838163,"Brand Engagement Network Inc.  (BNAI, BNAIW)  (CIK 0001838163)",8-K,2024-08-22,0001493152-24-033580:ex99-1.htm,0001493152-24-033580,,,,,,,,https://www.sec.gov/cgi-bin/browse-edgar?action=getcompany&CIK=1838163,,BNAIW
"""generative AI""",713425,AMERICAN SOFTWARE INC  (AMSWA)  (CIK 0000713425),8-K,2024-08-22,0001628280-24-038223:asiq1fy25pressrelease-dr.htm,0001628280-24-038223,,,,,,,,https://www.sec.gov/cgi-bin/browse-edgar?action=getcompany&CIK=713425,,
"""large language model""",1838163,"Brand Engagement Network Inc.  (BNAI, BNAIW)  (CIK 0001838163)",8-K,2024-08-26,0001493152-24-033811:ex99-1.htm,0001493152-24-033811,,,,,,,,https://www.sec.gov/cgi-bin/browse-edgar?action=getcompany&CIK=1838163,,BNAI
"""large language model""",1838163,"Brand Engagement Network Inc.  (BNAI, BNAIW)  (CIK 0001838163)",8-K,2024-08-26,0001493152-24-033811:ex99-1.htm,0001493152-24-033811,,,,,,,,https://www.sec.gov/cgi-bin/browse-edgar?action=getcompany&CIK=1838163,,BNAIW
"""generative AI""",1737523,BioNexus Gene Lab Corp  (BGLC)  (CIK 0001737523),8-K,2024-08-26,0001477932-24-005269:bglc_8k.htm,0001477932-24-005269,,,,,,,,https://www.sec.gov/cgi-bin/browse-edgar?action=getcompany&CIK=1737523,,BGLC
"""AI acquisition""",1848861,"Healthcare AI Acquisition Corp.  (HAIA, HAIAU, HAIAW)  (CIK 0001848861)",8-K,2024-08-26,0001477932-24-005277:haia_ex101.htm,0001477932-24-005277,,,,,,,,https://www.sec.gov/cgi-bin/browse-edgar?action=getcompany&CIK=1848861,,
"""generative AI""",72333,NORDSTROM INC  (JWN)  (CIK 0000072333),8-K,2024-08-27,0000072333-24-000102:jwnq22024ex992.htm,0000072333-24-000102,,,,,,,,https://www.sec.gov/cgi-bin/browse-edgar?action=getcompany&CIK=72333,,
"""generative AI""",1583708,"SentinelOne, Inc.  (S)  (CIK 0001583708)",8-K,2024-08-27,0001583708-24-000076:s-q2fy25shareholderlette.htm,0001583708-24-000076,,,,,,,,https://www.sec.gov/cgi-bin/browse-edgar?action=getcompany&CIK=1583708,,S
"""AI collaboration""",1218683,Mawson Infrastructure Group Inc.  (MIGI)  (CIK 0001218683),8-K,2024-08-27,0001171843-24-004941:exh_991.htm,0001171843-24-004941,,,,,,,,https://www.sec.gov/cgi-bin/browse-edgar?action=getcompany&CIK=1218683,,BGDE
"""generative AI""",1902733,"nCino, Inc.  (NCNO)  (CIK 0001902733)",8-K,2024-08-27,0001902733-24-000150:secondquarterfy25earningsp.htm,0001902733-24-000150,,,,,,,,https://www.sec.gov/cgi-bin/browse-edgar?action=getcompany&CIK=1902733,,NCNO
"""generative AI""",1045810,NVIDIA CORP  (NVDA)  (CIK 0001045810),8-K,2024-08-28,0001045810-24-000262:q2fy25cfocommentary.htm,0001045810-24-000262,,,,,,,,https://www.sec.gov/cgi-bin/browse-edgar?action=getcompany&CIK=1045810,,NVDA
"""generative AI""",1474432,"Pure Storage, Inc.  (PSTG)  (CIK 0001474432)",8-K,2024-08-28,0001628280-24-038657:pstg-ex991q2fy2025xpressre.htm,0001628280-24-038657,,,,,,,,https://www.sec.gov/cgi-bin/browse-edgar?action=getcompany&CIK=1474432,,P
"""generative AI""",1737523,BioNexus Gene Lab Corp  (BGLC)  (CIK 0001737523),8-K,2024-08-28,0001477932-24-005339:bglc_ex991.htm,0001477932-24-005339,,,,,,,,https://www.sec.gov/cgi-bin/browse-edgar?action=getcompany&CIK=1737523,,BGLC
"""generative AI""",1131903,SPECTRAL CAPITAL Corp  (FCCN)  (CIK 0001131903),8-K,2024-08-29,0001096906-24-001821:fccn-20240828.htm,0001096906-24-001821,,,,,,,,https://www.sec.gov/cgi-bin/browse-edgar?action=getcompany&CIK=1131903,,FCCN
"""generative AI""",1441816,"MongoDB, Inc.  (MDB)  (CIK 0001441816)",8-K,2024-08-29,0001441816-24-000185:mdb-73124xex991xrelease.htm,0001441816-24-000185,,,,,,,,https://www.sec.gov/cgi-bin/browse-edgar?action=getcompany&CIK=1441816,,MDB
"""generative AI""",1048695,"F5, INC.  (FFIV)  (CIK 0001048695)",8-K,2024-09-03,0001048695-24-000136:ex991-pressrelease8272024.htm,0001048695-24-000136,,,,,,,,https://www.sec.gov/cgi-bin/browse-edgar?action=getcompany&CIK=1048695,,FFIV
"""large language model""",1601830,"RECURSION PHARMACEUTICALS, INC.  (RXRX)  (CIK 0001601830)",8-K,2024-09-03,0001601830-24-000148:exhibit991-rxrxsept2024.htm,0001601830-24-000148,,,,,,,,https://www.sec.gov/cgi-bin/browse-edgar?action=getcompany&CIK=1601830,,RXRX
"""generative AI""",1843714,"Zapata Computing Holdings Inc.  (ZPTA, ZPTAW)  (CIK 0001843714)",8-K,2024-09-03,0000950170-24-102885:ck0001843714-ex99_1.htm,0000950170-24-102885,,,,,,,,https://www.sec.gov/cgi-bin/browse-edgar?action=getcompany&CIK=1843714,,ZPTA
"""generative AI""",1843714,"Zapata Computing Holdings Inc.  (ZPTA, ZPTAW)  (CIK 0001843714)",8-K,2024-09-03,0000950170-24-102885:ck0001843714-ex99_1.htm,0000950170-24-102885,,,,,,,,https://www.sec.gov/cgi-bin/browse-edgar?action=getcompany&CIK=1843714,,ZPTAW
"""generative AI""",1568100,"PagerDuty, Inc.  (PD)  (CIK 0001568100)",8-K,2024-09-03,0001568100-24-000107:ex991-pagerdutyq2fy25earni.htm,0001568100-24-000107,,,,,,,,https://www.sec.gov/cgi-bin/browse-edgar?action=getcompany&CIK=1568100,,PD
"""generative AI""",1614178,"Yext, Inc.  (YEXT)  (CIK 0001614178)",8-K,2024-09-04,0001614178-24-000100:q2fy25shareholderletter.htm,0001614178-24-000100,,,,,,,,https://www.sec.gov/cgi-bin/browse-edgar?action=getcompany&CIK=1614178,,YEXT
"""generative AI""",1352010,"EPAM Systems, Inc.  (EPAM)  (CIK 0001352010)",8-K,2024-09-04,0001352010-24-000031:exhibit21materialdefinitiv.htm,0001352010-24-000031,,,,,,,,https://www.sec.gov/cgi-bin/browse-edgar?action=getcompany&CIK=1352010,,EPAM
"""generative AI""",1577526,"C3.ai, Inc.  (AI)  (CIK 0001577526)",8-K,2024-09-04,0001628280-24-039310:ex991-fy25xq1earnings.htm,0001628280-24-039310,,,,,,,,https://www.sec.gov/cgi-bin/browse-edgar?action=getcompany&CIK=1577526,,AI
"""generative AI""",1591698,Paylocity Holding Corp  (PCTY)  (CIK 0001591698),8-K,2024-09-04,0001591698-24-000222:pcty-202408298xkxexhibit21.htm,0001591698-24-000222,,,,,,,,https://www.sec.gov/cgi-bin/browse-edgar?action=getcompany&CIK=1591698,,PCTY
"""generative AI""",1851003,Zeta Global Holdings Corp.  (ZETA)  (CIK 0001851003),8-K,2024-09-04,0000950170-24-103550:zeta-ex99_1.htm,0000950170-24-103550,,,,,,,,https://www.sec.gov/cgi-bin/browse-edgar?action=getcompany&CIK=1851003,,ZETA
"""AI research and development""",1877461,1606 CORP.  (CBDW)  (CIK 0001877461),8-K,2024-09-04,0001477932-24-005466:cbdw_ex991.htm,0001477932-24-005466,,,,,,,,https://www.sec.gov/cgi-bin/browse-edgar?action=getcompany&CIK=1877461,,CBDW
"""generative artificial intelligence""",107140,"JOHN WILEY & SONS, INC.  (WLY, WLYB)  (CIK 0000107140)",8-K,2024-09-05,0000107140-24-000186:q125earningspresentation.htm,0000107140-24-000186,,,,,,,,https://www.sec.gov/cgi-bin/browse-edgar?action=getcompany&CIK=107140,,WLY
"""generative artificial intelligence""",107140,"JOHN WILEY & SONS, INC.  (WLY, WLYB)  (CIK 0000107140)",8-K,2024-09-05,0000107140-24-000186:q125earningspresentation.htm,0000107140-24-000186,,,,,,,,https://www.sec.gov/cgi-bin/browse-edgar?action=getcompany&CIK=107140,,WLYB
"""generative AI""",1549595,"Nurix Therapeutics, Inc.  (NRIX)  (CIK 0001549595)",8-K,2024-09-05,0001549595-24-000120:nurixtherapeuticsinvesto.htm,0001549595-24-000120,,,,,,,,https://www.sec.gov/cgi-bin/browse-edgar?action=getcompany&CIK=1549595,,NRIX
"""generative AI""",1734722,"UiPath, Inc.  (PATH)  (CIK 0001734722)",8-K,2024-09-05,0001734722-24-000049:path-20240731xex991.htm,0001734722-24-000049,,,,,,,,https://www.sec.gov/cgi-bin/browse-edgar?action=getcompany&CIK=1734722,,PATH
"""generative artificial intelligence""",1261333,"DOCUSIGN, INC.  (DOCU)  (CIK 0001261333)",8-K,2024-09-05,0001261333-24-000118:q225ex-991er.htm,0001261333-24-000118,,,,,,,,https://www.sec.gov/cgi-bin/browse-edgar?action=getcompany&CIK=1261333,,DOCU
"""generative AI""",1868640,"Roadzen Inc.  (RDZN, RDZNW)  (CIK 0001868640)",8-K,2024-09-09,0000950170-24-104808:rdzn-ex99_1.htm,0000950170-24-104808,,,,,,,,https://www.sec.gov/cgi-bin/browse-edgar?action=getcompany&CIK=1868640,,RDZN
"""generative AI""",1868640,"Roadzen Inc.  (RDZN, RDZNW)  (CIK 0001868640)",8-K,2024-09-09,0000950170-24-104808:rdzn-ex99_1.htm,0000950170-24-104808,,,,,,,,https://www.sec.gov/cgi-bin/browse-edgar?action=getcompany&CIK=1868640,,RDZNW
"""generative AI""",1859199,reAlpha Tech Corp.  (AIRE)  (CIK 0001859199),8-K,2024-09-09,0001213900-24-076696:ea021386501ex99-1_realpha.htm,0001213900-24-076696,,,,,,,,https://www.sec.gov/cgi-bin/browse-edgar?action=getcompany&CIK=1859199,,AIRE
"""generative AI""",1022505,"SideChannel, Inc.  (SDCH)  (CIK 0001022505)",8-K,2024-09-09,0001493152-24-035399:ex99-1.htm,0001493152-24-035399,,,,,,,,https://www.sec.gov/cgi-bin/browse-edgar?action=getcompany&CIK=1022505,,SDCH
"""AI initiative""",1844971,"Greenidge Generation Holdings Inc.  (GREE, GREEL)  (CIK 0001844971)",8-K,2024-09-09,0001628280-24-039789:gree_investorpresentationx.pdf,0001628280-24-039789,,,,,,,,https://www.sec.gov/cgi-bin/browse-edgar?action=getcompany&CIK=1844971,,GREE
"""AI initiative""",1844971,"Greenidge Generation Holdings Inc.  (GREE, GREEL)  (CIK 0001844971)",8-K,2024-09-09,0001628280-24-039789:gree_investorpresentationx.pdf,0001628280-24-039789,,,,,,,,https://www.sec.gov/cgi-bin/browse-edgar?action=getcompany&CIK=1844971,,GREEL
"""generative AI""",1391127,"Edgio, Inc.  (EGIO)  (CIK 0001391127)",8-K,2024-09-09,0001193125-24-215572:d795614dex101.htm,0001193125-24-215572,,,,,,,,https://www.sec.gov/cgi-bin/browse-edgar?action=getcompany&CIK=1391127,,
"""large language model""",876167,PROGRESS SOFTWARE CORP /MA  (PRGS)  (CIK 0000876167),8-K,2024-09-09,0001552781-24-000522:e24386_ex2-1.htm,0001552781-24-000522,,,,,,,,https://www.sec.gov/cgi-bin/browse-edgar?action=getcompany&CIK=876167,,PRGS
"""generative AI""",1570585,"Liberty Global Ltd.  (LBTYA, LBTYB, LBTYK)  (CIK 0001570585)",8-K,2024-09-09,0001570585-24-000264:ex992-20240909xsunrisexc.htm,0001570585-24-000264,,,,,,,,https://www.sec.gov/cgi-bin/browse-edgar?action=getcompany&CIK=1570585,,LBTYA
"""generative AI""",1570585,"Liberty Global Ltd.  (LBTYA, LBTYB, LBTYK)  (CIK 0001570585)",8-K,2024-09-09,0001570585-24-000264:ex992-20240909xsunrisexc.htm,0001570585-24-000264,,,,,,,,https://www.sec.gov/cgi-bin/browse-edgar?action=getcompany&CIK=1570585,,LBTYB
"""generative AI""",1570585,"Liberty Global Ltd.  (LBTYA, LBTYB, LBTYK)  (CIK 0001570585)",8-K,2024-09-09,0001570585-24-000264:ex992-20240909xsunrisexc.htm,0001570585-24-000264,,,,,,,,https://www.sec.gov/cgi-bin/browse-edgar?action=getcompany&CIK=1570585,,LBTYK
"""generative AI""",64463,"Soluna Holdings, Inc  (SLNH, SLNHP)  (CIK 0000064463)",8-K,2024-09-09,0001493152-24-035524:ex99-1.htm,0001493152-24-035524,,,,,,,,https://www.sec.gov/cgi-bin/browse-edgar?action=getcompany&CIK=64463,,SLNH
"""generative AI""",64463,"Soluna Holdings, Inc  (SLNH, SLNHP)  (CIK 0000064463)",8-K,2024-09-09,0001493152-24-035524:ex99-1.htm,0001493152-24-035524,,,,,,,,https://www.sec.gov/cgi-bin/browse-edgar?action=getcompany&CIK=64463,,SLNHP
"""generative AI""",64463,"Soluna Holdings, Inc  (SLNH, SLNHP)  (CIK 0000064463)",8-K,2024-09-12,0001493152-24-036027:ex99-1.htm,0001493152-24-036027,,,,,,,,https://www.sec.gov/cgi-bin/browse-edgar?action=getcompany&CIK=64463,,SLNH
"""generative AI""",64463,"Soluna Holdings, Inc  (SLNH, SLNHP)  (CIK 0000064463)",8-K,2024-09-12,0001493152-24-036027:ex99-1.htm,0001493152-24-036027,,,,,,,,https://www.sec.gov/cgi-bin/browse-edgar?action=getcompany&CIK=64463,,SLNHP
"""large language model""",1498148,Artificial Intelligence Technology Solutions Inc.  (AITX)  (CIK 0001498148),8-K,2024-09-16,0001493152-24-036279:ex99-1.htm,0001493152-24-036279,,,,,,,,https://www.sec.gov/cgi-bin/browse-edgar?action=getcompany&CIK=1498148,,AITX
"""generative AI""",64463,"Soluna Holdings, Inc  (SLNH, SLNHP)  (CIK 0000064463)",8-K,2024-09-16,0001493152-24-036350:ex99-1.htm,0001493152-24-036350,,,,,,,,https://www.sec.gov/cgi-bin/browse-edgar?action=getcompany&CIK=64463,,SLNH
"""generative AI""",64463,"Soluna Holdings, Inc  (SLNH, SLNHP)  (CIK 0000064463)",8-K,2024-09-16,0001493152-24-036350:ex99-1.htm,0001493152-24-036350,,,,,,,,https://www.sec.gov/cgi-bin/browse-edgar?action=getcompany&CIK=64463,,SLNHP
"""generative AI""",1057379,"HACKETT GROUP, INC.  (HCKT)  (CIK 0001057379)",8-K,2024-09-16,0001193125-24-219271:d871863d8k.htm,0001193125-24-219271,,,,,,,,https://www.sec.gov/cgi-bin/browse-edgar?action=getcompany&CIK=1057379,,HCKT
"""generative artificial intelligence""",2011641,Ferguson Enterprises Inc. /DE/  (FERG)  (CIK 0002011641),8-K,2024-09-17,0002011641-24-000003:exhibit991pressreleaseq4fy.htm,0002011641-24-000003,,,,,,,,https://www.sec.gov/cgi-bin/browse-edgar?action=getcompany&CIK=2011641,,FERG
"""AI research and development""",1877461,1606 CORP.  (CBDW)  (CIK 0001877461),8-K,2024-09-17,0001477932-24-005773:cbdw_ex991.htm,0001477932-24-005773,,,,,,,,https://www.sec.gov/cgi-bin/browse-edgar?action=getcompany&CIK=1877461,,CBDW
"""generative artificial intelligence""",1120970,Comstock Inc.  (LODE)  (CIK 0001120970),8-K,2024-09-18,0001437749-24-029434:ex_725222.htm,0001437749-24-029434,,,,,,,,https://www.sec.gov/cgi-bin/browse-edgar?action=getcompany&CIK=1120970,,LODE
"""generative AI""",1120970,Comstock Inc.  (LODE)  (CIK 0001120970),8-K,2024-09-19,0001437749-24-029516:ex_725570.htm,0001437749-24-029516,,,,,,,,https://www.sec.gov/cgi-bin/browse-edgar?action=getcompany&CIK=1120970,,LODE
"""generative AI""",24741,CORNING INC /NY  (GLW)  (CIK 0000024741),8-K,2024-09-19,0001206774-24-000907:glw4381481-ex991.htm,0001206774-24-000907,,,,,,,,https://www.sec.gov/cgi-bin/browse-edgar?action=getcompany&CIK=24741,,GLW
"""generative AI""",1828016,Playtika Holding Corp.  (PLTK)  (CIK 0001828016),8-K,2024-09-20,0001193125-24-222929:d805515dex21.htm,0001193125-24-222929,,,,,,,,https://www.sec.gov/cgi-bin/browse-edgar?action=getcompany&CIK=1828016,,PLTK
"""large language model""",1498148,Artificial Intelligence Technology Solutions Inc.  (AITX)  (CIK 0001498148),8-K,2024-09-24,0001493152-24-037883:ex99-1.htm,0001493152-24-037883,,,,,,,,https://www.sec.gov/cgi-bin/browse-edgar?action=getcompany&CIK=1498148,,AITX
"""generative AI""",1803599,Concentrix Corp  (CNXC)  (CIK 0001803599),8-K,2024-09-25,0001803599-24-000150:exhibit991q32024.htm,0001803599-24-000150,,,,,,,,https://www.sec.gov/cgi-bin/browse-edgar?action=getcompany&CIK=1803599,,CNXC
"""generative AI""",929008,"WESCO INTERNATIONAL INC  (WCC, WCC-PA)  (CIK 0000929008)",8-K,2024-09-26,0000929008-24-000025:wcc-_investorxday2024xpres.htm,0000929008-24-000025,,,,,,,,https://www.sec.gov/cgi-bin/browse-edgar?action=getcompany&CIK=929008,,WCC
"""generative AI""",2011208,Safe Pro Group Inc.  (SPAI)  (CIK 0002011208),8-K,2024-09-26,0001493152-24-038216:ex99-1.htm,0001493152-24-038216,,,,,,,,https://www.sec.gov/cgi-bin/browse-edgar?action=getcompany&CIK=2011208,,SPAI
"""generative AI""",1467373,Accenture plc  (ACN)  (CIK 0001467373),8-K,2024-09-26,0001467373-24-000266:fy24q4plc8-kexhibit.htm,0001467373-24-000266,,,,,,,,https://www.sec.gov/cgi-bin/browse-edgar?action=getcompany&CIK=1467373,,ACN
"""generative AI""",1467373,Accenture plc  (ACN)  (CIK 0001467373),8-K,2024-09-30,0001467373-24-000268:acn-20240930_d2.htm,0001467373-24-000268,,,,,,,,https://www.sec.gov/cgi-bin/browse-edgar?action=getcompany&CIK=1467373,,ACN
"""generative AI""",1859199,reAlpha Tech Corp.  (AIRE)  (CIK 0001859199),8-K,2024-09-30,0001213900-24-082908:ea021605101ex99-1_realpha.htm,0001213900-24-082908,,,,,,,,https://www.sec.gov/cgi-bin/browse-edgar?action=getcompany&CIK=1859199,,AIRE
"""generative AI""",1835681,"POWERSCHOOL HOLDINGS, INC.  (PWSC)  (CIK 0001835681)",8-K,2024-10-01,0001193125-24-230179:d94063dex991.htm,0001193125-24-230179,,,,,,,,https://www.sec.gov/cgi-bin/browse-edgar?action=getcompany&CIK=1835681,,
"""large language model""",1601830,"RECURSION PHARMACEUTICALS, INC.  (RXRX)  (CIK 0001601830)",8-K,2024-10-02,0001601830-24-000165:rxrx2024q2corp.htm,0001601830-24-000165,,,,,,,,https://www.sec.gov/cgi-bin/browse-edgar?action=getcompany&CIK=1601830,,RXRX
"""generative AI""",1120970,Comstock Inc.  (LODE)  (CIK 0001120970),8-K,2024-10-02,0001437749-24-030509:ex_729234.htm,0001437749-24-030509,,,,,,,,https://www.sec.gov/cgi-bin/browse-edgar?action=getcompany&CIK=1120970,,LODE
"""AI acquisition""",1848861,"Healthcare AI Acquisition Corp.  (HAIA, HAIAU, HAIAW)  (CIK 0001848861)",8-K,2024-10-03,0001477932-24-006172:haia_8k.htm,0001477932-24-006172,,,,,,,,https://www.sec.gov/cgi-bin/browse-edgar?action=getcompany&CIK=1848861,,
"""generative AI""",64463,"Soluna Holdings, Inc  (SLNH, SLNHP)  (CIK 0000064463)",8-K,2024-10-03,0001493152-24-039310:ex99-1.htm,0001493152-24-039310,,,,,,,,https://www.sec.gov/cgi-bin/browse-edgar?action=getcompany&CIK=64463,,SLNH
"""generative AI""",64463,"Soluna Holdings, Inc  (SLNH, SLNHP)  (CIK 0000064463)",8-K,2024-10-03,0001493152-24-039310:ex99-1.htm,0001493152-24-039310,,,,,,,,https://www.sec.gov/cgi-bin/browse-edgar?action=getcompany&CIK=64463,,SLNHP
"""generative AI""",1768267,Cerence Inc.  (CRNC)  (CIK 0001768267),8-K,2024-10-07,0001193125-24-233891:d869370dex991.htm,0001193125-24-233891,,,,,,,,https://www.sec.gov/cgi-bin/browse-edgar?action=getcompany&CIK=1768267,,CRNC
"""generative AI""",1120970,Comstock Inc.  (LODE)  (CIK 0001120970),8-K,2024-10-07,0001437749-24-030748:ex_730179.htm,0001437749-24-030748,,,,,,,,https://www.sec.gov/cgi-bin/browse-edgar?action=getcompany&CIK=1120970,,LODE
"""generative AI""",1320760,"TSS, Inc.  (TSSI)  (CIK 0001320760)",8-K,2024-10-08,0001437749-24-030846:ex_730613.htm,0001437749-24-030846,,,,,,,,https://www.sec.gov/cgi-bin/browse-edgar?action=getcompany&CIK=1320760,,TSSI
"""AI collaboration""",1430306,Tonix Pharmaceuticals Holding Corp.  (TNXP)  (CIK 0001430306),8-K,2024-10-08,0001839882-24-032980:ex99-01.htm,0001839882-24-032980,,,,,,,,https://www.sec.gov/cgi-bin/browse-edgar?action=getcompany&CIK=1430306,,TNXP
"""generative AI""",64463,"Soluna Holdings, Inc  (SLNH, SLNHP)  (CIK 0000064463)",8-K,2024-10-09,0001493152-24-040576:ex99-1.htm,0001493152-24-040576,,,,,,,,https://www.sec.gov/cgi-bin/browse-edgar?action=getcompany&CIK=64463,,SLNH
"""generative AI""",64463,"Soluna Holdings, Inc  (SLNH, SLNHP)  (CIK 0000064463)",8-K,2024-10-09,0001493152-24-040576:ex99-1.htm,0001493152-24-040576,,,,,,,,https://www.sec.gov/cgi-bin/browse-edgar?action=getcompany&CIK=64463,,SLNHP
"""generative AI""",1577526,"C3.ai, Inc.  (AI)  (CIK 0001577526)",8-K,2024-10-09,0001628280-24-042601:exhibit991-pressrelease.htm,0001628280-24-042601,,,,,,,,https://www.sec.gov/cgi-bin/browse-edgar?action=getcompany&CIK=1577526,,AI
"""generative AI""",1646188,Ondas Holdings Inc.  (ONDS)  (CIK 0001646188),8-K,2024-10-09,0001213900-24-086424:ea021714201ex99-1_ondas.htm,0001213900-24-086424,,,,,,,,https://www.sec.gov/cgi-bin/browse-edgar?action=getcompany&CIK=1646188,,ONDS
"""generative AI""",1864531,"VSEE HEALTH, INC.  (VSEE, VSEEW)  (CIK 0001864531)",8-K,2024-10-11,0001104659-24-108087:tm2426034d1_ex99-2.htm,0001104659-24-108087,,,,,,,,https://www.sec.gov/cgi-bin/browse-edgar?action=getcompany&CIK=1864531,,VSEE
"""generative AI""",1864531,"VSEE HEALTH, INC.  (VSEE, VSEEW)  (CIK 0001864531)",8-K,2024-10-11,0001104659-24-108087:tm2426034d1_ex99-2.htm,0001104659-24-108087,,,,,,,,https://www.sec.gov/cgi-bin/browse-edgar?action=getcompany&CIK=1864531,,VSEEW
"""large language model""",1144879,Applied Digital Corp.  (APLD)  (CIK 0001144879),8-K,2024-10-15,0001493152-24-041176:ex10-1.htm,0001493152-24-041176,,,,,,,,https://www.sec.gov/cgi-bin/browse-edgar?action=getcompany&CIK=1144879,,APLD
"""generative AI""",1665300,"Phunware, Inc.  (PHUN)  (CIK 0001665300)",8-K,2024-10-16,0000950170-24-114883:phun-ex99_1.htm,0000950170-24-114883,,,,,,,,https://www.sec.gov/cgi-bin/browse-edgar?action=getcompany&CIK=1665300,,PHUN
"""generative AI""",1013237,FACTSET RESEARCH SYSTEMS INC  (FDS)  (CIK 0001013237),8-K,2024-10-16,0001013237-24-000133:fds-investorpresentation.htm,0001013237-24-000133,,,,,,,,https://www.sec.gov/cgi-bin/browse-edgar?action=getcompany&CIK=1013237,,FDS
"""AI acquisition""",1852889,"Investcorp AI Acquisition Corp.  (IVCA, IVCAU, IVCAW)  (CIK 0001852889)",8-K,2024-10-17,0001193125-24-238898:d868221d8k.htm,0001193125-24-238898,,,,,,,,https://www.sec.gov/cgi-bin/browse-edgar?action=getcompany&CIK=1852889,,
"""generative AI""",87347,SCHLUMBERGER LIMITED/NV  (SLB)  (CIK 0000087347),8-K,2024-10-18,0001193125-24-239201:d837842dex99.htm,0001193125-24-239201,,,,,,,,https://www.sec.gov/cgi-bin/browse-edgar?action=getcompany&CIK=87347,,SLB
"""generative artificial intelligence""",2015845,"Everus Construction Group, Inc.  (ECG)  (CIK 0002015845)",8-K,2024-10-18,0001628280-24-043080:exhibit991-form1010x12bxfi.htm,0001628280-24-043080,,,,,,,,https://www.sec.gov/cgi-bin/browse-edgar?action=getcompany&CIK=2015845,,ECG
"""generative AI""",1577916,"Premier, Inc.  (PINC)  (CIK 0001577916)",8-K,2024-10-21,0001193125-24-240393:d902850dex991.htm,0001193125-24-240393,,,,,,,,https://www.sec.gov/cgi-bin/browse-edgar?action=getcompany&CIK=1577916,,
"""AI acquisition""",1852889,"Investcorp AI Acquisition Corp.  (IVCA, IVCAU, IVCAW)  (CIK 0001852889)",8-K,2024-10-21,0001193125-24-240007:d902560d8k.htm,0001193125-24-240007,,,,,,,,https://www.sec.gov/cgi-bin/browse-edgar?action=getcompany&CIK=1852889,,
"""generative artificial intelligence""",1038773,SMARTFINANCIAL INC.  (SMBK)  (CIK 0001038773),8-K,2024-10-21,0001558370-24-013421:smbk-20241021xex99d2.htm,0001558370-24-013421,,,,,,,,https://www.sec.gov/cgi-bin/browse-edgar?action=getcompany&CIK=1038773,,SMBK
"""generative artificial intelligence""",1745916,"PennyMac Financial Services, Inc.  (PFSI)  (CIK 0001745916)",8-K,2024-10-22,0001104659-24-110583:tm2426615d1_ex99-2.htm,0001104659-24-110583,,,,,,,,https://www.sec.gov/cgi-bin/browse-edgar?action=getcompany&CIK=1745916,,PFSI
"""generative AI""",1120970,Comstock Inc.  (LODE)  (CIK 0001120970),8-K,2024-10-22,0001437749-24-031776:ex_735531.htm,0001437749-24-031776,,,,,,,,https://www.sec.gov/cgi-bin/browse-edgar?action=getcompany&CIK=1120970,,LODE
"""generative AI""",1615165,"Veritone, Inc.  (VERI)  (CIK 0001615165)",8-K,2024-10-22,0001193125-24-240756:d823363dex991.htm,0001193125-24-240756,,,,,,,,https://www.sec.gov/cgi-bin/browse-edgar?action=getcompany&CIK=1615165,,VERI
"""generative AI""",51644,"INTERPUBLIC GROUP OF COMPANIES, INC.  (IPG)  (CIK 0000051644)",8-K,2024-10-22,0000051644-24-000045:ipgq32024earningsreleaseex.htm,0000051644-24-000045,,,,,,,,https://www.sec.gov/cgi-bin/browse-edgar?action=getcompany&CIK=51644,,
"""generative AI""",1373715,"ServiceNow, Inc.  (NOW)  (CIK 0001373715)",8-K,2024-10-23,0001373715-24-000342:prnewleadership.htm,0001373715-24-000342,,,,,,,,https://www.sec.gov/cgi-bin/browse-edgar?action=getcompany&CIK=1373715,,NOW
"""generative AI""",51143,INTERNATIONAL BUSINESS MACHINES CORP  (IBM)  (CIK 0000051143),8-K,2024-10-23,0000051143-24-000043:ibm-20241023xex992.htm,0000051143-24-000043,,,,,,,,https://www.sec.gov/cgi-bin/browse-edgar?action=getcompany&CIK=51143,,IBM
"""generative artificial intelligence""",1615165,"Veritone, Inc.  (VERI)  (CIK 0001615165)",8-K,2024-10-23,0001193125-24-241453:d815678dex21.htm,0001193125-24-241453,,,,,,,,https://www.sec.gov/cgi-bin/browse-edgar?action=getcompany&CIK=1615165,,VERI
"""AI acquisition""",1852889,"Investcorp AI Acquisition Corp.  (IVCA, IVCAU, IVCAW)  (CIK 0001852889)",8-K,2024-10-23,0001193125-24-241426:d805956dex102.htm,0001193125-24-241426,,,,,,,,https://www.sec.gov/cgi-bin/browse-edgar?action=getcompany&CIK=1852889,,
"""generative AI""",1420720,"iBio, Inc.  (IBIO)  (CIK 0001420720)",8-K,2024-10-23,0001420720-24-000049:ibio-20241023xex99d1.htm,0001420720-24-000049,,,,,,,,https://www.sec.gov/cgi-bin/browse-edgar?action=getcompany&CIK=1420720,,IBIO
"""generative artificial intelligence""",711669,COLONY BANKCORP INC  (CBAN)  (CIK 0000711669),8-K,2024-10-23,0000711669-24-000116:a3q2024cbaner.htm,0000711669-24-000116,,,,,,,,https://www.sec.gov/cgi-bin/browse-edgar?action=getcompany&CIK=711669,,CBAN
"""generative artificial intelligence""",1516912,"Origin Bancorp, Inc.  (OBK)  (CIK 0001516912)",8-K,2024-10-23,0001516912-24-000110:a09_30x2024obkinvestorpr.htm,0001516912-24-000110,,,,,,,,https://www.sec.gov/cgi-bin/browse-edgar?action=getcompany&CIK=1516912,,OBK
"""generative artificial intelligence""",890564,ASGN Inc  (ASGN)  (CIK 0000890564),8-K,2024-10-23,0000890564-24-000021:earningsrelease-q324.htm,0000890564-24-000021,,,,,,,,https://www.sec.gov/cgi-bin/browse-edgar?action=getcompany&CIK=890564,,EFOR
"""generative AI""",21344,COCA COLA CO  (KO)  (CIK 0000021344),8-K,2024-10-23,0000021344-24-000056:a2024q3earningsreleaseex-9.htm,0000021344-24-000056,,,,,,,,https://www.sec.gov/cgi-bin/browse-edgar?action=getcompany&CIK=21344,,KO
"""generative artificial intelligence""",1665300,"Phunware, Inc.  (PHUN)  (CIK 0001665300)",8-K,2024-10-24,0000950170-24-116876:phun-ex10_2.htm,0000950170-24-116876,,,,,,,,https://www.sec.gov/cgi-bin/browse-edgar?action=getcompany&CIK=1665300,,PHUN
"""generative AI""",1651562,"Coursera, Inc.  (COUR)  (CIK 0001651562)",8-K,2024-10-24,0001651562-24-000052:cour-20240930xexx991.htm,0001651562-24-000052,,,,,,,,https://www.sec.gov/cgi-bin/browse-edgar?action=getcompany&CIK=1651562,,COUR
"""generative AI""",1120193,"NASDAQ, INC.  (NDAQ)  (CIK 0001120193)",8-K,2024-10-24,0001193125-24-242283:d846576dex991.htm,0001193125-24-242283,,,,,,,,https://www.sec.gov/cgi-bin/browse-edgar?action=getcompany&CIK=1120193,,NDAQ
"""generative AI""",51644,"INTERPUBLIC GROUP OF COMPANIES, INC.  (IPG)  (CIK 0000051644)",8-K,2024-10-24,0000051644-24-000051:q324transcript.htm,0000051644-24-000051,,,,,,,,https://www.sec.gov/cgi-bin/browse-edgar?action=getcompany&CIK=51644,,
"""generative artificial intelligence""",943819,"RESMED INC  (RMD, RSMDF)  (CIK 0000943819)",8-K,2024-10-24,0001193125-24-242806:d859390dex991.htm,0001193125-24-242806,,,,,,,,https://www.sec.gov/cgi-bin/browse-edgar?action=getcompany&CIK=943819,,RMD
"""generative artificial intelligence""",943819,"RESMED INC  (RMD, RSMDF)  (CIK 0000943819)",8-K,2024-10-24,0001193125-24-242806:d859390dex991.htm,0001193125-24-242806,,,,,,,,https://www.sec.gov/cgi-bin/browse-edgar?action=getcompany&CIK=943819,,RSMDF
"""generative AI""",51143,INTERNATIONAL BUSINESS MACHINES CORP  (IBM)  (CIK 0000051143),8-K,2024-10-24,0000051143-24-000045:ex-991.htm,0000051143-24-000045,,,,,,,,https://www.sec.gov/cgi-bin/browse-edgar?action=getcompany&CIK=51143,,IBM
"""generative artificial intelligence""",730708,SEACOAST BANKING CORP OF FLORIDA  (SBCF)  (CIK 0000730708),8-K,2024-10-24,0000730708-24-000209:a3q2024earningsrelease.htm,0000730708-24-000209,,,,,,,,https://www.sec.gov/cgi-bin/browse-edgar?action=getcompany&CIK=730708,,SBCF
"""AI acquisition""",1852889,"Investcorp AI Acquisition Corp.  (IVCA, IVCAU, IVCAW)  (CIK 0001852889)",8-K,2024-10-28,0001193125-24-244567:d899360d8k.htm,0001193125-24-244567,,,,,,,,https://www.sec.gov/cgi-bin/browse-edgar?action=getcompany&CIK=1852889,,
"""generative AI""",1573221,"TheRealReal, Inc.  (REAL)  (CIK 0001573221)",8-K,2024-10-28,0001193125-24-244731:d900595dex991.htm,0001193125-24-244731,,,,,,,,https://www.sec.gov/cgi-bin/browse-edgar?action=getcompany&CIK=1573221,,REAL
"""large language model""",1713445,"Reddit, Inc.  (RDDT)  (CIK 0001713445)",8-K,2024-10-29,0001713445-24-000099:exhibit992q324.htm,0001713445-24-000099,,,,,,,,https://www.sec.gov/cgi-bin/browse-edgar?action=getcompany&CIK=1713445,,RDDT
"""generative AI""",24741,CORNING INC /NY  (GLW)  (CIK 0000024741),8-K,2024-10-29,0001437749-24-032360:ex_708020.htm,0001437749-24-032360,,,,,,,,https://www.sec.gov/cgi-bin/browse-edgar?action=getcompany&CIK=24741,,GLW
"""generative AI""",1564408,Snap Inc  (SNAP)  (CIK 0001564408),8-K,2024-10-29,0001564408-24-000058:snap-20241029xexx991pressr.htm,0001564408-24-000058,,,,,,,,https://www.sec.gov/cgi-bin/browse-edgar?action=getcompany&CIK=1564408,,SNAP
"""generative AI""",1607939,"Udemy, Inc.  (UDMY)  (CIK 0001607939)",8-K,2024-10-29,0001607939-24-000186:q32024pressrelease.htm,0001607939-24-000186,,,,,,,,https://www.sec.gov/cgi-bin/browse-edgar?action=getcompany&CIK=1607939,,
"""generative AI""",1652044,"Alphabet Inc.  (GOOG, GOOGL)  (CIK 0001652044)",8-K,2024-10-29,0001652044-24-000115:googexhibit991q32024.htm,0001652044-24-000115,,,,,,,,https://www.sec.gov/cgi-bin/browse-edgar?action=getcompany&CIK=1652044,,GOOGL
"""generative AI""",1652044,"Alphabet Inc.  (GOOG, GOOGL)  (CIK 0001652044)",8-K,2024-10-29,0001652044-24-000115:googexhibit991q32024.htm,0001652044-24-000115,,,,,,,,https://www.sec.gov/cgi-bin/browse-edgar?action=getcompany&CIK=1652044,,GOOG
"""generative AI""",1652044,"Alphabet Inc.  (GOOG, GOOGL)  (CIK 0001652044)",8-K,2024-10-29,0001652044-24-000115:googexhibit991q32024.htm,0001652044-24-000115,,,,,,,,https://www.sec.gov/cgi-bin/browse-edgar?action=getcompany&CIK=1652044,,GOOGM
"""generative AI""",1652044,"Alphabet Inc.  (GOOG, GOOGL)  (CIK 0001652044)",8-K,2024-10-29,0001652044-24-000115:googexhibit991q32024.htm,0001652044-24-000115,,,,,,,,https://www.sec.gov/cgi-bin/browse-edgar?action=getcompany&CIK=1652044,,GOOGN
"""generative AI""",1297989,"ExlService Holdings, Inc.  (EXLS)  (CIK 0001297989)",8-K,2024-10-29,0001297989-24-000009:exlsq324pressrelease.htm,0001297989-24-000009,,,,,,,,https://www.sec.gov/cgi-bin/browse-edgar?action=getcompany&CIK=1297989,,EXLS
"""generative AI""",1667313,"Zedge, Inc.  (ZDGE)  (CIK 0001667313)",8-K,2024-10-29,0001213900-24-091397:ea021881601ex99-1_zedgeinc.htm,0001213900-24-091397,,,,,,,,https://www.sec.gov/cgi-bin/browse-edgar?action=getcompany&CIK=1667313,,ZDGE
"""generative AI""",1039399,FORMFACTOR INC  (FORM)  (CIK 0001039399),8-K,2024-10-30,0001039399-24-000030:ex9901-earningsreleasexq324.htm,0001039399-24-000030,,,,,,,,https://www.sec.gov/cgi-bin/browse-edgar?action=getcompany&CIK=1039399,,FORM
"""generative AI""",1116942,TTM TECHNOLOGIES INC  (TTMI)  (CIK 0001116942),8-K,2024-10-30,0001193125-24-247537:d155829dex991.htm,0001193125-24-247537,,,,,,,,https://www.sec.gov/cgi-bin/browse-edgar?action=getcompany&CIK=1116942,,TTMI
"""generative AI""",1691421,"Lemonade, Inc.  (LMND, LMND-WT)  (CIK 0001691421)",8-K,2024-10-30,0001691421-24-000128:lmndq32024shlfinal103024.htm,0001691421-24-000128,,,,,,,,https://www.sec.gov/cgi-bin/browse-edgar?action=getcompany&CIK=1691421,,LMND
"""generative AI""",1058290,COGNIZANT TECHNOLOGY SOLUTIONS CORP  (CTSH)  (CIK 0001058290),8-K,2024-10-30,0001058290-24-000325:exhibit9939302024.htm,0001058290-24-000325,,,,,,,,https://www.sec.gov/cgi-bin/browse-edgar?action=getcompany&CIK=1058290,,CTSH
"""generative artificial intelligence""",1447669,TWILIO INC  (TWLO)  (CIK 0001447669),8-K,2024-10-30,0001447669-24-000175:twloq324ex991.htm,0001447669-24-000175,,,,,,,,https://www.sec.gov/cgi-bin/browse-edgar?action=getcompany&CIK=1447669,,TWLO
"""generative AI""",1699838,"Confluent, Inc.  (CFLT)  (CIK 0001699838)",8-K,2024-10-30,0000950170-24-118963:cflt-ex99_1.htm,0000950170-24-118963,,,,,,,,https://www.sec.gov/cgi-bin/browse-edgar?action=getcompany&CIK=1699838,,
"""generative AI""",1838163,"Brand Engagement Network Inc.  (BNAI, BNAIW)  (CIK 0001838163)",8-K,2024-10-30,0001493152-24-043006:ex99-1.htm,0001493152-24-043006,,,,,,,,https://www.sec.gov/cgi-bin/browse-edgar?action=getcompany&CIK=1838163,,BNAI
"""generative AI""",1838163,"Brand Engagement Network Inc.  (BNAI, BNAIW)  (CIK 0001838163)",8-K,2024-10-30,0001493152-24-043006:ex99-1.htm,0001493152-24-043006,,,,,,,,https://www.sec.gov/cgi-bin/browse-edgar?action=getcompany&CIK=1838163,,BNAIW
"""generative artificial intelligence""",1175535,Whitestone REIT  (WSR)  (CIK 0001175535),8-K,2024-10-30,0001437749-24-032641:ex_740157.htm,0001437749-24-032641,,,,,,,,https://www.sec.gov/cgi-bin/browse-edgar?action=getcompany&CIK=1175535,,WSR
"""generative AI""",1043277,"C. H. ROBINSON WORLDWIDE, INC.  (CHRW)  (CIK 0001043277)",8-K,2024-10-30,0001043277-24-000049:q32024earningsdeck.htm,0001043277-24-000049,,,,,,,,https://www.sec.gov/cgi-bin/browse-edgar?action=getcompany&CIK=1043277,,CHRW
"""generative AI""",1370637,ETSY INC  (ETSY)  (CIK 0001370637),8-K,2024-10-30,0001370637-24-000050:exhibit991q32024.htm,0001370637-24-000050,,,,,,,,https://www.sec.gov/cgi-bin/browse-edgar?action=getcompany&CIK=1370637,,ETSY
"""large language model""",50863,INTEL CORP  (INTC)  (CIK 0000050863),8-K,2024-10-31,0000050863-24-000147:q324_earningsrelease.htm,0000050863-24-000147,,,,,,,,https://www.sec.gov/cgi-bin/browse-edgar?action=getcompany&CIK=50863,,INTC
"""generative AI""",884144,ASURE SOFTWARE INC  (ASUR)  (CIK 0000884144),8-K,2024-10-31,0000884144-24-000062:a20241031exhibit991.htm,0000884144-24-000062,,,,,,,,https://www.sec.gov/cgi-bin/browse-edgar?action=getcompany&CIK=884144,,ASUR
"""generative artificial intelligence""",764180,"ALTRIA GROUP, INC.  (MO)  (CIK 0000764180)",8-K,2024-10-31,0000764180-24-000100:exhibit991erq32024.htm,0000764180-24-000100,,,,,,,,https://www.sec.gov/cgi-bin/browse-edgar?action=getcompany&CIK=764180,,MO
"""generative artificial intelligence""",932696,INSIGHT ENTERPRISES INC  (NSIT)  (CIK 0000932696),8-K,2024-10-31,0001628280-24-044432:nsit-20241031xerx8kex991.htm,0001628280-24-044432,,,,,,,,https://www.sec.gov/cgi-bin/browse-edgar?action=getcompany&CIK=932696,,NSIT
"""generative AI""",1018724,AMAZON COM INC  (AMZN)  (CIK 0001018724),8-K,2024-10-31,0001018724-24-000158:amzn-20240930xex991.htm,0001018724-24-000158,,,,,,,,https://www.sec.gov/cgi-bin/browse-edgar?action=getcompany&CIK=1018724,,AMZN
"""generative AI""",1799208,"Dun & Bradstreet Holdings, Inc.  (DNB)  (CIK 0001799208)",8-K,2024-10-31,0001799208-24-000044:q32024prexhibit991.htm,0001799208-24-000044,,,,,,,,https://www.sec.gov/cgi-bin/browse-edgar?action=getcompany&CIK=1799208,,
"""generative AI""",1905956,TREASURE GLOBAL INC  (TGL)  (CIK 0001905956),8-K,2024-11-01,0001213900-24-093589:ea0219539-8k_treasure.htm,0001213900-24-093589,,,,,,,,https://www.sec.gov/cgi-bin/browse-edgar?action=getcompany&CIK=1905956,,TGL
"""generative AI""",1717115,"Tempus AI, Inc.  (TEM)  (CIK 0001717115)",8-K,2024-11-04,0000950170-24-120663:tem-ex99_1.htm,0000950170-24-120663,,,,,,,,https://www.sec.gov/cgi-bin/browse-edgar?action=getcompany&CIK=1717115,,TEM
"""generative AI""",1648960,"DatChat, Inc.  (DATS, DATSW)  (CIK 0001648960)",8-K,2024-11-04,0001213900-24-094213:ea021993201ex99-1_datchat.htm,0001213900-24-094213,,,,,,,,https://www.sec.gov/cgi-bin/browse-edgar?action=getcompany&CIK=1648960,,MYSE
"""generative AI""",1648960,"DatChat, Inc.  (DATS, DATSW)  (CIK 0001648960)",8-K,2024-11-04,0001213900-24-094213:ea021993201ex99-1_datchat.htm,0001213900-24-094213,,,,,,,,https://www.sec.gov/cgi-bin/browse-edgar?action=getcompany&CIK=1648960,,MYSEW
"""generative AI""",1573221,"TheRealReal, Inc.  (REAL)  (CIK 0001573221)",8-K,2024-11-04,0001573221-24-000124:real-20241104xex991pressre.htm,0001573221-24-000124,,,,,,,,https://www.sec.gov/cgi-bin/browse-edgar?action=getcompany&CIK=1573221,,REAL
"""generative AI""",1582961,"DigitalOcean Holdings, Inc.  (DOCN)  (CIK 0001582961)",8-K,2024-11-04,0001582961-24-000153:a2024-q3dopressrelease.htm,0001582961-24-000153,,,,,,,,https://www.sec.gov/cgi-bin/browse-edgar?action=getcompany&CIK=1582961,,DOCN
"""generative artificial intelligence""",1378992,"BERRY GLOBAL GROUP, INC.  (BERY)  (CIK 0001378992)",8-K,2024-11-04,0001104659-24-113965:tm2427366d1_ex99-1.htm,0001104659-24-113965,,,,,,,,https://www.sec.gov/cgi-bin/browse-edgar?action=getcompany&CIK=1378992,,
"""generative artificial intelligence""",1057379,"HACKETT GROUP, INC.  (HCKT)  (CIK 0001057379)",8-K,2024-11-04,0000950170-24-120767:hckt-ex99_1.htm,0000950170-24-120767,,,,,,,,https://www.sec.gov/cgi-bin/browse-edgar?action=getcompany&CIK=1057379,,HCKT
"""generative AI""",71691,NEW YORK TIMES CO  (NYT)  (CIK 0000071691),8-K,2024-11-04,0000071691-24-000158:pressrelease09302024.htm,0000071691-24-000158,,,,,,,,https://www.sec.gov/cgi-bin/browse-edgar?action=getcompany&CIK=71691,,NYT
"""generative AI""",1565687,"Intapp, Inc.  (INTA)  (CIK 0001565687)",8-K,2024-11-04,0000950170-24-120723:inta-ex99_1.htm,0000950170-24-120723,,,,,,,,https://www.sec.gov/cgi-bin/browse-edgar?action=getcompany&CIK=1565687,,INTA
"""generative AI""",1023313,"FORRESTER RESEARCH, INC.  (FORR)  (CIK 0001023313)",8-K,2024-11-05,0001193125-24-251244:d895961dex991.htm,0001193125-24-251244,,,,,,,,https://www.sec.gov/cgi-bin/browse-edgar?action=getcompany&CIK=1023313,,FORR
"""generative artificial intelligence""",1021635,OGE ENERGY CORP.  (OGE)  (CIK 0001021635),8-K,2024-11-05,0000950170-24-120957:oge-ex99_01.htm,0000950170-24-120957,,,,,,,,https://www.sec.gov/cgi-bin/browse-edgar?action=getcompany&CIK=1021635,,OGE
"""generative artificial intelligence""",1175535,Whitestone REIT  (WSR)  (CIK 0001175535),8-K,2024-11-05,0001437749-24-033335:ex_742806.htm,0001437749-24-033335,,,,,,,,https://www.sec.gov/cgi-bin/browse-edgar?action=getcompany&CIK=1175535,,WSR
"""generative AI""",1107843,"QUALYS, INC.  (QLYS)  (CIK 0001107843)",8-K,2024-11-05,0001107843-24-000036:qlys-20241105xex991.htm,0001107843-24-000036,,,,,,,,https://www.sec.gov/cgi-bin/browse-edgar?action=getcompany&CIK=1107843,,QLYS
"""generative artificial intelligence""",1833197,"Latham Group, Inc.  (SWIM)  (CIK 0001833197)",8-K,2024-11-05,0001104659-24-114311:tm2427412d1_ex99.htm,0001104659-24-114311,,,,,,,,https://www.sec.gov/cgi-bin/browse-edgar?action=getcompany&CIK=1833197,,SWIM
"""generative artificial intelligence""",1617640,"ZILLOW GROUP, INC.  (Z, ZG)  (CIK 0001617640)",8-K,2024-11-06,0001617640-24-000125:q32024991.htm,0001617640-24-000125,,,,,,,,https://www.sec.gov/cgi-bin/browse-edgar?action=getcompany&CIK=1617640,,ZG
"""generative artificial intelligence""",1617640,"ZILLOW GROUP, INC.  (Z, ZG)  (CIK 0001617640)",8-K,2024-11-06,0001617640-24-000125:q32024991.htm,0001617640-24-000125,,,,,,,,https://www.sec.gov/cgi-bin/browse-edgar?action=getcompany&CIK=1617640,,Z
"""generative AI""",1625641,"CS Disco, Inc.  (LAW)  (CIK 0001625641)",8-K,2024-11-06,0001625641-24-000153:q32024earningsrelease.htm,0001625641-24-000153,,,,,,,,https://www.sec.gov/cgi-bin/browse-edgar?action=getcompany&CIK=1625641,,LAW
"""generative artificial intelligence""",104918,AVISTA CORP  (AVA)  (CIK 0000104918),8-K,2024-11-06,0000950170-24-121738:ava-ex99_1.htm,0000950170-24-121738,,,,,,,,https://www.sec.gov/cgi-bin/browse-edgar?action=getcompany&CIK=104918,,AVA
"""generative artificial intelligence""",1785424,"Katapult Holdings, Inc.  (KPLT, KPLTW)  (CIK 0001785424)",8-K,2024-11-06,0001628280-24-045449:q32024earningsrelease.htm,0001628280-24-045449,,,,,,,,https://www.sec.gov/cgi-bin/browse-edgar?action=getcompany&CIK=1785424,,KPLT
"""generative AI""",1601830,"RECURSION PHARMACEUTICALS, INC.  (RXRX)  (CIK 0001601830)",8-K,2024-11-06,0001601830-24-000195:exhibit991-q0324.htm,0001601830-24-000195,,,,,,,,https://www.sec.gov/cgi-bin/browse-edgar?action=getcompany&CIK=1601830,,RXRX
"""generative AI""",1636422,"Health Catalyst, Inc.  (HCAT)  (CIK 0001636422)",8-K,2024-11-06,0001636422-24-000148:a2024ex993-hcatsignsagreem.htm,0001636422-24-000148,,,,,,,,https://www.sec.gov/cgi-bin/browse-edgar?action=getcompany&CIK=1636422,,HCAT
"""generative AI""",1866368,"Clearwater Analytics Holdings, Inc.  (CWAN)  (CIK 0001866368)",8-K,2024-11-06,0001628280-24-045726:cwan-20240930xexx991.htm,0001628280-24-045726,,,,,,,,https://www.sec.gov/cgi-bin/browse-edgar?action=getcompany&CIK=1866368,,
"""AI acquisition""",1848861,"Healthcare AI Acquisition Corp.  (HAIA, HAIAU, HAIAW)  (CIK 0001848861)",8-K,2024-11-06,0001477932-24-006915:haia_8k.htm,0001477932-24-006915,,,,,,,,https://www.sec.gov/cgi-bin/browse-edgar?action=getcompany&CIK=1848861,,
"""generative AI""",1327318,"TrueCar, Inc.  (TRUE)  (CIK 0001327318)",8-K,2024-11-06,0001327318-24-000041:tc-stockholderxletterxq3.htm,0001327318-24-000041,,,,,,,,https://www.sec.gov/cgi-bin/browse-edgar?action=getcompany&CIK=1327318,,
"""generative AI""",1820144,"Grindr Inc.  (GRND, GRND-WT)  (CIK 0001820144)",8-K,2024-11-07,0001820144-24-000052:grindr_q32024xshlxvfinal.htm,0001820144-24-000052,,,,,,,,https://www.sec.gov/cgi-bin/browse-edgar?action=getcompany&CIK=1820144,,GRND
"""generative AI""",64463,"Soluna Holdings, Inc  (SLNH, SLNHP)  (CIK 0000064463)",8-K,2024-11-07,0001493152-24-043967:ex99-1.htm,0001493152-24-043967,,,,,,,,https://www.sec.gov/cgi-bin/browse-edgar?action=getcompany&CIK=64463,,SLNH
"""generative AI""",64463,"Soluna Holdings, Inc  (SLNH, SLNHP)  (CIK 0000064463)",8-K,2024-11-07,0001493152-24-043967:ex99-1.htm,0001493152-24-043967,,,,,,,,https://www.sec.gov/cgi-bin/browse-edgar?action=getcompany&CIK=64463,,SLNHP
"""generative AI""",1495932,"EXP World Holdings, Inc.  (EXPI)  (CIK 0001495932)",8-K,2024-11-07,0001558370-24-014849:expi-20241107xex99d1.htm,0001558370-24-014849,,,,,,,,https://www.sec.gov/cgi-bin/browse-edgar?action=getcompany&CIK=1495932,,AGNT
"""generative AI""",1840502,"Taboola.com Ltd.  (TBLA, TBLAW)  (CIK 0001840502)",8-K,2024-11-07,0001140361-24-045483:ef20037783_ex99-1.htm,0001140361-24-045483,,,,,,,,https://www.sec.gov/cgi-bin/browse-edgar?action=getcompany&CIK=1840502,,TBLA
"""generative AI""",1505155,"Upland Software, Inc.  (UPLD)  (CIK 0001505155)",8-K,2024-11-07,0001505155-24-000101:q324991earningsrelease.htm,0001505155-24-000101,,,,,,,,https://www.sec.gov/cgi-bin/browse-edgar?action=getcompany&CIK=1505155,,UPLD
"""generative AI""",1665300,"Phunware, Inc.  (PHUN)  (CIK 0001665300)",8-K,2024-11-07,0000950170-24-123440:phun-ex99_1.htm,0000950170-24-123440,,,,,,,,https://www.sec.gov/cgi-bin/browse-edgar?action=getcompany&CIK=1665300,,PHUN
"""generative AI""",903651,INNODATA INC  (INOD)  (CIK 0000903651),8-K,2024-11-07,0001104659-24-115337:tm2426973d1_ex99-1.htm,0001104659-24-115337,,,,,,,,https://www.sec.gov/cgi-bin/browse-edgar?action=getcompany&CIK=903651,,INOD
"""generative artificial intelligence""",876883,Stagwell Inc  (STGW)  (CIK 0000876883),8-K,2024-11-07,0000876883-24-000028:a3q24earningspresentatio.htm,0000876883-24-000028,,,,,,,,https://www.sec.gov/cgi-bin/browse-edgar?action=getcompany&CIK=876883,,STGW
"""generative AI""",1398659,Genpact LTD  (G)  (CIK 0001398659),8-K,2024-11-07,0001398659-24-000098:genpactltdexhibit991q324.htm,0001398659-24-000098,,,,,,,,https://www.sec.gov/cgi-bin/browse-edgar?action=getcompany&CIK=1398659,,G
"""generative AI""",1831840,"SEMrush Holdings, Inc.  (SEMR)  (CIK 0001831840)",8-K,2024-11-07,0001628280-24-046339:semrush8-kexhibit991q32024.htm,0001628280-24-046339,,,,,,,,https://www.sec.gov/cgi-bin/browse-edgar?action=getcompany&CIK=1831840,,
"""generative artificial intelligence""",1206264,"TEMPUR SEALY INTERNATIONAL, INC.  (TPX)  (CIK 0001206264)",8-K,2024-11-07,0001206264-24-000166:a20241106november2024inv.htm,0001206264-24-000166,,,,,,,,https://www.sec.gov/cgi-bin/browse-edgar?action=getcompany&CIK=1206264,,SGI
"""generative AI""",1069183,"AXON ENTERPRISE, INC.  (AXON)  (CIK 0001069183)",8-K,2024-11-07,0001069183-24-000055:axon-20241107xex991.htm,0001069183-24-000055,,,,,,,,https://www.sec.gov/cgi-bin/browse-edgar?action=getcompany&CIK=1069183,,AXON
"""generative AI""",1898496,"Getty Images Holdings, Inc.  (GETY)  (CIK 0001898496)",8-K,2024-11-07,0001628280-24-046310:gety-20240930xex991.htm,0001628280-24-046310,,,,,,,,https://www.sec.gov/cgi-bin/browse-edgar?action=getcompany&CIK=1898496,,GETY
"""generative AI""",1102993,LIVEPERSON INC  (LPSN)  (CIK 0001102993),8-K,2024-11-07,0001102993-24-000170:q32024livepersonex991press.htm,0001102993-24-000170,,,,,,,,https://www.sec.gov/cgi-bin/browse-edgar?action=getcompany&CIK=1102993,,LPSN
"""generative artificial intelligence""",1084048,"ZIFF DAVIS, INC.  (ZD)  (CIK 0001084048)",8-K,2024-11-08,0001084048-24-000076:zdq32024earningspresenta.htm,0001084048-24-000076,,,,,,,,https://www.sec.gov/cgi-bin/browse-edgar?action=getcompany&CIK=1084048,,ZD
"""generative AI""",829323,"Inuvo, Inc.  (INUV)  (CIK 0000829323)",8-K,2024-11-08,0001654954-24-013980:inuvo_ex992.htm,0001654954-24-013980,,,,,,,,https://www.sec.gov/cgi-bin/browse-edgar?action=getcompany&CIK=829323,,INUV
"""generative artificial intelligence""",2021031,"Treasure Holdco, Inc.  (CIK 0002021031)",8-K,2024-11-08,0001104659-24-115972:tm2427983d1_ex99-1.htm,0001104659-24-115972,,,,,,,,https://www.sec.gov/cgi-bin/browse-edgar?action=getcompany&CIK=2021031,,
"""generative artificial intelligence""",1800227,IAC Inc.  (IAC)  (CIK 0001800227),8-K,2024-11-12,0001800227-24-000044:ex_991q32024iac-pressrelea.htm,0001800227-24-000044,,,,,,,,https://www.sec.gov/cgi-bin/browse-edgar?action=getcompany&CIK=1800227,,PPLI
"""generative AI""",1066194,EGAIN Corp  (EGAN)  (CIK 0001066194),8-K,2024-11-12,0001558370-24-015300:egan-20241112xex99d1.htm,0001558370-24-015300,,,,,,,,https://www.sec.gov/cgi-bin/browse-edgar?action=getcompany&CIK=1066194,,EGAN
"""large language model""",1805284,"Rocket Companies, Inc.  (RKT)  (CIK 0001805284)",8-K,2024-11-12,0001805284-24-000177:rkt-earningsrelease0930202.htm,0001805284-24-000177,,,,,,,,https://www.sec.gov/cgi-bin/browse-edgar?action=getcompany&CIK=1805284,,RKT
"""generative AI""",1704720,"Cannae Holdings, Inc.  (CNNE)  (CIK 0001704720)",8-K,2024-11-12,0001704720-24-000082:a2024q3cannaeshareholderle.htm,0001704720-24-000082,,,,,,,,https://www.sec.gov/cgi-bin/browse-edgar?action=getcompany&CIK=1704720,,CNNE
"""generative AI""",1422930,"PubMatic, Inc.  (PUBM)  (CIK 0001422930)",8-K,2024-11-12,0001422930-24-000045:q324pressrelease.htm,0001422930-24-000045,,,,,,,,https://www.sec.gov/cgi-bin/browse-edgar?action=getcompany&CIK=1422930,,PUBM
"""generative AI""",1672688,Absci Corp  (ABSI)  (CIK 0001672688),8-K,2024-11-12,0001628280-24-046856:exhibit991-2024q310xqpr.htm,0001628280-24-046856,,,,,,,,https://www.sec.gov/cgi-bin/browse-edgar?action=getcompany&CIK=1672688,,ABSI
"""generative AI""",1819394,"Matterport, Inc./DE  (MTTR)  (CIK 0001819394)",8-K,2024-11-12,0001819394-24-000067:mttr-20241112xexx991q324.htm,0001819394-24-000067,,,,,,,,https://www.sec.gov/cgi-bin/browse-edgar?action=getcompany&CIK=1819394,,
"""generative AI""",1364954,"CHEGG, INC  (CHGG)  (CIK 0001364954)",8-K,2024-11-12,0001364954-24-000084:a9901-financialresultsq320.htm,0001364954-24-000084,,,,,,,,https://www.sec.gov/cgi-bin/browse-edgar?action=getcompany&CIK=1364954,,CHGG
"""generative AI""",790526,"RadNet, Inc.  (RDNT)  (CIK 0000790526)",8-K,2024-11-12,0001683168-24-007907:radnet_ex9901.htm,0001683168-24-007907,,,,,,,,https://www.sec.gov/cgi-bin/browse-edgar?action=getcompany&CIK=790526,,RDNT
"""generative AI""",1828791,Viant Technology Inc.  (DSP)  (CIK 0001828791),8-K,2024-11-12,0001828791-24-000053:dsp-20241112xexx991.htm,0001828791-24-000053,,,,,,,,https://www.sec.gov/cgi-bin/browse-edgar?action=getcompany&CIK=1828791,,DSP
"""generative AI""",1859199,reAlpha Tech Corp.  (AIRE)  (CIK 0001859199),8-K,2024-11-12,0001213900-24-096222:ea022014601ex99-1_realpha.htm,0001213900-24-096222,,,,,,,,https://www.sec.gov/cgi-bin/browse-edgar?action=getcompany&CIK=1859199,,AIRE
"""generative AI""",1320760,"TSS, Inc.  (TSSI)  (CIK 0001320760)",8-K,2024-11-12,0001437749-24-034534:ex_747027.htm,0001437749-24-034534,,,,,,,,https://www.sec.gov/cgi-bin/browse-edgar?action=getcompany&CIK=1320760,,TSSI
"""generative AI""",1840856,"SOUNDHOUND AI, INC.  (SOUN, SOUNW)  (CIK 0001840856)",8-K,2024-11-12,0001840856-24-000039:soun-20241112ex991earnings.htm,0001840856-24-000039,,,,,,,,https://www.sec.gov/cgi-bin/browse-edgar?action=getcompany&CIK=1840856,,SOUN
"""generative AI""",1840856,"SOUNDHOUND AI, INC.  (SOUN, SOUNW)  (CIK 0001840856)",8-K,2024-11-12,0001840856-24-000039:soun-20241112ex991earnings.htm,0001840856-24-000039,,,,,,,,https://www.sec.gov/cgi-bin/browse-edgar?action=getcompany&CIK=1840856,,SOUNW
"""generative AI""",882508,QUICKLOGIC Corp  (QUIK)  (CIK 0000882508),8-K,2024-11-12,0001437749-24-034262:ex_745487.htm,0001437749-24-034262,,,,,,,,https://www.sec.gov/cgi-bin/browse-edgar?action=getcompany&CIK=882508,,QUIK
"""generative AI""",1851003,Zeta Global Holdings Corp.  (ZETA)  (CIK 0001851003),8-K,2024-11-12,0000950170-24-124461:zeta-ex99_1.htm,0000950170-24-124461,,,,,,,,https://www.sec.gov/cgi-bin/browse-edgar?action=getcompany&CIK=1851003,,ZETA
"""generative AI""",1823466,"FiscalNote Holdings, Inc.  (NOTE, NOTE-WT)  (CIK 0001823466)",8-K,2024-11-12,0000950170-24-125418:note-ex99_1.htm,0000950170-24-125418,,,,,,,,https://www.sec.gov/cgi-bin/browse-edgar?action=getcompany&CIK=1823466,,NOTE
"""generative AI""",1823466,"FiscalNote Holdings, Inc.  (NOTE, NOTE-WT)  (CIK 0001823466)",8-K,2024-11-12,0000950170-24-125418:note-ex99_1.htm,0000950170-24-125418,,,,,,,,https://www.sec.gov/cgi-bin/browse-edgar?action=getcompany&CIK=1823466,,NOTEW
"""generative AI""",1582982,"CareCloud, Inc.  (CCLD, CCLDO, CCLDP)  (CIK 0001582982)",8-K,2024-11-12,0001493152-24-044505:ex99-1.htm,0001493152-24-044505,,,,,,,,https://www.sec.gov/cgi-bin/browse-edgar?action=getcompany&CIK=1582982,,CCLD
"""AI partnership""",1885998,"Roth CH Acquisition V Co.  (ROCL, ROCLU, ROCLW)  (CIK 0001885998)",8-K,2024-11-12,0001104659-24-116487:tm2428033d1_ex99-2.htm,0001104659-24-116487,,,,,,,,https://www.sec.gov/cgi-bin/browse-edgar?action=getcompany&CIK=1885998,,
"""generative AI""",1781174,"Acrivon Therapeutics, Inc.  (ACRV)  (CIK 0001781174)",8-K,2024-11-13,0000950170-24-125920:acrv-ex99_1.htm,0000950170-24-125920,,,,,,,,https://www.sec.gov/cgi-bin/browse-edgar?action=getcompany&CIK=1781174,,ACRV
"""generative AI""",1120970,Comstock Inc.  (LODE)  (CIK 0001120970),8-K,2024-11-13,0001437749-24-034946:ex_747982.htm,0001437749-24-034946,,,,,,,,https://www.sec.gov/cgi-bin/browse-edgar?action=getcompany&CIK=1120970,,LODE
"""generative AI""",1868640,"Roadzen Inc.  (RDZN, RDZNW)  (CIK 0001868640)",8-K,2024-11-13,0000950170-24-126333:rdzn-ex99_1.htm,0000950170-24-126333,,,,,,,,https://www.sec.gov/cgi-bin/browse-edgar?action=getcompany&CIK=1868640,,RDZN
"""generative AI""",1868640,"Roadzen Inc.  (RDZN, RDZNW)  (CIK 0001868640)",8-K,2024-11-13,0000950170-24-126333:rdzn-ex99_1.htm,0000950170-24-126333,,,,,,,,https://www.sec.gov/cgi-bin/browse-edgar?action=getcompany&CIK=1868640,,RDZNW
"""generative AI""",1013237,FACTSET RESEARCH SYSTEMS INC  (FDS)  (CIK 0001013237),8-K,2024-11-14,0001013237-24-000178:fds-investordaynovember2.htm,0001013237-24-000178,,,,,,,,https://www.sec.gov/cgi-bin/browse-edgar?action=getcompany&CIK=1013237,,FDS
"""generative AI""",1697851,"Rekor Systems, Inc.  (REKR)  (CIK 0001697851)",8-K,2024-11-14,0001437749-24-035298:ex_747553.htm,0001437749-24-035298,,,,,,,,https://www.sec.gov/cgi-bin/browse-edgar?action=getcompany&CIK=1697851,,REKR
"""generative AI""",1320760,"TSS, Inc.  (TSSI)  (CIK 0001320760)",8-K,2024-11-14,0001437749-24-035296:ex_748277.htm,0001437749-24-035296,,,,,,,,https://www.sec.gov/cgi-bin/browse-edgar?action=getcompany&CIK=1320760,,TSSI
"""generative AI""",1907982,"D-Wave Quantum Inc.  (QBTS, QBTS-WT)  (CIK 0001907982)",8-K,2024-11-14,0001907982-24-000159:qbts-20241114xexx991.htm,0001907982-24-000159,,,,,,,,https://www.sec.gov/cgi-bin/browse-edgar?action=getcompany&CIK=1907982,,QBTS
"""generative AI""",64463,"Soluna Holdings, Inc  (SLNH, SLNHP)  (CIK 0000064463)",8-K,2024-11-15,0001493152-24-046349:ex99-1.htm,0001493152-24-046349,,,,,,,,https://www.sec.gov/cgi-bin/browse-edgar?action=getcompany&CIK=64463,,SLNH
"""generative AI""",64463,"Soluna Holdings, Inc  (SLNH, SLNHP)  (CIK 0000064463)",8-K,2024-11-15,0001493152-24-046349:ex99-1.htm,0001493152-24-046349,,,,,,,,https://www.sec.gov/cgi-bin/browse-edgar?action=getcompany&CIK=64463,,SLNHP
"""generative AI""",1823466,"FiscalNote Holdings, Inc.  (NOTE, NOTE-WT)  (CIK 0001823466)",8-K,2024-11-15,0000950170-24-127551:note-ex99_1.htm,0000950170-24-127551,,,,,,,,https://www.sec.gov/cgi-bin/browse-edgar?action=getcompany&CIK=1823466,,NOTE
"""generative AI""",1823466,"FiscalNote Holdings, Inc.  (NOTE, NOTE-WT)  (CIK 0001823466)",8-K,2024-11-15,0000950170-24-127551:note-ex99_1.htm,0000950170-24-127551,,,,,,,,https://www.sec.gov/cgi-bin/browse-edgar?action=getcompany&CIK=1823466,,NOTEW
"""generative AI""",1581280,Twist Bioscience Corp  (TWST)  (CIK 0001581280),8-K,2024-11-18,0001628280-24-048173:twst-20240930xex991.htm,0001628280-24-048173,,,,,,,,https://www.sec.gov/cgi-bin/browse-edgar?action=getcompany&CIK=1581280,,TWST
"""AI research and development""",1877461,1606 CORP.  (CBDW)  (CIK 0001877461),8-K,2024-11-19,0001477932-24-007384:onesix_ex991.htm,0001477932-24-007384,,,,,,,,https://www.sec.gov/cgi-bin/browse-edgar?action=getcompany&CIK=1877461,,CBDW
"""generative artificial intelligence""",1120970,Comstock Inc.  (LODE)  (CIK 0001120970),8-K,2024-11-19,0001437749-24-035682:ex_749646.htm,0001437749-24-035682,,,,,,,,https://www.sec.gov/cgi-bin/browse-edgar?action=getcompany&CIK=1120970,,LODE
"""generative AI""",1383650,"Cheniere Energy Partners, L.P.  (CQP)  (CIK 0001383650)",8-K,2024-11-19,0001383650-24-000063:codeofbusinessconductandet.htm,0001383650-24-000063,,,,,,,,https://www.sec.gov/cgi-bin/browse-edgar?action=getcompany&CIK=1383650,,CQP
"""generative AI""",3570,"Cheniere Energy, Inc.  (LNG)  (CIK 0000003570)",8-K,2024-11-19,0000003570-24-000127:codeofbusinessconductandet.htm,0000003570-24-000127,,,,,,,,https://www.sec.gov/cgi-bin/browse-edgar?action=getcompany&CIK=3570,,LNG
"""generative AI""",1045810,NVIDIA CORP  (NVDA)  (CIK 0001045810),8-K,2024-11-20,0001045810-24-000315:q3fy25cfocommentary.htm,0001045810-24-000315,,,,,,,,https://www.sec.gov/cgi-bin/browse-edgar?action=getcompany&CIK=1045810,,NVDA
"""generative AI""",27904,"DELTA AIR LINES, INC.  (DAL)  (CIK 0000027904)",8-K,2024-11-20,0001683168-24-008276:delta_ex9902.htm,0001683168-24-008276,,,,,,,,https://www.sec.gov/cgi-bin/browse-edgar?action=getcompany&CIK=27904,,DAL
"""generative artificial intelligence""",1120970,Comstock Inc.  (LODE)  (CIK 0001120970),8-K,2024-11-20,0001437749-24-035863:ex_750285.htm,0001437749-24-035863,,,,,,,,https://www.sec.gov/cgi-bin/browse-edgar?action=getcompany&CIK=1120970,,LODE
"""generative AI""",1601830,"RECURSION PHARMACEUTICALS, INC.  (RXRX)  (CIK 0001601830)",8-K,2024-11-20,0001601830-24-000217:exhibit992-closingdeck.htm,0001601830-24-000217,,,,,,,,https://www.sec.gov/cgi-bin/browse-edgar?action=getcompany&CIK=1601830,,RXRX
"""generative artificial intelligence""",1833197,"Latham Group, Inc.  (SWIM)  (CIK 0001833197)",8-K,2024-11-20,0001104659-24-120880:tm2428957d1_ex99.htm,0001104659-24-120880,,,,,,,,https://www.sec.gov/cgi-bin/browse-edgar?action=getcompany&CIK=1833197,,SWIM
"""generative artificial intelligence""",829323,"Inuvo, Inc.  (INUV)  (CIK 0000829323)",8-K,2024-11-20,0001654954-24-014680:inuvo_ex991.htm,0001654954-24-014680,,,,,,,,https://www.sec.gov/cgi-bin/browse-edgar?action=getcompany&CIK=829323,,INUV
"""generative AI""",1859199,reAlpha Tech Corp.  (AIRE)  (CIK 0001859199),8-K,2024-11-21,0001213900-24-100731:ea022204701ex99-2_realpha.htm,0001213900-24-100731,,,,,,,,https://www.sec.gov/cgi-bin/browse-edgar?action=getcompany&CIK=1859199,,AIRE
"""generative artificial intelligence""",1835378,"Innovid Corp.  (CTV, CTV-WT)  (CIK 0001835378)",8-K,2024-11-21,0001213900-24-101038:ea022210401ex2-1_innovid.htm,0001213900-24-101038,,,,,,,,https://www.sec.gov/cgi-bin/browse-edgar?action=getcompany&CIK=1835378,,
"""generative AI""",1768267,Cerence Inc.  (CRNC)  (CIK 0001768267),8-K,2024-11-21,0000950170-24-129486:crnc-ex99_1.htm,0000950170-24-129486,,,,,,,,https://www.sec.gov/cgi-bin/browse-edgar?action=getcompany&CIK=1768267,,CRNC
"""large language model""",1144879,Applied Digital Corp.  (APLD)  (CIK 0001144879),8-K,2024-11-21,0001493152-24-047084:ex10-1.htm,0001493152-24-047084,,,,,,,,https://www.sec.gov/cgi-bin/browse-edgar?action=getcompany&CIK=1144879,,APLD
"""generative AI""",1066194,EGAIN Corp  (EGAN)  (CIK 0001066194),8-K,2024-11-21,0001558370-24-015894:egan-20241115xex99d1.htm,0001558370-24-015894,,,,,,,,https://www.sec.gov/cgi-bin/browse-edgar?action=getcompany&CIK=1066194,,EGAN
"""generative AI""",1002047,"NetApp, Inc.  (NTAP)  (CIK 0001002047)",8-K,2024-11-21,0000950170-24-129714:ntap-ex99_1.htm,0000950170-24-129714,,,,,,,,https://www.sec.gov/cgi-bin/browse-edgar?action=getcompany&CIK=1002047,,NTAP
"""generative AI""",1905956,TREASURE GLOBAL INC  (TGL)  (CIK 0001905956),8-K,2024-11-22,0001213900-24-101694:ea022204601ex10-1_treasure.htm,0001213900-24-101694,,,,,,,,https://www.sec.gov/cgi-bin/browse-edgar?action=getcompany&CIK=1905956,,TGL
"""generative AI""",1568100,"PagerDuty, Inc.  (PD)  (CIK 0001568100)",8-K,2024-11-26,0001568100-24-000137:ex991-pagerdutyq3fy25earni.htm,0001568100-24-000137,,,,,,,,https://www.sec.gov/cgi-bin/browse-edgar?action=getcompany&CIK=1568100,,PD
"""AI acquisition""",1848861,"Healthcare AI Acquisition Corp.  (HAIA, HAIAU, HAIAW)  (CIK 0001848861)",8-K,2024-11-27,0001477932-24-007707:haia_ex101.htm,0001477932-24-007707,,,,,,,,https://www.sec.gov/cgi-bin/browse-edgar?action=getcompany&CIK=1848861,,
"""generative AI""",1474432,"Pure Storage, Inc.  (PSTG)  (CIK 0001474432)",8-K,2024-12-03,0001628280-24-049744:pstg-ex991q3fy2025xpressre.htm,0001628280-24-049744,,,,,,,,https://www.sec.gov/cgi-bin/browse-edgar?action=getcompany&CIK=1474432,,P
"""generative AI""",789019,MICROSOFT CORP  (MSFT)  (CIK 0000789019),8-K,2024-12-03,0000950170-24-132722:msft-ex99_1.htm,0000950170-24-132722,,,,,,,,https://www.sec.gov/cgi-bin/browse-edgar?action=getcompany&CIK=789019,,MSFT
"""generative AI""",1847355,"Target Global Acquisition I Corp.  (TGAA, TGAAU, TGAAW)  (CIK 0001847355)",8-K,2024-12-03,0001193125-24-269093:d120662dex21.htm,0001193125-24-269093,,,,,,,,https://www.sec.gov/cgi-bin/browse-edgar?action=getcompany&CIK=1847355,,
"""AI partnership""",1372612,"BOX INC  (BOX, BXNCP)  (CIK 0001372612)",8-K,2024-12-03,0000950170-24-132766:box-ex99_1.htm,0000950170-24-132766,,,,,,,,https://www.sec.gov/cgi-bin/browse-edgar?action=getcompany&CIK=1372612,,BOX
"""AI partnership""",1372612,"BOX INC  (BOX, BXNCP)  (CIK 0001372612)",8-K,2024-12-03,0000950170-24-132766:box-ex99_1.htm,0000950170-24-132766,,,,,,,,https://www.sec.gov/cgi-bin/browse-edgar?action=getcompany&CIK=1372612,,BXCAP
"""generative AI""",2018064,"TechTarget, Inc.  (CIK 0002018064)",8-K,2024-12-03,0001193125-24-269931:d913820dex992.htm,0001193125-24-269931,,,,,,,,https://www.sec.gov/cgi-bin/browse-edgar?action=getcompany&CIK=2018064,,TTGT
"""generative AI""",1768267,Cerence Inc.  (CRNC)  (CIK 0001768267),8-K,2024-12-03,0001193125-24-269993:d916053dex991.htm,0001193125-24-269993,,,,,,,,https://www.sec.gov/cgi-bin/browse-edgar?action=getcompany&CIK=1768267,,CRNC
"""generative AI""",1835830,"Klaviyo, Inc.  (KVYO)  (CIK 0001835830)",8-K,2024-12-03,0001835830-24-000116:bfcm2024impactreportpressr.htm,0001835830-24-000116,,,,,,,,https://www.sec.gov/cgi-bin/browse-edgar?action=getcompany&CIK=1835830,,KVYO
"""generative AI""",1607939,"Udemy, Inc.  (UDMY)  (CIK 0001607939)",8-K,2024-12-03,0001607939-24-000202:udmy-directorappointmentxe.htm,0001607939-24-000202,,,,,,,,https://www.sec.gov/cgi-bin/browse-edgar?action=getcompany&CIK=1607939,,
"""large language model""",1144879,Applied Digital Corp.  (APLD)  (CIK 0001144879),8-K,2024-12-04,0001493152-24-048706:ex10-1.htm,0001493152-24-048706,,,,,,,,https://www.sec.gov/cgi-bin/browse-edgar?action=getcompany&CIK=1144879,,APLD
"""generative AI""",1568100,"PagerDuty, Inc.  (PD)  (CIK 0001568100)",8-K,2024-12-05,0001568100-24-000142:exhibit991-12520248xk.htm,0001568100-24-000142,,,,,,,,https://www.sec.gov/cgi-bin/browse-edgar?action=getcompany&CIK=1568100,,PD
"""generative artificial intelligence""",107140,"JOHN WILEY & SONS, INC.  (WLY, WLYB)  (CIK 0000107140)",8-K,2024-12-05,0000107140-24-000234:q225earningspresentation.htm,0000107140-24-000234,,,,,,,,https://www.sec.gov/cgi-bin/browse-edgar?action=getcompany&CIK=107140,,WLY
"""generative artificial intelligence""",107140,"JOHN WILEY & SONS, INC.  (WLY, WLYB)  (CIK 0000107140)",8-K,2024-12-05,0000107140-24-000234:q225earningspresentation.htm,0000107140-24-000234,,,,,,,,https://www.sec.gov/cgi-bin/browse-edgar?action=getcompany&CIK=107140,,WLYB
"""AI acquisition""",1852889,"Investcorp AI Acquisition Corp.  (IVCA, IVCAU, IVCAW)  (CIK 0001852889)",8-K,2024-12-05,0001193125-24-271511:d858363d8k.htm,0001193125-24-271511,,,,,,,,https://www.sec.gov/cgi-bin/browse-edgar?action=getcompany&CIK=1852889,,
"""large language model""",1734722,"UiPath, Inc.  (PATH)  (CIK 0001734722)",8-K,2024-12-05,0001734722-24-000055:path-20241031xex991.htm,0001734722-24-000055,,,,,,,,https://www.sec.gov/cgi-bin/browse-edgar?action=getcompany&CIK=1734722,,PATH
"""generative artificial intelligence""",1261333,"DOCUSIGN, INC.  (DOCU)  (CIK 0001261333)",8-K,2024-12-05,0001261333-24-000148:q325ex-991er.htm,0001261333-24-000148,,,,,,,,https://www.sec.gov/cgi-bin/browse-edgar?action=getcompany&CIK=1261333,,DOCU
"""large language model""",1393052,VEEVA SYSTEMS INC  (VEEV)  (CIK 0001393052),8-K,2024-12-05,0001393052-24-000071:veev-20241031q325xex991.htm,0001393052-24-000071,,,,,,,,https://www.sec.gov/cgi-bin/browse-edgar?action=getcompany&CIK=1393052,,VEEV
"""generative AI""",64463,"Soluna Holdings, Inc  (SLNH, SLNHP)  (CIK 0000064463)",8-K,2024-12-09,0001493152-24-049255:ex99-1.htm,0001493152-24-049255,,,,,,,,https://www.sec.gov/cgi-bin/browse-edgar?action=getcompany&CIK=64463,,SLNH
"""generative AI""",64463,"Soluna Holdings, Inc  (SLNH, SLNHP)  (CIK 0000064463)",8-K,2024-12-09,0001493152-24-049255:ex99-1.htm,0001493152-24-049255,,,,,,,,https://www.sec.gov/cgi-bin/browse-edgar?action=getcompany&CIK=64463,,SLNHP
"""generative AI""",1577526,"C3.ai, Inc.  (AI)  (CIK 0001577526)",8-K,2024-12-09,0001628280-24-050446:ex991-fy25xq2earnings.htm,0001628280-24-050446,,,,,,,,https://www.sec.gov/cgi-bin/browse-edgar?action=getcompany&CIK=1577526,,AI
"""generative AI""",1614178,"Yext, Inc.  (YEXT)  (CIK 0001614178)",8-K,2024-12-09,0001614178-24-000139:q3fy25shareholderletter.htm,0001614178-24-000139,,,,,,,,https://www.sec.gov/cgi-bin/browse-edgar?action=getcompany&CIK=1614178,,YEXT
"""generative AI""",1341439,ORACLE CORP  (ORCL)  (CIK 0001341439),8-K,2024-12-09,0000950170-24-134537:orcl-ex99_1.htm,0000950170-24-134537,,,,,,,,https://www.sec.gov/cgi-bin/browse-edgar?action=getcompany&CIK=1341439,,ORCL
"""generative AI""",1341439,ORACLE CORP  (ORCL)  (CIK 0001341439),8-K,2024-12-09,0000950170-24-134537:orcl-ex99_1.htm,0000950170-24-134537,,,,,,,,https://www.sec.gov/cgi-bin/browse-edgar?action=getcompany&CIK=1341439,,ORCL-PD
"""generative AI""",1851003,Zeta Global Holdings Corp.  (ZETA)  (CIK 0001851003),8-K,2024-12-09,0000950170-24-134508:zeta-20241209.htm,0000950170-24-134508,,,,,,,,https://www.sec.gov/cgi-bin/browse-edgar?action=getcompany&CIK=1851003,,ZETA
"""generative artificial intelligence""",2011641,Ferguson Enterprises Inc. /DE/  (FERG)  (CIK 0002011641),8-K,2024-12-10,0002011641-24-000009:exhibit991pressreleaseq1fy.htm,0002011641-24-000009,,,,,,,,https://www.sec.gov/cgi-bin/browse-edgar?action=getcompany&CIK=2011641,,FERG
"""generative AI""",60667,LOWES COMPANIES INC  (LOW)  (CIK 0000060667),8-K,2024-12-11,0000060667-24-000175:exhibit991-12112024.htm,0000060667-24-000175,,,,,,,,https://www.sec.gov/cgi-bin/browse-edgar?action=getcompany&CIK=60667,,LOW
"""generative AI""",1868640,"Roadzen Inc.  (RDZN, RDZNW)  (CIK 0001868640)",8-K,2024-12-12,0001493152-24-049752:ex99-1.htm,0001493152-24-049752,,,,,,,,https://www.sec.gov/cgi-bin/browse-edgar?action=getcompany&CIK=1868640,,RDZN
"""generative AI""",1868640,"Roadzen Inc.  (RDZN, RDZNW)  (CIK 0001868640)",8-K,2024-12-12,0001493152-24-049752:ex99-1.htm,0001493152-24-049752,,,,,,,,https://www.sec.gov/cgi-bin/browse-edgar?action=getcompany&CIK=1868640,,RDZNW
"""AI acquisition""",1848861,"Healthcare AI Acquisition Corp.  (HAIA, HAIAU, HAIAW)  (CIK 0001848861)",8-K,2024-12-12,0001477932-24-008044:haia_8k.htm,0001477932-24-008044,,,,,,,,https://www.sec.gov/cgi-bin/browse-edgar?action=getcompany&CIK=1848861,,
"""generative AI""",64463,"Soluna Holdings, Inc  (SLNH, SLNHP)  (CIK 0000064463)",8-K,2024-12-13,0001493152-24-049909:ex99-1.htm,0001493152-24-049909,,,,,,,,https://www.sec.gov/cgi-bin/browse-edgar?action=getcompany&CIK=64463,,SLNH
"""generative AI""",64463,"Soluna Holdings, Inc  (SLNH, SLNHP)  (CIK 0000064463)",8-K,2024-12-13,0001493152-24-049909:ex99-1.htm,0001493152-24-049909,,,,,,,,https://www.sec.gov/cgi-bin/browse-edgar?action=getcompany&CIK=64463,,SLNHP
"""generative AI""",1582982,"CareCloud, Inc.  (CCLD, CCLDO, CCLDP)  (CIK 0001582982)",8-K,2024-12-16,0001493152-24-050116:ex99-1.htm,0001493152-24-050116,,,,,,,,https://www.sec.gov/cgi-bin/browse-edgar?action=getcompany&CIK=1582982,,CCLD
"""generative artificial intelligence""",1437226,"Mastech Digital, Inc.  (MHH)  (CIK 0001437226)",8-K,2024-12-16,0001193125-24-279042:d848286dex101.htm,0001193125-24-279042,,,,,,,,https://www.sec.gov/cgi-bin/browse-edgar?action=getcompany&CIK=1437226,,MHH
"""generative AI""",1667313,"Zedge, Inc.  (ZDGE)  (CIK 0001667313)",8-K,2024-12-16,0001213900-24-109010:ea022485401ex99-1_zedge.htm,0001213900-24-109010,,,,,,,,https://www.sec.gov/cgi-bin/browse-edgar?action=getcompany&CIK=1667313,,ZDGE
"""generative AI""",929351,"LIONS GATE ENTERTAINMENT CORP /CN/  (LGF-A, LGF-B)  (CIK 0000929351)",8-K,2024-12-16,0001193125-24-279034:d914471dex101.htm,0001193125-24-279034,,,,,,,,https://www.sec.gov/cgi-bin/browse-edgar?action=getcompany&CIK=929351,,STRZ
"""generative AI""",2006191,Lionsgate Studios Corp.  (LION)  (CIK 0002006191),8-K,2024-12-16,0001193125-24-279032:d897121dex101.htm,0001193125-24-279032,,,,,,,,https://www.sec.gov/cgi-bin/browse-edgar?action=getcompany&CIK=2006191,,
"""generative AI""",1896212,"CONDUIT PHARMACEUTICALS INC.  (CDT, CDTTW)  (CIK 0001896212)",8-K,2024-12-17,0001493152-24-050443:ex10-1.htm,0001493152-24-050443,,,,,,,,https://www.sec.gov/cgi-bin/browse-edgar?action=getcompany&CIK=1896212,,CDT
"""generative AI""",1896212,"CONDUIT PHARMACEUTICALS INC.  (CDT, CDTTW)  (CIK 0001896212)",8-K,2024-12-17,0001493152-24-050443:ex10-1.htm,0001493152-24-050443,,,,,,,,https://www.sec.gov/cgi-bin/browse-edgar?action=getcompany&CIK=1896212,,CDTTW
"""generative artificial intelligence""",1120970,Comstock Inc.  (LODE)  (CIK 0001120970),8-K,2024-12-17,0001437749-24-037730:ex_758339.htm,0001437749-24-037730,,,,,,,,https://www.sec.gov/cgi-bin/browse-edgar?action=getcompany&CIK=1120970,,LODE
"""generative AI""",1868640,"Roadzen Inc.  (RDZN, RDZNW)  (CIK 0001868640)",8-K,2024-12-17,0001493152-24-050430:ex99-2.htm,0001493152-24-050430,,,,,,,,https://www.sec.gov/cgi-bin/browse-edgar?action=getcompany&CIK=1868640,,RDZN
"""generative AI""",1868640,"Roadzen Inc.  (RDZN, RDZNW)  (CIK 0001868640)",8-K,2024-12-17,0001493152-24-050430:ex99-2.htm,0001493152-24-050430,,,,,,,,https://www.sec.gov/cgi-bin/browse-edgar?action=getcompany&CIK=1868640,,RDZNW
"""generative artificial intelligence""",730708,SEACOAST BANKING CORP OF FLORIDA  (SBCF)  (CIK 0000730708),8-K,2024-12-19,0000730708-24-000240:sbcfpressrelease20241219.htm,0000730708-24-000240,,,,,,,,https://www.sec.gov/cgi-bin/browse-edgar?action=getcompany&CIK=730708,,SBCF
"""generative AI""",1467373,Accenture plc  (ACN)  (CIK 0001467373),8-K,2024-12-19,0001467373-24-000351:fy25q1earnings8-kexhibit.htm,0001467373-24-000351,,,,,,,,https://www.sec.gov/cgi-bin/browse-edgar?action=getcompany&CIK=1467373,,ACN
"""generative AI""",1859199,reAlpha Tech Corp.  (AIRE)  (CIK 0001859199),8-K,2024-12-19,0001213900-24-110310:ea022521201ex99-1_realpha.htm,0001213900-24-110310,,,,,,,,https://www.sec.gov/cgi-bin/browse-edgar?action=getcompany&CIK=1859199,,AIRE
"""generative AI""",1422142,"Aadi Bioscience, Inc.  (AADI)  (CIK 0001422142)",8-K,2024-12-20,0001193125-24-282407:d891246dex21.htm,0001193125-24-282407,,,,,,,,https://www.sec.gov/cgi-bin/browse-edgar?action=getcompany&CIK=1422142,,WHWK
"""AI acquisition""",1848861,"Healthcare AI Acquisition Corp.  (HAIA, HAIAF, HAIAU, HAIAW)  (CIK 0001848861)",8-K,2024-12-20,0001477932-24-008240:haia_ex101.htm,0001477932-24-008240,,,,,,,,https://www.sec.gov/cgi-bin/browse-edgar?action=getcompany&CIK=1848861,,
"""generative AI""",1875493,"CSLM ACQUISITION CORP.  (CSLM, CSLMR, CSLMU, CSLMW)  (CIK 0001875493)",8-K,2024-12-20,0001193125-24-282236:d841829dex991.htm,0001193125-24-282236,,,,,,,,https://www.sec.gov/cgi-bin/browse-edgar?action=getcompany&CIK=1875493,,
"""generative AI""",1120970,Comstock Inc.  (LODE)  (CIK 0001120970),8-K,2024-12-20,0001437749-24-038022:ex_755343.htm,0001437749-24-038022,,,,,,,,https://www.sec.gov/cgi-bin/browse-edgar?action=getcompany&CIK=1120970,,LODE
"""generative AI""",1768267,Cerence Inc.  (CRNC)  (CIK 0001768267),8-K,2024-12-23,0001193125-24-284230:d915960dex991.htm,0001193125-24-284230,,,,,,,,https://www.sec.gov/cgi-bin/browse-edgar?action=getcompany&CIK=1768267,,CRNC
"""strategic AI""",1945619,Kinetic Seas Inc.  (KSEZ)  (CIK 0001945619),8-K,2024-12-23,0001683168-24-008909:kinetic_ex9901.htm,0001683168-24-008909,,,,,,,,https://www.sec.gov/cgi-bin/browse-edgar?action=getcompany&CIK=1945619,,KSEZ
"""generative AI""",1849380,"OneMedNet Corp  (ONMD, ONMDW)  (CIK 0001849380)",8-K,2024-12-30,0001493152-24-052405:ex99-1.htm,0001493152-24-052405,,,,,,,,https://www.sec.gov/cgi-bin/browse-edgar?action=getcompany&CIK=1849380,,ONMD
"""generative AI""",1849380,"OneMedNet Corp  (ONMD, ONMDW)  (CIK 0001849380)",8-K,2024-12-30,0001493152-24-052405:ex99-1.htm,0001493152-24-052405,,,,,,,,https://www.sec.gov/cgi-bin/browse-edgar?action=getcompany&CIK=1849380,,ONMDW
"""generative AI""",1473490,"Global AI, Inc.  (GLAI)  (CIK 0001473490)",8-K,2024-12-30,0001493152-24-052406:ex99-1.htm,0001493152-24-052406,,,,,,,,https://www.sec.gov/cgi-bin/browse-edgar?action=getcompany&CIK=1473490,,GLAI
"""generative AI""",1021561,"NU SKIN ENTERPRISES, INC.  (NUS)  (CIK 0001021561)",8-K,2025-01-03,0001140361-25-000113:ef20041017_ex2-1.htm,0001140361-25-000113,,,,,,,,https://www.sec.gov/cgi-bin/browse-edgar?action=getcompany&CIK=1021561,,NUS
"""generative AI""",1868640,"Roadzen Inc.  (RDZN, RDZNW)  (CIK 0001868640)",8-K,2025-01-06,0001493152-25-000996:ex99-2.htm,0001493152-25-000996,,,,,,,,https://www.sec.gov/cgi-bin/browse-edgar?action=getcompany&CIK=1868640,,RDZN
"""generative AI""",1868640,"Roadzen Inc.  (RDZN, RDZNW)  (CIK 0001868640)",8-K,2025-01-06,0001493152-25-000996:ex99-2.htm,0001493152-25-000996,,,,,,,,https://www.sec.gov/cgi-bin/browse-edgar?action=getcompany&CIK=1868640,,RDZNW
"""AI initiative""",1720420,IBEX Ltd  (IBEX)  (CIK 0001720420),8-K,2025-01-06,0001720420-25-000002:exhibit991-pressreleasedat.htm,0001720420-25-000002,,,,,,,,https://www.sec.gov/cgi-bin/browse-edgar?action=getcompany&CIK=1720420,,IBEX
"""generative AI""",1898496,"Getty Images Holdings, Inc.  (GETY)  (CIK 0001898496)",8-K,2025-01-07,0001104659-25-001735:tm252186d2_ex99-1.htm,0001104659-25-001735,,,,,,,,https://www.sec.gov/cgi-bin/browse-edgar?action=getcompany&CIK=1898496,,GETY
"""generative AI""",1549346,"Shutterstock, Inc.  (SSTK)  (CIK 0001549346)",8-K,2025-01-07,0001140361-25-000468:ny20041185x1_ex99-1.htm,0001140361-25-000468,,,,,,,,https://www.sec.gov/cgi-bin/browse-edgar?action=getcompany&CIK=1549346,,SSTK
"""generative AI""",1473490,"Global AI, Inc.  (GLAI)  (CIK 0001473490)",8-K,2025-01-07,0001493152-25-001227:ex99-1.htm,0001493152-25-001227,,,,,,,,https://www.sec.gov/cgi-bin/browse-edgar?action=getcompany&CIK=1473490,,GLAI
"""generative AI""",1320760,"TSS, Inc.  (TSSI)  (CIK 0001320760)",8-K,2025-01-07,0001654954-25-000152:tssi_ex991.htm,0001654954-25-000152,,,,,,,,https://www.sec.gov/cgi-bin/browse-edgar?action=getcompany&CIK=1320760,,TSSI
"""generative AI""",1481646,"Accolade, Inc.  (ACCD)  (CIK 0001481646)",8-K,2025-01-08,0001140361-25-000544:ny20041213x1_ex99-1.htm,0001140361-25-000544,,,,,,,,https://www.sec.gov/cgi-bin/browse-edgar?action=getcompany&CIK=1481646,,
"""generative AI""",64463,"Soluna Holdings, Inc  (SLNH, SLNHP)  (CIK 0000064463)",8-K,2025-01-08,0001493152-25-001383:ex99-1.htm,0001493152-25-001383,,,,,,,,https://www.sec.gov/cgi-bin/browse-edgar?action=getcompany&CIK=64463,,SLNH
"""generative AI""",64463,"Soluna Holdings, Inc  (SLNH, SLNHP)  (CIK 0000064463)",8-K,2025-01-08,0001493152-25-001383:ex99-1.htm,0001493152-25-001383,,,,,,,,https://www.sec.gov/cgi-bin/browse-edgar?action=getcompany&CIK=64463,,SLNHP
"""generative AI""",1420720,"iBio, Inc.  (IBIO)  (CIK 0001420720)",8-K,2025-01-10,0001420720-25-000003:ibio-20250110xex99d1.htm,0001420720-25-000003,,,,,,,,https://www.sec.gov/cgi-bin/browse-edgar?action=getcompany&CIK=1420720,,IBIO
"""generative artificial intelligence""",1800227,IAC Inc.  (IAC)  (CIK 0001800227),8-K,2025-01-13,0001104659-25-003096:tm253165d1_ex99-1.htm,0001104659-25-003096,,,,,,,,https://www.sec.gov/cgi-bin/browse-edgar?action=getcompany&CIK=1800227,,PPLI
"""generative artificial intelligence""",1866368,"Clearwater Analytics Holdings, Inc.  (CWAN)  (CIK 0001866368)",8-K,2025-01-13,0001193125-25-004935:d921635dex21.htm,0001193125-25-004935,,,,,,,,https://www.sec.gov/cgi-bin/browse-edgar?action=getcompany&CIK=1866368,,
"""generative AI""",1601830,"RECURSION PHARMACEUTICALS, INC.  (RXRX)  (CIK 0001601830)",8-K,2025-01-13,0001601830-25-000008:rxrx_jpm2025deckxfinal.htm,0001601830-25-000008,,,,,,,,https://www.sec.gov/cgi-bin/browse-edgar?action=getcompany&CIK=1601830,,RXRX
"""generative artificial intelligence""",1120970,Comstock Inc.  (LODE)  (CIK 0001120970),8-K,2025-01-13,0001437749-25-000923:ex_764695.htm,0001437749-25-000923,,,,,,,,https://www.sec.gov/cgi-bin/browse-edgar?action=getcompany&CIK=1120970,,LODE
"""generative artificial intelligence""",1868912,"Enfusion, Inc.  (ENFN)  (CIK 0001868912)",8-K,2025-01-13,0001104659-25-002843:tm251420d1_ex2-1.htm,0001104659-25-002843,,,,,,,,https://www.sec.gov/cgi-bin/browse-edgar?action=getcompany&CIK=1868912,,
"""generative AI""",1636422,"Health Catalyst, Inc.  (HCAT)  (CIK 0001636422)",8-K,2025-01-13,0001636422-25-000010:healthcatalyst_jpmorganm.htm,0001636422-25-000010,,,,,,,,https://www.sec.gov/cgi-bin/browse-edgar?action=getcompany&CIK=1636422,,HCAT
"""generative artificial intelligence""",1705110,Angi Inc.  (ANGI)  (CIK 0001705110),8-K,2025-01-13,0001104659-25-003095:tm253172d1_ex99-1.htm,0001104659-25-003095,,,,,,,,https://www.sec.gov/cgi-bin/browse-edgar?action=getcompany&CIK=1705110,,ANGI
"""generative AI""",1534154,authID Inc.  (AUID)  (CIK 0001534154),8-K,2025-01-14,0001213900-25-003442:ea022766701ex99-1_authid.htm,0001213900-25-003442,,,,,,,,https://www.sec.gov/cgi-bin/browse-edgar?action=getcompany&CIK=1534154,,AUID
"""AI acquisition""",1848861,"Healthcare AI Acquisition Corp.  (HAIAF, HAIUF, HAIWF)  (CIK 0001848861)",8-K,2025-01-14,0001477932-25-000238:haia_8k.htm,0001477932-25-000238,,,,,,,,https://www.sec.gov/cgi-bin/browse-edgar?action=getcompany&CIK=1848861,,
"""generative AI""",1672688,Absci Corp  (ABSI)  (CIK 0001672688),8-K,2025-01-15,0001628280-25-001612:final-jpm2025presentatio.htm,0001628280-25-001612,,,,,,,,https://www.sec.gov/cgi-bin/browse-edgar?action=getcompany&CIK=1672688,,ABSI
"""generative artificial intelligence""",72971,"WELLS FARGO & COMPANY/MN  (WFC, WFCNP, WFC-PA, WFC-PC, WFC-PD, WFC-PL, WFC-PY, WFC-PZ)  (CIK 0000072971)",8-K,2025-01-15,0000072971-25-000007:ex993-wellsfargo4q24pres.htm,0000072971-25-000007,,,,,,,,https://www.sec.gov/cgi-bin/browse-edgar?action=getcompany&CIK=72971,,WFC
"""generative artificial intelligence""",72971,"WELLS FARGO & COMPANY/MN  (WFC, WFCNP, WFC-PA, WFC-PC, WFC-PD, WFC-PL, WFC-PY, WFC-PZ)  (CIK 0000072971)",8-K,2025-01-15,0000072971-25-000007:ex993-wellsfargo4q24pres.htm,0000072971-25-000007,,,,,,,,https://www.sec.gov/cgi-bin/browse-edgar?action=getcompany&CIK=72971,,WFC-PY
"""generative artificial intelligence""",72971,"WELLS FARGO & COMPANY/MN  (WFC, WFCNP, WFC-PA, WFC-PC, WFC-PD, WFC-PL, WFC-PY, WFC-PZ)  (CIK 0000072971)",8-K,2025-01-15,0000072971-25-000007:ex993-wellsfargo4q24pres.htm,0000072971-25-000007,,,,,,,,https://www.sec.gov/cgi-bin/browse-edgar?action=getcompany&CIK=72971,,WFC-PL
"""generative artificial intelligence""",72971,"WELLS FARGO & COMPANY/MN  (WFC, WFCNP, WFC-PA, WFC-PC, WFC-PD, WFC-PL, WFC-PY, WFC-PZ)  (CIK 0000072971)",8-K,2025-01-15,0000072971-25-000007:ex993-wellsfargo4q24pres.htm,0000072971-25-000007,,,,,,,,https://www.sec.gov/cgi-bin/browse-edgar?action=getcompany&CIK=72971,,WFC-PC
"""generative artificial intelligence""",72971,"WELLS FARGO & COMPANY/MN  (WFC, WFCNP, WFC-PA, WFC-PC, WFC-PD, WFC-PL, WFC-PY, WFC-PZ)  (CIK 0000072971)",8-K,2025-01-15,0000072971-25-000007:ex993-wellsfargo4q24pres.htm,0000072971-25-000007,,,,,,,,https://www.sec.gov/cgi-bin/browse-edgar?action=getcompany&CIK=72971,,WFC-PD
"""generative artificial intelligence""",72971,"WELLS FARGO & COMPANY/MN  (WFC, WFCNP, WFC-PA, WFC-PC, WFC-PD, WFC-PL, WFC-PY, WFC-PZ)  (CIK 0000072971)",8-K,2025-01-15,0000072971-25-000007:ex993-wellsfargo4q24pres.htm,0000072971-25-000007,,,,,,,,https://www.sec.gov/cgi-bin/browse-edgar?action=getcompany&CIK=72971,,WFC-PZ
"""generative artificial intelligence""",72971,"WELLS FARGO & COMPANY/MN  (WFC, WFCNP, WFC-PA, WFC-PC, WFC-PD, WFC-PL, WFC-PY, WFC-PZ)  (CIK 0000072971)",8-K,2025-01-15,0000072971-25-000007:ex993-wellsfargo4q24pres.htm,0000072971-25-000007,,,,,,,,https://www.sec.gov/cgi-bin/browse-edgar?action=getcompany&CIK=72971,,WFCNP
"""generative artificial intelligence""",72971,"WELLS FARGO & COMPANY/MN  (WFC, WFCNP, WFC-PA, WFC-PC, WFC-PD, WFC-PL, WFC-PY, WFC-PZ)  (CIK 0000072971)",8-K,2025-01-15,0000072971-25-000007:ex993-wellsfargo4q24pres.htm,0000072971-25-000007,,,,,,,,https://www.sec.gov/cgi-bin/browse-edgar?action=getcompany&CIK=72971,,WFC-PA
"""generative AI""",1907982,"D-Wave Quantum Inc.  (QBTS, QBTS-WT)  (CIK 0001907982)",8-K,2025-01-15,0001907982-25-000014:needhamconferencenyc_fin.htm,0001907982-25-000014,,,,,,,,https://www.sec.gov/cgi-bin/browse-edgar?action=getcompany&CIK=1907982,,QBTS
"""generative artificial intelligence""",1803599,Concentrix Corp  (CNXC)  (CIK 0001803599),8-K,2025-01-15,0001803599-25-000011:exhibit991q42024.htm,0001803599-25-000011,,,,,,,,https://www.sec.gov/cgi-bin/browse-edgar?action=getcompany&CIK=1803599,,CNXC
"""generative AI""",1669162,"Kinsale Capital Group, Inc.  (KNSL)  (CIK 0001669162)",8-K,2025-01-16,0001669162-25-000002:investordaypresentation.htm,0001669162-25-000002,,,,,,,,https://www.sec.gov/cgi-bin/browse-edgar?action=getcompany&CIK=1669162,,KNSL
"""generative AI""",1498148,Artificial Intelligence Technology Solutions Inc.  (AITX)  (CIK 0001498148),8-K,2025-01-16,0001493152-25-002460:ex99-1.htm,0001493152-25-002460,,,,,,,,https://www.sec.gov/cgi-bin/browse-edgar?action=getcompany&CIK=1498148,,AITX
"""generative AI""",87347,SCHLUMBERGER LIMITED/NV  (SLB)  (CIK 0000087347),8-K,2025-01-17,0001193125-25-008046:d902232dex99.htm,0001193125-25-008046,,,,,,,,https://www.sec.gov/cgi-bin/browse-edgar?action=getcompany&CIK=87347,,SLB
"""generative AI""",1013857,PEGASYSTEMS INC  (PEGA)  (CIK 0001013857),8-K,2025-01-21,0001013857-25-000008:ex991to2025newdirector8-k.htm,0001013857-25-000008,,,,,,,,https://www.sec.gov/cgi-bin/browse-edgar?action=getcompany&CIK=1013857,,PEGA
"""generative AI""",100517,"United Airlines Holdings, Inc.  (UAL)  (CIK 0000100517)",8-K,2025-01-21,0000100517-25-000013:ual_12312024erex991.htm,0000100517-25-000013,,,,,,,,https://www.sec.gov/cgi-bin/browse-edgar?action=getcompany&CIK=100517,,UAL
"""generative artificial intelligence""",1038773,SMARTFINANCIAL INC.  (SMBK)  (CIK 0001038773),8-K,2025-01-21,0001558370-25-000289:smbk-20250121xex99d1.htm,0001558370-25-000289,,,,,,,,https://www.sec.gov/cgi-bin/browse-edgar?action=getcompany&CIK=1038773,,SMBK
"""generative AI""",1667313,"Zedge, Inc.  (ZDGE)  (CIK 0001667313)",8-K,2025-01-21,0001213900-25-004803:ea022815601ex99-1_zedge.htm,0001213900-25-004803,,,,,,,,https://www.sec.gov/cgi-bin/browse-edgar?action=getcompany&CIK=1667313,,ZDGE
"""generative AI""",1582982,"CareCloud, Inc.  (CCLD, CCLDO, CCLDP)  (CIK 0001582982)",8-K,2025-01-21,0001493152-25-002915:ex99-1.htm,0001493152-25-002915,,,,,,,,https://www.sec.gov/cgi-bin/browse-edgar?action=getcompany&CIK=1582982,,CCLD
"""generative artificial intelligence""",1120970,Comstock Inc.  (LODE)  (CIK 0001120970),8-K,2025-01-21,0001437749-25-001450:ex_767691.htm,0001437749-25-001450,,,,,,,,https://www.sec.gov/cgi-bin/browse-edgar?action=getcompany&CIK=1120970,,LODE
"""generative AI""",829323,"Inuvo, Inc.  (INUV)  (CIK 0000829323)",8-K,2025-01-21,0001654954-25-000568:inuvo_ex991.htm,0001654954-25-000568,,,,,,,,https://www.sec.gov/cgi-bin/browse-edgar?action=getcompany&CIK=829323,,INUV
"""generative artificial intelligence""",711669,COLONY BANKCORP INC  (CBAN)  (CIK 0000711669),8-K,2025-01-22,0000711669-25-000004:a4q2024er.htm,0000711669-25-000004,,,,,,,,https://www.sec.gov/cgi-bin/browse-edgar?action=getcompany&CIK=711669,,CBAN
"""generative artificial intelligence""",1516912,"Origin Bancorp, Inc.  (OBK)  (CIK 0001516912)",8-K,2025-01-22,0001516912-25-000008:a12312024obkexhibit991er.htm,0001516912-25-000008,,,,,,,,https://www.sec.gov/cgi-bin/browse-edgar?action=getcompany&CIK=1516912,,OBK
"""generative AI""",1870600,"Solo Brands, Inc.  (DTC)  (CIK 0001870600)",8-K,2025-01-22,0001870600-25-000002:dtc-20250116.htm,0001870600-25-000002,,,,,,,,https://www.sec.gov/cgi-bin/browse-edgar?action=getcompany&CIK=1870600,,SBDS
"""AI acquisition""",1848861,"Healthcare AI Acquisition Corp.  (HAIAF, HAIUF, HAIWF)  (CIK 0001848861)",8-K,2025-01-23,0001477932-25-000420:haia_ex101.htm,0001477932-25-000420,,,,,,,,https://www.sec.gov/cgi-bin/browse-edgar?action=getcompany&CIK=1848861,,
"""generative artificial intelligence""",730708,SEACOAST BANKING CORP OF FLORIDA  (SBCF)  (CIK 0000730708),8-K,2025-01-27,0000730708-25-000018:a4q2024earningsrelease.htm,0000730708-25-000018,,,,,,,,https://www.sec.gov/cgi-bin/browse-edgar?action=getcompany&CIK=730708,,SBCF
"""generative artificial intelligence""",42888,GRACO INC  (GGG)  (CIK 0000042888),8-K,2025-01-27,0000042888-25-000004:ggg1272025exhibit991q4.htm,0000042888-25-000004,,,,,,,,https://www.sec.gov/cgi-bin/browse-edgar?action=getcompany&CIK=42888,,GGG
"""generative AI""",1582982,"CareCloud, Inc.  (CCLD, CCLDO, CCLDP)  (CIK 0001582982)",8-K,2025-01-27,0001493152-25-003806:ex99-1.htm,0001493152-25-003806,,,,,,,,https://www.sec.gov/cgi-bin/browse-edgar?action=getcompany&CIK=1582982,,CCLD
"""generative AI""",713425,"LOGILITY SUPPLY CHAIN SOLUTIONS, INC  (LGTY)  (CIK 0000713425)",8-K,2025-01-28,0001140361-25-002221:ef20042421_ex2-1.htm,0001140361-25-002221,,,,,,,,https://www.sec.gov/cgi-bin/browse-edgar?action=getcompany&CIK=713425,,
"""generative AI""",106640,WHIRLPOOL CORP /DE/  (WHR)  (CIK 0000106640),8-K,2025-01-29,0000106640-25-000006:exhibit991pressrelease1231.htm,0000106640-25-000006,,,,,,,,https://www.sec.gov/cgi-bin/browse-edgar?action=getcompany&CIK=106640,,WHR
"""generative AI""",106640,WHIRLPOOL CORP /DE/  (WHR)  (CIK 0000106640),8-K,2025-01-29,0000106640-25-000006:exhibit991pressrelease1231.htm,0000106640-25-000006,,,,,,,,https://www.sec.gov/cgi-bin/browse-edgar?action=getcompany&CIK=106640,,WHR-PA
"""generative AI""",51143,INTERNATIONAL BUSINESS MACHINES CORP  (IBM)  (CIK 0000051143),8-K,2025-01-29,0000051143-25-000005:ibm-20250129xex991.htm,0000051143-25-000005,,,,,,,,https://www.sec.gov/cgi-bin/browse-edgar?action=getcompany&CIK=51143,,IBM
"""generative AI""",1043277,"C. H. ROBINSON WORLDWIDE, INC.  (CHRW)  (CIK 0001043277)",8-K,2025-01-29,0001043277-25-000004:q42024earningsdeck.htm,0001043277-25-000004,,,,,,,,https://www.sec.gov/cgi-bin/browse-edgar?action=getcompany&CIK=1043277,,CHRW
"""generative AI""",1326801,"Meta Platforms, Inc.  (META)  (CIK 0001326801)",8-K,2025-01-29,0001326801-25-000014:meta-12312024xexhibit991.htm,0001326801-25-000014,,,,,,,,https://www.sec.gov/cgi-bin/browse-edgar?action=getcompany&CIK=1326801,,META
"""generative AI""",1651562,"Coursera, Inc.  (COUR)  (CIK 0001651562)",8-K,2025-01-29,0001104659-25-007213:tm254798d1_ex99-1.htm,0001104659-25-007213,,,,,,,,https://www.sec.gov/cgi-bin/browse-edgar?action=getcompany&CIK=1651562,,COUR
"""generative artificial intelligence""",4962,AMERICAN EXPRESS CO  (AXP)  (CIK 0000004962),8-K,2025-01-30,0000004962-25-000010:exhibit991jan302025executi.htm,0000004962-25-000010,,,,,,,,https://www.sec.gov/cgi-bin/browse-edgar?action=getcompany&CIK=4962,,AXP
"""generative artificial intelligence""",1745916,"PennyMac Financial Services, Inc.  (PFSI)  (CIK 0001745916)",8-K,2025-01-30,0001104659-25-007618:tm254882d1_ex99-2.htm,0001104659-25-007618,,,,,,,,https://www.sec.gov/cgi-bin/browse-edgar?action=getcompany&CIK=1745916,,PFSI
"""generative AI""",51143,INTERNATIONAL BUSINESS MACHINES CORP  (IBM)  (CIK 0000051143),8-K,2025-01-30,0000051143-25-000007:ibm_ex99x2.htm,0000051143-25-000007,,,,,,,,https://www.sec.gov/cgi-bin/browse-edgar?action=getcompany&CIK=51143,,IBM
"""large language model""",1126741,GSI TECHNOLOGY INC  (GSIT)  (CIK 0001126741),8-K,2025-01-30,0001171843-25-000534:exh_991.htm,0001171843-25-000534,,,,,,,,https://www.sec.gov/cgi-bin/browse-edgar?action=getcompany&CIK=1126741,,GSIT
"""generative AI""",1651562,"Coursera, Inc.  (COUR)  (CIK 0001651562)",8-K,2025-01-30,0001651562-25-000004:cour-20241231xexx991.htm,0001651562-25-000004,,,,,,,,https://www.sec.gov/cgi-bin/browse-edgar?action=getcompany&CIK=1651562,,COUR
"""generative AI""",1650372,Atlassian Corp  (TEAM)  (CIK 0001650372),8-K,2025-01-30,0001650372-25-000005:ex991q2fy25.htm,0001650372-25-000005,,,,,,,,https://www.sec.gov/cgi-bin/browse-edgar?action=getcompany&CIK=1650372,,TEAM
"""generative artificial intelligence""",1120970,Comstock Inc.  (LODE)  (CIK 0001120970),8-K,2025-01-31,0001437749-25-002314:ex_772978.htm,0001437749-25-002314,,,,,,,,https://www.sec.gov/cgi-bin/browse-edgar?action=getcompany&CIK=1120970,,LODE
"""generative AI""",1976663,"Nexscient, Inc.  (NXNT)  (CIK 0001976663)",8-K,2025-02-03,0001477932-25-000639:nexscient_ex991.htm,0001477932-25-000639,,,,,,,,https://www.sec.gov/cgi-bin/browse-edgar?action=getcompany&CIK=1976663,,NXNT
"""generative AI""",1454938,Outbrain Inc.  (OB)  (CIK 0001454938),8-K,2025-02-03,0001140361-25-002909:ny20037354x6_ex99-3.htm,0001140361-25-002909,,,,,,,,https://www.sec.gov/cgi-bin/browse-edgar?action=getcompany&CIK=1454938,,TEAD
"""generative AI""",51143,INTERNATIONAL BUSINESS MACHINES CORP  (IBM)  (CIK 0000051143),8-K,2025-02-04,0000051143-25-000010:ibminvestordaysupplemental.htm,0000051143-25-000010,,,,,,,,https://www.sec.gov/cgi-bin/browse-edgar?action=getcompany&CIK=51143,,IBM
"""large language model""",1956955,"Unusual Machines, Inc.  (UMAC)  (CIK 0001956955)",8-K,2025-02-04,0001683168-25-000690:umac_ex1001.htm,0001683168-25-000690,,,,,,,,https://www.sec.gov/cgi-bin/browse-edgar?action=getcompany&CIK=1956955,,UMAC
"""generative AI""",1652044,"Alphabet Inc.  (GOOG, GOOGL)  (CIK 0001652044)",8-K,2025-02-04,0001652044-25-000010:googexhibit991q42024.htm,0001652044-25-000010,,,,,,,,https://www.sec.gov/cgi-bin/browse-edgar?action=getcompany&CIK=1652044,,GOOGL
"""generative AI""",1652044,"Alphabet Inc.  (GOOG, GOOGL)  (CIK 0001652044)",8-K,2025-02-04,0001652044-25-000010:googexhibit991q42024.htm,0001652044-25-000010,,,,,,,,https://www.sec.gov/cgi-bin/browse-edgar?action=getcompany&CIK=1652044,,GOOG
"""generative AI""",1652044,"Alphabet Inc.  (GOOG, GOOGL)  (CIK 0001652044)",8-K,2025-02-04,0001652044-25-000010:googexhibit991q42024.htm,0001652044-25-000010,,,,,,,,https://www.sec.gov/cgi-bin/browse-edgar?action=getcompany&CIK=1652044,,GOOGM
"""generative AI""",1652044,"Alphabet Inc.  (GOOG, GOOGL)  (CIK 0001652044)",8-K,2025-02-04,0001652044-25-000010:googexhibit991q42024.htm,0001652044-25-000010,,,,,,,,https://www.sec.gov/cgi-bin/browse-edgar?action=getcompany&CIK=1652044,,GOOGN
"""generative AI""",1564408,Snap Inc  (SNAP)  (CIK 0001564408),8-K,2025-02-04,0001564408-25-000016:snap-202524xexx991pressrel.htm,0001564408-25-000016,,,,,,,,https://www.sec.gov/cgi-bin/browse-edgar?action=getcompany&CIK=1564408,,SNAP
"""generative AI""",1898496,"Getty Images Holdings, Inc.  (GETY)  (CIK 0001898496)",8-K,2025-02-04,0001628280-25-003574:gety-20250204.htm,0001628280-25-003574,,,,,,,,https://www.sec.gov/cgi-bin/browse-edgar?action=getcompany&CIK=1898496,,GETY
"""generative AI""",2488,ADVANCED MICRO DEVICES INC  (AMD)  (CIK 0000002488),8-K,2025-02-04,0000002488-25-000009:q42024991.htm,0000002488-25-000009,,,,,,,,https://www.sec.gov/cgi-bin/browse-edgar?action=getcompany&CIK=2488,,AMD
"""generative AI""",874866,CORVEL CORP  (CRVL)  (CIK 0000874866),8-K,2025-02-04,0000950170-25-012648:crvl-ex99_1.htm,0000950170-25-012648,,,,,,,,https://www.sec.gov/cgi-bin/browse-edgar?action=getcompany&CIK=874866,,CRVL
"""generative AI""",1361113,VARONIS SYSTEMS INC  (VRNS)  (CIK 0001361113),8-K,2025-02-04,0001171843-25-000613:exh_991.htm,0001171843-25-000613,,,,,,,,https://www.sec.gov/cgi-bin/browse-edgar?action=getcompany&CIK=1361113,,VRNS
"""generative artificial intelligence""",1120970,Comstock Inc.  (LODE)  (CIK 0001120970),8-K,2025-02-04,0001437749-25-002659:ex_774136.htm,0001437749-25-002659,,,,,,,,https://www.sec.gov/cgi-bin/browse-edgar?action=getcompany&CIK=1120970,,LODE
"""generative AI""",1039399,FORMFACTOR INC  (FORM)  (CIK 0001039399),8-K,2025-02-05,0001039399-25-000008:ex9901-earningsreleasexq424.htm,0001039399-25-000008,,,,,,,,https://www.sec.gov/cgi-bin/browse-edgar?action=getcompany&CIK=1039399,,FORM
"""generative AI""",1976663,"Nexscient, Inc.  (NXNT)  (CIK 0001976663)",8-K,2025-02-05,0001477932-25-000732:nexscient_ex991.htm,0001477932-25-000732,,,,,,,,https://www.sec.gov/cgi-bin/browse-edgar?action=getcompany&CIK=1976663,,NXNT
"""generative AI""",71691,NEW YORK TIMES CO  (NYT)  (CIK 0000071691),8-K,2025-02-05,0000071691-25-000021:pressrelease12312024.htm,0000071691-25-000021,,,,,,,,https://www.sec.gov/cgi-bin/browse-edgar?action=getcompany&CIK=71691,,NYT
"""generative AI""",1058290,COGNIZANT TECHNOLOGY SOLUTIONS CORP  (CTSH)  (CIK 0001058290),8-K,2025-02-05,0001058290-25-000007:exhibit99212312024.htm,0001058290-25-000007,,,,,,,,https://www.sec.gov/cgi-bin/browse-edgar?action=getcompany&CIK=1058290,,CTSH
"""strategic AI""",1945619,Kinetic Seas Inc.  (KSEZ)  (CIK 0001945619),8-K,2025-02-05,0001683168-25-000704:kinetic_ex9901.htm,0001683168-25-000704,,,,,,,,https://www.sec.gov/cgi-bin/browse-edgar?action=getcompany&CIK=1945619,,KSEZ
"""generative AI""",1116942,TTM TECHNOLOGIES INC  (TTMI)  (CIK 0001116942),8-K,2025-02-05,0001193125-25-020820:d663986dex991.htm,0001193125-25-020820,,,,,,,,https://www.sec.gov/cgi-bin/browse-edgar?action=getcompany&CIK=1116942,,TTMI
"""generative artificial intelligence""",890564,ASGN Inc  (ASGN)  (CIK 0000890564),8-K,2025-02-05,0000890564-25-000006:earningsrelease-q424.htm,0000890564-25-000006,,,,,,,,https://www.sec.gov/cgi-bin/browse-edgar?action=getcompany&CIK=890564,,EFOR
"""generative AI""",1564708,"NEWS CORP  (NWS, NWSA)  (CIK 0001564708)",8-K,2025-02-05,0001564708-25-000069:release-q2fy2025.htm,0001564708-25-000069,,,,,,,,https://www.sec.gov/cgi-bin/browse-edgar?action=getcompany&CIK=1564708,,NWSA
"""generative AI""",1564708,"NEWS CORP  (NWS, NWSA)  (CIK 0001564708)",8-K,2025-02-05,0001564708-25-000069:release-q2fy2025.htm,0001564708-25-000069,,,,,,,,https://www.sec.gov/cgi-bin/browse-edgar?action=getcompany&CIK=1564708,,NWS
"""generative AI""",1564708,"NEWS CORP  (NWS, NWSA)  (CIK 0001564708)",8-K,2025-02-05,0001564708-25-000069:release-q2fy2025.htm,0001564708-25-000069,,,,,,,,https://www.sec.gov/cgi-bin/browse-edgar?action=getcompany&CIK=1564708,,NWSLL
"""generative AI""",932696,INSIGHT ENTERPRISES INC  (NSIT)  (CIK 0000932696),8-K,2025-02-06,0001628280-25-004195:exhibit992.htm,0001628280-25-004195,,,,,,,,https://www.sec.gov/cgi-bin/browse-edgar?action=getcompany&CIK=932696,,NSIT
"""generative AI""",1398659,Genpact LTD  (G)  (CIK 0001398659),8-K,2025-02-06,0001398659-25-000025:genpactltdexhibit991q424.htm,0001398659-25-000025,,,,,,,,https://www.sec.gov/cgi-bin/browse-edgar?action=getcompany&CIK=1398659,,G
"""generative AI""",1392972,"PROS Holdings, Inc.  (PRO)  (CIK 0001392972)",8-K,2025-02-06,0001392972-25-000011:a2024q4ex991prosearningsre.htm,0001392972-25-000011,,,,,,,,https://www.sec.gov/cgi-bin/browse-edgar?action=getcompany&CIK=1392972,,
"""generative AI""",1107843,"QUALYS, INC.  (QLYS)  (CIK 0001107843)",8-K,2025-02-06,0001107843-25-000005:qlys-2025206xex991.htm,0001107843-25-000005,,,,,,,,https://www.sec.gov/cgi-bin/browse-edgar?action=getcompany&CIK=1107843,,QLYS
"""generative AI""",1820953,"Affirm Holdings, Inc.  (AFRM)  (CIK 0001820953)",8-K,2025-02-06,0001820953-25-000010:afrm-q225shareholderlett.htm,0001820953-25-000010,,,,,,,,https://www.sec.gov/cgi-bin/browse-edgar?action=getcompany&CIK=1820953,,AFRM
"""generative AI""",1768267,Cerence Inc.  (CRNC)  (CIK 0001768267),8-K,2025-02-06,0000950170-25-015394:crnc-ex99_1.htm,0000950170-25-015394,,,,,,,,https://www.sec.gov/cgi-bin/browse-edgar?action=getcompany&CIK=1768267,,CRNC
"""generative AI""",1573221,"TheRealReal, Inc.  (REAL)  (CIK 0001573221)",8-K,2025-02-10,0001193125-25-023641:d929762d8k.htm,0001193125-25-023641,,,,,,,,https://www.sec.gov/cgi-bin/browse-edgar?action=getcompany&CIK=1573221,,REAL
"""generative AI""",64463,"Soluna Holdings, Inc  (SLNH, SLNHP)  (CIK 0000064463)",8-K,2025-02-10,0001493152-25-005535:ex99-1.htm,0001493152-25-005535,,,,,,,,https://www.sec.gov/cgi-bin/browse-edgar?action=getcompany&CIK=64463,,SLNH
"""generative AI""",64463,"Soluna Holdings, Inc  (SLNH, SLNHP)  (CIK 0000064463)",8-K,2025-02-10,0001493152-25-005535:ex99-1.htm,0001493152-25-005535,,,,,,,,https://www.sec.gov/cgi-bin/browse-edgar?action=getcompany&CIK=64463,,SLNHP
"""generative AI""",1413447,NXP Semiconductors N.V.  (NXPI)  (CIK 0001413447),8-K,2025-02-10,0001413447-25-000015:projectkaratepressrelease.htm,0001413447-25-000015,,,,,,,,https://www.sec.gov/cgi-bin/browse-edgar?action=getcompany&CIK=1413447,,NXPI
"""generative artificial intelligence""",1668397,"Medpace Holdings, Inc.  (MEDP)  (CIK 0001668397)",8-K,2025-02-10,0001668397-25-000012:medp-20250210exx991.htm,0001668397-25-000012,,,,,,,,https://www.sec.gov/cgi-bin/browse-edgar?action=getcompany&CIK=1668397,,MEDP
"""generative artificial intelligence""",1617640,"ZILLOW GROUP, INC.  (Z, ZG)  (CIK 0001617640)",8-K,2025-02-11,0001617640-25-000015:exhibit993.htm,0001617640-25-000015,,,,,,,,https://www.sec.gov/cgi-bin/browse-edgar?action=getcompany&CIK=1617640,,ZG
"""generative artificial intelligence""",1617640,"ZILLOW GROUP, INC.  (Z, ZG)  (CIK 0001617640)",8-K,2025-02-11,0001617640-25-000015:exhibit993.htm,0001617640-25-000015,,,,,,,,https://www.sec.gov/cgi-bin/browse-edgar?action=getcompany&CIK=1617640,,Z
"""generative AI""",1699838,"Confluent, Inc.  (CFLT)  (CIK 0001699838)",8-K,2025-02-11,0000950170-25-017884:cflt-ex99_1.htm,0000950170-25-017884,,,,,,,,https://www.sec.gov/cgi-bin/browse-edgar?action=getcompany&CIK=1699838,,
"""generative AI""",1023313,"FORRESTER RESEARCH, INC.  (FORR)  (CIK 0001023313)",8-K,2025-02-11,0000950170-25-017877:forr-ex99_1.htm,0000950170-25-017877,,,,,,,,https://www.sec.gov/cgi-bin/browse-edgar?action=getcompany&CIK=1023313,,FORR
"""generative artificial intelligence""",64040,S&P Global Inc.  (SPGI)  (CIK 0000064040),8-K,2025-02-11,0000064040-25-000046:a4q2024earningsrelease.htm,0000064040-25-000046,,,,,,,,https://www.sec.gov/cgi-bin/browse-edgar?action=getcompany&CIK=64040,,SPGI
"""generative artificial intelligence""",1800227,IAC Inc.  (IAC)  (CIK 0001800227),8-K,2025-02-11,0001800227-25-000006:ex_991q42024iac-pressrelea.htm,0001800227-25-000006,,,,,,,,https://www.sec.gov/cgi-bin/browse-edgar?action=getcompany&CIK=1800227,,PPLI
"""generative AI""",1871638,"Blaize Holdings, Inc.  (BZAI, BZAIW)  (CIK 0001871638)",8-K,2025-02-11,0001193125-25-023793:d906523dex991.htm,0001193125-25-023793,,,,,,,,https://www.sec.gov/cgi-bin/browse-edgar?action=getcompany&CIK=1871638,,BZAI
"""generative AI""",1871638,"Blaize Holdings, Inc.  (BZAI, BZAIW)  (CIK 0001871638)",8-K,2025-02-11,0001193125-25-023793:d906523dex991.htm,0001193125-25-023793,,,,,,,,https://www.sec.gov/cgi-bin/browse-edgar?action=getcompany&CIK=1871638,,BZAIW
"""generative AI""",1868640,"Roadzen Inc.  (RDZN, RDZNW)  (CIK 0001868640)",8-K,2025-02-12,0000950170-25-018848:rdzn-ex99_1.htm,0000950170-25-018848,,,,,,,,https://www.sec.gov/cgi-bin/browse-edgar?action=getcompany&CIK=1868640,,RDZN
"""generative AI""",1868640,"Roadzen Inc.  (RDZN, RDZNW)  (CIK 0001868640)",8-K,2025-02-12,0000950170-25-018848:rdzn-ex99_1.htm,0000950170-25-018848,,,,,,,,https://www.sec.gov/cgi-bin/browse-edgar?action=getcompany&CIK=1868640,,RDZNW
"""generative artificial intelligence""",1710350,"Bit Digital, Inc  (BTBT)  (CIK 0001710350)",8-K,2025-02-12,0001213900-25-012512:ea023077101ex99-1_bitdigit.htm,0001213900-25-012512,,,,,,,,https://www.sec.gov/cgi-bin/browse-edgar?action=getcompany&CIK=1710350,,BTBT
"""generative AI""",1667313,"Zedge, Inc.  (ZDGE)  (CIK 0001667313)",8-K,2025-02-12,0001213900-25-012957:ea023089901ex99-1_zedge.htm,0001213900-25-012957,,,,,,,,https://www.sec.gov/cgi-bin/browse-edgar?action=getcompany&CIK=1667313,,ZDGE
"""generative AI""",1093557,DEXCOM INC  (DXCM)  (CIK 0001093557),8-K,2025-02-13,0001093557-25-000029:dxcm12312024-exhibit991.htm,0001093557-25-000029,,,,,,,,https://www.sec.gov/cgi-bin/browse-edgar?action=getcompany&CIK=1093557,,DXCM
"""generative artificial intelligence""",1120970,Comstock Inc.  (LODE)  (CIK 0001120970),8-K,2025-02-13,0001437749-25-003661:ex_777433.htm,0001437749-25-003661,,,,,,,,https://www.sec.gov/cgi-bin/browse-edgar?action=getcompany&CIK=1120970,,LODE
"""generative AI""",1607939,"Udemy, Inc.  (UDMY)  (CIK 0001607939)",8-K,2025-02-13,0001607939-25-000007:q42024pressrelease.htm,0001607939-25-000007,,,,,,,,https://www.sec.gov/cgi-bin/browse-edgar?action=getcompany&CIK=1607939,,
"""generative AI""",1398987,Anywhere Real Estate Inc.  (HOUS)  (CIK 0001398987),8-K,2025-02-13,0001398987-25-000003:anywhererealestatepressrel.htm,0001398987-25-000003,,,,,,,,https://www.sec.gov/cgi-bin/browse-edgar?action=getcompany&CIK=1398987,,
"""generative AI""",1066194,EGAIN Corp  (EGAN)  (CIK 0001066194),8-K,2025-02-13,0001558370-25-000946:egan-20250213xex99d1.htm,0001558370-25-000946,,,,,,,,https://www.sec.gov/cgi-bin/browse-edgar?action=getcompany&CIK=1066194,,EGAN
"""large language model""",1173489,CEVA INC  (CEVA)  (CIK 0001173489),8-K,2025-02-13,0001437749-25-003680:ex_776885.htm,0001437749-25-003680,,,,,,,,https://www.sec.gov/cgi-bin/browse-edgar?action=getcompany&CIK=1173489,,CEVA
"""generative artificial intelligence""",1976663,"Nexscient, Inc.  (NXNT)  (CIK 0001976663)",8-K,2025-02-14,0001477932-25-000982:nexscient_ex101.htm,0001477932-25-000982,,,,,,,,https://www.sec.gov/cgi-bin/browse-edgar?action=getcompany&CIK=1976663,,NXNT
"""large language model""",1319643,Lode-Star Mining Inc.  (LSMG)  (CIK 0001319643),8-K,2025-02-14,0001199835-25-000044:lsmg-ex10_02.htm,0001199835-25-000044,,,,,,,,https://www.sec.gov/cgi-bin/browse-edgar?action=getcompany&CIK=1319643,,
"""generative AI""",1839530,"XBP Europe Holdings, Inc.  (XBP, XBPEW)  (CIK 0001839530)",8-K,2025-02-14,0001558370-25-001026:xbp-20250214xex99d1.htm,0001558370-25-001026,,,,,,,,https://www.sec.gov/cgi-bin/browse-edgar?action=getcompany&CIK=1839530,,XBP
"""generative AI""",1839530,"XBP Europe Holdings, Inc.  (XBP, XBPEW)  (CIK 0001839530)",8-K,2025-02-14,0001558370-25-001026:xbp-20250214xex99d1.htm,0001558370-25-001026,,,,,,,,https://www.sec.gov/cgi-bin/browse-edgar?action=getcompany&CIK=1839530,,XBPEW
"""generative artificial intelligence""",1120970,Comstock Inc.  (LODE)  (CIK 0001120970),8-K,2025-02-18,0001437749-25-004211:ex_778525.htm,0001437749-25-004211,,,,,,,,https://www.sec.gov/cgi-bin/browse-edgar?action=getcompany&CIK=1120970,,LODE
"""generative AI""",1667011,"Arteris, Inc.  (AIP)  (CIK 0001667011)",8-K,2025-02-18,0001667011-25-000009:exhibit991fy248-k.htm,0001667011-25-000009,,,,,,,,https://www.sec.gov/cgi-bin/browse-edgar?action=getcompany&CIK=1667011,,AIP
"""AI acquisition""",1848861,"Healthcare AI Acquisition Corp.  (HAIAF, HAIUF, HAIWF)  (CIK 0001848861)",8-K,2025-02-18,0001477932-25-001101:haia_8k.htm,0001477932-25-001101,,,,,,,,https://www.sec.gov/cgi-bin/browse-edgar?action=getcompany&CIK=1848861,,
"""generative AI""",1378590,"Bridgeline Digital, Inc.  (BLIN)  (CIK 0001378590)",8-K,2025-02-18,0001437749-25-004209:ex_778424.htm,0001437749-25-004209,,,,,,,,https://www.sec.gov/cgi-bin/browse-edgar?action=getcompany&CIK=1378590,,BLIN
"""generative AI""",1327318,"TrueCar, Inc.  (TRUE)  (CIK 0001327318)",8-K,2025-02-18,0001327318-25-000003:tc-stockholderxletterxq4.htm,0001327318-25-000003,,,,,,,,https://www.sec.gov/cgi-bin/browse-edgar?action=getcompany&CIK=1327318,,
"""generative artificial intelligence""",1057379,"HACKETT GROUP, INC.  (HCKT)  (CIK 0001057379)",8-K,2025-02-18,0000950170-25-022283:hckt-ex99_1.htm,0000950170-25-022283,,,,,,,,https://www.sec.gov/cgi-bin/browse-edgar?action=getcompany&CIK=1057379,,HCKT
"""generative AI""",1803696,Adeia Inc.  (ADEA)  (CIK 0001803696),8-K,2025-02-18,0000950170-25-022198:adea-ex99_1.htm,0000950170-25-022198,,,,,,,,https://www.sec.gov/cgi-bin/browse-edgar?action=getcompany&CIK=1803696,,ADEA
"""generative AI""",1866368,"Clearwater Analytics Holdings, Inc.  (CWAN)  (CIK 0001866368)",8-K,2025-02-19,0001628280-25-006359:cwan-20241231xexx991.htm,0001628280-25-006359,,,,,,,,https://www.sec.gov/cgi-bin/browse-edgar?action=getcompany&CIK=1866368,,
"""generative artificial intelligence""",1021635,OGE ENERGY CORP.  (OGE)  (CIK 0001021635),8-K,2025-02-19,0000950170-25-022563:oge-ex99_01.htm,0000950170-25-022563,,,,,,,,https://www.sec.gov/cgi-bin/browse-edgar?action=getcompany&CIK=1021635,,OGE
"""generative AI""",64463,"Soluna Holdings, Inc  (SLNH, SLNHP)  (CIK 0000064463)",8-K,2025-02-20,0001493152-25-007728:ex99-1.htm,0001493152-25-007728,,,,,,,,https://www.sec.gov/cgi-bin/browse-edgar?action=getcompany&CIK=64463,,SLNH
"""generative AI""",64463,"Soluna Holdings, Inc  (SLNH, SLNHP)  (CIK 0000064463)",8-K,2025-02-20,0001493152-25-007728:ex99-1.htm,0001493152-25-007728,,,,,,,,https://www.sec.gov/cgi-bin/browse-edgar?action=getcompany&CIK=64463,,SLNHP
"""generative artificial intelligence""",1432133,KALTURA INC  (KLTR)  (CIK 0001432133),8-K,2025-02-20,0001432133-25-000021:kaltura-q42024earningsrele.htm,0001432133-25-000021,,,,,,,,https://www.sec.gov/cgi-bin/browse-edgar?action=getcompany&CIK=1432133,,KLTR
"""generative artificial intelligence""",1120970,Comstock Inc.  (LODE)  (CIK 0001120970),8-K,2025-02-20,0001437749-25-004570:ex_780349.htm,0001437749-25-004570,,,,,,,,https://www.sec.gov/cgi-bin/browse-edgar?action=getcompany&CIK=1120970,,LODE
"""generative AI""",1316835,"Builders FirstSource, Inc.  (BLDR)  (CIK 0001316835)",8-K,2025-02-20,0000950170-25-023731:bldr-ex99_2.htm,0000950170-25-023731,,,,,,,,https://www.sec.gov/cgi-bin/browse-edgar?action=getcompany&CIK=1316835,,BLDR
"""generative AI""",1874178,"Rivian Automotive, Inc. / DE  (RIVN)  (CIK 0001874178)",8-K,2025-02-20,0001874178-25-000004:ex-9924q24shareholderletter.htm,0001874178-25-000004,,,,,,,,https://www.sec.gov/cgi-bin/browse-edgar?action=getcompany&CIK=1874178,,RIVN
"""generative AI""",1075531,Booking Holdings Inc.  (BKNG)  (CIK 0001075531),8-K,2025-02-20,0001075531-25-000009:bnkgq42024earningspressr.htm,0001075531-25-000009,,,,,,,,https://www.sec.gov/cgi-bin/browse-edgar?action=getcompany&CIK=1075531,,BKNG
"""large language model""",5272,"AMERICAN INTERNATIONAL GROUP, INC.  (AIG)  (CIK 0000005272)",8-K,2025-02-20,0000005272-25-000014:a991-jpboardappointment.htm,0000005272-25-000014,,,,,,,,https://www.sec.gov/cgi-bin/browse-edgar?action=getcompany&CIK=5272,,AIG
"""generative AI""",1384905,"RingCentral, Inc.  (RNG)  (CIK 0001384905)",8-K,2025-02-20,0001384905-25-000008:rng-20241231x8kxex991.htm,0001384905-25-000008,,,,,,,,https://www.sec.gov/cgi-bin/browse-edgar?action=getcompany&CIK=1384905,,RNG
"""generative AI""",903651,INNODATA INC  (INOD)  (CIK 0000903651),8-K,2025-02-20,0001104659-25-015700:tm255624d1_ex99-1.htm,0001104659-25-015700,,,,,,,,https://www.sec.gov/cgi-bin/browse-edgar?action=getcompany&CIK=903651,,INOD
"""generative AI""",1331875,"Fidelity National Financial, Inc.  (FNF)  (CIK 0001331875)",8-K,2025-02-20,0001331875-25-000009:fnfpressreleaseq42024.htm,0001331875-25-000009,,,,,,,,https://www.sec.gov/cgi-bin/browse-edgar?action=getcompany&CIK=1331875,,FNF
"""generative AI""",1573221,"TheRealReal, Inc.  (REAL)  (CIK 0001573221)",8-K,2025-02-20,0001573221-25-000005:real-20250220xex991pressre.htm,0001573221-25-000005,,,,,,,,https://www.sec.gov/cgi-bin/browse-edgar?action=getcompany&CIK=1573221,,REAL
"""large language model""",1861622,Jet.AI Inc.  (JTAI)  (CIK 0001861622),8-K,2025-02-20,0001493152-25-007719:ex99-2.htm,0001493152-25-007719,,,,,,,,https://www.sec.gov/cgi-bin/browse-edgar?action=getcompany&CIK=1861622,,JTAI
"""generative AI""",1799208,"Dun & Bradstreet Holdings, Inc.  (DNB)  (CIK 0001799208)",8-K,2025-02-20,0001799208-25-000008:yearend2024prexhibit991.htm,0001799208-25-000008,,,,,,,,https://www.sec.gov/cgi-bin/browse-edgar?action=getcompany&CIK=1799208,,
"""generative AI""",1462223,"Nixxy, Inc.  (NIXX, NIXXW)  (CIK 0001462223)",8-K,2025-02-21,0001654954-25-001736:nixx_ex992.htm,0001654954-25-001736,,,,,,,,https://www.sec.gov/cgi-bin/browse-edgar?action=getcompany&CIK=1462223,,NIXX
"""generative AI""",1898496,"Getty Images Holdings, Inc.  (GETY)  (CIK 0001898496)",8-K,2025-02-21,0001213900-25-016113:ea023179101ex99-1_getty.htm,0001213900-25-016113,,,,,,,,https://www.sec.gov/cgi-bin/browse-edgar?action=getcompany&CIK=1898496,,GETY
"""generative AI""",1620280,Uniti Group Inc.  (UNIT)  (CIK 0001620280),8-K,2025-02-21,0001104659-25-015904:tm257127d1_ex99-1.htm,0001104659-25-015904,,,,,,,,https://www.sec.gov/cgi-bin/browse-edgar?action=getcompany&CIK=1620280,,
"""generative AI""",1364954,"CHEGG, INC  (CHGG)  (CIK 0001364954)",8-K,2025-02-24,0001364954-25-000011:a9901-financialresultsq420.htm,0001364954-25-000011,,,,,,,,https://www.sec.gov/cgi-bin/browse-edgar?action=getcompany&CIK=1364954,,CHGG
"""generative AI""",1859199,reAlpha Tech Corp.  (AIRE)  (CIK 0001859199),8-K,2025-02-24,0001213900-25-016325:ea023160601ex99-1_realpha.htm,0001213900-25-016325,,,,,,,,https://www.sec.gov/cgi-bin/browse-edgar?action=getcompany&CIK=1859199,,AIRE
"""generative AI""",1851003,Zeta Global Holdings Corp.  (ZETA)  (CIK 0001851003),8-K,2025-02-25,0000950170-25-026629:zeta-ex99_1.htm,0000950170-25-026629,,,,,,,,https://www.sec.gov/cgi-bin/browse-edgar?action=getcompany&CIK=1851003,,ZETA
"""generative AI""",1691421,"Lemonade, Inc.  (LMND, LMND-WT)  (CIK 0001691421)",8-K,2025-02-25,0001691421-25-000021:lmndshareholderletterq42.htm,0001691421-25-000021,,,,,,,,https://www.sec.gov/cgi-bin/browse-edgar?action=getcompany&CIK=1691421,,LMND
"""generative AI""",64463,"Soluna Holdings, Inc  (SLNH, SLNHP)  (CIK 0000064463)",8-K,2025-02-25,0001493152-25-008139:ex99-1.htm,0001493152-25-008139,,,,,,,,https://www.sec.gov/cgi-bin/browse-edgar?action=getcompany&CIK=64463,,SLNH
"""generative AI""",64463,"Soluna Holdings, Inc  (SLNH, SLNHP)  (CIK 0000064463)",8-K,2025-02-25,0001493152-25-008139:ex99-1.htm,0001493152-25-008139,,,,,,,,https://www.sec.gov/cgi-bin/browse-edgar?action=getcompany&CIK=64463,,SLNHP
"""generative AI""",1580560,Flywire Corp  (FLYW)  (CIK 0001580560),8-K,2025-02-25,0001193125-25-035188:d843798dex21.htm,0001193125-25-035188,,,,,,,,https://www.sec.gov/cgi-bin/browse-edgar?action=getcompany&CIK=1580560,,FLYW
"""generative artificial intelligence""",1084048,"ZIFF DAVIS, INC.  (ZD)  (CIK 0001084048)",8-K,2025-02-25,0001084048-25-000003:zdq42024earningspresenta.htm,0001084048-25-000003,,,,,,,,https://www.sec.gov/cgi-bin/browse-edgar?action=getcompany&CIK=1084048,,ZD
"""generative AI""",1845022,"Couchbase, Inc.  (BASE)  (CIK 0001845022)",8-K,2025-02-25,0001845022-25-000005:base-20250225xexx991.htm,0001845022-25-000005,,,,,,,,https://www.sec.gov/cgi-bin/browse-edgar?action=getcompany&CIK=1845022,,
"""generative AI""",1297989,"ExlService Holdings, Inc.  (EXLS)  (CIK 0001297989)",8-K,2025-02-25,0001297989-25-000001:exlq42024pressrelease.htm,0001297989-25-000001,,,,,,,,https://www.sec.gov/cgi-bin/browse-edgar?action=getcompany&CIK=1297989,,EXLS
"""generative AI""",1831840,"SEMrush Holdings, Inc.  (SEMR)  (CIK 0001831840)",8-K,2025-02-26,0001628280-25-008190:semrush8-kexhibit991q42024.htm,0001628280-25-008190,,,,,,,,https://www.sec.gov/cgi-bin/browse-edgar?action=getcompany&CIK=1831840,,
"""generative AI""",1819394,"Matterport, Inc./DE  (MTTR)  (CIK 0001819394)",8-K,2025-02-26,0001819394-25-000003:mttr-20250226xexx991.htm,0001819394-25-000003,,,,,,,,https://www.sec.gov/cgi-bin/browse-edgar?action=getcompany&CIK=1819394,,
"""generative AI""",896262,AMEDISYS INC  (AMED)  (CIK 0000896262),8-K,2025-02-26,0000896262-25-000013:a20243112_991exhibit.htm,0000896262-25-000013,,,,,,,,https://www.sec.gov/cgi-bin/browse-edgar?action=getcompany&CIK=896262,,
"""generative artificial intelligence""",104918,AVISTA CORP  (AVA)  (CIK 0000104918),8-K,2025-02-26,0000950170-25-027088:ava-ex99_1.htm,0000950170-25-027088,,,,,,,,https://www.sec.gov/cgi-bin/browse-edgar?action=getcompany&CIK=104918,,AVA
"""generative AI""",1045810,NVIDIA CORP  (NVDA)  (CIK 0001045810),8-K,2025-02-26,0001045810-25-000021:q4fy25pr.htm,0001045810-25-000021,,,,,,,,https://www.sec.gov/cgi-bin/browse-edgar?action=getcompany&CIK=1045810,,NVDA
"""generative AI""",883241,SYNOPSYS INC  (SNPS)  (CIK 0000883241),8-K,2025-02-26,0001193125-25-036798:d921264dex991.htm,0001193125-25-036798,,,,,,,,https://www.sec.gov/cgi-bin/browse-edgar?action=getcompany&CIK=883241,,SNPS
"""generative AI""",1474432,"Pure Storage, Inc.  (PSTG)  (CIK 0001474432)",8-K,2025-02-26,0001628280-25-008136:pstg-ex991q4fy2025.htm,0001628280-25-008136,,,,,,,,https://www.sec.gov/cgi-bin/browse-edgar?action=getcompany&CIK=1474432,,P
"""generative AI""",1577526,"C3.ai, Inc.  (AI)  (CIK 0001577526)",8-K,2025-02-26,0001628280-25-008139:ex991-fy25xq3earnings.htm,0001628280-25-008139,,,,,,,,https://www.sec.gov/cgi-bin/browse-edgar?action=getcompany&CIK=1577526,,AI
"""generative AI""",1340476,"DIRTT ENVIRONMENTAL SOLUTIONS LTD  (DESLF, DRTTF)  (CIK 0001340476)",8-K,2025-02-26,0000950170-25-027902:drttf-ex99_1.htm,0000950170-25-027902,,,,,,,,https://www.sec.gov/cgi-bin/browse-edgar?action=getcompany&CIK=1340476,,DRTTF
"""generative AI""",1840856,"SOUNDHOUND AI, INC.  (SOUN, SOUNW)  (CIK 0001840856)",8-K,2025-02-27,0001840856-25-000008:soun-20250227ex991earnings.htm,0001840856-25-000008,,,,,,,,https://www.sec.gov/cgi-bin/browse-edgar?action=getcompany&CIK=1840856,,SOUN
"""generative AI""",1840856,"SOUNDHOUND AI, INC.  (SOUN, SOUNW)  (CIK 0001840856)",8-K,2025-02-27,0001840856-25-000008:soun-20250227ex991earnings.htm,0001840856-25-000008,,,,,,,,https://www.sec.gov/cgi-bin/browse-edgar?action=getcompany&CIK=1840856,,SOUNW
"""generative AI""",1720671,"HashiCorp, Inc.  (HCP)  (CIK 0001720671)",8-K,2025-02-27,0001193125-25-037910:d898526dex991.htm,0001193125-25-037910,,,,,,,,https://www.sec.gov/cgi-bin/browse-edgar?action=getcompany&CIK=1720671,,
"""generative AI""",1819404,Nerdy Inc.  (NRDY)  (CIK 0001819404),8-K,2025-02-27,0001193125-25-039204:d897557dex991.htm,0001193125-25-039204,,,,,,,,https://www.sec.gov/cgi-bin/browse-edgar?action=getcompany&CIK=1819404,,NRDY
"""generative AI""",1562088,"Duolingo, Inc.  (DUOL)  (CIK 0001562088)",8-K,2025-02-27,0001562088-25-000039:q4fy24duolingo12-31x24shar.htm,0001562088-25-000039,,,,,,,,https://www.sec.gov/cgi-bin/browse-edgar?action=getcompany&CIK=1562088,,DUOL
"""generative AI""",829323,"Inuvo, Inc.  (INUV)  (CIK 0000829323)",8-K,2025-02-27,0001654954-25-002034:inuvo_ex992.htm,0001654954-25-002034,,,,,,,,https://www.sec.gov/cgi-bin/browse-edgar?action=getcompany&CIK=829323,,INUV
"""generative artificial intelligence""",876883,Stagwell Inc  (STGW)  (CIK 0000876883),8-K,2025-02-27,0000876883-25-000005:a4q24earningspresentatio.htm,0000876883-25-000005,,,,,,,,https://www.sec.gov/cgi-bin/browse-edgar?action=getcompany&CIK=876883,,STGW
"""generative artificial intelligence""",1635282,"Rimini Street, Inc.  (RMNI)  (CIK 0001635282)",8-K,2025-02-27,0001635282-25-000031:rmniq42024earningreleaseex.htm,0001635282-25-000031,,,,,,,,https://www.sec.gov/cgi-bin/browse-edgar?action=getcompany&CIK=1635282,,RMNI
"""generative AI""",1707753,Elastic N.V.  (ESTC)  (CIK 0001707753),8-K,2025-02-27,0001707753-25-000008:a25q3erex991.htm,0001707753-25-000008,,,,,,,,https://www.sec.gov/cgi-bin/browse-edgar?action=getcompany&CIK=1707753,,ESTC
"""generative AI""",1422930,"PubMatic, Inc.  (PUBM)  (CIK 0001422930)",8-K,2025-02-27,0001422930-25-000009:fy24pressrelease.htm,0001422930-25-000009,,,,,,,,https://www.sec.gov/cgi-bin/browse-edgar?action=getcompany&CIK=1422930,,PUBM
"""generative artificial intelligence""",730708,SEACOAST BANKING CORP OF FLORIDA  (SBCF)  (CIK 0000730708),8-K,2025-02-28,0000730708-25-000049:seacoast-heartland_inves.htm,0000730708-25-000049,,,,,,,,https://www.sec.gov/cgi-bin/browse-edgar?action=getcompany&CIK=730708,,SBCF
"""generative artificial intelligence""",1298675,CubeSmart  (CUBE)  (CIK 0001298675),8-K,2025-02-28,0001298675-25-000008:cube-20250227xex99d1.htm,0001298675-25-000008,,,,,,,,https://www.sec.gov/cgi-bin/browse-edgar?action=getcompany&CIK=1298675,,CUBE
"""large language model""",1601830,"RECURSION PHARMACEUTICALS, INC.  (RXRX)  (CIK 0001601830)",8-K,2025-02-28,0001601830-25-000034:rxrxlearnings10k2024.htm,0001601830-25-000034,,,,,,,,https://www.sec.gov/cgi-bin/browse-edgar?action=getcompany&CIK=1601830,,RXRX
"""AI partnership""",1804176,"Butterfly Network, Inc.  (BFLY, BFLY-WT)  (CIK 0001804176)",8-K,2025-02-28,0001628280-25-008868:bfly-20250228xexx991.htm,0001628280-25-008868,,,,,,,,https://www.sec.gov/cgi-bin/browse-edgar?action=getcompany&CIK=1804176,,BFLY
"""generative artificial intelligence""",1120970,Comstock Inc.  (LODE)  (CIK 0001120970),8-K,2025-02-28,0001437749-25-005571:ex_783493.htm,0001437749-25-005571,,,,,,,,https://www.sec.gov/cgi-bin/browse-edgar?action=getcompany&CIK=1120970,,LODE
"""generative artificial intelligence""",1175535,Whitestone REIT  (WSR)  (CIK 0001175535),8-K,2025-03-03,0001437749-25-005936:ex_752910.htm,0001437749-25-005936,,,,,,,,https://www.sec.gov/cgi-bin/browse-edgar?action=getcompany&CIK=1175535,,WSR
"""generative artificial intelligence""",1714174,Burford Capital Ltd  (BUR)  (CIK 0001714174),8-K,2025-03-03,0001714174-25-000052:bur-20240303xex992.htm,0001714174-25-000052,,,,,,,,https://www.sec.gov/cgi-bin/browse-edgar?action=getcompany&CIK=1714174,,BUR
"""generative AI""",1665300,"Phunware, Inc.  (PHUN)  (CIK 0001665300)",8-K,2025-03-04,0000950170-25-031937:phun-ex99_1.htm,0000950170-25-031937,,,,,,,,https://www.sec.gov/cgi-bin/browse-edgar?action=getcompany&CIK=1665300,,PHUN
"""generative artificial intelligence""",1833197,"Latham Group, Inc.  (SWIM)  (CIK 0001833197)",8-K,2025-03-04,0001104659-25-020304:tm258083d1_ex99.htm,0001104659-25-020304,,,,,,,,https://www.sec.gov/cgi-bin/browse-edgar?action=getcompany&CIK=1833197,,SWIM
"""generative artificial intelligence""",1943289,"Silvaco Group, Inc.  (SVCO)  (CIK 0001943289)",8-K,2025-03-04,0001628280-25-009948:cadence-parallaxxassetpurc.htm,0001628280-25-009948,,,,,,,,https://www.sec.gov/cgi-bin/browse-edgar?action=getcompany&CIK=1943289,,SVCO
"""generative AI""",790526,"RadNet, Inc.  (RDNT)  (CIK 0000790526)",8-K,2025-03-05,0001683168-25-001349:radnet_ex9901.htm,0001683168-25-001349,,,,,,,,https://www.sec.gov/cgi-bin/browse-edgar?action=getcompany&CIK=790526,,RDNT
"""generative AI""",1102993,LIVEPERSON INC  (LPSN)  (CIK 0001102993),8-K,2025-03-05,0001102993-25-000012:ex-991xpressreleaseye2024.htm,0001102993-25-000012,,,,,,,,https://www.sec.gov/cgi-bin/browse-edgar?action=getcompany&CIK=1102993,,LPSN
"""generative AI""",1820144,Grindr Inc.  (GRND)  (CIK 0001820144),8-K,2025-03-05,0001820144-25-000010:grindr_q42024xshlxvfinal.htm,0001820144-25-000010,,,,,,,,https://www.sec.gov/cgi-bin/browse-edgar?action=getcompany&CIK=1820144,,GRND
"""generative AI""",64463,"Soluna Holdings, Inc  (SLNH, SLNHP)  (CIK 0000064463)",8-K,2025-03-05,0001493152-25-009152:ex99-1.htm,0001493152-25-009152,,,,,,,,https://www.sec.gov/cgi-bin/browse-edgar?action=getcompany&CIK=64463,,SLNH
"""generative AI""",64463,"Soluna Holdings, Inc  (SLNH, SLNHP)  (CIK 0000064463)",8-K,2025-03-05,0001493152-25-009152:ex99-1.htm,0001493152-25-009152,,,,,,,,https://www.sec.gov/cgi-bin/browse-edgar?action=getcompany&CIK=64463,,SLNHP
"""generative AI""",1441816,"MongoDB, Inc.  (MDB)  (CIK 0001441816)",8-K,2025-03-05,0001441816-25-000046:mdb-13125xex991xrelease.htm,0001441816-25-000046,,,,,,,,https://www.sec.gov/cgi-bin/browse-edgar?action=getcompany&CIK=1441816,,MDB
"""generative AI""",1614178,"Yext, Inc.  (YEXT)  (CIK 0001614178)",8-K,2025-03-05,0001614178-25-000020:q4fy25shareholderletter.htm,0001614178-25-000020,,,,,,,,https://www.sec.gov/cgi-bin/browse-edgar?action=getcompany&CIK=1614178,,YEXT
"""generative artificial intelligence""",107140,"JOHN WILEY & SONS, INC.  (WLY, WLYB)  (CIK 0000107140)",8-K,2025-03-06,0000107140-25-000015:wly-2025131xex991.htm,0000107140-25-000015,,,,,,,,https://www.sec.gov/cgi-bin/browse-edgar?action=getcompany&CIK=107140,,WLY
"""generative artificial intelligence""",107140,"JOHN WILEY & SONS, INC.  (WLY, WLYB)  (CIK 0000107140)",8-K,2025-03-06,0000107140-25-000015:wly-2025131xex991.htm,0000107140-25-000015,,,,,,,,https://www.sec.gov/cgi-bin/browse-edgar?action=getcompany&CIK=107140,,WLYB
"""generative AI""",1582982,"CareCloud, Inc.  (CCLD, CCLDO, CCLDP)  (CIK 0001582982)",8-K,2025-03-06,0001493152-25-009400:ex99-1.htm,0001493152-25-009400,,,,,,,,https://www.sec.gov/cgi-bin/browse-edgar?action=getcompany&CIK=1582982,,CCLD
"""generative artificial intelligence""",1120970,Comstock Inc.  (LODE)  (CIK 0001120970),8-K,2025-03-06,0001437749-25-006463:ex_786451.htm,0001437749-25-006463,,,,,,,,https://www.sec.gov/cgi-bin/browse-edgar?action=getcompany&CIK=1120970,,LODE
"""generative AI""",884144,ASURE SOFTWARE INC  (ASUR)  (CIK 0000884144),8-K,2025-03-06,0000884144-25-000011:a20241231exhibit991.htm,0000884144-25-000011,,,,,,,,https://www.sec.gov/cgi-bin/browse-edgar?action=getcompany&CIK=884144,,ASUR
"""generative AI""",1443646,Booz Allen Hamilton Holding Corp  (BAH)  (CIK 0001443646),8-K,2025-03-07,0001443646-25-000020:investorpresentationmarc.htm,0001443646-25-000020,,,,,,,,https://www.sec.gov/cgi-bin/browse-edgar?action=getcompany&CIK=1443646,,BAH
"""generative AI""",1616707,Wayfair Inc.  (W)  (CIK 0001616707),8-K,2025-03-07,0001616707-25-000028:blogpost.htm,0001616707-25-000028,,,,,,,,https://www.sec.gov/cgi-bin/browse-edgar?action=getcompany&CIK=1616707,,W
"""AI acquisition""",1852889,"Investcorp AI Acquisition Corp.  (IVCA, IVCAU, IVCAW)  (CIK 0001852889)",8-K,2025-03-10,0001193125-25-050857:d895317d8k.htm,0001193125-25-050857,,,,,,,,https://www.sec.gov/cgi-bin/browse-edgar?action=getcompany&CIK=1852889,,
"""generative AI""",2001557,"Innventure, Inc.  (INV, INVLW)  (CIK 0002001557)",8-K,2025-03-10,0001140361-25-007707:ef20045109_ex99-1.htm,0001140361-25-007707,,,,,,,,https://www.sec.gov/cgi-bin/browse-edgar?action=getcompany&CIK=2001557,,INV
"""generative AI""",2001557,"Innventure, Inc.  (INV, INVLW)  (CIK 0002001557)",8-K,2025-03-10,0001140361-25-007707:ef20045109_ex99-1.htm,0001140361-25-007707,,,,,,,,https://www.sec.gov/cgi-bin/browse-edgar?action=getcompany&CIK=2001557,,INVLW
"""generative artificial intelligence""",1800227,IAC Inc.  (IAC)  (CIK 0001800227),8-K,2025-03-10,0001104659-25-021977:tm258523d1_8k.htm,0001104659-25-021977,,,,,,,,https://www.sec.gov/cgi-bin/browse-edgar?action=getcompany&CIK=1800227,,PPLI
"""generative AI""",1805833,"System1, Inc.  (SST, SST-WT)  (CIK 0001805833)",8-K,2025-03-10,0001628280-25-011713:q424investorpresentation.htm,0001628280-25-011713,,,,,,,,https://www.sec.gov/cgi-bin/browse-edgar?action=getcompany&CIK=1805833,,SST
"""generative AI""",1805833,"System1, Inc.  (SST, SST-WT)  (CIK 0001805833)",8-K,2025-03-10,0001628280-25-011713:q424investorpresentation.htm,0001628280-25-011713,,,,,,,,https://www.sec.gov/cgi-bin/browse-edgar?action=getcompany&CIK=1805833,,SSTPW
"""generative AI""",64463,"Soluna Holdings, Inc  (SLNH, SLNHP)  (CIK 0000064463)",8-K,2025-03-11,0001493152-25-009783:ex99-1.htm,0001493152-25-009783,,,,,,,,https://www.sec.gov/cgi-bin/browse-edgar?action=getcompany&CIK=64463,,SLNH
"""generative AI""",64463,"Soluna Holdings, Inc  (SLNH, SLNHP)  (CIK 0000064463)",8-K,2025-03-11,0001493152-25-009783:ex99-1.htm,0001493152-25-009783,,,,,,,,https://www.sec.gov/cgi-bin/browse-edgar?action=getcompany&CIK=64463,,SLNHP
"""generative artificial intelligence""",2011641,Ferguson Enterprises Inc. /DE/  (FERG)  (CIK 0002011641),8-K,2025-03-11,0002011641-25-000004:exhibit991pressreleaseq2fy.htm,0002011641-25-000004,,,,,,,,https://www.sec.gov/cgi-bin/browse-edgar?action=getcompany&CIK=2011641,,FERG
"""generative AI""",1356570,WNS (HOLDINGS) LTD  (WNS)  (CIK 0001356570),8-K,2025-03-11,0001193125-25-051399:d940081dex991.htm,0001193125-25-051399,,,,,,,,https://www.sec.gov/cgi-bin/browse-edgar?action=getcompany&CIK=1356570,,
"""generative AI""",1667313,"Zedge, Inc.  (ZDGE)  (CIK 0001667313)",8-K,2025-03-12,0001213900-25-023201:ea023411701ex99-1_zedge.htm,0001213900-25-023201,,,,,,,,https://www.sec.gov/cgi-bin/browse-edgar?action=getcompany&CIK=1667313,,ZDGE
"""generative AI""",1505155,"Upland Software, Inc.  (UPLD)  (CIK 0001505155)",8-K,2025-03-12,0001505155-25-000021:q424991earningsrelease.htm,0001505155-25-000021,,,,,,,,https://www.sec.gov/cgi-bin/browse-edgar?action=getcompany&CIK=1505155,,UPLD
"""generative AI""",1607939,"Udemy, Inc.  (UDMY)  (CIK 0001607939)",8-K,2025-03-12,0001193125-25-052600:d901444dex991.htm,0001193125-25-052600,,,,,,,,https://www.sec.gov/cgi-bin/browse-edgar?action=getcompany&CIK=1607939,,
"""generative AI""",1735438,MeiraGTx Holdings plc  (MGTX)  (CIK 0001735438),8-K,2025-03-13,0001558370-25-002859:mgtx-20250309x8k.htm,0001558370-25-002859,,,,,,,,https://www.sec.gov/cgi-bin/browse-edgar?action=getcompany&CIK=1735438,,MGTX
"""generative AI""",1261333,"DOCUSIGN, INC.  (DOCU)  (CIK 0001261333)",8-K,2025-03-13,0001261333-25-000016:q425ex-991er.htm,0001261333-25-000016,,,,,,,,https://www.sec.gov/cgi-bin/browse-edgar?action=getcompany&CIK=1261333,,DOCU
"""generative AI""",815556,FASTENAL CO  (FAST)  (CIK 0000815556),8-K,2025-03-13,0000815556-25-000072:a2025_investordayxdeckxx.htm,0000815556-25-000072,,,,,,,,https://www.sec.gov/cgi-bin/browse-edgar?action=getcompany&CIK=815556,,FAST
"""generative AI""",1534154,authID Inc.  (AUID)  (CIK 0001534154),8-K,2025-03-13,0001213900-25-023726:ea023423201ex99-2_authid.htm,0001213900-25-023726,,,,,,,,https://www.sec.gov/cgi-bin/browse-edgar?action=getcompany&CIK=1534154,,AUID
"""generative AI""",1568100,"PagerDuty, Inc.  (PD)  (CIK 0001568100)",8-K,2025-03-13,0001568100-25-000019:ex991-pagerdutyq4fy25earni.htm,0001568100-25-000019,,,,,,,,https://www.sec.gov/cgi-bin/browse-edgar?action=getcompany&CIK=1568100,,PD
"""generative AI""",1582982,"CareCloud, Inc.  (CCLD, CCLDO, CCLDP)  (CIK 0001582982)",8-K,2025-03-13,0001493152-25-010132:ex99-1.htm,0001493152-25-010132,,,,,,,,https://www.sec.gov/cgi-bin/browse-edgar?action=getcompany&CIK=1582982,,CCLD
"""generative AI""",1582982,"CareCloud, Inc.  (CCLD, CCLDO, CCLDP)  (CIK 0001582982)",8-K,2025-03-14,0001493152-25-010388:ex99-1.htm,0001493152-25-010388,,,,,,,,https://www.sec.gov/cgi-bin/browse-edgar?action=getcompany&CIK=1582982,,CCLD
"""generative AI""",1710350,"Bit Digital, Inc  (BTBT)  (CIK 0001710350)",8-K,2025-03-14,0001013762-25-000323:ea023430901ex99-1_bitdigital.htm,0001013762-25-000323,,,,,,,,https://www.sec.gov/cgi-bin/browse-edgar?action=getcompany&CIK=1710350,,BTBT
"""generative AI""",1785279,"Metagenomi, Inc.  (MGX)  (CIK 0001785279)",8-K,2025-03-17,0000950170-25-040238:mgx-ex99_2.htm,0000950170-25-040238,,,,,,,,https://www.sec.gov/cgi-bin/browse-edgar?action=getcompany&CIK=1785279,,MGX
"""generative AI""",1898496,"Getty Images Holdings, Inc.  (GETY)  (CIK 0001898496)",8-K,2025-03-17,0001628280-25-013092:gety-2024x12x31ex991.htm,0001628280-25-013092,,,,,,,,https://www.sec.gov/cgi-bin/browse-edgar?action=getcompany&CIK=1898496,,GETY
"""generative AI""",64463,"Soluna Holdings, Inc  (SLNH, SLNHP)  (CIK 0000064463)",8-K,2025-03-18,0001493152-25-010691:ex99-1.htm,0001493152-25-010691,,,,,,,,https://www.sec.gov/cgi-bin/browse-edgar?action=getcompany&CIK=64463,,SLNH
"""generative AI""",64463,"Soluna Holdings, Inc  (SLNH, SLNHP)  (CIK 0000064463)",8-K,2025-03-18,0001493152-25-010691:ex99-1.htm,0001493152-25-010691,,,,,,,,https://www.sec.gov/cgi-bin/browse-edgar?action=getcompany&CIK=64463,,SLNHP
"""generative AI""",1672688,Absci Corp  (ABSI)  (CIK 0001672688),8-K,2025-03-18,0001628280-25-013455:generalcorporatepresenta.htm,0001628280-25-013455,,,,,,,,https://www.sec.gov/cgi-bin/browse-edgar?action=getcompany&CIK=1672688,,ABSI
"""generative artificial intelligence""",1624794,"CSW INDUSTRIALS, INC.  (CSWI)  (CIK 0001624794)",8-K,2025-03-18,0001193125-25-056730:d938973dex21.htm,0001193125-25-056730,,,,,,,,https://www.sec.gov/cgi-bin/browse-edgar?action=getcompany&CIK=1624794,,CSW
"""generative AI""",1652044,"Alphabet Inc.  (GOOG, GOOGL)  (CIK 0001652044)",8-K,2025-03-18,0001652044-25-000027:googexhibit99131825.htm,0001652044-25-000027,,,,,,,,https://www.sec.gov/cgi-bin/browse-edgar?action=getcompany&CIK=1652044,,GOOGL
"""generative AI""",1652044,"Alphabet Inc.  (GOOG, GOOGL)  (CIK 0001652044)",8-K,2025-03-18,0001652044-25-000027:googexhibit99131825.htm,0001652044-25-000027,,,,,,,,https://www.sec.gov/cgi-bin/browse-edgar?action=getcompany&CIK=1652044,,GOOG
"""generative AI""",1652044,"Alphabet Inc.  (GOOG, GOOGL)  (CIK 0001652044)",8-K,2025-03-18,0001652044-25-000027:googexhibit99131825.htm,0001652044-25-000027,,,,,,,,https://www.sec.gov/cgi-bin/browse-edgar?action=getcompany&CIK=1652044,,GOOGM
"""generative AI""",1652044,"Alphabet Inc.  (GOOG, GOOGL)  (CIK 0001652044)",8-K,2025-03-18,0001652044-25-000027:googexhibit99131825.htm,0001652044-25-000027,,,,,,,,https://www.sec.gov/cgi-bin/browse-edgar?action=getcompany&CIK=1652044,,GOOGN
"""AI acquisition""",1806837,"Vertex, Inc.  (VERX)  (CIK 0001806837)",8-K,2025-03-19,0001558370-25-003260:verx-20250319xex99d1.htm,0001558370-25-003260,,,,,,,,https://www.sec.gov/cgi-bin/browse-edgar?action=getcompany&CIK=1806837,,VERX
"""generative AI""",1750,AAR CORP  (AIR)  (CIK 0000001750),8-K,2025-03-19,0001104659-25-025564:tm259566d1_ex99-1.htm,0001104659-25-025564,,,,,,,,https://www.sec.gov/cgi-bin/browse-edgar?action=getcompany&CIK=1750,,AIR
"""generative AI""",1768267,Cerence Inc.  (CRNC)  (CIK 0001768267),8-K,2025-03-20,0000950170-25-042711:crnc-ex99_1.htm,0000950170-25-042711,,,,,,,,https://www.sec.gov/cgi-bin/browse-edgar?action=getcompany&CIK=1768267,,CRNC
"""generative AI""",1665300,"Phunware, Inc.  (PHUN)  (CIK 0001665300)",8-K,2025-03-20,0000950170-25-042745:phun-ex99_1.htm,0000950170-25-042745,,,,,,,,https://www.sec.gov/cgi-bin/browse-edgar?action=getcompany&CIK=1665300,,PHUN
"""AI acquisition""",1848861,"Healthcare AI Acquisition Corp.  (HAIAF, HAIUF, HAIWF)  (CIK 0001848861)",8-K,2025-03-20,0001477932-25-001873:haia_8k.htm,0001477932-25-001873,,,,,,,,https://www.sec.gov/cgi-bin/browse-edgar?action=getcompany&CIK=1848861,,
"""large language model""",64463,"Soluna Holdings, Inc  (SLNH, SLNHP)  (CIK 0000064463)",8-K,2025-03-20,0001493152-25-010986:ex99-1.htm,0001493152-25-010986,,,,,,,,https://www.sec.gov/cgi-bin/browse-edgar?action=getcompany&CIK=64463,,SLNH
"""large language model""",64463,"Soluna Holdings, Inc  (SLNH, SLNHP)  (CIK 0000064463)",8-K,2025-03-20,0001493152-25-010986:ex99-1.htm,0001493152-25-010986,,,,,,,,https://www.sec.gov/cgi-bin/browse-edgar?action=getcompany&CIK=64463,,SLNHP
"""generative AI""",1467373,Accenture plc  (ACN)  (CIK 0001467373),8-K,2025-03-20,0001467373-25-000099:q2fy25earnings8-kexhibit.htm,0001467373-25-000099,,,,,,,,https://www.sec.gov/cgi-bin/browse-edgar?action=getcompany&CIK=1467373,,ACN
"""generative AI""",1968487,"Worthington Steel, Inc.  (WS)  (CIK 0001968487)",8-K,2025-03-21,0000950170-25-043236:ws-ex99_2.htm,0000950170-25-043236,,,,,,,,https://www.sec.gov/cgi-bin/browse-edgar?action=getcompany&CIK=1968487,,WS
"""generative AI""",1058290,COGNIZANT TECHNOLOGY SOLUTIONS CORP  (CTSH)  (CIK 0001058290),8-K,2025-03-25,0001058290-25-000112:exhibit9913252025.htm,0001058290-25-000112,,,,,,,,https://www.sec.gov/cgi-bin/browse-edgar?action=getcompany&CIK=1058290,,CTSH
"""generative AI""",64463,"Soluna Holdings, Inc  (SLNH, SLNHP)  (CIK 0000064463)",8-K,2025-03-25,0001641172-25-000515:ex99-1.htm,0001641172-25-000515,,,,,,,,https://www.sec.gov/cgi-bin/browse-edgar?action=getcompany&CIK=64463,,SLNH
"""generative AI""",64463,"Soluna Holdings, Inc  (SLNH, SLNHP)  (CIK 0000064463)",8-K,2025-03-25,0001641172-25-000515:ex99-1.htm,0001641172-25-000515,,,,,,,,https://www.sec.gov/cgi-bin/browse-edgar?action=getcompany&CIK=64463,,SLNHP
"""generative AI""",1564708,"NEWS CORP  (NWS, NWSA)  (CIK 0001564708)",8-K,2025-03-25,0001564708-25-000144:a032525991-ctoresignation.htm,0001564708-25-000144,,,,,,,,https://www.sec.gov/cgi-bin/browse-edgar?action=getcompany&CIK=1564708,,NWSA
"""generative AI""",1564708,"NEWS CORP  (NWS, NWSA)  (CIK 0001564708)",8-K,2025-03-25,0001564708-25-000144:a032525991-ctoresignation.htm,0001564708-25-000144,,,,,,,,https://www.sec.gov/cgi-bin/browse-edgar?action=getcompany&CIK=1564708,,NWS
"""generative AI""",1564708,"NEWS CORP  (NWS, NWSA)  (CIK 0001564708)",8-K,2025-03-25,0001564708-25-000144:a032525991-ctoresignation.htm,0001564708-25-000144,,,,,,,,https://www.sec.gov/cgi-bin/browse-edgar?action=getcompany&CIK=1564708,,NWSLL
"""generative artificial intelligence""",1120970,Comstock Inc.  (LODE)  (CIK 0001120970),8-K,2025-03-25,0001437749-25-009023:ex_793555.htm,0001437749-25-009023,,,,,,,,https://www.sec.gov/cgi-bin/browse-edgar?action=getcompany&CIK=1120970,,LODE
"""generative AI""",1781174,"Acrivon Therapeutics, Inc.  (ACRV)  (CIK 0001781174)",8-K,2025-03-25,0000950170-25-044549:acrv-ex99_1.htm,0000950170-25-044549,,,,,,,,https://www.sec.gov/cgi-bin/browse-edgar?action=getcompany&CIK=1781174,,ACRV
"""generative artificial intelligence""",1803599,Concentrix Corp  (CNXC)  (CIK 0001803599),8-K,2025-03-26,0001803599-25-000080:exhibit991q12025.htm,0001803599-25-000080,,,,,,,,https://www.sec.gov/cgi-bin/browse-edgar?action=getcompany&CIK=1803599,,CNXC
"""generative AI""",1481646,"Accolade, Inc.  (ACCD)  (CIK 0001481646)",8-K,2025-03-27,0001140361-25-010745:ef20046349_ex99-1.htm,0001140361-25-010745,,,,,,,,https://www.sec.gov/cgi-bin/browse-edgar?action=getcompany&CIK=1481646,,
"""generative AI""",64463,"Soluna Holdings, Inc  (SLNH, SLNHP)  (CIK 0000064463)",8-K,2025-03-27,0001641172-25-000854:ex99-1.htm,0001641172-25-000854,,,,,,,,https://www.sec.gov/cgi-bin/browse-edgar?action=getcompany&CIK=64463,,SLNH
"""generative AI""",64463,"Soluna Holdings, Inc  (SLNH, SLNHP)  (CIK 0000064463)",8-K,2025-03-27,0001641172-25-000854:ex99-1.htm,0001641172-25-000854,,,,,,,,https://www.sec.gov/cgi-bin/browse-edgar?action=getcompany&CIK=64463,,SLNHP
"""generative AI""",1320760,"TSS, Inc.  (TSSI)  (CIK 0001320760)",8-K,2025-03-27,0001654954-25-003424:tssi_ex991.htm,0001654954-25-003424,,,,,,,,https://www.sec.gov/cgi-bin/browse-edgar?action=getcompany&CIK=1320760,,TSSI
"""generative AI""",1905956,TREASURE GLOBAL INC  (TGL)  (CIK 0001905956),8-K,2025-03-28,0001013762-25-004080:ea0236158-8k_treasure.htm,0001013762-25-004080,,,,,,,,https://www.sec.gov/cgi-bin/browse-edgar?action=getcompany&CIK=1905956,,TGL
"""generative AI""",935703,"DOLLAR TREE, INC.  (DLTR)  (CIK 0000935703)",8-K,2025-03-28,0001104659-25-029393:tm2510014d2_ex2-1.htm,0001104659-25-029393,,,,,,,,https://www.sec.gov/cgi-bin/browse-edgar?action=getcompany&CIK=935703,,DLTR
"""generative artificial intelligence""",1785424,"Katapult Holdings, Inc.  (KPLT, KPLTW)  (CIK 0001785424)",8-K,2025-03-28,0001628280-25-015329:q42024earningsrelease.htm,0001628280-25-015329,,,,,,,,https://www.sec.gov/cgi-bin/browse-edgar?action=getcompany&CIK=1785424,,KPLT
"""generative artificial intelligence""",1800227,"IAC Inc.  (IAC, IACVV)  (CIK 0001800227)",8-K,2025-03-28,0001104659-25-029063:tm2510759d1_8k.htm,0001104659-25-029063,,,,,,,,https://www.sec.gov/cgi-bin/browse-edgar?action=getcompany&CIK=1800227,,PPLI
"""AI research and development""",1838163,"Brand Engagement Network Inc.  (BNAI, BNAIW)  (CIK 0001838163)",8-K,2025-03-28,0001641172-25-001035:ex99-1.htm,0001641172-25-001035,,,,,,,,https://www.sec.gov/cgi-bin/browse-edgar?action=getcompany&CIK=1838163,,BNAI
"""AI research and development""",1838163,"Brand Engagement Network Inc.  (BNAI, BNAIW)  (CIK 0001838163)",8-K,2025-03-28,0001641172-25-001035:ex99-1.htm,0001641172-25-001035,,,,,,,,https://www.sec.gov/cgi-bin/browse-edgar?action=getcompany&CIK=1838163,,BNAIW
"""large language model""",1895249,"ConnectM Technology Solutions, Inc.  (CNTM)  (CIK 0001895249)",8-K,2025-03-31,0001104659-25-029682:tm2510886d1_ex99-1.htm,0001104659-25-029682,,,,,,,,https://www.sec.gov/cgi-bin/browse-edgar?action=getcompany&CIK=1895249,,CNTM
"""generative AI""",1907982,"D-Wave Quantum Inc.  (QBTS, QBTS-WT)  (CIK 0001907982)",8-K,2025-03-31,0001907982-25-000070:japantobaccoandd-waveannou.htm,0001907982-25-000070,,,,,,,,https://www.sec.gov/cgi-bin/browse-edgar?action=getcompany&CIK=1907982,,QBTS
"""AI acquisition""",1852889,"Investcorp AI Acquisition Corp.  (IVCA, IVCAU, IVCAW)  (CIK 0001852889)",8-K,2025-03-31,0001193125-25-067359:d848905dex101.htm,0001193125-25-067359,,,,,,,,https://www.sec.gov/cgi-bin/browse-edgar?action=getcompany&CIK=1852889,,
"""generative AI""",1397911,LPL Financial Holdings Inc.  (LPLA)  (CIK 0001397911),8-K,2025-03-31,0001193125-25-067661:d697025dex21.htm,0001193125-25-067661,,,,,,,,https://www.sec.gov/cgi-bin/browse-edgar?action=getcompany&CIK=1397911,,LPLA
"""generative AI""",5272,"AMERICAN INTERNATIONAL GROUP, INC.  (AIG)  (CIK 0000005272)",8-K,2025-03-31,0000005272-25-000017:aig_investorxdayx2025.htm,0000005272-25-000017,,,,,,,,https://www.sec.gov/cgi-bin/browse-edgar?action=getcompany&CIK=5272,,AIG
"""generative AI""",64463,"Soluna Holdings, Inc  (SLNH, SLNHP)  (CIK 0000064463)",8-K,2025-04-01,0001641172-25-001998:ex99-1.htm,0001641172-25-001998,,,,,,,,https://www.sec.gov/cgi-bin/browse-edgar?action=getcompany&CIK=64463,,SLNH
"""generative AI""",64463,"Soluna Holdings, Inc  (SLNH, SLNHP)  (CIK 0000064463)",8-K,2025-04-01,0001641172-25-001998:ex99-1.htm,0001641172-25-001998,,,,,,,,https://www.sec.gov/cgi-bin/browse-edgar?action=getcompany&CIK=64463,,SLNHP
"""generative artificial intelligence""",1705110,"Angi Inc.  (ANGI, ANGIV)  (CIK 0001705110)",8-K,2025-04-01,0001104659-25-030301:tm2511010d1_ex99-1.htm,0001104659-25-030301,,,,,,,,https://www.sec.gov/cgi-bin/browse-edgar?action=getcompany&CIK=1705110,,ANGI
"""generative artificial intelligence""",1800227,"IAC Inc.  (IAC, IACVV)  (CIK 0001800227)",8-K,2025-04-01,0001104659-25-030297:tm254280d9_ex99-1.htm,0001104659-25-030297,,,,,,,,https://www.sec.gov/cgi-bin/browse-edgar?action=getcompany&CIK=1800227,,PPLI
"""generative AI""",1826681,"Palladyne AI Corp.  (PDYN, PDYNW)  (CIK 0001826681)",8-K,2025-04-02,0000950170-25-049394:pdyn-ex99_1.htm,0000950170-25-049394,,,,,,,,https://www.sec.gov/cgi-bin/browse-edgar?action=getcompany&CIK=1826681,,PDYN
"""generative AI""",1826681,"Palladyne AI Corp.  (PDYN, PDYNW)  (CIK 0001826681)",8-K,2025-04-02,0000950170-25-049394:pdyn-ex99_1.htm,0000950170-25-049394,,,,,,,,https://www.sec.gov/cgi-bin/browse-edgar?action=getcompany&CIK=1826681,,PDYNW
"""generative AI""",1898496,"Getty Images Holdings, Inc.  (GETY)  (CIK 0001898496)",8-K,2025-04-02,0001628280-25-016275:gety-20250402xex991.htm,0001628280-25-016275,,,,,,,,https://www.sec.gov/cgi-bin/browse-edgar?action=getcompany&CIK=1898496,,GETY
"""generative artificial intelligence""",876883,Stagwell Inc  (STGW)  (CIK 0000876883),8-K,2025-04-02,0001104659-25-030920:tm2511148d1_ex99-1.htm,0001104659-25-030920,,,,,,,,https://www.sec.gov/cgi-bin/browse-edgar?action=getcompany&CIK=876883,,STGW
"""generative AI""",1549346,"Shutterstock, Inc.  (SSTK)  (CIK 0001549346)",8-K,2025-04-03,0001549346-25-000021:pressrelease-secondrequest.htm,0001549346-25-000021,,,,,,,,https://www.sec.gov/cgi-bin/browse-edgar?action=getcompany&CIK=1549346,,SSTK
"""generative artificial intelligence""",1437226,"Mastech Digital, Inc.  (MHH)  (CIK 0001437226)",8-K,2025-04-04,0001193125-25-073415:d938577dex101.htm,0001193125-25-073415,,,,,,,,https://www.sec.gov/cgi-bin/browse-edgar?action=getcompany&CIK=1437226,,MHH
"""generative AI""",1820875,"CXApp Inc.  (CXAI, CXAIW)  (CIK 0001820875)",8-K,2025-04-07,0001829126-25-002437:cxapp_ex99-1.htm,0001829126-25-002437,,,,,,,,https://www.sec.gov/cgi-bin/browse-edgar?action=getcompany&CIK=1820875,,CXAI
"""generative AI""",1820875,"CXApp Inc.  (CXAI, CXAIW)  (CIK 0001820875)",8-K,2025-04-07,0001829126-25-002437:cxapp_ex99-1.htm,0001829126-25-002437,,,,,,,,https://www.sec.gov/cgi-bin/browse-edgar?action=getcompany&CIK=1820875,,CXAIW
"""AI acquisition""",1848861,"Healthcare AI Acquisition Corp.  (HAIAF, HAIUF, HAIWF)  (CIK 0001848861)",8-K,2025-04-07,0001477932-25-002500:haia_8k.htm,0001477932-25-002500,,,,,,,,https://www.sec.gov/cgi-bin/browse-edgar?action=getcompany&CIK=1848861,,
"""generative AI""",64463,"Soluna Holdings, Inc  (SLNH, SLNHP)  (CIK 0000064463)",8-K,2025-04-08,0001641172-25-003132:ex99-1.htm,0001641172-25-003132,,,,,,,,https://www.sec.gov/cgi-bin/browse-edgar?action=getcompany&CIK=64463,,SLNH
"""generative AI""",64463,"Soluna Holdings, Inc  (SLNH, SLNHP)  (CIK 0000064463)",8-K,2025-04-08,0001641172-25-003132:ex99-1.htm,0001641172-25-003132,,,,,,,,https://www.sec.gov/cgi-bin/browse-edgar?action=getcompany&CIK=64463,,SLNHP
"""generative AI""",1420720,"iBio, Inc.  (IBIO)  (CIK 0001420720)",8-K,2025-04-08,0001420720-25-000018:ibio-20250408xex99d1.htm,0001420720-25-000018,,,,,,,,https://www.sec.gov/cgi-bin/browse-edgar?action=getcompany&CIK=1420720,,IBIO
"""generative AI""",1652958,"Edgemode, Inc.  (EDGM)  (CIK 0001652958)",8-K,2025-04-08,0001683168-25-002328:edgemode_8k.htm,0001683168-25-002328,,,,,,,,https://www.sec.gov/cgi-bin/browse-edgar?action=getcompany&CIK=1652958,,EDGM
"""large language model""",1119190,"HUMBL, INC.  (HMBL)  (CIK 0001119190)",8-K,2025-04-09,0001641172-25-003424:ex99-1.htm,0001641172-25-003424,,,,,,,,https://www.sec.gov/cgi-bin/browse-edgar?action=getcompany&CIK=1119190,,RWAX
"""generative AI""",64463,"Soluna Holdings, Inc  (SLNH, SLNHP)  (CIK 0000064463)",8-K,2025-04-10,0001641172-25-003521:ex99-1.htm,0001641172-25-003521,,,,,,,,https://www.sec.gov/cgi-bin/browse-edgar?action=getcompany&CIK=64463,,SLNH
"""generative AI""",64463,"Soluna Holdings, Inc  (SLNH, SLNHP)  (CIK 0000064463)",8-K,2025-04-10,0001641172-25-003521:ex99-1.htm,0001641172-25-003521,,,,,,,,https://www.sec.gov/cgi-bin/browse-edgar?action=getcompany&CIK=64463,,SLNHP
"""generative AI""",1018724,AMAZON COM INC  (AMZN)  (CIK 0001018724),8-K,2025-04-10,0001104659-25-033450:tm254123d3_ex99-1.htm,0001104659-25-033450,,,,,,,,https://www.sec.gov/cgi-bin/browse-edgar?action=getcompany&CIK=1018724,,AMZN
"""generative artificial intelligence""",913760,StoneX Group Inc.  (SNEX)  (CIK 0000913760),8-K,2025-04-14,0000913760-25-000063:clover-8xksigningxex21xmer.htm,0000913760-25-000063,,,,,,,,https://www.sec.gov/cgi-bin/browse-edgar?action=getcompany&CIK=913760,,SNEX
"""large language model""",1853138,"Ares Acquisition Corp II  (AACT, AACT-UN, AACT-WT)  (CIK 0001853138)",8-K,2025-04-14,0001193125-25-079657:d948522dex21.htm,0001193125-25-079657,,,,,,,,https://www.sec.gov/cgi-bin/browse-edgar?action=getcompany&CIK=1853138,,KDK
"""large language model""",1853138,"Ares Acquisition Corp II  (AACT, AACT-UN, AACT-WT)  (CIK 0001853138)",8-K,2025-04-14,0001193125-25-079657:d948522dex21.htm,0001193125-25-079657,,,,,,,,https://www.sec.gov/cgi-bin/browse-edgar?action=getcompany&CIK=1853138,,KDKRW
"""generative AI""",1710350,"Bit Digital, Inc  (BTBT)  (CIK 0001710350)",8-K,2025-04-15,0001213900-25-032132:ea0238042-8k_bitdigital.htm,0001213900-25-032132,,,,,,,,https://www.sec.gov/cgi-bin/browse-edgar?action=getcompany&CIK=1710350,,BTBT
"""generative AI""",64463,"Soluna Holdings, Inc  (SLNH, SLNHP)  (CIK 0000064463)",8-K,2025-04-15,0001641172-25-004702:ex99-1.htm,0001641172-25-004702,,,,,,,,https://www.sec.gov/cgi-bin/browse-edgar?action=getcompany&CIK=64463,,SLNH
"""generative AI""",64463,"Soluna Holdings, Inc  (SLNH, SLNHP)  (CIK 0000064463)",8-K,2025-04-15,0001641172-25-004702:ex99-1.htm,0001641172-25-004702,,,,,,,,https://www.sec.gov/cgi-bin/browse-edgar?action=getcompany&CIK=64463,,SLNHP
"""generative AI""",64463,"Soluna Holdings, Inc  (SLNH, SLNHP)  (CIK 0000064463)",8-K,2025-04-17,0001641172-25-005160:ex99-1.htm,0001641172-25-005160,,,,,,,,https://www.sec.gov/cgi-bin/browse-edgar?action=getcompany&CIK=64463,,SLNH
"""generative AI""",64463,"Soluna Holdings, Inc  (SLNH, SLNHP)  (CIK 0000064463)",8-K,2025-04-17,0001641172-25-005160:ex99-1.htm,0001641172-25-005160,,,,,,,,https://www.sec.gov/cgi-bin/browse-edgar?action=getcompany&CIK=64463,,SLNHP
"""generative AI""",49938,IMPERIAL OIL LTD  (IMO)  (CIK 0000049938),8-K,2025-04-17,0000049938-25-000022:a2025irday-finalforexter.htm,0000049938-25-000022,,,,,,,,https://www.sec.gov/cgi-bin/browse-edgar?action=getcompany&CIK=49938,,IMO
"""AI acquisition""",1848861,"Healthcare AI Acquisition Corp.  (HAIAF, HAIUF, HAIWF)  (CIK 0001848861)",8-K,2025-04-17,0001477932-25-002824:haia_8k.htm,0001477932-25-002824,,,,,,,,https://www.sec.gov/cgi-bin/browse-edgar?action=getcompany&CIK=1848861,,
"""generative artificial intelligence""",1747068,"MetroCity Bankshares, Inc.  (MCBS)  (CIK 0001747068)",8-K,2025-04-18,0001747068-25-000021:mcbs-20250418xex99d1.htm,0001747068-25-000021,,,,,,,,https://www.sec.gov/cgi-bin/browse-edgar?action=getcompany&CIK=1747068,,MCBS
"""generative artificial intelligence""",1668397,"Medpace Holdings, Inc.  (MEDP)  (CIK 0001668397)",8-K,2025-04-21,0001668397-25-000056:medp-20250421exx991.htm,0001668397-25-000056,,,,,,,,https://www.sec.gov/cgi-bin/browse-edgar?action=getcompany&CIK=1668397,,MEDP
"""generative AI""",1868640,"Roadzen Inc.  (RDZN, RDZNW)  (CIK 0001868640)",8-K,2025-04-21,0001641172-25-005571:ex99-1.htm,0001641172-25-005571,,,,,,,,https://www.sec.gov/cgi-bin/browse-edgar?action=getcompany&CIK=1868640,,RDZN
"""generative AI""",1868640,"Roadzen Inc.  (RDZN, RDZNW)  (CIK 0001868640)",8-K,2025-04-21,0001641172-25-005571:ex99-1.htm,0001641172-25-005571,,,,,,,,https://www.sec.gov/cgi-bin/browse-edgar?action=getcompany&CIK=1868640,,RDZNW
"""generative artificial intelligence""",1038773,SMARTFINANCIAL INC.  (SMBK)  (CIK 0001038773),8-K,2025-04-21,0001558370-25-005082:smbk-20250421xex99d2.htm,0001558370-25-005082,,,,,,,,https://www.sec.gov/cgi-bin/browse-edgar?action=getcompany&CIK=1038773,,SMBK
"""generative AI""",64463,"Soluna Holdings, Inc  (SLNH, SLNHP)  (CIK 0000064463)",8-K,2025-04-22,0001641172-25-005621:ex99-1.htm,0001641172-25-005621,,,,,,,,https://www.sec.gov/cgi-bin/browse-edgar?action=getcompany&CIK=64463,,SLNH
"""generative AI""",64463,"Soluna Holdings, Inc  (SLNH, SLNHP)  (CIK 0000064463)",8-K,2025-04-22,0001641172-25-005621:ex99-1.htm,0001641172-25-005621,,,,,,,,https://www.sec.gov/cgi-bin/browse-edgar?action=getcompany&CIK=64463,,SLNHP
"""generative artificial intelligence""",1336706,NORTHPOINTE BANCSHARES INC  (NPB)  (CIK 0001336706),8-K,2025-04-22,0001628280-25-018893:northpointe-202503xxexx991.htm,0001628280-25-018893,,,,,,,,https://www.sec.gov/cgi-bin/browse-edgar?action=getcompany&CIK=1336706,,NPB
"""generative artificial intelligence""",1745916,"PennyMac Financial Services, Inc.  (PFSI)  (CIK 0001745916)",8-K,2025-04-22,0001104659-25-037458:tm2512811d1_ex99-2.htm,0001104659-25-037458,,,,,,,,https://www.sec.gov/cgi-bin/browse-edgar?action=getcompany&CIK=1745916,,PFSI
"""generative AI""",51143,INTERNATIONAL BUSINESS MACHINES CORP  (IBM)  (CIK 0000051143),8-K,2025-04-23,0000051143-25-000026:ibm-20250423xex991.htm,0000051143-25-000026,,,,,,,,https://www.sec.gov/cgi-bin/browse-edgar?action=getcompany&CIK=51143,,IBM
"""generative artificial intelligence""",1516912,"Origin Bancorp, Inc.  (OBK)  (CIK 0001516912)",8-K,2025-04-23,0001516912-25-000072:a03_31x2025obkinvestorpr.htm,0001516912-25-000072,,,,,,,,https://www.sec.gov/cgi-bin/browse-edgar?action=getcompany&CIK=1516912,,OBK
"""generative AI""",896262,AMEDISYS INC  (AMED)  (CIK 0000896262),8-K,2025-04-23,0000896262-25-000029:a20253103_991exhibit.htm,0000896262-25-000029,,,,,,,,https://www.sec.gov/cgi-bin/browse-edgar?action=getcompany&CIK=896262,,
"""generative artificial intelligence""",711669,COLONY BANKCORP INC  (CBAN)  (CIK 0000711669),8-K,2025-04-23,0000711669-25-000064:a1q2025er.htm,0000711669-25-000064,,,,,,,,https://www.sec.gov/cgi-bin/browse-edgar?action=getcompany&CIK=711669,,CBAN
"""generative artificial intelligence""",890564,ASGN Inc  (ASGN)  (CIK 0000890564),8-K,2025-04-23,0000890564-25-000019:earningsrelease-q125.htm,0000890564-25-000019,,,,,,,,https://www.sec.gov/cgi-bin/browse-edgar?action=getcompany&CIK=890564,,EFOR
"""generative AI""",106640,WHIRLPOOL CORP /DE/  (WHR)  (CIK 0000106640),8-K,2025-04-23,0000106640-25-000072:exhibit991pressrelease0331.htm,0000106640-25-000072,,,,,,,,https://www.sec.gov/cgi-bin/browse-edgar?action=getcompany&CIK=106640,,WHR
"""generative AI""",106640,WHIRLPOOL CORP /DE/  (WHR)  (CIK 0000106640),8-K,2025-04-23,0000106640-25-000072:exhibit991pressrelease0331.htm,0000106640-25-000072,,,,,,,,https://www.sec.gov/cgi-bin/browse-edgar?action=getcompany&CIK=106640,,WHR-PA
"""generative AI""",51143,INTERNATIONAL BUSINESS MACHINES CORP  (IBM)  (CIK 0000051143),8-K,2025-04-24,0000051143-25-000031:ibmex99-2.htm,0000051143-25-000031,,,,,,,,https://www.sec.gov/cgi-bin/browse-edgar?action=getcompany&CIK=51143,,IBM
"""AI acquisition""",1852889,"Investcorp AI Acquisition Corp.  (IVCA, IVCAU, IVCAW)  (CIK 0001852889)",8-K,2025-04-24,0001193125-25-093642:d921147dex161.htm,0001193125-25-093642,,,,,,,,https://www.sec.gov/cgi-bin/browse-edgar?action=getcompany&CIK=1852889,,
"""generative AI""",1651562,"Coursera, Inc.  (COUR)  (CIK 0001651562)",8-K,2025-04-24,0001651562-25-000032:cour-20250331xshareholde.htm,0001651562-25-000032,,,,,,,,https://www.sec.gov/cgi-bin/browse-edgar?action=getcompany&CIK=1651562,,COUR
"""generative artificial intelligence""",730708,SEACOAST BANKING CORP OF FLORIDA  (SBCF)  (CIK 0000730708),8-K,2025-04-24,0000730708-25-000108:a1q2025earningsrelease.htm,0000730708-25-000108,,,,,,,,https://www.sec.gov/cgi-bin/browse-edgar?action=getcompany&CIK=730708,,SBCF
"""generative AI""",1652044,"Alphabet Inc.  (GOOG, GOOGL)  (CIK 0001652044)",8-K,2025-04-24,0001652044-25-000040:googexhibit991q12025.htm,0001652044-25-000040,,,,,,,,https://www.sec.gov/cgi-bin/browse-edgar?action=getcompany&CIK=1652044,,GOOGL
"""generative AI""",1652044,"Alphabet Inc.  (GOOG, GOOGL)  (CIK 0001652044)",8-K,2025-04-24,0001652044-25-000040:googexhibit991q12025.htm,0001652044-25-000040,,,,,,,,https://www.sec.gov/cgi-bin/browse-edgar?action=getcompany&CIK=1652044,,GOOG
"""generative AI""",1652044,"Alphabet Inc.  (GOOG, GOOGL)  (CIK 0001652044)",8-K,2025-04-24,0001652044-25-000040:googexhibit991q12025.htm,0001652044-25-000040,,,,,,,,https://www.sec.gov/cgi-bin/browse-edgar?action=getcompany&CIK=1652044,,GOOGM
"""generative AI""",1652044,"Alphabet Inc.  (GOOG, GOOGL)  (CIK 0001652044)",8-K,2025-04-24,0001652044-25-000040:googexhibit991q12025.htm,0001652044-25-000040,,,,,,,,https://www.sec.gov/cgi-bin/browse-edgar?action=getcompany&CIK=1652044,,GOOGN
"""generative AI""",87347,SCHLUMBERGER LIMITED/NV  (SLB)  (CIK 0000087347),8-K,2025-04-25,0001193125-25-094916:d704132dex99.htm,0001193125-25-094916,,,,,,,,https://www.sec.gov/cgi-bin/browse-edgar?action=getcompany&CIK=87347,,SLB
"""generative artificial intelligence""",64040,S&P Global Inc.  (SPGI)  (CIK 0000064040),8-K,2025-04-29,0000064040-25-000122:spgi1q2025-earningsrelease.htm,0000064040-25-000122,,,,,,,,https://www.sec.gov/cgi-bin/browse-edgar?action=getcompany&CIK=64040,,SPGI
"""generative AI""",1564408,Snap Inc  (SNAP)  (CIK 0001564408),8-K,2025-04-29,0001564408-25-000028:q12025investorletter.htm,0001564408-25-000028,,,,,,,,https://www.sec.gov/cgi-bin/browse-edgar?action=getcompany&CIK=1564408,,SNAP
"""generative AI""",1075531,Booking Holdings Inc.  (BKNG)  (CIK 0001075531),8-K,2025-04-29,0001075531-25-000021:bkngq12025earningspressr.htm,0001075531-25-000021,,,,,,,,https://www.sec.gov/cgi-bin/browse-edgar?action=getcompany&CIK=1075531,,BKNG
"""generative AI""",1058290,COGNIZANT TECHNOLOGY SOLUTIONS CORP  (CTSH)  (CIK 0001058290),8-K,2025-04-30,0001058290-25-000124:exhibit9913312025.htm,0001058290-25-000124,,,,,,,,https://www.sec.gov/cgi-bin/browse-edgar?action=getcompany&CIK=1058290,,CTSH
"""generative AI""",1116942,TTM TECHNOLOGIES INC  (TTMI)  (CIK 0001116942),8-K,2025-04-30,0001193125-25-107148:d937306dex991.htm,0001193125-25-107148,,,,,,,,https://www.sec.gov/cgi-bin/browse-edgar?action=getcompany&CIK=1116942,,TTMI
"""generative artificial intelligence""",1175535,Whitestone REIT  (WSR)  (CIK 0001175535),8-K,2025-04-30,0001437749-25-013877:ex_797299.htm,0001437749-25-013877,,,,,,,,https://www.sec.gov/cgi-bin/browse-edgar?action=getcompany&CIK=1175535,,WSR
"""generative AI""",1607939,"Udemy, Inc.  (UDMY)  (CIK 0001607939)",8-K,2025-04-30,0001607939-25-000055:q12025pressrelease.htm,0001607939-25-000055,,,,,,,,https://www.sec.gov/cgi-bin/browse-edgar?action=getcompany&CIK=1607939,,
"""generative artificial intelligence""",1021635,OGE ENERGY CORP.  (OGE)  (CIK 0001021635),8-K,2025-04-30,0000950170-25-060395:oge-ex99_01.htm,0000950170-25-060395,,,,,,,,https://www.sec.gov/cgi-bin/browse-edgar?action=getcompany&CIK=1021635,,OGE
"""generative AI""",1699838,"Confluent, Inc.  (CFLT)  (CIK 0001699838)",8-K,2025-04-30,0000950170-25-061034:cflt-ex99_1.htm,0000950170-25-061034,,,,,,,,https://www.sec.gov/cgi-bin/browse-edgar?action=getcompany&CIK=1699838,,
"""generative AI""",1673358,"Yum China Holdings, Inc.  (YUMC)  (CIK 0001673358)",8-K,2025-04-30,0000950170-25-060536:yumc-ex99_1.htm,0000950170-25-060536,,,,,,,,https://www.sec.gov/cgi-bin/browse-edgar?action=getcompany&CIK=1673358,,YUMC
"""generative AI""",1043277,"C. H. ROBINSON WORLDWIDE, INC.  (CHRW)  (CIK 0001043277)",8-K,2025-04-30,0001043277-25-000019:q12025earningsdeck.htm,0001043277-25-000019,,,,,,,,https://www.sec.gov/cgi-bin/browse-edgar?action=getcompany&CIK=1043277,,CHRW
"""generative AI""",1018724,AMAZON COM INC  (AMZN)  (CIK 0001018724),8-K,2025-05-01,0001018724-25-000034:amzn-20250331xex991.htm,0001018724-25-000034,,,,,,,,https://www.sec.gov/cgi-bin/browse-edgar?action=getcompany&CIK=1018724,,AMZN
"""generative artificial intelligence""",932696,INSIGHT ENTERPRISES INC  (NSIT)  (CIK 0000932696),8-K,2025-05-01,0001628280-25-021345:nsit-20250501xerx8kex991.htm,0001628280-25-021345,,,,,,,,https://www.sec.gov/cgi-bin/browse-edgar?action=getcompany&CIK=932696,,NSIT
"""generative AI""",1562088,"Duolingo, Inc.  (DUOL)  (CIK 0001562088)",8-K,2025-05-01,0001562088-25-000098:q1fy25duolingo3-31x25share.htm,0001562088-25-000098,,,,,,,,https://www.sec.gov/cgi-bin/browse-edgar?action=getcompany&CIK=1562088,,DUOL
"""generative artificial intelligence""",1635282,"Rimini Street, Inc.  (RMNI)  (CIK 0001635282)",8-K,2025-05-01,0001635282-25-000132:rmniq12025earningreleaseex.htm,0001635282-25-000132,,,,,,,,https://www.sec.gov/cgi-bin/browse-edgar?action=getcompany&CIK=1635282,,RMNI
"""generative AI""",1851003,Zeta Global Holdings Corp.  (ZETA)  (CIK 0001851003),8-K,2025-05-01,0000950170-25-061812:zeta-ex99_1.htm,0000950170-25-061812,,,,,,,,https://www.sec.gov/cgi-bin/browse-edgar?action=getcompany&CIK=1851003,,ZETA
"""generative AI""",1001250,ESTEE LAUDER COMPANIES INC  (EL)  (CIK 0001001250),8-K,2025-05-01,0001001250-25-000058:fy2025q3exhibit991.htm,0001001250-25-000058,,,,,,,,https://www.sec.gov/cgi-bin/browse-edgar?action=getcompany&CIK=1001250,,EL
"""AI collaboration""",1650372,Atlassian Corp  (TEAM)  (CIK 0001650372),8-K,2025-05-01,0001650372-25-000018:teamq32025shareholderlet.htm,0001650372-25-000018,,,,,,,,https://www.sec.gov/cgi-bin/browse-edgar?action=getcompany&CIK=1650372,,TEAM
"""generative AI""",1315098,Roblox Corp  (RBLX)  (CIK 0001315098),8-K,2025-05-01,0001315098-25-000117:ex992-q12025shareholderl.htm,0001315098-25-000117,,,,,,,,https://www.sec.gov/cgi-bin/browse-edgar?action=getcompany&CIK=1315098,,RBLX
"""generative artificial intelligence""",1298675,CubeSmart  (CUBE)  (CIK 0001298675),8-K,2025-05-02,0001298675-25-000017:cube-20250501xex99d1.htm,0001298675-25-000017,,,,,,,,https://www.sec.gov/cgi-bin/browse-edgar?action=getcompany&CIK=1298675,,CUBE
"""AI acquisition""",1852889,"Investcorp AI Acquisition Corp.  (IVCA, IVCAU, IVCAW)  (CIK 0001852889)",8-K,2025-05-02,0001193125-25-111704:d83147d8k.htm,0001193125-25-111704,,,,,,,,https://www.sec.gov/cgi-bin/browse-edgar?action=getcompany&CIK=1852889,,
"""generative AI""",1582982,"CareCloud, Inc.  (CCLD, CCLDO)  (CIK 0001582982)",8-K,2025-05-02,0001641172-25-008372:ex99-1.htm,0001641172-25-008372,,,,,,,,https://www.sec.gov/cgi-bin/browse-edgar?action=getcompany&CIK=1582982,,CCLD
"""generative AI""",1327318,"TrueCar, Inc.  (TRUE)  (CIK 0001327318)",8-K,2025-05-05,0001327318-25-000014:tc-stockholderxletterxq1.htm,0001327318-25-000014,,,,,,,,https://www.sec.gov/cgi-bin/browse-edgar?action=getcompany&CIK=1327318,,
"""generative artificial intelligence""",1800227,IAC Inc.  (IAC)  (CIK 0001800227),8-K,2025-05-05,0001800227-25-000027:ex_991q12025iac-pressrelea.htm,0001800227-25-000027,,,,,,,,https://www.sec.gov/cgi-bin/browse-edgar?action=getcompany&CIK=1800227,,PPLI
"""generative AI""",1873722,Bubblr Inc.  (BBLR)  (CIK 0001873722),8-K,2025-05-05,0001641172-25-008631:form8-k.htm,0001641172-25-008631,,,,,,,,https://www.sec.gov/cgi-bin/browse-edgar?action=getcompany&CIK=1873722,,BBLR
"""generative artificial intelligence""",1414767,"Netcapital Inc.  (NCPL, NCPLW)  (CIK 0001414767)",8-K,2025-05-05,0001641172-25-008684:form8-k.htm,0001641172-25-008684,,,,,,,,https://www.sec.gov/cgi-bin/browse-edgar?action=getcompany&CIK=1414767,,NCPL
"""generative artificial intelligence""",1414767,"Netcapital Inc.  (NCPL, NCPLW)  (CIK 0001414767)",8-K,2025-05-05,0001641172-25-008684:form8-k.htm,0001641172-25-008684,,,,,,,,https://www.sec.gov/cgi-bin/browse-edgar?action=getcompany&CIK=1414767,,NCPLW
"""generative AI""",855658,LATTICE SEMICONDUCTOR CORP  (LSCC)  (CIK 0000855658),8-K,2025-05-05,0001437749-25-014533:ex_792673.htm,0001437749-25-014533,,,,,,,,https://www.sec.gov/cgi-bin/browse-edgar?action=getcompany&CIK=855658,,LSCC
"""generative AI""",1805833,"System1, Inc.  (SST, SSTPW)  (CIK 0001805833)",8-K,2025-05-06,0001628280-25-022669:ex991earningsreleaseq12025.htm,0001628280-25-022669,,,,,,,,https://www.sec.gov/cgi-bin/browse-edgar?action=getcompany&CIK=1805833,,SST
"""generative AI""",1805833,"System1, Inc.  (SST, SSTPW)  (CIK 0001805833)",8-K,2025-05-06,0001628280-25-022669:ex991earningsreleaseq12025.htm,0001628280-25-022669,,,,,,,,https://www.sec.gov/cgi-bin/browse-edgar?action=getcompany&CIK=1805833,,SSTPW
"""generative AI""",1361113,VARONIS SYSTEMS INC  (VRNS)  (CIK 0001361113),8-K,2025-05-06,0001171843-25-002821:exh_991.htm,0001171843-25-002821,,,,,,,,https://www.sec.gov/cgi-bin/browse-edgar?action=getcompany&CIK=1361113,,VRNS
"""AI acquisition""",1848861,"Healthcare AI Acquisition Corp.  (HAIAF, HAIUF, HAIWF)  (CIK 0001848861)",8-K,2025-05-06,0001477932-25-003363:haia_8k.htm,0001477932-25-003363,,,,,,,,https://www.sec.gov/cgi-bin/browse-edgar?action=getcompany&CIK=1848861,,
"""generative AI""",1023313,"FORRESTER RESEARCH, INC.  (FORR)  (CIK 0001023313)",8-K,2025-05-06,0000950170-25-064425:forr-ex99_1.htm,0000950170-25-064425,,,,,,,,https://www.sec.gov/cgi-bin/browse-edgar?action=getcompany&CIK=1023313,,FORR
"""generative AI""",1582982,"CareCloud, Inc.  (CCLD, CCLDO)  (CIK 0001582982)",8-K,2025-05-06,0001641172-25-008747:ex99-1.htm,0001641172-25-008747,,,,,,,,https://www.sec.gov/cgi-bin/browse-edgar?action=getcompany&CIK=1582982,,CCLD
"""generative artificial intelligence""",1833197,"Latham Group, Inc.  (SWIM)  (CIK 0001833197)",8-K,2025-05-06,0001104659-25-045041:tm2514015d1_ex99.htm,0001104659-25-045041,,,,,,,,https://www.sec.gov/cgi-bin/browse-edgar?action=getcompany&CIK=1833197,,SWIM
"""generative AI""",1620280,Uniti Group Inc.  (UNIT)  (CIK 0001620280),8-K,2025-05-06,0001628280-25-022410:unit-ex9911q25.htm,0001628280-25-022410,,,,,,,,https://www.sec.gov/cgi-bin/browse-edgar?action=getcompany&CIK=1620280,,
"""generative AI""",1691421,"Lemonade, Inc.  (LMND, LMND-WT)  (CIK 0001691421)",8-K,2025-05-06,0001691421-25-000062:lmndshareholderletterq12.htm,0001691421-25-000062,,,,,,,,https://www.sec.gov/cgi-bin/browse-edgar?action=getcompany&CIK=1691421,,LMND
"""generative artificial intelligence""",1057379,"HACKETT GROUP, INC.  (HCKT)  (CIK 0001057379)",8-K,2025-05-06,0000950170-25-064540:hckt-ex99_1.htm,0000950170-25-064540,,,,,,,,https://www.sec.gov/cgi-bin/browse-edgar?action=getcompany&CIK=1057379,,HCKT
"""generative AI""",1286139,"LEGALZOOM.COM, INC.  (LZ)  (CIK 0001286139)",8-K,2025-05-07,0001286139-25-000054:lz-2025q1xexx991.htm,0001286139-25-000054,,,,,,,,https://www.sec.gov/cgi-bin/browse-edgar?action=getcompany&CIK=1286139,,LZ
"""generative artificial intelligence""",1617640,"ZILLOW GROUP, INC.  (Z, ZG)  (CIK 0001617640)",8-K,2025-05-07,0001617640-25-000062:q12025991.htm,0001617640-25-000062,,,,,,,,https://www.sec.gov/cgi-bin/browse-edgar?action=getcompany&CIK=1617640,,ZG
"""generative artificial intelligence""",1617640,"ZILLOW GROUP, INC.  (Z, ZG)  (CIK 0001617640)",8-K,2025-05-07,0001617640-25-000062:q12025991.htm,0001617640-25-000062,,,,,,,,https://www.sec.gov/cgi-bin/browse-edgar?action=getcompany&CIK=1617640,,Z
"""strategic AI""",1462056,"Backblaze, Inc.  (BLZE)  (CIK 0001462056)",8-K,2025-05-07,0001628280-25-023132:firstquarter2025presenta.htm,0001628280-25-023132,,,,,,,,https://www.sec.gov/cgi-bin/browse-edgar?action=getcompany&CIK=1462056,,BLZE
"""generative AI""",1398659,Genpact LTD  (G)  (CIK 0001398659),8-K,2025-05-07,0001398659-25-000057:genpactltdexhibit991q125.htm,0001398659-25-000057,,,,,,,,https://www.sec.gov/cgi-bin/browse-edgar?action=getcompany&CIK=1398659,,G
"""generative AI""",1831840,"SEMrush Holdings, Inc.  (SEMR)  (CIK 0001831840)",8-K,2025-05-07,0001628280-25-023228:semrush8-kexhibit991q12025.htm,0001628280-25-023228,,,,,,,,https://www.sec.gov/cgi-bin/browse-edgar?action=getcompany&CIK=1831840,,
"""generative AI""",71691,NEW YORK TIMES CO  (NYT)  (CIK 0000071691),8-K,2025-05-07,0000071691-25-000098:pressrelease03312025.htm,0000071691-25-000098,,,,,,,,https://www.sec.gov/cgi-bin/browse-edgar?action=getcompany&CIK=71691,,NYT
"""generative artificial intelligence""",104918,AVISTA CORP  (AVA)  (CIK 0000104918),8-K,2025-05-07,0000950170-25-064740:ava-ex99_1.htm,0000950170-25-064740,,,,,,,,https://www.sec.gov/cgi-bin/browse-edgar?action=getcompany&CIK=104918,,AVA
"""generative AI""",1102993,LIVEPERSON INC  (LPSN)  (CIK 0001102993),8-K,2025-05-07,0001102993-25-000048:ex-991xpressreleaseq12025.htm,0001102993-25-000048,,,,,,,,https://www.sec.gov/cgi-bin/browse-edgar?action=getcompany&CIK=1102993,,LPSN
"""generative AI""",1824920,"IonQ, Inc.  (IONQ, IONQ-WT)  (CIK 0001824920)",8-K,2025-05-07,0000950170-25-065685:ionq-ex99_1.htm,0000950170-25-065685,,,,,,,,https://www.sec.gov/cgi-bin/browse-edgar?action=getcompany&CIK=1824920,,IONQ
"""generative AI""",1824920,"IonQ, Inc.  (IONQ, IONQ-WT)  (CIK 0001824920)",8-K,2025-05-07,0000950170-25-065685:ionq-ex99_1.htm,0000950170-25-065685,,,,,,,,https://www.sec.gov/cgi-bin/browse-edgar?action=getcompany&CIK=1824920,,IONQ-WT
"""generative artificial intelligence""",1714174,Burford Capital Ltd  (BUR)  (CIK 0001714174),8-K,2025-05-07,0001714174-25-000099:bur-20250507xex992.htm,0001714174-25-000099,,,,,,,,https://www.sec.gov/cgi-bin/browse-edgar?action=getcompany&CIK=1714174,,BUR
"""generative AI""",1768267,Cerence Inc.  (CRNC)  (CIK 0001768267),8-K,2025-05-07,0000950170-25-065725:crnc-ex99_1.htm,0000950170-25-065725,,,,,,,,https://www.sec.gov/cgi-bin/browse-edgar?action=getcompany&CIK=1768267,,CRNC
"""generative artificial intelligence""",1278027,"B&G Foods, Inc.  (BGS)  (CIK 0001278027)",8-K,2025-05-07,0001558370-25-006614:bgs-20250507xex99d1.htm,0001558370-25-006614,,,,,,,,https://www.sec.gov/cgi-bin/browse-edgar?action=getcompany&CIK=1278027,,BGS
"""generative AI""",1289419,"Morningstar, Inc.  (MORN)  (CIK 0001289419)",8-K,2025-05-07,0001289419-25-000080:iq-may72025.htm,0001289419-25-000080,,,,,,,,https://www.sec.gov/cgi-bin/browse-edgar?action=getcompany&CIK=1289419,,MORN
"""generative artificial intelligence""",1641614,CPI Card Group Inc.  (PMTS)  (CIK 0001641614),8-K,2025-05-07,0001558370-25-006601:pmts-20250506xex2d1.htm,0001558370-25-006601,,,,,,,,https://www.sec.gov/cgi-bin/browse-edgar?action=getcompany&CIK=1641614,,PMTS
"""generative AI""",1573221,"TheRealReal, Inc.  (REAL)  (CIK 0001573221)",8-K,2025-05-08,0001573221-25-000045:real-20250507xex991pressre.htm,0001573221-25-000045,,,,,,,,https://www.sec.gov/cgi-bin/browse-edgar?action=getcompany&CIK=1573221,,REAL
"""generative AI""",1819404,Nerdy Inc.  (NRDY)  (CIK 0001819404),8-K,2025-05-08,0001193125-25-115940:d936548dex991.htm,0001193125-25-115940,,,,,,,,https://www.sec.gov/cgi-bin/browse-edgar?action=getcompany&CIK=1819404,,NRDY
"""generative artificial intelligence""",876883,Stagwell Inc  (STGW)  (CIK 0000876883),8-K,2025-05-08,0000876883-25-000015:a1q25earningspresentatio.htm,0000876883-25-000015,,,,,,,,https://www.sec.gov/cgi-bin/browse-edgar?action=getcompany&CIK=876883,,STGW
"""generative AI""",903651,INNODATA INC  (INOD)  (CIK 0000903651),8-K,2025-05-08,0001104659-25-046237:tm2513400d1_ex99-1.htm,0001104659-25-046237,,,,,,,,https://www.sec.gov/cgi-bin/browse-edgar?action=getcompany&CIK=903651,,INOD
"""generative AI""",64463,"Soluna Holdings, Inc  (SLNH, SLNHP)  (CIK 0000064463)",8-K,2025-05-08,0001641172-25-009158:ex99-1.htm,0001641172-25-009158,,,,,,,,https://www.sec.gov/cgi-bin/browse-edgar?action=getcompany&CIK=64463,,SLNH
"""generative AI""",64463,"Soluna Holdings, Inc  (SLNH, SLNHP)  (CIK 0000064463)",8-K,2025-05-08,0001641172-25-009158:ex99-1.htm,0001641172-25-009158,,,,,,,,https://www.sec.gov/cgi-bin/browse-edgar?action=getcompany&CIK=64463,,SLNHP
"""generative AI""",1840856,"SOUNDHOUND AI, INC.  (SOUN, SOUNW)  (CIK 0001840856)",8-K,2025-05-08,0001628280-25-023838:soun-20250508ex991earnings.htm,0001628280-25-023838,,,,,,,,https://www.sec.gov/cgi-bin/browse-edgar?action=getcompany&CIK=1840856,,SOUN
"""generative AI""",1840856,"SOUNDHOUND AI, INC.  (SOUN, SOUNW)  (CIK 0001840856)",8-K,2025-05-08,0001628280-25-023838:soun-20250508ex991earnings.htm,0001628280-25-023838,,,,,,,,https://www.sec.gov/cgi-bin/browse-edgar?action=getcompany&CIK=1840856,,SOUNW
"""strategic AI""",1805521,"FARADAY FUTURE INTELLIGENT ELECTRIC INC.  (FFAI, FFAIW)  (CIK 0001805521)",8-K,2025-05-08,0001213900-25-041125:ea024146001ex99-2_faraday.htm,0001213900-25-041125,,,,,,,,https://www.sec.gov/cgi-bin/browse-edgar?action=getcompany&CIK=1805521,,FFAI
"""strategic AI""",1805521,"FARADAY FUTURE INTELLIGENT ELECTRIC INC.  (FFAI, FFAIW)  (CIK 0001805521)",8-K,2025-05-08,0001213900-25-041125:ea024146001ex99-2_faraday.htm,0001213900-25-041125,,,,,,,,https://www.sec.gov/cgi-bin/browse-edgar?action=getcompany&CIK=1805521,,FFAIW
"""generative AI""",1820144,Grindr Inc.  (GRND)  (CIK 0001820144),8-K,2025-05-08,0001820144-25-000023:grnd_shlx2025q1xfinal.htm,0001820144-25-000023,,,,,,,,https://www.sec.gov/cgi-bin/browse-edgar?action=getcompany&CIK=1820144,,GRND
"""generative artificial intelligence""",1120970,Comstock Inc.  (LODE)  (CIK 0001120970),8-K,2025-05-08,0001437749-25-015510:ex_814456.htm,0001437749-25-015510,,,,,,,,https://www.sec.gov/cgi-bin/browse-edgar?action=getcompany&CIK=1120970,,LODE
"""generative artificial intelligence""",1084048,"ZIFF DAVIS, INC.  (ZD)  (CIK 0001084048)",8-K,2025-05-09,0001084048-25-000037:zdq12025earningspresenta.htm,0001084048-25-000037,,,,,,,,https://www.sec.gov/cgi-bin/browse-edgar?action=getcompany&CIK=1084048,,ZD
"""generative AI""",1671941,"Angel Studios, Inc.  (CIK 0001671941)",8-K,2025-05-09,0001104659-25-046781:tm2514667d1_ex10-1.htm,0001104659-25-046781,,,,,,,,https://www.sec.gov/cgi-bin/browse-edgar?action=getcompany&CIK=1671941,,
"""AI partnership""",1824502,"Archer Aviation Inc.  (ACHR, ACHR-WT)  (CIK 0001824502)",8-K,2025-05-12,0001628280-25-024657:archerq125earningspressr.htm,0001628280-25-024657,,,,,,,,https://www.sec.gov/cgi-bin/browse-edgar?action=getcompany&CIK=1824502,,ACHR
"""AI partnership""",1824502,"Archer Aviation Inc.  (ACHR, ACHR-WT)  (CIK 0001824502)",8-K,2025-05-12,0001628280-25-024657:archerq125earningspressr.htm,0001628280-25-024657,,,,,,,,https://www.sec.gov/cgi-bin/browse-edgar?action=getcompany&CIK=1824502,,ACHR-WT
"""generative AI""",1364954,"CHEGG, INC  (CHGG)  (CIK 0001364954)",8-K,2025-05-12,0001364954-25-000049:a9901-financialresultsq120.htm,0001364954-25-000049,,,,,,,,https://www.sec.gov/cgi-bin/browse-edgar?action=getcompany&CIK=1364954,,CHGG
"""generative AI""",1898496,"Getty Images Holdings, Inc.  (GETY)  (CIK 0001898496)",8-K,2025-05-12,0001628280-25-024674:gety-20250331xex991.htm,0001628280-25-024674,,,,,,,,https://www.sec.gov/cgi-bin/browse-edgar?action=getcompany&CIK=1898496,,GETY
"""generative AI""",1665300,"Phunware, Inc.  (PHUN)  (CIK 0001665300)",8-K,2025-05-12,0000950170-25-069427:phun-ex99_1.htm,0000950170-25-069427,,,,,,,,https://www.sec.gov/cgi-bin/browse-edgar?action=getcompany&CIK=1665300,,PHUN
"""generative AI""",790526,"RadNet, Inc.  (RDNT)  (CIK 0000790526)",8-K,2025-05-12,0001683168-25-003385:radnet_ex9901.htm,0001683168-25-003385,,,,,,,,https://www.sec.gov/cgi-bin/browse-edgar?action=getcompany&CIK=790526,,RDNT
"""generative AI""",1224133,MARCHEX INC  (MCHX)  (CIK 0001224133),8-K,2025-05-13,0000950170-25-070400:mchx-ex99_1.htm,0000950170-25-070400,,,,,,,,https://www.sec.gov/cgi-bin/browse-edgar?action=getcompany&CIK=1224133,,MCHX
"""generative AI""",1672688,Absci Corp  (ABSI)  (CIK 0001672688),8-K,2025-05-13,0001628280-25-025075:pipelineprogramupdatesma.htm,0001628280-25-025075,,,,,,,,https://www.sec.gov/cgi-bin/browse-edgar?action=getcompany&CIK=1672688,,ABSI
"""generative AI""",1735438,MeiraGTx Holdings plc  (MGTX)  (CIK 0001735438),8-K,2025-05-13,0001558370-25-007497:mgtx-20250513xex99d1.htm,0001558370-25-007497,,,,,,,,https://www.sec.gov/cgi-bin/browse-edgar?action=getcompany&CIK=1735438,,MGTX
"""generative AI""",1564708,"NEWS CORP  (NWS, NWSA, NWSAL)  (CIK 0001564708)",8-K,2025-05-13,0001564708-25-000266:nws-20250513_d2.htm,0001564708-25-000266,,,,,,,,https://www.sec.gov/cgi-bin/browse-edgar?action=getcompany&CIK=1564708,,NWSA
"""generative AI""",1564708,"NEWS CORP  (NWS, NWSA, NWSAL)  (CIK 0001564708)",8-K,2025-05-13,0001564708-25-000266:nws-20250513_d2.htm,0001564708-25-000266,,,,,,,,https://www.sec.gov/cgi-bin/browse-edgar?action=getcompany&CIK=1564708,,NWS
"""generative AI""",1564708,"NEWS CORP  (NWS, NWSA, NWSAL)  (CIK 0001564708)",8-K,2025-05-13,0001564708-25-000266:nws-20250513_d2.htm,0001564708-25-000266,,,,,,,,https://www.sec.gov/cgi-bin/browse-edgar?action=getcompany&CIK=1564708,,NWSLL
"""generative AI""",1785279,"Metagenomi, Inc.  (MGX)  (CIK 0001785279)",8-K,2025-05-13,0000950170-25-070448:mgx-ex99_2.htm,0000950170-25-070448,,,,,,,,https://www.sec.gov/cgi-bin/browse-edgar?action=getcompany&CIK=1785279,,MGX
"""generative AI""",1066194,EGAIN Corp  (EGAN)  (CIK 0001066194),8-K,2025-05-14,0001558370-25-007732:egan-20250514xex99d1.htm,0001558370-25-007732,,,,,,,,https://www.sec.gov/cgi-bin/browse-edgar?action=getcompany&CIK=1066194,,EGAN
"""generative AI""",1781174,"Acrivon Therapeutics, Inc.  (ACRV)  (CIK 0001781174)",8-K,2025-05-14,0000950170-25-071385:acrv-ex99_1.htm,0000950170-25-071385,,,,,,,,https://www.sec.gov/cgi-bin/browse-edgar?action=getcompany&CIK=1781174,,ACRV
"""generative artificial intelligence""",1785424,"Katapult Holdings, Inc.  (KPLT, KPLTW)  (CIK 0001785424)",8-K,2025-05-15,0001628280-25-026019:correctedq12025earningsrel.htm,0001628280-25-026019,,,,,,,,https://www.sec.gov/cgi-bin/browse-edgar?action=getcompany&CIK=1785424,,KPLT
"""generative AI""",1842566,"Airship AI Holdings, Inc.  (AISP, AISPW)  (CIK 0001842566)",8-K,2025-05-15,0001654954-25-005757:airsp_ex991.htm,0001654954-25-005757,,,,,,,,https://www.sec.gov/cgi-bin/browse-edgar?action=getcompany&CIK=1842566,,AISP
"""generative AI""",1842566,"Airship AI Holdings, Inc.  (AISP, AISPW)  (CIK 0001842566)",8-K,2025-05-15,0001654954-25-005757:airsp_ex991.htm,0001654954-25-005757,,,,,,,,https://www.sec.gov/cgi-bin/browse-edgar?action=getcompany&CIK=1842566,,AISPW
"""AI acquisition""",1852889,"Investcorp AI Acquisition Corp.  (IVCA, IVCAU, IVCAW)  (CIK 0001852889)",8-K,2025-05-15,0001193125-25-120047:d928071dex31.htm,0001193125-25-120047,,,,,,,,https://www.sec.gov/cgi-bin/browse-edgar?action=getcompany&CIK=1852889,,
"""generative artificial intelligence""",1120970,Comstock Inc.  (LODE)  (CIK 0001120970),8-K,2025-05-15,0001437749-25-017218:ex_819010.htm,0001437749-25-017218,,,,,,,,https://www.sec.gov/cgi-bin/browse-edgar?action=getcompany&CIK=1120970,,LODE
"""generative AI""",1320760,"TSS, Inc.  (TSSI)  (CIK 0001320760)",8-K,2025-05-15,0001654954-25-005741:tssi_ex991.htm,0001654954-25-005741,,,,,,,,https://www.sec.gov/cgi-bin/browse-edgar?action=getcompany&CIK=1320760,,TSSI
"""generative AI""",64463,"Soluna Holdings, Inc  (SLNH, SLNHP)  (CIK 0000064463)",8-K,2025-05-16,0001641172-25-011171:ex99-1.htm,0001641172-25-011171,,,,,,,,https://www.sec.gov/cgi-bin/browse-edgar?action=getcompany&CIK=64463,,SLNH
"""generative AI""",64463,"Soluna Holdings, Inc  (SLNH, SLNHP)  (CIK 0000064463)",8-K,2025-05-16,0001641172-25-011171:ex99-1.htm,0001641172-25-011171,,,,,,,,https://www.sec.gov/cgi-bin/browse-edgar?action=getcompany&CIK=64463,,SLNHP
"""generative artificial intelligence""",2488,ADVANCED MICRO DEVICES INC  (AMD)  (CIK 0000002488),8-K,2025-05-19,0001193125-25-122121:d831221dex21.htm,0001193125-25-122121,,,,,,,,https://www.sec.gov/cgi-bin/browse-edgar?action=getcompany&CIK=2488,,AMD
"""generative AI""",1826681,"Palladyne AI Corp.  (PDYN, PDYNW)  (CIK 0001826681)",8-K,2025-05-19,0000950170-25-074335:pdyn-ex99_1.htm,0000950170-25-074335,,,,,,,,https://www.sec.gov/cgi-bin/browse-edgar?action=getcompany&CIK=1826681,,PDYN
"""generative AI""",1826681,"Palladyne AI Corp.  (PDYN, PDYNW)  (CIK 0001826681)",8-K,2025-05-19,0000950170-25-074335:pdyn-ex99_1.htm,0000950170-25-074335,,,,,,,,https://www.sec.gov/cgi-bin/browse-edgar?action=getcompany&CIK=1826681,,PDYNW
"""generative artificial intelligence""",897723,SANMINA CORP  (SANM)  (CIK 0000897723),8-K,2025-05-19,0001104659-25-050437:tm2515499d1_ex2-1.htm,0001104659-25-050437,,,,,,,,https://www.sec.gov/cgi-bin/browse-edgar?action=getcompany&CIK=897723,,SANM
"""generative AI""",1907982,"D-Wave Quantum Inc.  (QBTS, QBTS-WT)  (CIK 0001907982)",8-K,2025-05-20,0001907982-25-000101:a991d-waveannouncesgeneral.htm,0001907982-25-000101,,,,,,,,https://www.sec.gov/cgi-bin/browse-edgar?action=getcompany&CIK=1907982,,QBTS
"""large language model""",1945619,Kinetic Seas Inc.  (KSEZ)  (CIK 0001945619),8-K,2025-05-20,0001683168-25-003853:kinetic_ex9901.htm,0001683168-25-003853,,,,,,,,https://www.sec.gov/cgi-bin/browse-edgar?action=getcompany&CIK=1945619,,KSEZ
"""generative AI""",1820875,"CXApp Inc.  (CXAI, CXAIW)  (CIK 0001820875)",8-K,2025-05-20,0001829126-25-003844:cxapp_ex99-1.htm,0001829126-25-003844,,,,,,,,https://www.sec.gov/cgi-bin/browse-edgar?action=getcompany&CIK=1820875,,CXAI
"""generative AI""",1820875,"CXApp Inc.  (CXAI, CXAIW)  (CIK 0001820875)",8-K,2025-05-20,0001829126-25-003844:cxapp_ex99-1.htm,0001829126-25-003844,,,,,,,,https://www.sec.gov/cgi-bin/browse-edgar?action=getcompany&CIK=1820875,,CXAIW
"""generative AI""",1847355,"Target Global Acquisition I Corp.  (TGAAF, TGAUF, TGAWF)  (CIK 0001847355)",8-K,2025-05-22,0001213900-25-046835:ea024315901ex10-2_taracq1.htm,0001213900-25-046835,,,,,,,,https://www.sec.gov/cgi-bin/browse-edgar?action=getcompany&CIK=1847355,,
"""generative AI""",64463,"Soluna Holdings, Inc  (SLNH, SLNHP)  (CIK 0000064463)",8-K,2025-05-22,0001641172-25-011984:ex99-1.htm,0001641172-25-011984,,,,,,,,https://www.sec.gov/cgi-bin/browse-edgar?action=getcompany&CIK=64463,,SLNH
"""generative AI""",64463,"Soluna Holdings, Inc  (SLNH, SLNHP)  (CIK 0000064463)",8-K,2025-05-22,0001641172-25-011984:ex99-1.htm,0001641172-25-011984,,,,,,,,https://www.sec.gov/cgi-bin/browse-edgar?action=getcompany&CIK=64463,,SLNHP
"""generative AI""",1584549,"Village Farms International, Inc.  (VFF)  (CIK 0001584549)",8-K,2025-05-22,0000950170-25-076446:vff-ex2_1.htm,0000950170-25-076446,,,,,,,,https://www.sec.gov/cgi-bin/browse-edgar?action=getcompany&CIK=1584549,,VFF
"""AI research and development""",1838163,"Brand Engagement Network Inc.  (BNAI, BNAIW)  (CIK 0001838163)",8-K,2025-05-23,0001838163-25-000009:ben-ex991pressreleaseannou.htm,0001838163-25-000009,,,,,,,,https://www.sec.gov/cgi-bin/browse-edgar?action=getcompany&CIK=1838163,,BNAI
"""AI research and development""",1838163,"Brand Engagement Network Inc.  (BNAI, BNAIW)  (CIK 0001838163)",8-K,2025-05-23,0001838163-25-000009:ben-ex991pressreleaseannou.htm,0001838163-25-000009,,,,,,,,https://www.sec.gov/cgi-bin/browse-edgar?action=getcompany&CIK=1838163,,BNAIW
"""generative AI""",1805521,"FARADAY FUTURE INTELLIGENT ELECTRIC INC.  (FFAI, FFAIW)  (CIK 0001805521)",8-K,2025-05-23,0001213900-25-047030:ea024333901ex99-1_faraday.htm,0001213900-25-047030,,,,,,,,https://www.sec.gov/cgi-bin/browse-edgar?action=getcompany&CIK=1805521,,FFAI
"""generative AI""",1805521,"FARADAY FUTURE INTELLIGENT ELECTRIC INC.  (FFAI, FFAIW)  (CIK 0001805521)",8-K,2025-05-23,0001213900-25-047030:ea024333901ex99-1_faraday.htm,0001213900-25-047030,,,,,,,,https://www.sec.gov/cgi-bin/browse-edgar?action=getcompany&CIK=1805521,,FFAIW
"""generative artificial intelligence""",1921865,ASP Isotopes Inc.  (ASPI)  (CIK 0001921865),8-K,2025-05-27,0001477932-25-004198:aspi_ex991.htm,0001477932-25-004198,,,,,,,,https://www.sec.gov/cgi-bin/browse-edgar?action=getcompany&CIK=1921865,,ASPI
"""generative AI""",1577526,"C3.ai, Inc.  (AI)  (CIK 0001577526)",8-K,2025-05-27,0001628280-25-027907:exhibit991-pressrelease527.htm,0001628280-25-027907,,,,,,,,https://www.sec.gov/cgi-bin/browse-edgar?action=getcompany&CIK=1577526,,AI
"""generative AI""",1577526,"C3.ai, Inc.  (AI)  (CIK 0001577526)",8-K,2025-05-28,0001628280-25-028158:ex991-fy25xq4earnings.htm,0001628280-25-028158,,,,,,,,https://www.sec.gov/cgi-bin/browse-edgar?action=getcompany&CIK=1577526,,AI
"""large language model""",1868778,Informatica Inc.  (INFA)  (CIK 0001868778),8-K,2025-05-28,0001193125-25-128808:d930092dex21.htm,0001193125-25-128808,,,,,,,,https://www.sec.gov/cgi-bin/browse-edgar?action=getcompany&CIK=1868778,,
"""generative artificial intelligence""",1120970,Comstock Inc.  (LODE)  (CIK 0001120970),8-K,2025-05-28,0001437749-25-018680:ex_823069.htm,0001437749-25-018680,,,,,,,,https://www.sec.gov/cgi-bin/browse-edgar?action=getcompany&CIK=1120970,,LODE
"""generative AI""",1583708,"SentinelOne, Inc.  (S)  (CIK 0001583708)",8-K,2025-05-28,0001583708-25-000104:s-earningspresentationxq.htm,0001583708-25-000104,,,,,,,,https://www.sec.gov/cgi-bin/browse-edgar?action=getcompany&CIK=1583708,,S
"""generative artificial intelligence""",2044009,Armada Acquisition Corp. II  (AACI)  (CIK 0002044009),8-K,2025-05-28,0001193125-25-127983:d889454dex992.htm,0001193125-25-127983,,,,,,,,https://www.sec.gov/cgi-bin/browse-edgar?action=getcompany&CIK=2044009,,XRPN
"""generative artificial intelligence""",2044009,Armada Acquisition Corp. II  (AACI)  (CIK 0002044009),8-K,2025-05-28,0001193125-25-127983:d889454dex992.htm,0001193125-25-127983,,,,,,,,https://www.sec.gov/cgi-bin/browse-edgar?action=getcompany&CIK=2044009,,XRPNW
"""generative artificial intelligence""",2044009,Armada Acquisition Corp. II  (AACI)  (CIK 0002044009),8-K,2025-05-28,0001193125-25-127983:d889454dex992.htm,0001193125-25-127983,,,,,,,,https://www.sec.gov/cgi-bin/browse-edgar?action=getcompany&CIK=2044009,,XRPNU
"""generative AI""",1618732,"Nutanix, Inc.  (NTNX)  (CIK 0001618732)",8-K,2025-05-28,0001171843-25-003493:exh_991.htm,0001171843-25-003493,,,,,,,,https://www.sec.gov/cgi-bin/browse-edgar?action=getcompany&CIK=1618732,,NTNX
"""generative AI""",1108524,"Salesforce, Inc.  (CRM)  (CIK 0001108524)",8-K,2025-05-28,0001108524-25-000027:crm-q1fy26xexhibit991.htm,0001108524-25-000027,,,,,,,,https://www.sec.gov/cgi-bin/browse-edgar?action=getcompany&CIK=1108524,,CRM
"""generative AI""",1707753,Elastic N.V.  (ESTC)  (CIK 0001707753),8-K,2025-05-29,0001707753-25-000015:a25q4erex991.htm,0001707753-25-000015,,,,,,,,https://www.sec.gov/cgi-bin/browse-edgar?action=getcompany&CIK=1707753,,ESTC
"""generative AI""",1568100,"PagerDuty, Inc.  (PD)  (CIK 0001568100)",8-K,2025-05-29,0001568100-25-000048:ex991-pagerdutyq1fy26earni.htm,0001568100-25-000048,,,,,,,,https://www.sec.gov/cgi-bin/browse-edgar?action=getcompany&CIK=1568100,,PD
"""generative artificial intelligence""",730708,SEACOAST BANKING CORP OF FLORIDA  (SBCF)  (CIK 0000730708),8-K,2025-05-29,0001104659-25-054274:tm2516417d1_ex99-2.htm,0001104659-25-054274,,,,,,,,https://www.sec.gov/cgi-bin/browse-edgar?action=getcompany&CIK=730708,,SBCF
"""generative AI""",1008586,STREAMLINE HEALTH SOLUTIONS INC.  (STRM)  (CIK 0001008586),8-K,2025-05-29,0001437749-25-018850:ex_824907.htm,0001437749-25-018850,,,,,,,,https://www.sec.gov/cgi-bin/browse-edgar?action=getcompany&CIK=1008586,,
"""AI partnership""",1734722,"UiPath, Inc.  (PATH)  (CIK 0001734722)",8-K,2025-05-29,0001734722-25-000026:path-20250430xex991.htm,0001734722-25-000026,,,,,,,,https://www.sec.gov/cgi-bin/browse-edgar?action=getcompany&CIK=1734722,,PATH
"""AI acquisition""",1848861,Healthcare AI Acquisition Corp.  (HAIAF)  (CIK 0001848861),8-K,2025-05-30,0001477932-25-004250:haia_ex101.htm,0001477932-25-004250,,,,,,,,https://www.sec.gov/cgi-bin/browse-edgar?action=getcompany&CIK=1848861,,
"""generative AI""",1973047,MARKY CORP.  (MRKY)  (CIK 0001973047),8-K,2025-05-30,0001973047-25-000011:ex99_1.htm,0001973047-25-000011,,,,,,,,https://www.sec.gov/cgi-bin/browse-edgar?action=getcompany&CIK=1973047,,
"""generative artificial intelligence""",1597264,Blueprint Medicines Corp  (BPMC)  (CIK 0001597264),8-K,2025-06-02,0001104659-25-055143:tm2516831d1_ex2-1.htm,0001104659-25-055143,,,,,,,,https://www.sec.gov/cgi-bin/browse-edgar?action=getcompany&CIK=1597264,,
"""generative AI""",1607939,"Udemy, Inc.  (UDMY)  (CIK 0001607939)",8-K,2025-06-03,0001607939-25-000075:revolvingcreditfacilityprq.htm,0001607939-25-000075,,,,,,,,https://www.sec.gov/cgi-bin/browse-edgar?action=getcompany&CIK=1607939,,
"""generative artificial intelligence""",2011641,Ferguson Enterprises Inc. /DE/  (FERG)  (CIK 0002011641),8-K,2025-06-03,0002011641-25-000013:exhibit991pressreleaseq3fy.htm,0002011641-25-000013,,,,,,,,https://www.sec.gov/cgi-bin/browse-edgar?action=getcompany&CIK=2011641,,FERG
"""generative AI""",1614178,"Yext, Inc.  (YEXT)  (CIK 0001614178)",8-K,2025-06-03,0001614178-25-000065:q1fy26shareholderletter.htm,0001614178-25-000065,,,,,,,,https://www.sec.gov/cgi-bin/browse-edgar?action=getcompany&CIK=1614178,,YEXT
"""generative AI""",1832161,"VIP Play, Inc.  (VIPZ)  (CIK 0001832161)",8-K,2025-06-04,0001641172-25-013598:form8-k.htm,0001641172-25-013598,,,,,,,,https://www.sec.gov/cgi-bin/browse-edgar?action=getcompany&CIK=1832161,,VIPZ
"""generative AI""",2006291,"Churchill Capital Corp IX/Cayman  (CCIX, CCIXU, CCIXW)  (CIK 0002006291)",8-K,2025-06-05,0001193125-25-135336:d845614dex991.htm,0001193125-25-135336,,,,,,,,https://www.sec.gov/cgi-bin/browse-edgar?action=getcompany&CIK=2006291,,CCIX
"""generative AI""",2006291,"Churchill Capital Corp IX/Cayman  (CCIX, CCIXU, CCIXW)  (CIK 0002006291)",8-K,2025-06-05,0001193125-25-135336:d845614dex991.htm,0001193125-25-135336,,,,,,,,https://www.sec.gov/cgi-bin/browse-edgar?action=getcompany&CIK=2006291,,CCIXU
"""generative AI""",2006291,"Churchill Capital Corp IX/Cayman  (CCIX, CCIXU, CCIXW)  (CIK 0002006291)",8-K,2025-06-05,0001193125-25-135336:d845614dex991.htm,0001193125-25-135336,,,,,,,,https://www.sec.gov/cgi-bin/browse-edgar?action=getcompany&CIK=2006291,,CCIXW
"""generative AI""",64463,"Soluna Holdings, Inc  (SLNH, SLNHP)  (CIK 0000064463)",8-K,2025-06-05,0001641172-25-013708:ex99-1.htm,0001641172-25-013708,,,,,,,,https://www.sec.gov/cgi-bin/browse-edgar?action=getcompany&CIK=64463,,SLNH
"""generative AI""",64463,"Soluna Holdings, Inc  (SLNH, SLNHP)  (CIK 0000064463)",8-K,2025-06-05,0001641172-25-013708:ex99-1.htm,0001641172-25-013708,,,,,,,,https://www.sec.gov/cgi-bin/browse-edgar?action=getcompany&CIK=64463,,SLNHP
"""generative artificial intelligence""",1261333,"DOCUSIGN, INC.  (DOCU)  (CIK 0001261333)",8-K,2025-06-05,0001261333-25-000073:q126ex-991er.htm,0001261333-25-000073,,,,,,,,https://www.sec.gov/cgi-bin/browse-edgar?action=getcompany&CIK=1261333,,DOCU
"""generative AI""",80424,PROCTER & GAMBLE Co  (PG)  (CIK 0000080424),8-K,2025-06-05,0000080424-25-000050:dbslides.htm,0000080424-25-000050,,,,,,,,https://www.sec.gov/cgi-bin/browse-edgar?action=getcompany&CIK=80424,,PG
"""generative AI""",2006291,"Churchill Capital Corp IX/Cayman  (CCIX, CCIXU, CCIXW)  (CIK 0002006291)",8-K,2025-06-06,0001193125-25-136264:d51327dex21.htm,0001193125-25-136264,,,,,,,,https://www.sec.gov/cgi-bin/browse-edgar?action=getcompany&CIK=2006291,,CCIX
"""generative AI""",2006291,"Churchill Capital Corp IX/Cayman  (CCIX, CCIXU, CCIXW)  (CIK 0002006291)",8-K,2025-06-06,0001193125-25-136264:d51327dex21.htm,0001193125-25-136264,,,,,,,,https://www.sec.gov/cgi-bin/browse-edgar?action=getcompany&CIK=2006291,,CCIXU
"""generative AI""",2006291,"Churchill Capital Corp IX/Cayman  (CCIX, CCIXU, CCIXW)  (CIK 0002006291)",8-K,2025-06-06,0001193125-25-136264:d51327dex21.htm,0001193125-25-136264,,,,,,,,https://www.sec.gov/cgi-bin/browse-edgar?action=getcompany&CIK=2006291,,CCIXW
"""generative artificial intelligence""",1120970,Comstock Inc.  (LODE)  (CIK 0001120970),8-K,2025-06-09,0001437749-25-019869:ex_828472.htm,0001437749-25-019869,,,,,,,,https://www.sec.gov/cgi-bin/browse-edgar?action=getcompany&CIK=1120970,,LODE
"""generative artificial intelligence""",1824920,"IonQ, Inc.  (IONQ, IONQ-WT)  (CIK 0001824920)",8-K,2025-06-09,0001193125-25-137398:d17095dex21.htm,0001193125-25-137398,,,,,,,,https://www.sec.gov/cgi-bin/browse-edgar?action=getcompany&CIK=1824920,,IONQ
"""generative artificial intelligence""",1824920,"IonQ, Inc.  (IONQ, IONQ-WT)  (CIK 0001824920)",8-K,2025-06-09,0001193125-25-137398:d17095dex21.htm,0001193125-25-137398,,,,,,,,https://www.sec.gov/cgi-bin/browse-edgar?action=getcompany&CIK=1824920,,IONQ-WT
"""generative AI""",1462223,"Nixxy, Inc.  (NIXX, NIXXW)  (CIK 0001462223)",8-K,2025-06-09,0001683168-25-004337:nixxy_8k.htm,0001683168-25-004337,,,,,,,,https://www.sec.gov/cgi-bin/browse-edgar?action=getcompany&CIK=1462223,,NIXX
"""generative AI""",1838163,"Brand Engagement Network Inc.  (BNAI, BNAIW)  (CIK 0001838163)",8-K,2025-06-10,0001641172-25-014420:ex99-1.htm,0001641172-25-014420,,,,,,,,https://www.sec.gov/cgi-bin/browse-edgar?action=getcompany&CIK=1838163,,BNAI
"""generative AI""",1838163,"Brand Engagement Network Inc.  (BNAI, BNAIW)  (CIK 0001838163)",8-K,2025-06-10,0001641172-25-014420:ex99-1.htm,0001641172-25-014420,,,,,,,,https://www.sec.gov/cgi-bin/browse-edgar?action=getcompany&CIK=1838163,,BNAIW
"""generative AI""",64463,"Soluna Holdings, Inc  (SLNH, SLNHP)  (CIK 0000064463)",8-K,2025-06-11,0001641172-25-014623:ex99-1.htm,0001641172-25-014623,,,,,,,,https://www.sec.gov/cgi-bin/browse-edgar?action=getcompany&CIK=64463,,SLNH
"""generative AI""",64463,"Soluna Holdings, Inc  (SLNH, SLNHP)  (CIK 0000064463)",8-K,2025-06-11,0001641172-25-014623:ex99-1.htm,0001641172-25-014623,,,,,,,,https://www.sec.gov/cgi-bin/browse-edgar?action=getcompany&CIK=64463,,SLNHP
"""generative AI""",8670,AUTOMATIC DATA PROCESSING INC  (ADP)  (CIK 0000008670),8-K,2025-06-12,0000008670-25-000023:adp2025investorday-ex99.pdf,0000008670-25-000023,,,,,,,,https://www.sec.gov/cgi-bin/browse-edgar?action=getcompany&CIK=8670,,ADP
"""generative AI""",1854583,"Collective Audience, Inc.  (CIK 0001854583)",8-K,2025-06-12,0001683168-25-004455:collective_ex0201.htm,0001683168-25-004455,,,,,,,,https://www.sec.gov/cgi-bin/browse-edgar?action=getcompany&CIK=1854583,,
"""generative AI""",1667313,"Zedge, Inc.  (ZDGE)  (CIK 0001667313)",8-K,2025-06-12,0001213900-25-053848:ea024556001ex99-1_zedge.htm,0001213900-25-053848,,,,,,,,https://www.sec.gov/cgi-bin/browse-edgar?action=getcompany&CIK=1667313,,ZDGE
"""generative AI""",723125,MICRON TECHNOLOGY INC  (MU)  (CIK 0000723125),8-K,2025-06-12,0001104659-25-058741:tm2517778d1_ex99-1.htm,0001104659-25-058741,,,,,,,,https://www.sec.gov/cgi-bin/browse-edgar?action=getcompany&CIK=723125,,MU
"""generative AI""",1416090,BLUSKY AI INC.  (BSAI)  (CIK 0001416090),8-K,2025-06-16,0001096906-25-000963:imii_ex99z1.htm,0001096906-25-000963,,,,,,,,https://www.sec.gov/cgi-bin/browse-edgar?action=getcompany&CIK=1416090,,BSAI
"""generative artificial intelligence""",107140,"JOHN WILEY & SONS, INC.  (WLY, WLYB)  (CIK 0000107140)",8-K,2025-06-17,0000107140-25-000071:q425earningspresentation.htm,0000107140-25-000071,,,,,,,,https://www.sec.gov/cgi-bin/browse-edgar?action=getcompany&CIK=107140,,WLY
"""generative artificial intelligence""",107140,"JOHN WILEY & SONS, INC.  (WLY, WLYB)  (CIK 0000107140)",8-K,2025-06-17,0000107140-25-000071:q425earningspresentation.htm,0000107140-25-000071,,,,,,,,https://www.sec.gov/cgi-bin/browse-edgar?action=getcompany&CIK=107140,,WLYB
"""generative AI""",1851484,"CITIUS ONCOLOGY, INC.  (CTOR)  (CIK 0001851484)",8-K,2025-06-17,0001213900-25-055182:ea024593301ex99-1_citius.htm,0001213900-25-055182,,,,,,,,https://www.sec.gov/cgi-bin/browse-edgar?action=getcompany&CIK=1851484,,CTOR
"""generative artificial intelligence""",2044009,"Armada Acquisition Corp. II  (AACI, AACIU)  (CIK 0002044009)",8-K,2025-06-17,0001193125-25-141763:d46017dex991.htm,0001193125-25-141763,,,,,,,,https://www.sec.gov/cgi-bin/browse-edgar?action=getcompany&CIK=2044009,,XRPN
"""generative artificial intelligence""",2044009,"Armada Acquisition Corp. II  (AACI, AACIU)  (CIK 0002044009)",8-K,2025-06-17,0001193125-25-141763:d46017dex991.htm,0001193125-25-141763,,,,,,,,https://www.sec.gov/cgi-bin/browse-edgar?action=getcompany&CIK=2044009,,XRPNW
"""generative artificial intelligence""",2044009,"Armada Acquisition Corp. II  (AACI, AACIU)  (CIK 0002044009)",8-K,2025-06-17,0001193125-25-141763:d46017dex991.htm,0001193125-25-141763,,,,,,,,https://www.sec.gov/cgi-bin/browse-edgar?action=getcompany&CIK=2044009,,XRPNU
"""generative artificial intelligence""",22356,COMMERCE BANCSHARES INC /MO/  (CBSH)  (CIK 0000022356),8-K,2025-06-17,0001104659-25-060053:tm2517993d8_ex2-1.htm,0001104659-25-060053,,,,,,,,https://www.sec.gov/cgi-bin/browse-edgar?action=getcompany&CIK=22356,,CBSH
"""AI research and development""",1868419,"Cycurion, Inc.  (CYCU, CYCUW)  (CIK 0001868419)",8-K,2025-06-18,0001641172-25-015637:ex99-1.htm,0001641172-25-015637,,,,,,,,https://www.sec.gov/cgi-bin/browse-edgar?action=getcompany&CIK=1868419,,CYCU
"""AI research and development""",1868419,"Cycurion, Inc.  (CYCU, CYCUW)  (CIK 0001868419)",8-K,2025-06-18,0001641172-25-015637:ex99-1.htm,0001641172-25-015637,,,,,,,,https://www.sec.gov/cgi-bin/browse-edgar?action=getcompany&CIK=1868419,,CYCUW
"""generative AI""",64463,"Soluna Holdings, Inc  (SLNH, SLNHP)  (CIK 0000064463)",8-K,2025-06-18,0001641172-25-015513:ex99-1.htm,0001641172-25-015513,,,,,,,,https://www.sec.gov/cgi-bin/browse-edgar?action=getcompany&CIK=64463,,SLNH
"""generative AI""",64463,"Soluna Holdings, Inc  (SLNH, SLNHP)  (CIK 0000064463)",8-K,2025-06-18,0001641172-25-015513:ex99-1.htm,0001641172-25-015513,,,,,,,,https://www.sec.gov/cgi-bin/browse-edgar?action=getcompany&CIK=64463,,SLNHP
"""generative artificial intelligence""",1821160,Guild Holdings Co  (GHLD)  (CIK 0001821160),8-K,2025-06-20,0001104659-25-061171:tm2518248d2_ex2-1.htm,0001104659-25-061171,,,,,,,,https://www.sec.gov/cgi-bin/browse-edgar?action=getcompany&CIK=1821160,,
"""generative artificial intelligence""",1124804,Veradigm Inc.  (MDRX)  (CIK 0001124804),8-K,2025-06-20,0001193125-25-143139:d21948dex101.htm,0001193125-25-143139,,,,,,,,https://www.sec.gov/cgi-bin/browse-edgar?action=getcompany&CIK=1124804,,
"""generative AI""",1467373,Accenture plc  (ACN)  (CIK 0001467373),8-K,2025-06-20,0001467373-25-000168:q3fy25earnings8-kexhibit.htm,0001467373-25-000168,,,,,,,,https://www.sec.gov/cgi-bin/browse-edgar?action=getcompany&CIK=1467373,,ACN
"""large language model""",316253,ENZO BIOCHEM INC  (ENZB)  (CIK 0000316253),8-K,2025-06-24,0001213900-25-056897:ea024646001ex2-1_enzo.htm,0001213900-25-056897,,,,,,,,https://www.sec.gov/cgi-bin/browse-edgar?action=getcompany&CIK=316253,,
"""generative AI""",1420720,"iBio, Inc.  (IBIO)  (CIK 0001420720)",8-K,2025-06-24,0001420720-25-000029:ibio-20250624xex99d1.htm,0001420720-25-000029,,,,,,,,https://www.sec.gov/cgi-bin/browse-edgar?action=getcompany&CIK=1420720,,IBIO
"""generative AI""",64463,"Soluna Holdings, Inc  (SLNH, SLNHP)  (CIK 0000064463)",8-K,2025-06-24,0001641172-25-016231:ex99-1.htm,0001641172-25-016231,,,,,,,,https://www.sec.gov/cgi-bin/browse-edgar?action=getcompany&CIK=64463,,SLNH
"""generative AI""",64463,"Soluna Holdings, Inc  (SLNH, SLNHP)  (CIK 0000064463)",8-K,2025-06-24,0001641172-25-016231:ex99-1.htm,0001641172-25-016231,,,,,,,,https://www.sec.gov/cgi-bin/browse-edgar?action=getcompany&CIK=64463,,SLNHP
"""generative artificial intelligence""",1803599,Concentrix Corp  (CNXC)  (CIK 0001803599),8-K,2025-06-26,0001803599-25-000127:exhibit991q22025.htm,0001803599-25-000127,,,,,,,,https://www.sec.gov/cgi-bin/browse-edgar?action=getcompany&CIK=1803599,,CNXC
"""generative AI""",1868640,"Roadzen Inc.  (RDZN, RDZNW)  (CIK 0001868640)",8-K,2025-06-26,0001641172-25-016641:ex99-1.htm,0001641172-25-016641,,,,,,,,https://www.sec.gov/cgi-bin/browse-edgar?action=getcompany&CIK=1868640,,RDZN
"""generative AI""",1868640,"Roadzen Inc.  (RDZN, RDZNW)  (CIK 0001868640)",8-K,2025-06-26,0001641172-25-016641:ex99-1.htm,0001641172-25-016641,,,,,,,,https://www.sec.gov/cgi-bin/browse-edgar?action=getcompany&CIK=1868640,,RDZNW
"""generative AI""",1937926,Brookfield Asset Management Ltd.  (BAM)  (CIK 0001937926),8-K,2025-06-26,0001171843-25-004151:exh_141.htm,0001171843-25-004151,,,,,,,,https://www.sec.gov/cgi-bin/browse-edgar?action=getcompany&CIK=1937926,,BAM
"""generative AI""",1416090,BLUSKY AI INC.  (BSAI)  (CIK 0001416090),8-K,2025-06-26,0001096906-25-001036:bsai_ex99z1.htm,0001096906-25-001036,,,,,,,,https://www.sec.gov/cgi-bin/browse-edgar?action=getcompany&CIK=1416090,,BSAI
"""generative AI""",2041385,Ralliant Corp  (RAL)  (CIK 0002041385),8-K,2025-06-30,0001104659-25-064115:tm2429554d14_ex99-1.htm,0001104659-25-064115,,,,,,,,https://www.sec.gov/cgi-bin/browse-edgar?action=getcompany&CIK=2041385,,RAL
"""generative artificial intelligence""",1278027,"B&G Foods, Inc.  (BGS)  (CIK 0001278027)",8-K,2025-07-01,0001104659-25-064720:tm2519290d2_ex99-1.htm,0001104659-25-064720,,,,,,,,https://www.sec.gov/cgi-bin/browse-edgar?action=getcompany&CIK=1278027,,BGS
"""generative AI""",1879001,"Verses AI Inc.  (VRSSD, VRSSF)  (CIK 0001879001)",8-K,2025-07-02,0001641172-25-017609:ex99-3.htm,0001641172-25-017609,,,,,,,,https://www.sec.gov/cgi-bin/browse-edgar?action=getcompany&CIK=1879001,,
"""generative AI""",1853044,"Aeries Technology, Inc.  (AERT, AERTW)  (CIK 0001853044)",8-K,2025-07-03,0001829126-25-004898:aeriestech_ex99-1.htm,0001829126-25-004898,,,,,,,,https://www.sec.gov/cgi-bin/browse-edgar?action=getcompany&CIK=1853044,,AERT
"""generative AI""",1853044,"Aeries Technology, Inc.  (AERT, AERTW)  (CIK 0001853044)",8-K,2025-07-03,0001829126-25-004898:aeriestech_ex99-1.htm,0001829126-25-004898,,,,,,,,https://www.sec.gov/cgi-bin/browse-edgar?action=getcompany&CIK=1853044,,AERTW
"""generative AI""",1464790,"B. Riley Financial, Inc.  (RILY, RILYG, RILYK, RILYL, RILYN, RILYP, RILYT, RILYZ)  (CIK 0001464790)",8-K,2025-07-03,0001213900-25-061210:ea024767801ex2-1_briley.htm,0001213900-25-061210,,,,,,,,https://www.sec.gov/cgi-bin/browse-edgar?action=getcompany&CIK=1464790,,RILY
"""generative AI""",1464790,"B. Riley Financial, Inc.  (RILY, RILYG, RILYK, RILYL, RILYN, RILYP, RILYT, RILYZ)  (CIK 0001464790)",8-K,2025-07-03,0001213900-25-061210:ea024767801ex2-1_briley.htm,0001213900-25-061210,,,,,,,,https://www.sec.gov/cgi-bin/browse-edgar?action=getcompany&CIK=1464790,,RILYZ
"""generative AI""",1464790,"B. Riley Financial, Inc.  (RILY, RILYG, RILYK, RILYL, RILYN, RILYP, RILYT, RILYZ)  (CIK 0001464790)",8-K,2025-07-03,0001213900-25-061210:ea024767801ex2-1_briley.htm,0001213900-25-061210,,,,,,,,https://www.sec.gov/cgi-bin/browse-edgar?action=getcompany&CIK=1464790,,RILYG
"""generative AI""",1464790,"B. Riley Financial, Inc.  (RILY, RILYG, RILYK, RILYL, RILYN, RILYP, RILYT, RILYZ)  (CIK 0001464790)",8-K,2025-07-03,0001213900-25-061210:ea024767801ex2-1_briley.htm,0001213900-25-061210,,,,,,,,https://www.sec.gov/cgi-bin/browse-edgar?action=getcompany&CIK=1464790,,RILYL
"""generative AI""",1464790,"B. Riley Financial, Inc.  (RILY, RILYG, RILYK, RILYL, RILYN, RILYP, RILYT, RILYZ)  (CIK 0001464790)",8-K,2025-07-03,0001213900-25-061210:ea024767801ex2-1_briley.htm,0001213900-25-061210,,,,,,,,https://www.sec.gov/cgi-bin/browse-edgar?action=getcompany&CIK=1464790,,RILYN
"""generative AI""",1464790,"B. Riley Financial, Inc.  (RILY, RILYG, RILYK, RILYL, RILYN, RILYP, RILYT, RILYZ)  (CIK 0001464790)",8-K,2025-07-03,0001213900-25-061210:ea024767801ex2-1_briley.htm,0001213900-25-061210,,,,,,,,https://www.sec.gov/cgi-bin/browse-edgar?action=getcompany&CIK=1464790,,RILYP
"""generative AI""",1464790,"B. Riley Financial, Inc.  (RILY, RILYG, RILYK, RILYL, RILYN, RILYP, RILYT, RILYZ)  (CIK 0001464790)",8-K,2025-07-03,0001213900-25-061210:ea024767801ex2-1_briley.htm,0001213900-25-061210,,,,,,,,https://www.sec.gov/cgi-bin/browse-edgar?action=getcompany&CIK=1464790,,RILYT
"""generative AI""",1356570,WNS (HOLDINGS) LTD  (WNS)  (CIK 0001356570),8-K,2025-07-07,0001193125-25-155862:d98718dex991.htm,0001193125-25-155862,,,,,,,,https://www.sec.gov/cgi-bin/browse-edgar?action=getcompany&CIK=1356570,,
"""generative artificial intelligence""",2016072,"M3-Brigade Acquisition V Corp.  (MBAV, MBAVU, MBAVW)  (CIK 0002016072)",8-K,2025-07-08,0001213900-25-061915:ea024822901ex2-1_m3brigade5.htm,0001213900-25-061915,,,,,,,,https://www.sec.gov/cgi-bin/browse-edgar?action=getcompany&CIK=2016072,,MBAV
"""generative artificial intelligence""",2016072,"M3-Brigade Acquisition V Corp.  (MBAV, MBAVU, MBAVW)  (CIK 0002016072)",8-K,2025-07-08,0001213900-25-061915:ea024822901ex2-1_m3brigade5.htm,0001213900-25-061915,,,,,,,,https://www.sec.gov/cgi-bin/browse-edgar?action=getcompany&CIK=2016072,,MBAVU
"""generative artificial intelligence""",2016072,"M3-Brigade Acquisition V Corp.  (MBAV, MBAVU, MBAVW)  (CIK 0002016072)",8-K,2025-07-08,0001213900-25-061915:ea024822901ex2-1_m3brigade5.htm,0001213900-25-061915,,,,,,,,https://www.sec.gov/cgi-bin/browse-edgar?action=getcompany&CIK=2016072,,MBAVW
"""generative AI""",64463,"Soluna Holdings, Inc  (SLNH, SLNHP)  (CIK 0000064463)",8-K,2025-07-08,0001641172-25-018089:ex99-1.htm,0001641172-25-018089,,,,,,,,https://www.sec.gov/cgi-bin/browse-edgar?action=getcompany&CIK=64463,,SLNH
"""generative AI""",64463,"Soluna Holdings, Inc  (SLNH, SLNHP)  (CIK 0000064463)",8-K,2025-07-08,0001641172-25-018089:ex99-1.htm,0001641172-25-018089,,,,,,,,https://www.sec.gov/cgi-bin/browse-edgar?action=getcompany&CIK=64463,,SLNHP
"""AI collaboration""",1108524,"Salesforce, Inc.  (CRM)  (CIK 0001108524)",8-K,2025-07-09,0001108524-25-000040:exhibit991-july2025directo.htm,0001108524-25-000040,,,,,,,,https://www.sec.gov/cgi-bin/browse-edgar?action=getcompany&CIK=1108524,,CRM
"""generative artificial intelligence""",930245,Agassi Sports Entertainment Corp.  (AASP)  (CIK 0000930245),8-K,2025-07-09,0001472375-25-000074:exhibit10-1.htm,0001472375-25-000074,,,,,,,,https://www.sec.gov/cgi-bin/browse-edgar?action=getcompany&CIK=930245,,AASP
"""generative AI""",1000230,OPTICAL CABLE CORP  (OCC)  (CIK 0001000230),8-K,2025-07-10,0001437749-25-022531:ex_837295.htm,0001437749-25-022531,,,,,,,,https://www.sec.gov/cgi-bin/browse-edgar?action=getcompany&CIK=1000230,,OCC
"""generative AI""",64463,"Soluna Holdings, Inc  (SLNH, SLNHP)  (CIK 0000064463)",8-K,2025-07-10,0001641172-25-018517:ex99-1.htm,0001641172-25-018517,,,,,,,,https://www.sec.gov/cgi-bin/browse-edgar?action=getcompany&CIK=64463,,SLNH
"""generative AI""",64463,"Soluna Holdings, Inc  (SLNH, SLNHP)  (CIK 0000064463)",8-K,2025-07-10,0001641172-25-018517:ex99-1.htm,0001641172-25-018517,,,,,,,,https://www.sec.gov/cgi-bin/browse-edgar?action=getcompany&CIK=64463,,SLNHP
"""generative artificial intelligence""",730708,SEACOAST BANKING CORP OF FLORIDA  (SBCF)  (CIK 0000730708),8-K,2025-07-11,0000730708-25-000152:sbcfpressrelease20250711.htm,0000730708-25-000152,,,,,,,,https://www.sec.gov/cgi-bin/browse-edgar?action=getcompany&CIK=730708,,SBCF
"""large language model""",1769759,Monogram Technologies Inc.  (MGRM)  (CIK 0001769759),8-K,2025-07-14,0001104659-25-067582:tm2520751d1_ex2-1.htm,0001104659-25-067582,,,,,,,,https://www.sec.gov/cgi-bin/browse-edgar?action=getcompany&CIK=1769759,,
"""generative AI""",64463,"Soluna Holdings, Inc  (SLNH, SLNHP)  (CIK 0000064463)",8-K,2025-07-14,0001641172-25-018890:ex99-1.htm,0001641172-25-018890,,,,,,,,https://www.sec.gov/cgi-bin/browse-edgar?action=getcompany&CIK=64463,,SLNH
"""generative AI""",64463,"Soluna Holdings, Inc  (SLNH, SLNHP)  (CIK 0000064463)",8-K,2025-07-14,0001641172-25-018890:ex99-1.htm,0001641172-25-018890,,,,,,,,https://www.sec.gov/cgi-bin/browse-edgar?action=getcompany&CIK=64463,,SLNHP
"""generative AI""",70858,"BANK OF AMERICA CORP /DE/  (BAC, BAC-PB, BAC-PE, BAC-PK, BAC-PL, BAC-PM, BAC-PN, BAC-PO, BAC-PP, BML-PG, BML-PH, BML-PJ, BML-PL)  (CIK 0000070858)",8-K,2025-07-16,0000070858-25-000254:bac063025ex992.htm,0000070858-25-000254,,,,,,,,https://www.sec.gov/cgi-bin/browse-edgar?action=getcompany&CIK=70858,,BAC
"""generative AI""",70858,"BANK OF AMERICA CORP /DE/  (BAC, BAC-PB, BAC-PE, BAC-PK, BAC-PL, BAC-PM, BAC-PN, BAC-PO, BAC-PP, BML-PG, BML-PH, BML-PJ, BML-PL)  (CIK 0000070858)",8-K,2025-07-16,0000070858-25-000254:bac063025ex992.htm,0000070858-25-000254,,,,,,,,https://www.sec.gov/cgi-bin/browse-edgar?action=getcompany&CIK=70858,,BML-PG
"""generative AI""",70858,"BANK OF AMERICA CORP /DE/  (BAC, BAC-PB, BAC-PE, BAC-PK, BAC-PL, BAC-PM, BAC-PN, BAC-PO, BAC-PP, BML-PG, BML-PH, BML-PJ, BML-PL)  (CIK 0000070858)",8-K,2025-07-16,0000070858-25-000254:bac063025ex992.htm,0000070858-25-000254,,,,,,,,https://www.sec.gov/cgi-bin/browse-edgar?action=getcompany&CIK=70858,,BML-PL
"""generative AI""",70858,"BANK OF AMERICA CORP /DE/  (BAC, BAC-PB, BAC-PE, BAC-PK, BAC-PL, BAC-PM, BAC-PN, BAC-PO, BAC-PP, BML-PG, BML-PH, BML-PJ, BML-PL)  (CIK 0000070858)",8-K,2025-07-16,0000070858-25-000254:bac063025ex992.htm,0000070858-25-000254,,,,,,,,https://www.sec.gov/cgi-bin/browse-edgar?action=getcompany&CIK=70858,,BAC-PB
"""generative AI""",70858,"BANK OF AMERICA CORP /DE/  (BAC, BAC-PB, BAC-PE, BAC-PK, BAC-PL, BAC-PM, BAC-PN, BAC-PO, BAC-PP, BML-PG, BML-PH, BML-PJ, BML-PL)  (CIK 0000070858)",8-K,2025-07-16,0000070858-25-000254:bac063025ex992.htm,0000070858-25-000254,,,,,,,,https://www.sec.gov/cgi-bin/browse-edgar?action=getcompany&CIK=70858,,BAC-PK
"""generative AI""",70858,"BANK OF AMERICA CORP /DE/  (BAC, BAC-PB, BAC-PE, BAC-PK, BAC-PL, BAC-PM, BAC-PN, BAC-PO, BAC-PP, BML-PG, BML-PH, BML-PJ, BML-PL)  (CIK 0000070858)",8-K,2025-07-16,0000070858-25-000254:bac063025ex992.htm,0000070858-25-000254,,,,,,,,https://www.sec.gov/cgi-bin/browse-edgar?action=getcompany&CIK=70858,,BAC-PL
"""generative AI""",70858,"BANK OF AMERICA CORP /DE/  (BAC, BAC-PB, BAC-PE, BAC-PK, BAC-PL, BAC-PM, BAC-PN, BAC-PO, BAC-PP, BML-PG, BML-PH, BML-PJ, BML-PL)  (CIK 0000070858)",8-K,2025-07-16,0000070858-25-000254:bac063025ex992.htm,0000070858-25-000254,,,,,,,,https://www.sec.gov/cgi-bin/browse-edgar?action=getcompany&CIK=70858,,MER-PK
"""generative AI""",70858,"BANK OF AMERICA CORP /DE/  (BAC, BAC-PB, BAC-PE, BAC-PK, BAC-PL, BAC-PM, BAC-PN, BAC-PO, BAC-PP, BML-PG, BML-PH, BML-PJ, BML-PL)  (CIK 0000070858)",8-K,2025-07-16,0000070858-25-000254:bac063025ex992.htm,0000070858-25-000254,,,,,,,,https://www.sec.gov/cgi-bin/browse-edgar?action=getcompany&CIK=70858,,BACRP
"""generative AI""",70858,"BANK OF AMERICA CORP /DE/  (BAC, BAC-PB, BAC-PE, BAC-PK, BAC-PL, BAC-PM, BAC-PN, BAC-PO, BAC-PP, BML-PG, BML-PH, BML-PJ, BML-PL)  (CIK 0000070858)",8-K,2025-07-16,0000070858-25-000254:bac063025ex992.htm,0000070858-25-000254,,,,,,,,https://www.sec.gov/cgi-bin/browse-edgar?action=getcompany&CIK=70858,,BAC-PM
"""generative AI""",70858,"BANK OF AMERICA CORP /DE/  (BAC, BAC-PB, BAC-PE, BAC-PK, BAC-PL, BAC-PM, BAC-PN, BAC-PO, BAC-PP, BML-PG, BML-PH, BML-PJ, BML-PL)  (CIK 0000070858)",8-K,2025-07-16,0000070858-25-000254:bac063025ex992.htm,0000070858-25-000254,,,,,,,,https://www.sec.gov/cgi-bin/browse-edgar?action=getcompany&CIK=70858,,BAC-PN
"""generative AI""",70858,"BANK OF AMERICA CORP /DE/  (BAC, BAC-PB, BAC-PE, BAC-PK, BAC-PL, BAC-PM, BAC-PN, BAC-PO, BAC-PP, BML-PG, BML-PH, BML-PJ, BML-PL)  (CIK 0000070858)",8-K,2025-07-16,0000070858-25-000254:bac063025ex992.htm,0000070858-25-000254,,,,,,,,https://www.sec.gov/cgi-bin/browse-edgar?action=getcompany&CIK=70858,,BAC-PO
"""generative AI""",70858,"BANK OF AMERICA CORP /DE/  (BAC, BAC-PB, BAC-PE, BAC-PK, BAC-PL, BAC-PM, BAC-PN, BAC-PO, BAC-PP, BML-PG, BML-PH, BML-PJ, BML-PL)  (CIK 0000070858)",8-K,2025-07-16,0000070858-25-000254:bac063025ex992.htm,0000070858-25-000254,,,,,,,,https://www.sec.gov/cgi-bin/browse-edgar?action=getcompany&CIK=70858,,BAC-PP
"""generative AI""",70858,"BANK OF AMERICA CORP /DE/  (BAC, BAC-PB, BAC-PE, BAC-PK, BAC-PL, BAC-PM, BAC-PN, BAC-PO, BAC-PP, BML-PG, BML-PH, BML-PJ, BML-PL)  (CIK 0000070858)",8-K,2025-07-16,0000070858-25-000254:bac063025ex992.htm,0000070858-25-000254,,,,,,,,https://www.sec.gov/cgi-bin/browse-edgar?action=getcompany&CIK=70858,,BAC-PQ
"""generative AI""",70858,"BANK OF AMERICA CORP /DE/  (BAC, BAC-PB, BAC-PE, BAC-PK, BAC-PL, BAC-PM, BAC-PN, BAC-PO, BAC-PP, BML-PG, BML-PH, BML-PJ, BML-PL)  (CIK 0000070858)",8-K,2025-07-16,0000070858-25-000254:bac063025ex992.htm,0000070858-25-000254,,,,,,,,https://www.sec.gov/cgi-bin/browse-edgar?action=getcompany&CIK=70858,,BAC-PS
"""generative AI""",70858,"BANK OF AMERICA CORP /DE/  (BAC, BAC-PB, BAC-PE, BAC-PK, BAC-PL, BAC-PM, BAC-PN, BAC-PO, BAC-PP, BML-PG, BML-PH, BML-PJ, BML-PL)  (CIK 0000070858)",8-K,2025-07-16,0000070858-25-000254:bac063025ex992.htm,0000070858-25-000254,,,,,,,,https://www.sec.gov/cgi-bin/browse-edgar?action=getcompany&CIK=70858,,BAC-PE
"""generative AI""",70858,"BANK OF AMERICA CORP /DE/  (BAC, BAC-PB, BAC-PE, BAC-PK, BAC-PL, BAC-PM, BAC-PN, BAC-PO, BAC-PP, BML-PG, BML-PH, BML-PJ, BML-PL)  (CIK 0000070858)",8-K,2025-07-16,0000070858-25-000254:bac063025ex992.htm,0000070858-25-000254,,,,,,,,https://www.sec.gov/cgi-bin/browse-edgar?action=getcompany&CIK=70858,,BML-PH
"""generative AI""",70858,"BANK OF AMERICA CORP /DE/  (BAC, BAC-PB, BAC-PE, BAC-PK, BAC-PL, BAC-PM, BAC-PN, BAC-PO, BAC-PP, BML-PG, BML-PH, BML-PJ, BML-PL)  (CIK 0000070858)",8-K,2025-07-16,0000070858-25-000254:bac063025ex992.htm,0000070858-25-000254,,,,,,,,https://www.sec.gov/cgi-bin/browse-edgar?action=getcompany&CIK=70858,,BML-PJ
"""generative AI""",1665300,"Phunware, Inc.  (PHUN)  (CIK 0001665300)",8-K,2025-07-17,0000950170-25-096670:phun-ex99_1.htm,0000950170-25-096670,,,,,,,,https://www.sec.gov/cgi-bin/browse-edgar?action=getcompany&CIK=1665300,,PHUN
"""generative AI""",64463,"Soluna Holdings, Inc  (SLNH, SLNHP)  (CIK 0000064463)",8-K,2025-07-17,0001641172-25-020082:ex99-1.htm,0001641172-25-020082,,,,,,,,https://www.sec.gov/cgi-bin/browse-edgar?action=getcompany&CIK=64463,,SLNH
"""generative AI""",64463,"Soluna Holdings, Inc  (SLNH, SLNHP)  (CIK 0000064463)",8-K,2025-07-17,0001641172-25-020082:ex99-1.htm,0001641172-25-020082,,,,,,,,https://www.sec.gov/cgi-bin/browse-edgar?action=getcompany&CIK=64463,,SLNHP
"""generative AI""",87347,SCHLUMBERGER LIMITED/NV  (SLB)  (CIK 0000087347),8-K,2025-07-18,0001193125-25-160817:d63402dex99.htm,0001193125-25-160817,,,,,,,,https://www.sec.gov/cgi-bin/browse-edgar?action=getcompany&CIK=87347,,SLB
"""generative artificial intelligence""",1747068,"MetroCity Bankshares, Inc.  (MCBS)  (CIK 0001747068)",8-K,2025-07-18,0001747068-25-000047:mcbs-20250718xex99d1.htm,0001747068-25-000047,,,,,,,,https://www.sec.gov/cgi-bin/browse-edgar?action=getcompany&CIK=1747068,,MCBS
"""generative artificial intelligence""",1038773,SMARTFINANCIAL INC.  (SMBK)  (CIK 0001038773),8-K,2025-07-21,0001558370-25-009328:smbk-20250721xex99d2.htm,0001558370-25-009328,,,,,,,,https://www.sec.gov/cgi-bin/browse-edgar?action=getcompany&CIK=1038773,,SMBK
"""generative artificial intelligence""",1668397,"Medpace Holdings, Inc.  (MEDP)  (CIK 0001668397)",8-K,2025-07-21,0001668397-25-000085:medp-2025721exx991.htm,0001668397-25-000085,,,,,,,,https://www.sec.gov/cgi-bin/browse-edgar?action=getcompany&CIK=1668397,,MEDP
"""generative artificial intelligence""",1745916,"PennyMac Financial Services, Inc.  (PFSI)  (CIK 0001745916)",8-K,2025-07-22,0001104659-25-069637:tm2521364d1_ex99-2.htm,0001104659-25-069637,,,,,,,,https://www.sec.gov/cgi-bin/browse-edgar?action=getcompany&CIK=1745916,,PFSI
"""generative AI""",64463,"Soluna Holdings, Inc  (SLNH, SLNHP)  (CIK 0000064463)",8-K,2025-07-22,0001641172-25-020517:ex99-1.htm,0001641172-25-020517,,,,,,,,https://www.sec.gov/cgi-bin/browse-edgar?action=getcompany&CIK=64463,,SLNH
"""generative AI""",64463,"Soluna Holdings, Inc  (SLNH, SLNHP)  (CIK 0000064463)",8-K,2025-07-22,0001641172-25-020517:ex99-1.htm,0001641172-25-020517,,,,,,,,https://www.sec.gov/cgi-bin/browse-edgar?action=getcompany&CIK=64463,,SLNHP
"""generative artificial intelligence""",1336706,NORTHPOINTE BANCSHARES INC  (NPB)  (CIK 0001336706),8-K,2025-07-22,0001628280-25-035578:q22025earningscallslides.htm,0001628280-25-035578,,,,,,,,https://www.sec.gov/cgi-bin/browse-edgar?action=getcompany&CIK=1336706,,NPB
"""generative artificial intelligence""",1516912,"Origin Bancorp, Inc.  (OBK)  (CIK 0001516912)",8-K,2025-07-23,0001516912-25-000129:a06_30x2025obkinvestorpr.htm,0001516912-25-000129,,,,,,,,https://www.sec.gov/cgi-bin/browse-edgar?action=getcompany&CIK=1516912,,OBK
"""generative artificial intelligence""",711669,COLONY BANKCORP INC  (CBAN)  (CIK 0000711669),8-K,2025-07-23,0000711669-25-000135:a2q2025er.htm,0000711669-25-000135,,,,,,,,https://www.sec.gov/cgi-bin/browse-edgar?action=getcompany&CIK=711669,,CBAN
"""generative artificial intelligence""",890564,ASGN Inc  (ASGN)  (CIK 0000890564),8-K,2025-07-23,0000890564-25-000036:earningsrelease-q225.htm,0000890564-25-000036,,,,,,,,https://www.sec.gov/cgi-bin/browse-edgar?action=getcompany&CIK=890564,,EFOR
"""generative AI""",1416090,BLUSKY AI INC.  (BSAI)  (CIK 0001416090),8-K,2025-07-23,0001096906-25-001173:bsai_ex99z1.htm,0001096906-25-001173,,,,,,,,https://www.sec.gov/cgi-bin/browse-edgar?action=getcompany&CIK=1416090,,BSAI
"""generative AI""",51143,INTERNATIONAL BUSINESS MACHINES CORP  (IBM)  (CIK 0000051143),8-K,2025-07-23,0000051143-25-000048:ibm-20250723xex992.htm,0000051143-25-000048,,,,,,,,https://www.sec.gov/cgi-bin/browse-edgar?action=getcompany&CIK=51143,,IBM
"""generative AI""",1652044,"Alphabet Inc.  (GOOG, GOOGL)  (CIK 0001652044)",8-K,2025-07-23,0001652044-25-000056:googexhibit991q22025.htm,0001652044-25-000056,,,,,,,,https://www.sec.gov/cgi-bin/browse-edgar?action=getcompany&CIK=1652044,,GOOGL
"""generative AI""",1652044,"Alphabet Inc.  (GOOG, GOOGL)  (CIK 0001652044)",8-K,2025-07-23,0001652044-25-000056:googexhibit991q22025.htm,0001652044-25-000056,,,,,,,,https://www.sec.gov/cgi-bin/browse-edgar?action=getcompany&CIK=1652044,,GOOG
"""generative AI""",1652044,"Alphabet Inc.  (GOOG, GOOGL)  (CIK 0001652044)",8-K,2025-07-23,0001652044-25-000056:googexhibit991q22025.htm,0001652044-25-000056,,,,,,,,https://www.sec.gov/cgi-bin/browse-edgar?action=getcompany&CIK=1652044,,GOOGM
"""generative AI""",1652044,"Alphabet Inc.  (GOOG, GOOGL)  (CIK 0001652044)",8-K,2025-07-23,0001652044-25-000056:googexhibit991q22025.htm,0001652044-25-000056,,,,,,,,https://www.sec.gov/cgi-bin/browse-edgar?action=getcompany&CIK=1652044,,GOOGN
"""generative AI""",51143,INTERNATIONAL BUSINESS MACHINES CORP  (IBM)  (CIK 0000051143),8-K,2025-07-24,0000051143-25-000051:ibm-ex99x2.htm,0000051143-25-000051,,,,,,,,https://www.sec.gov/cgi-bin/browse-edgar?action=getcompany&CIK=51143,,IBM
"""generative artificial intelligence""",730708,SEACOAST BANKING CORP OF FLORIDA  (SBCF)  (CIK 0000730708),8-K,2025-07-24,0000730708-25-000162:a2q2025earningsrelease.htm,0000730708-25-000162,,,,,,,,https://www.sec.gov/cgi-bin/browse-edgar?action=getcompany&CIK=730708,,SBCF
"""generative AI""",1651562,"Coursera, Inc.  (COUR)  (CIK 0001651562)",8-K,2025-07-24,0001651562-25-000045:cour-20250630xshareholde.htm,0001651562-25-000045,,,,,,,,https://www.sec.gov/cgi-bin/browse-edgar?action=getcompany&CIK=1651562,,COUR
"""generative AI""",1577526,"C3.ai, Inc.  (AI)  (CIK 0001577526)",8-K,2025-07-24,0001628280-25-035846:exhibit991pressreleasedate.htm,0001628280-25-035846,,,,,,,,https://www.sec.gov/cgi-bin/browse-edgar?action=getcompany&CIK=1577526,,AI
"""generative AI""",1582982,"CareCloud, Inc.  (CCLD, CCLDO)  (CIK 0001582982)",8-K,2025-07-25,0001493152-25-011403:ex99-1.htm,0001493152-25-011403,,,,,,,,https://www.sec.gov/cgi-bin/browse-edgar?action=getcompany&CIK=1582982,,CCLD
"""generative AI""",1672688,Absci Corp  (ABSI)  (CIK 0001672688),8-K,2025-07-25,0001193125-25-165466:d65613dex992.htm,0001193125-25-165466,,,,,,,,https://www.sec.gov/cgi-bin/browse-edgar?action=getcompany&CIK=1672688,,ABSI
"""generative AI""",2017758,Linkhome Holdings Inc.  (LHAI)  (CIK 0002017758),8-K,2025-07-28,0001213900-25-068307:ea025051201ex99-1_linkhome.htm,0001213900-25-068307,,,,,,,,https://www.sec.gov/cgi-bin/browse-edgar?action=getcompany&CIK=2017758,,LHAI
"""generative AI""",1820302,"Bakkt Holdings, Inc.  (BKKT, BKKT-WT)  (CIK 0001820302)",8-K,2025-07-28,0001628280-25-036239:ex101.htm,0001628280-25-036239,,,,,,,,https://www.sec.gov/cgi-bin/browse-edgar?action=getcompany&CIK=1820302,,BKKT
"""generative AI""",1820302,"Bakkt Holdings, Inc.  (BKKT, BKKT-WT)  (CIK 0001820302)",8-K,2025-07-28,0001628280-25-036239:ex101.htm,0001628280-25-036239,,,,,,,,https://www.sec.gov/cgi-bin/browse-edgar?action=getcompany&CIK=1820302,,BKKT-WT
"""generative AI""",106640,WHIRLPOOL CORP /DE/  (WHR)  (CIK 0000106640),8-K,2025-07-28,0000106640-25-000112:exhibit991pressrelease0630.htm,0000106640-25-000112,,,,,,,,https://www.sec.gov/cgi-bin/browse-edgar?action=getcompany&CIK=106640,,WHR
"""generative AI""",106640,WHIRLPOOL CORP /DE/  (WHR)  (CIK 0000106640),8-K,2025-07-28,0000106640-25-000112:exhibit991pressrelease0630.htm,0000106640-25-000112,,,,,,,,https://www.sec.gov/cgi-bin/browse-edgar?action=getcompany&CIK=106640,,WHR-PA
"""generative AI""",1465740,"TWO HARBORS INVESTMENT CORP.  (TWO, TWOD, TWO-PA, TWO-PB, TWO-PC)  (CIK 0001465740)",8-K,2025-07-28,0001465740-25-000133:a2q25earningsdeck.htm,0001465740-25-000133,,,,,,,,https://www.sec.gov/cgi-bin/browse-edgar?action=getcompany&CIK=1465740,,TWO
"""generative AI""",1465740,"TWO HARBORS INVESTMENT CORP.  (TWO, TWOD, TWO-PA, TWO-PB, TWO-PC)  (CIK 0001465740)",8-K,2025-07-28,0001465740-25-000133:a2q25earningsdeck.htm,0001465740-25-000133,,,,,,,,https://www.sec.gov/cgi-bin/browse-edgar?action=getcompany&CIK=1465740,,TWO-PC
"""generative AI""",1465740,"TWO HARBORS INVESTMENT CORP.  (TWO, TWOD, TWO-PA, TWO-PB, TWO-PC)  (CIK 0001465740)",8-K,2025-07-28,0001465740-25-000133:a2q25earningsdeck.htm,0001465740-25-000133,,,,,,,,https://www.sec.gov/cgi-bin/browse-edgar?action=getcompany&CIK=1465740,,TWO-PB
"""generative AI""",1465740,"TWO HARBORS INVESTMENT CORP.  (TWO, TWOD, TWO-PA, TWO-PB, TWO-PC)  (CIK 0001465740)",8-K,2025-07-28,0001465740-25-000133:a2q25earningsdeck.htm,0001465740-25-000133,,,,,,,,https://www.sec.gov/cgi-bin/browse-edgar?action=getcompany&CIK=1465740,,TWO-PA
"""generative AI""",1465740,"TWO HARBORS INVESTMENT CORP.  (TWO, TWOD, TWO-PA, TWO-PB, TWO-PC)  (CIK 0001465740)",8-K,2025-07-28,0001465740-25-000133:a2q25earningsdeck.htm,0001465740-25-000133,,,,,,,,https://www.sec.gov/cgi-bin/browse-edgar?action=getcompany&CIK=1465740,,TWOD
"""generative artificial intelligence""",100885,UNION PACIFIC CORP  (UNP)  (CIK 0000100885),8-K,2025-07-29,0001193125-25-168150:d51641dex21.htm,0001193125-25-168150,,,,,,,,https://www.sec.gov/cgi-bin/browse-edgar?action=getcompany&CIK=100885,,UNP
"""generative AI""",1465740,"TWO HARBORS INVESTMENT CORP.  (TWO, TWOD, TWO-PA, TWO-PB, TWO-PC)  (CIK 0001465740)",8-K,2025-07-29,0001465740-25-000138:twoq22025earningscallpre.htm,0001465740-25-000138,,,,,,,,https://www.sec.gov/cgi-bin/browse-edgar?action=getcompany&CIK=1465740,,TWO
"""generative AI""",1465740,"TWO HARBORS INVESTMENT CORP.  (TWO, TWOD, TWO-PA, TWO-PB, TWO-PC)  (CIK 0001465740)",8-K,2025-07-29,0001465740-25-000138:twoq22025earningscallpre.htm,0001465740-25-000138,,,,,,,,https://www.sec.gov/cgi-bin/browse-edgar?action=getcompany&CIK=1465740,,TWO-PC
"""generative AI""",1465740,"TWO HARBORS INVESTMENT CORP.  (TWO, TWOD, TWO-PA, TWO-PB, TWO-PC)  (CIK 0001465740)",8-K,2025-07-29,0001465740-25-000138:twoq22025earningscallpre.htm,0001465740-25-000138,,,,,,,,https://www.sec.gov/cgi-bin/browse-edgar?action=getcompany&CIK=1465740,,TWO-PB
"""generative AI""",1465740,"TWO HARBORS INVESTMENT CORP.  (TWO, TWOD, TWO-PA, TWO-PB, TWO-PC)  (CIK 0001465740)",8-K,2025-07-29,0001465740-25-000138:twoq22025earningscallpre.htm,0001465740-25-000138,,,,,,,,https://www.sec.gov/cgi-bin/browse-edgar?action=getcompany&CIK=1465740,,TWO-PA
"""generative AI""",1465740,"TWO HARBORS INVESTMENT CORP.  (TWO, TWOD, TWO-PA, TWO-PB, TWO-PC)  (CIK 0001465740)",8-K,2025-07-29,0001465740-25-000138:twoq22025earningscallpre.htm,0001465740-25-000138,,,,,,,,https://www.sec.gov/cgi-bin/browse-edgar?action=getcompany&CIK=1465740,,TWOD
"""generative AI""",1075531,Booking Holdings Inc.  (BKNG)  (CIK 0001075531),8-K,2025-07-29,0001075531-25-000035:bkngq22025earningspressr.htm,0001075531-25-000035,,,,,,,,https://www.sec.gov/cgi-bin/browse-edgar?action=getcompany&CIK=1075531,,BKNG
"""generative AI""",896262,AMEDISYS INC  (AMED)  (CIK 0000896262),8-K,2025-07-29,0000896262-25-000061:a20253006_991exhibit.htm,0000896262-25-000061,,,,,,,,https://www.sec.gov/cgi-bin/browse-edgar?action=getcompany&CIK=896262,,
"""generative AI""",1507605,"MARA Holdings, Inc.  (MARA)  (CIK 0001507605)",8-K,2025-07-29,0001507605-25-000016:q225shareholderletter.htm,0001507605-25-000016,,,,,,,,https://www.sec.gov/cgi-bin/browse-edgar?action=getcompany&CIK=1507605,,MARA
"""generative AI""",1297989,"ExlService Holdings, Inc.  (EXLS)  (CIK 0001297989)",8-K,2025-07-29,0001297989-25-000012:exlq225pressrelease.htm,0001297989-25-000012,,,,,,,,https://www.sec.gov/cgi-bin/browse-edgar?action=getcompany&CIK=1297989,,EXLS
"""generative artificial intelligence""",702165,NORFOLK SOUTHERN CORP  (NSC)  (CIK 0000702165),8-K,2025-07-29,0001193125-25-168147:d877267dex21.htm,0001193125-25-168147,,,,,,,,https://www.sec.gov/cgi-bin/browse-edgar?action=getcompany&CIK=702165,,NSC
"""generative AI""",1699838,"Confluent, Inc.  (CFLT)  (CIK 0001699838)",8-K,2025-07-30,0001699838-25-000004:cflt-20250630xexx991.htm,0001699838-25-000004,,,,,,,,https://www.sec.gov/cgi-bin/browse-edgar?action=getcompany&CIK=1699838,,
"""generative AI""",1065088,EBAY INC  (EBAY)  (CIK 0001065088),8-K,2025-07-30,0001065088-25-000075:exhibit991erebayq22025.htm,0001065088-25-000075,,,,,,,,https://www.sec.gov/cgi-bin/browse-edgar?action=getcompany&CIK=1065088,,EBAY
"""generative AI""",1517375,"Sprout Social, Inc.  (SPT)  (CIK 0001517375)",8-K,2025-07-30,0001517375-25-000114:projectclover-draftshare.htm,0001517375-25-000114,,,,,,,,https://www.sec.gov/cgi-bin/browse-edgar?action=getcompany&CIK=1517375,,SPT
"""generative AI""",1058290,COGNIZANT TECHNOLOGY SOLUTIONS CORP  (CTSH)  (CIK 0001058290),8-K,2025-07-30,0001058290-25-000266:exhibit9936302025.htm,0001058290-25-000266,,,,,,,,https://www.sec.gov/cgi-bin/browse-edgar?action=getcompany&CIK=1058290,,CTSH
"""generative artificial intelligence""",1175535,Whitestone REIT  (WSR)  (CIK 0001175535),8-K,2025-07-30,0001437749-25-023974:ex_813335.htm,0001437749-25-023974,,,,,,,,https://www.sec.gov/cgi-bin/browse-edgar?action=getcompany&CIK=1175535,,WSR
"""generative artificial intelligence""",1021635,OGE ENERGY CORP.  (OGE)  (CIK 0001021635),8-K,2025-07-30,0000950170-25-099781:oge-ex99_01.htm,0000950170-25-099781,,,,,,,,https://www.sec.gov/cgi-bin/browse-edgar?action=getcompany&CIK=1021635,,OGE
"""generative AI""",1116942,TTM TECHNOLOGIES INC  (TTMI)  (CIK 0001116942),8-K,2025-07-30,0001193125-25-169326:d942716dex992.htm,0001193125-25-169326,,,,,,,,https://www.sec.gov/cgi-bin/browse-edgar?action=getcompany&CIK=1116942,,TTMI
"""generative AI""",1356570,WNS (HOLDINGS) LTD  (WNS)  (CIK 0001356570),8-K,2025-07-30,0002077096-25-000003:ea025044801ex99-2_wns.htm,0002077096-25-000003,,,,,,,,https://www.sec.gov/cgi-bin/browse-edgar?action=getcompany&CIK=1356570,,
"""generative AI""",1144879,Applied Digital Corp.  (APLD)  (CIK 0001144879),8-K,2025-07-30,0001144879-25-000019:apldq425earningsrelease.htm,0001144879-25-000019,,,,,,,,https://www.sec.gov/cgi-bin/browse-edgar?action=getcompany&CIK=1144879,,APLD
"""generative artificial intelligence""",746838,UNISYS CORP  (UIS)  (CIK 0000746838),8-K,2025-07-30,0000746838-25-000018:q22025earningsrelease.htm,0000746838-25-000018,,,,,,,,https://www.sec.gov/cgi-bin/browse-edgar?action=getcompany&CIK=746838,,UIS
"""large language model""",1764046,CLARIVATE PLC  (CLVT)  (CIK 0001764046),8-K,2025-07-30,0001764046-25-000095:ex992q22025supplementald.htm,0001764046-25-000095,,,,,,,,https://www.sec.gov/cgi-bin/browse-edgar?action=getcompany&CIK=1764046,,CLVT
"""generative AI""",1868640,"Roadzen Inc.  (RDZN, RDZNW)  (CIK 0001868640)",8-K,2025-07-31,0001641172-25-021773:ex99-1.htm,0001641172-25-021773,,,,,,,,https://www.sec.gov/cgi-bin/browse-edgar?action=getcompany&CIK=1868640,,RDZN
"""generative AI""",1868640,"Roadzen Inc.  (RDZN, RDZNW)  (CIK 0001868640)",8-K,2025-07-31,0001641172-25-021773:ex99-1.htm,0001641172-25-021773,,,,,,,,https://www.sec.gov/cgi-bin/browse-edgar?action=getcompany&CIK=1868640,,RDZNW
"""generative artificial intelligence""",876883,Stagwell Inc  (STGW)  (CIK 0000876883),8-K,2025-07-31,0000876883-25-000022:a2q25earningspresentatio.htm,0000876883-25-000022,,,,,,,,https://www.sec.gov/cgi-bin/browse-edgar?action=getcompany&CIK=876883,,STGW
"""generative AI""",1018724,AMAZON COM INC  (AMZN)  (CIK 0001018724),8-K,2025-07-31,0001018724-25-000084:amzn-20250630xex991.htm,0001018724-25-000084,,,,,,,,https://www.sec.gov/cgi-bin/browse-edgar?action=getcompany&CIK=1018724,,AMZN
"""generative artificial intelligence""",932696,INSIGHT ENTERPRISES INC  (NSIT)  (CIK 0000932696),8-K,2025-07-31,0001628280-25-036850:nsit-20250731xerx8kex991.htm,0001628280-25-036850,,,,,,,,https://www.sec.gov/cgi-bin/browse-edgar?action=getcompany&CIK=932696,,NSIT
"""generative artificial intelligence""",64040,S&P Global Inc.  (SPGI)  (CIK 0000064040),8-K,2025-07-31,0000064040-25-000143:billeagerprwithjpeg.htm,0000064040-25-000143,,,,,,,,https://www.sec.gov/cgi-bin/browse-edgar?action=getcompany&CIK=64040,,SPGI
"""generative artificial intelligence""",1635282,"Rimini Street, Inc.  (RMNI)  (CIK 0001635282)",8-K,2025-07-31,0001635282-25-000191:rmniq22025earningreleaseex.htm,0001635282-25-000191,,,,,,,,https://www.sec.gov/cgi-bin/browse-edgar?action=getcompany&CIK=1635282,,RMNI
"""generative AI""",1023313,"FORRESTER RESEARCH, INC.  (FORR)  (CIK 0001023313)",8-K,2025-07-31,0000950170-25-100883:forr-ex99_1.htm,0000950170-25-100883,,,,,,,,https://www.sec.gov/cgi-bin/browse-edgar?action=getcompany&CIK=1023313,,FORR
"""generative AI""",1820144,Grindr Inc.  (GRND)  (CIK 0001820144),8-K,2025-07-31,0001820144-25-000030:exhibit991-pressrelease07x.htm,0001820144-25-000030,,,,,,,,https://www.sec.gov/cgi-bin/browse-edgar?action=getcompany&CIK=1820144,,GRND
"""generative AI""",903651,INNODATA INC  (INOD)  (CIK 0000903651),8-K,2025-07-31,0001104659-25-072724:tm2521272d1_ex99-1.htm,0001104659-25-072724,,,,,,,,https://www.sec.gov/cgi-bin/browse-edgar?action=getcompany&CIK=903651,,INOD
"""generative AI""",1579684,"Gannett Co., Inc.  (GCI)  (CIK 0001579684)",8-K,2025-07-31,0001579684-25-000061:gciq22025ex991earningsrele.htm,0001579684-25-000061,,,,,,,,https://www.sec.gov/cgi-bin/browse-edgar?action=getcompany&CIK=1579684,,TDAY
"""artificial intelligence partnership""",1501585,"HUNTINGTON INGALLS INDUSTRIES, INC.  (HII)  (CIK 0001501585)",8-K,2025-07-31,0001501585-25-000097:hiiq22025earningspresent.htm,0001501585-25-000097,,,,,,,,https://www.sec.gov/cgi-bin/browse-edgar?action=getcompany&CIK=1501585,,HII
"""AI partnership""",1388658,"iRhythm Technologies, Inc.  (IRTC)  (CIK 0001388658)",8-K,2025-07-31,0001388658-25-000194:irtcq22025ex991pressrelease.htm,0001388658-25-000194,,,,,,,,https://www.sec.gov/cgi-bin/browse-edgar?action=getcompany&CIK=1388658,,IRTC
"""generative artificial intelligence""",1298675,CubeSmart  (CUBE)  (CIK 0001298675),8-K,2025-08-01,0001298675-25-000030:cube-20250731xex99d1.htm,0001298675-25-000030,,,,,,,,https://www.sec.gov/cgi-bin/browse-edgar?action=getcompany&CIK=1298675,,CUBE
"""generative AI""",1567892,Mallinckrodt plc  (CIK 0001567892),8-K,2025-08-01,0001104659-25-072891:tm2522037d2_8k.htm,0001104659-25-072891,,,,,,,,https://www.sec.gov/cgi-bin/browse-edgar?action=getcompany&CIK=1567892,,
"""generative artificial intelligence""",1800227,IAC Inc.  (IAC)  (CIK 0001800227),8-K,2025-08-04,0001800227-25-000122:iacq22025investorcallpre.htm,0001800227-25-000122,,,,,,,,https://www.sec.gov/cgi-bin/browse-edgar?action=getcompany&CIK=1800227,,PPLI
"""generative artificial intelligence""",1278027,"B&G Foods, Inc.  (BGS)  (CIK 0001278027)",8-K,2025-08-04,0001558370-25-010099:bgs-20250804xex99d1.htm,0001558370-25-010099,,,,,,,,https://www.sec.gov/cgi-bin/browse-edgar?action=getcompany&CIK=1278027,,BGS
"""generative AI""",1831840,"SEMrush Holdings, Inc.  (SEMR)  (CIK 0001831840)",8-K,2025-08-04,0001628280-25-037458:semrush8-kexhibit991q22025.htm,0001628280-25-037458,,,,,,,,https://www.sec.gov/cgi-bin/browse-edgar?action=getcompany&CIK=1831840,,
"""generative AI""",1907982,"D-Wave Quantum Inc.  (QBTS, QBTS-WT)  (CIK 0001907982)",8-K,2025-08-04,0001907982-25-000169:exhibit991d-waveintroduces.htm,0001907982-25-000169,,,,,,,,https://www.sec.gov/cgi-bin/browse-edgar?action=getcompany&CIK=1907982,,QBTS
"""generative AI""",2020795,Uniti Group Inc.  (CIK 0002020795),8-K,2025-08-05,0001104659-25-073951:tm2522557d1_99-1.htm,0001104659-25-073951,,,,,,,,https://www.sec.gov/cgi-bin/browse-edgar?action=getcompany&CIK=2020795,,UNIT
"""generative AI""",1803901,"Talkspace, Inc.  (TALK, TALKW)  (CIK 0001803901)",8-K,2025-08-05,0000950170-25-102417:talk-ex99_2.htm,0000950170-25-102417,,,,,,,,https://www.sec.gov/cgi-bin/browse-edgar?action=getcompany&CIK=1803901,,TALK
"""generative AI""",1582961,"DigitalOcean Holdings, Inc.  (DOCN)  (CIK 0001582961)",8-K,2025-08-05,0001582961-25-000134:a2025-q2dopressrelease.htm,0001582961-25-000134,,,,,,,,https://www.sec.gov/cgi-bin/browse-edgar?action=getcompany&CIK=1582961,,DOCN
"""generative AI""",1582982,"CareCloud, Inc.  (CCLD, CCLDO)  (CIK 0001582982)",8-K,2025-08-05,0001493152-25-011596:ex99-1.htm,0001493152-25-011596,,,,,,,,https://www.sec.gov/cgi-bin/browse-edgar?action=getcompany&CIK=1582982,,CCLD
"""generative AI""",1851003,Zeta Global Holdings Corp.  (ZETA)  (CIK 0001851003),8-K,2025-08-05,0000950170-25-103002:zeta-ex99_1.htm,0000950170-25-103002,,,,,,,,https://www.sec.gov/cgi-bin/browse-edgar?action=getcompany&CIK=1851003,,ZETA
"""generative AI""",1691421,"Lemonade, Inc.  (LMND, LMND-WT)  (CIK 0001691421)",8-K,2025-08-05,0001691421-25-000120:lmndshareholderletterq22.htm,0001691421-25-000120,,,,,,,,https://www.sec.gov/cgi-bin/browse-edgar?action=getcompany&CIK=1691421,,LMND
"""generative artificial intelligence""",877212,ZEBRA TECHNOLOGIES CORP  (ZBRA)  (CIK 0000877212),8-K,2025-08-05,0001104659-25-073878:tm2522351d1_ex2-1.htm,0001104659-25-073878,,,,,,,,https://www.sec.gov/cgi-bin/browse-edgar?action=getcompany&CIK=877212,,ZBRA
"""generative AI""",1564408,Snap Inc  (SNAP)  (CIK 0001564408),8-K,2025-08-05,0001564408-25-000047:q22025investorletterex99.htm,0001564408-25-000047,,,,,,,,https://www.sec.gov/cgi-bin/browse-edgar?action=getcompany&CIK=1564408,,SNAP
"""generative AI""",1601830,"RECURSION PHARMACEUTICALS, INC.  (RXRX)  (CIK 0001601830)",8-K,2025-08-05,0001601830-25-000126:q22025earningsdeck.htm,0001601830-25-000126,,,,,,,,https://www.sec.gov/cgi-bin/browse-edgar?action=getcompany&CIK=1601830,,RXRX
"""generative AI""",2488,ADVANCED MICRO DEVICES INC  (AMD)  (CIK 0000002488),8-K,2025-08-05,0000002488-25-000106:q22025991.htm,0000002488-25-000106,,,,,,,,https://www.sec.gov/cgi-bin/browse-edgar?action=getcompany&CIK=2488,,AMD
"""generative AI""",1364954,"CHEGG, INC  (CHGG)  (CIK 0001364954)",8-K,2025-08-05,0001364954-25-000090:a9901-financialresultsq220.htm,0001364954-25-000090,,,,,,,,https://www.sec.gov/cgi-bin/browse-edgar?action=getcompany&CIK=1364954,,CHGG
"""large language model""",1107843,"QUALYS, INC.  (QLYS)  (CIK 0001107843)",8-K,2025-08-05,0001107843-25-000030:qlys-2025805xex991.htm,0001107843-25-000030,,,,,,,,https://www.sec.gov/cgi-bin/browse-edgar?action=getcompany&CIK=1107843,,QLYS
"""generative artificial intelligence""",1833197,"Latham Group, Inc.  (SWIM)  (CIK 0001833197)",8-K,2025-08-05,0001104659-25-074179:tm2522355d1_ex99-1.htm,0001104659-25-074179,,,,,,,,https://www.sec.gov/cgi-bin/browse-edgar?action=getcompany&CIK=1833197,,SWIM
"""generative artificial intelligence""",1057379,"HACKETT GROUP, INC.  (HCKT)  (CIK 0001057379)",8-K,2025-08-05,0000950170-25-103135:hckt-ex99_1.htm,0000950170-25-103135,,,,,,,,https://www.sec.gov/cgi-bin/browse-edgar?action=getcompany&CIK=1057379,,HCKT
"""generative AI""",1625641,"CS Disco, Inc.  (LAW)  (CIK 0001625641)",8-K,2025-08-06,0001625641-25-000118:q2fy2025earningsrelease.htm,0001625641-25-000118,,,,,,,,https://www.sec.gov/cgi-bin/browse-edgar?action=getcompany&CIK=1625641,,LAW
"""generative artificial intelligence""",1617640,"ZILLOW GROUP, INC.  (Z, ZG)  (CIK 0001617640)",8-K,2025-08-06,0001617640-25-000093:exhibit993.htm,0001617640-25-000093,,,,,,,,https://www.sec.gov/cgi-bin/browse-edgar?action=getcompany&CIK=1617640,,ZG
"""generative artificial intelligence""",1617640,"ZILLOW GROUP, INC.  (Z, ZG)  (CIK 0001617640)",8-K,2025-08-06,0001617640-25-000093:exhibit993.htm,0001617640-25-000093,,,,,,,,https://www.sec.gov/cgi-bin/browse-edgar?action=getcompany&CIK=1617640,,Z
"""generative AI""",1768267,Cerence Inc.  (CRNC)  (CIK 0001768267),8-K,2025-08-06,0001628280-25-038336:cerenceaiq3fy25earningsd.htm,0001628280-25-038336,,,,,,,,https://www.sec.gov/cgi-bin/browse-edgar?action=getcompany&CIK=1768267,,CRNC
"""generative artificial intelligence""",104918,AVISTA CORP  (AVA)  (CIK 0000104918),8-K,2025-08-06,0000950170-25-103362:ava-ex99_1.htm,0000950170-25-103362,,,,,,,,https://www.sec.gov/cgi-bin/browse-edgar?action=getcompany&CIK=104918,,AVA
"""generative AI""",1320760,"TSS, Inc.  (TSSI)  (CIK 0001320760)",8-K,2025-08-06,0001654954-25-009129:tssi_ex991.htm,0001654954-25-009129,,,,,,,,https://www.sec.gov/cgi-bin/browse-edgar?action=getcompany&CIK=1320760,,TSSI
"""generative AI""",1826681,"Palladyne AI Corp.  (PDYN, PDYNW)  (CIK 0001826681)",8-K,2025-08-06,0000950170-25-103995:pdyn-ex99_2.htm,0000950170-25-103995,,,,,,,,https://www.sec.gov/cgi-bin/browse-edgar?action=getcompany&CIK=1826681,,PDYN
"""generative AI""",1826681,"Palladyne AI Corp.  (PDYN, PDYNW)  (CIK 0001826681)",8-K,2025-08-06,0000950170-25-103995:pdyn-ex99_2.htm,0000950170-25-103995,,,,,,,,https://www.sec.gov/cgi-bin/browse-edgar?action=getcompany&CIK=1826681,,PDYNW
"""generative AI""",71691,NEW YORK TIMES CO  (NYT)  (CIK 0000071691),8-K,2025-08-06,0000071691-25-000117:pressrelease06302025.htm,0000071691-25-000117,,,,,,,,https://www.sec.gov/cgi-bin/browse-edgar?action=getcompany&CIK=71691,,NYT
"""generative AI""",1840856,"SOUNDHOUND AI, INC.  (SOUN, SOUNW)  (CIK 0001840856)",8-K,2025-08-07,0001628280-25-038931:soun-20250807ex991earnings.htm,0001628280-25-038931,,,,,,,,https://www.sec.gov/cgi-bin/browse-edgar?action=getcompany&CIK=1840856,,SOUN
"""generative AI""",1840856,"SOUNDHOUND AI, INC.  (SOUN, SOUNW)  (CIK 0001840856)",8-K,2025-08-07,0001628280-25-038931:soun-20250807ex991earnings.htm,0001628280-25-038931,,,,,,,,https://www.sec.gov/cgi-bin/browse-edgar?action=getcompany&CIK=1840856,,SOUNW
"""generative AI""",1671933,"Trade Desk, Inc.  (TTD)  (CIK 0001671933)",8-K,2025-08-07,0001671933-25-000123:ttd-2025807x8kexx991.htm,0001671933-25-000123,,,,,,,,https://www.sec.gov/cgi-bin/browse-edgar?action=getcompany&CIK=1671933,,TTD
"""generative AI""",1650372,Atlassian Corp  (TEAM)  (CIK 0001650372),8-K,2025-08-07,0001650372-25-000028:teamq42025shareholderlet.htm,0001650372-25-000028,,,,,,,,https://www.sec.gov/cgi-bin/browse-edgar?action=getcompany&CIK=1650372,,TEAM
"""generative AI""",1874097,Cyngn Inc.  (CYN)  (CIK 0001874097),8-K,2025-08-07,0001213900-25-073140:ea025217001ex99-1_cyngn.htm,0001213900-25-073140,,,,,,,,https://www.sec.gov/cgi-bin/browse-edgar?action=getcompany&CIK=1874097,,CYN
"""generative AI""",1573221,"TheRealReal, Inc.  (REAL)  (CIK 0001573221)",8-K,2025-08-07,0001573221-25-000070:real-20250807xex991pressre.htm,0001573221-25-000070,,,,,,,,https://www.sec.gov/cgi-bin/browse-edgar?action=getcompany&CIK=1573221,,REAL
"""generative artificial intelligence""",1084048,"ZIFF DAVIS, INC.  (ZD)  (CIK 0001084048)",8-K,2025-08-07,0001084048-25-000053:zdq22025earningspresenta.htm,0001084048-25-000053,,,,,,,,https://www.sec.gov/cgi-bin/browse-edgar?action=getcompany&CIK=1084048,,ZD
"""generative AI""",1560327,"Rapid7, Inc.  (RPD)  (CIK 0001560327)",8-K,2025-08-07,0001560327-25-000048:rapid7q220258-kex991.htm,0001560327-25-000048,,,,,,,,https://www.sec.gov/cgi-bin/browse-edgar?action=getcompany&CIK=1560327,,RPD
"""large language model""",1604821,"Natera, Inc.  (NTRA)  (CIK 0001604821)",8-K,2025-08-07,0001104659-25-075189:tm2522162d1_ex99-2.htm,0001104659-25-075189,,,,,,,,https://www.sec.gov/cgi-bin/browse-edgar?action=getcompany&CIK=1604821,,NTRA
"""generative artificial intelligence""",1714174,Burford Capital Ltd  (BUR)  (CIK 0001714174),8-K,2025-08-07,0001714174-25-000175:bur-20250807xex992.htm,0001714174-25-000175,,,,,,,,https://www.sec.gov/cgi-bin/browse-edgar?action=getcompany&CIK=1714174,,BUR
"""generative AI""",1820144,Grindr Inc.  (GRND)  (CIK 0001820144),8-K,2025-08-07,0001820144-25-000033:exhibit991-q22025earningsr.htm,0001820144-25-000033,,,,,,,,https://www.sec.gov/cgi-bin/browse-edgar?action=getcompany&CIK=1820144,,GRND
"""generative AI""",1398659,Genpact LTD  (G)  (CIK 0001398659),8-K,2025-08-07,0001398659-25-000094:genpactltdexhibit991q225.htm,0001398659-25-000094,,,,,,,,https://www.sec.gov/cgi-bin/browse-edgar?action=getcompany&CIK=1398659,,G
"""generative AI""",1805833,"System1, Inc.  (SST, SSTPW)  (CIK 0001805833)",8-K,2025-08-07,0001805833-25-000009:system1investorpresentat.htm,0001805833-25-000009,,,,,,,,https://www.sec.gov/cgi-bin/browse-edgar?action=getcompany&CIK=1805833,,SST
"""generative AI""",1805833,"System1, Inc.  (SST, SSTPW)  (CIK 0001805833)",8-K,2025-08-07,0001805833-25-000009:system1investorpresentat.htm,0001805833-25-000009,,,,,,,,https://www.sec.gov/cgi-bin/browse-edgar?action=getcompany&CIK=1805833,,SSTPW
"""large language model""",1078075,NETSCOUT SYSTEMS INC  (NTCT)  (CIK 0001078075),8-K,2025-08-07,0001628280-25-038596:q1fy26pressreleasedoc1.htm,0001628280-25-038596,,,,,,,,https://www.sec.gov/cgi-bin/browse-edgar?action=getcompany&CIK=1078075,,NTCT
"""generative AI""",1462056,"Backblaze, Inc.  (BLZE)  (CIK 0001462056)",8-K,2025-08-07,0001628280-25-038582:q22025results.htm,0001628280-25-038582,,,,,,,,https://www.sec.gov/cgi-bin/browse-edgar?action=getcompany&CIK=1462056,,BLZE
"""AI research and development""",1527702,iQSTEL Inc  (IQST)  (CIK 0001527702),8-K,2025-08-07,0001663577-25-000256:ex99_1.htm,0001663577-25-000256,,,,,,,,https://www.sec.gov/cgi-bin/browse-edgar?action=getcompany&CIK=1527702,,IQST
"""generative AI""",64463,"Soluna Holdings, Inc  (SLNH, SLNHP)  (CIK 0000064463)",8-K,2025-08-07,0001641172-25-022509:ex99-1.htm,0001641172-25-022509,,,,,,,,https://www.sec.gov/cgi-bin/browse-edgar?action=getcompany&CIK=64463,,SLNH
"""generative AI""",64463,"Soluna Holdings, Inc  (SLNH, SLNHP)  (CIK 0000064463)",8-K,2025-08-07,0001641172-25-022509:ex99-1.htm,0001641172-25-022509,,,,,,,,https://www.sec.gov/cgi-bin/browse-edgar?action=getcompany&CIK=64463,,SLNHP
"""generative AI""",1665300,"Phunware, Inc.  (PHUN)  (CIK 0001665300)",8-K,2025-08-08,0000950170-25-105872:phun-ex99_1.htm,0000950170-25-105872,,,,,,,,https://www.sec.gov/cgi-bin/browse-edgar?action=getcompany&CIK=1665300,,PHUN
"""generative AI""",2042022,"WhiteFiber, Inc.  (WYFI)  (CIK 0002042022)",8-K,2025-08-08,0001213900-25-073717:ea025239101ex99-2_whitefiber.htm,0001213900-25-073717,,,,,,,,https://www.sec.gov/cgi-bin/browse-edgar?action=getcompany&CIK=2042022,,WYFI
"""AI research and development""",1868419,"Cycurion, Inc.  (CYCU, CYCUW)  (CIK 0001868419)",8-K,2025-08-08,0001641172-25-022772:ex99-1.htm,0001641172-25-022772,,,,,,,,https://www.sec.gov/cgi-bin/browse-edgar?action=getcompany&CIK=1868419,,CYCU
"""AI research and development""",1868419,"Cycurion, Inc.  (CYCU, CYCUW)  (CIK 0001868419)",8-K,2025-08-08,0001641172-25-022772:ex99-1.htm,0001641172-25-022772,,,,,,,,https://www.sec.gov/cgi-bin/browse-edgar?action=getcompany&CIK=1868419,,CYCUW
"""generative AI""",64463,"Soluna Holdings, Inc  (SLNH, SLNHP)  (CIK 0000064463)",8-K,2025-08-08,0001641172-25-022807:ex99-1.htm,0001641172-25-022807,,,,,,,,https://www.sec.gov/cgi-bin/browse-edgar?action=getcompany&CIK=64463,,SLNH
"""generative AI""",64463,"Soluna Holdings, Inc  (SLNH, SLNHP)  (CIK 0000064463)",8-K,2025-08-08,0001641172-25-022807:ex99-1.htm,0001641172-25-022807,,,,,,,,https://www.sec.gov/cgi-bin/browse-edgar?action=getcompany&CIK=64463,,SLNHP
"""generative AI""",1717115,"Tempus AI, Inc.  (TEM)  (CIK 0001717115)",8-K,2025-08-08,0000950170-25-105441:tem-ex99_1.htm,0000950170-25-105441,,,,,,,,https://www.sec.gov/cgi-bin/browse-edgar?action=getcompany&CIK=1717115,,TEM
"""generative AI""",1898496,"Getty Images Holdings, Inc.  (GETY)  (CIK 0001898496)",8-K,2025-08-11,0001628280-25-039563:gety-20250630xex991.htm,0001628280-25-039563,,,,,,,,https://www.sec.gov/cgi-bin/browse-edgar?action=getcompany&CIK=1898496,,GETY
"""generative AI""",790526,"RadNet, Inc.  (RDNT)  (CIK 0000790526)",8-K,2025-08-11,0001683168-25-005844:radnet_ex9901.htm,0001683168-25-005844,,,,,,,,https://www.sec.gov/cgi-bin/browse-edgar?action=getcompany&CIK=790526,,RDNT
"""generative AI""",1617553,"ZIPRECRUITER, INC.  (ZIP)  (CIK 0001617553)",8-K,2025-08-11,0001617553-25-000086:q22025shareholderletter-.htm,0001617553-25-000086,,,,,,,,https://www.sec.gov/cgi-bin/browse-edgar?action=getcompany&CIK=1617553,,ZIP
"""generative AI""",1577526,"C3.ai, Inc.  (AI)  (CIK 0001577526)",8-K,2025-08-11,0001628280-25-039359:exhibit992-fy26q1salesands.htm,0001628280-25-039359,,,,,,,,https://www.sec.gov/cgi-bin/browse-edgar?action=getcompany&CIK=1577526,,AI
"""generative AI""",1102993,LIVEPERSON INC  (LPSN)  (CIK 0001102993),8-K,2025-08-11,0001102993-25-000102:ex-991xpressreleaseq22025.htm,0001102993-25-000102,,,,,,,,https://www.sec.gov/cgi-bin/browse-edgar?action=getcompany&CIK=1102993,,LPSN
"""generative AI""",1785279,"Metagenomi, Inc.  (MGX)  (CIK 0001785279)",8-K,2025-08-12,0000950170-25-107304:mgx-ex99_2.htm,0000950170-25-107304,,,,,,,,https://www.sec.gov/cgi-bin/browse-edgar?action=getcompany&CIK=1785279,,MGX
"""generative AI""",1672688,Absci Corp  (ABSI)  (CIK 0001672688),8-K,2025-08-12,0001628280-25-039878:abscicorporatepresentati.htm,0001628280-25-039878,,,,,,,,https://www.sec.gov/cgi-bin/browse-edgar?action=getcompany&CIK=1672688,,ABSI
"""generative AI""",64463,"Soluna Holdings, Inc  (SLNH, SLNHP)  (CIK 0000064463)",8-K,2025-08-12,0001641172-25-023105:ex99-1.htm,0001641172-25-023105,,,,,,,,https://www.sec.gov/cgi-bin/browse-edgar?action=getcompany&CIK=64463,,SLNH
"""generative AI""",64463,"Soluna Holdings, Inc  (SLNH, SLNHP)  (CIK 0000064463)",8-K,2025-08-12,0001641172-25-023105:ex99-1.htm,0001641172-25-023105,,,,,,,,https://www.sec.gov/cgi-bin/browse-edgar?action=getcompany&CIK=64463,,SLNHP
"""generative artificial intelligence""",1298675,CubeSmart  (CUBE)  (CIK 0001298675),8-K,2025-08-12,0001104659-25-076934:tm2523233d1_ex99-1.htm,0001104659-25-076934,,,,,,,,https://www.sec.gov/cgi-bin/browse-edgar?action=getcompany&CIK=1298675,,CUBE
"""large language model""",1224133,MARCHEX INC  (MCHX)  (CIK 0001224133),8-K,2025-08-12,0001224133-25-000006:mchx-ex99_1.htm,0001224133-25-000006,,,,,,,,https://www.sec.gov/cgi-bin/browse-edgar?action=getcompany&CIK=1224133,,MCHX
"""generative AI""",1868640,"Roadzen Inc.  (RDZN, RDZNW)  (CIK 0001868640)",8-K,2025-08-13,0001641172-25-023483:ex99-1.htm,0001641172-25-023483,,,,,,,,https://www.sec.gov/cgi-bin/browse-edgar?action=getcompany&CIK=1868640,,RDZN
"""generative AI""",1868640,"Roadzen Inc.  (RDZN, RDZNW)  (CIK 0001868640)",8-K,2025-08-13,0001641172-25-023483:ex99-1.htm,0001641172-25-023483,,,,,,,,https://www.sec.gov/cgi-bin/browse-edgar?action=getcompany&CIK=1868640,,RDZNW
"""generative AI""",1359841,Hanesbrands Inc.  (HBI)  (CIK 0001359841),8-K,2025-08-13,0001193125-25-179967:d87666dex21.htm,0001193125-25-179967,,,,,,,,https://www.sec.gov/cgi-bin/browse-edgar?action=getcompany&CIK=1359841,,
"""generative AI""",1781174,"Acrivon Therapeutics, Inc.  (ACRV)  (CIK 0001781174)",8-K,2025-08-13,0001193125-25-179834:acrv-ex99_1.htm,0001193125-25-179834,,,,,,,,https://www.sec.gov/cgi-bin/browse-edgar?action=getcompany&CIK=1781174,,ACRV
"""generative AI""",1907982,"D-Wave Quantum Inc.  (QBTS, QBTS-WT)  (CIK 0001907982)",8-K,2025-08-13,0001907982-25-000184:exhibit991d-waveannouncesf.htm,0001907982-25-000184,,,,,,,,https://www.sec.gov/cgi-bin/browse-edgar?action=getcompany&CIK=1907982,,QBTS
"""generative AI""",2028707,"Bleichroeder Acquisition Corp. I  (BACQ, BACQR, BACQU)  (CIK 0002028707)",8-K,2025-08-14,0001213900-25-076126:ea025299601ex2-1_bleichro1.htm,0001213900-25-076126,,,,,,,,https://www.sec.gov/cgi-bin/browse-edgar?action=getcompany&CIK=2028707,,MRLN
"""generative AI""",1735438,MeiraGTx Holdings plc  (MGTX)  (CIK 0001735438),8-K,2025-08-14,0001558370-25-011478:mgtx-20250814xex99d1.htm,0001558370-25-011478,,,,,,,,https://www.sec.gov/cgi-bin/browse-edgar?action=getcompany&CIK=1735438,,MGTX
"""generative artificial intelligence""",1120970,Comstock Inc.  (LODE)  (CIK 0001120970),8-K,2025-08-14,0001437749-25-026920:ex_852469.htm,0001437749-25-026920,,,,,,,,https://www.sec.gov/cgi-bin/browse-edgar?action=getcompany&CIK=1120970,,LODE
"""generative AI""",2054696,NIQ Global Intelligence plc  (NIQ)  (CIK 0002054696),8-K,2025-08-14,0002054696-25-000009:niqpressrelease-q225.htm,0002054696-25-000009,,,,,,,,https://www.sec.gov/cgi-bin/browse-edgar?action=getcompany&CIK=2054696,,NIQ
"""generative artificial intelligence""",1120970,Comstock Inc.  (LODE)  (CIK 0001120970),8-K,2025-08-15,0001437749-25-027065:ex_853660.htm,0001437749-25-027065,,,,,,,,https://www.sec.gov/cgi-bin/browse-edgar?action=getcompany&CIK=1120970,,LODE
"""generative AI""",1671941,"Angel Studios, Inc.  (CIK 0001671941)",8-K,2025-08-15,0001104659-25-079289:tm2523644d1_ex10-1.htm,0001104659-25-079289,,,,,,,,https://www.sec.gov/cgi-bin/browse-edgar?action=getcompany&CIK=1671941,,
"""generative AI""",1320760,"TSS, Inc.  (TSSI)  (CIK 0001320760)",8-K,2025-08-15,0001654954-25-009676:tssi_ex992.htm,0001654954-25-009676,,,,,,,,https://www.sec.gov/cgi-bin/browse-edgar?action=getcompany&CIK=1320760,,TSSI
"""generative AI""",64463,"Soluna Holdings, Inc  (SLNH, SLNHP)  (CIK 0000064463)",8-K,2025-08-15,0001641172-25-024271:ex99-1.htm,0001641172-25-024271,,,,,,,,https://www.sec.gov/cgi-bin/browse-edgar?action=getcompany&CIK=64463,,SLNH
"""generative AI""",64463,"Soluna Holdings, Inc  (SLNH, SLNHP)  (CIK 0000064463)",8-K,2025-08-15,0001641172-25-024271:ex99-1.htm,0001641172-25-024271,,,,,,,,https://www.sec.gov/cgi-bin/browse-edgar?action=getcompany&CIK=64463,,SLNHP
"""generative AI""",1420720,"iBio, Inc.  (IBIO)  (CIK 0001420720)",8-K,2025-08-18,0001104659-25-079816:tm2523706d1_8k.htm,0001104659-25-079816,,,,,,,,https://www.sec.gov/cgi-bin/browse-edgar?action=getcompany&CIK=1420720,,IBIO
"""generative AI""",1653558,"Priority Technology Holdings, Inc.  (PRTH, PRTHU)  (CIK 0001653558)",8-K,2025-08-19,0001653558-25-000107:assetpurchaseagreement-boo.htm,0001653558-25-000107,,,,,,,,https://www.sec.gov/cgi-bin/browse-edgar?action=getcompany&CIK=1653558,,PRTH
"""generative AI""",1653558,"Priority Technology Holdings, Inc.  (PRTH, PRTHU)  (CIK 0001653558)",8-K,2025-08-19,0001653558-25-000107:assetpurchaseagreement-boo.htm,0001653558-25-000107,,,,,,,,https://www.sec.gov/cgi-bin/browse-edgar?action=getcompany&CIK=1653558,,PRTHU
"""generative AI""",1498148,Artificial Intelligence Technology Solutions Inc.  (AITX)  (CIK 0001498148),8-K,2025-08-19,0001062993-25-014635:exhibit99-1.htm,0001062993-25-014635,,,,,,,,https://www.sec.gov/cgi-bin/browse-edgar?action=getcompany&CIK=1498148,,AITX
"""AI acquisition""",1848861,"Healthcare AI Acquisition Corp.  (HAIAF, HAIUF, HAIWF)  (CIK 0001848861)",8-K,2025-08-20,0001477932-25-006125:haia_ex101.htm,0001477932-25-006125,,,,,,,,https://www.sec.gov/cgi-bin/browse-edgar?action=getcompany&CIK=1848861,,
"""generative artificial intelligence""",1038773,SMARTFINANCIAL INC.  (SMBK)  (CIK 0001038773),8-K,2025-08-20,0001558370-25-011698:smbk-20250820xex99d1.htm,0001558370-25-011698,,,,,,,,https://www.sec.gov/cgi-bin/browse-edgar?action=getcompany&CIK=1038773,,SMBK
"""generative AI""",1001250,ESTEE LAUDER COMPANIES INC  (EL)  (CIK 0001001250),8-K,2025-08-20,0001001250-25-000097:elq4fy2025exhibit991.htm,0001001250-25-000097,,,,,,,,https://www.sec.gov/cgi-bin/browse-edgar?action=getcompany&CIK=1001250,,EL
"""generative AI""",1573221,"TheRealReal, Inc.  (REAL)  (CIK 0001573221)",8-K,2025-08-21,0001193125-25-185300:d70429dex991.htm,0001193125-25-185300,,,,,,,,https://www.sec.gov/cgi-bin/browse-edgar?action=getcompany&CIK=1573221,,REAL
"""generative AI""",1646188,Ondas Holdings Inc.  (ONDS)  (CIK 0001646188),8-K,2025-08-22,0001213900-25-079939:ea025420201ex2-1_ondas.htm,0001213900-25-079939,,,,,,,,https://www.sec.gov/cgi-bin/browse-edgar?action=getcompany&CIK=1646188,,ONDS
"""generative AI""",1943289,"Silvaco Group, Inc.  (SVCO)  (CIK 0001943289)",8-K,2025-08-26,0001943289-25-000009:ceoemploymentagreementfinal.htm,0001943289-25-000009,,,,,,,,https://www.sec.gov/cgi-bin/browse-edgar?action=getcompany&CIK=1943289,,SVCO
"""generative AI""",64463,"Soluna Holdings, Inc  (SLNH, SLNHP)  (CIK 0000064463)",8-K,2025-08-26,0001641172-25-025468:ex99-1.htm,0001641172-25-025468,,,,,,,,https://www.sec.gov/cgi-bin/browse-edgar?action=getcompany&CIK=64463,,SLNH
"""generative AI""",64463,"Soluna Holdings, Inc  (SLNH, SLNHP)  (CIK 0000064463)",8-K,2025-08-26,0001641172-25-025468:ex99-1.htm,0001641172-25-025468,,,,,,,,https://www.sec.gov/cgi-bin/browse-edgar?action=getcompany&CIK=64463,,SLNHP
"""AI research and development""",1838163,"Brand Engagement Network Inc.  (BNAI, BNAIW)  (CIK 0001838163)",8-K,2025-08-27,0001641172-25-025734:ex99-1.htm,0001641172-25-025734,,,,,,,,https://www.sec.gov/cgi-bin/browse-edgar?action=getcompany&CIK=1838163,,BNAI
"""AI research and development""",1838163,"Brand Engagement Network Inc.  (BNAI, BNAIW)  (CIK 0001838163)",8-K,2025-08-27,0001641172-25-025734:ex99-1.htm,0001641172-25-025734,,,,,,,,https://www.sec.gov/cgi-bin/browse-edgar?action=getcompany&CIK=1838163,,BNAIW
"""generative AI""",1002047,"NetApp, Inc.  (NTAP)  (CIK 0001002047)",8-K,2025-08-27,0000950170-25-111700:ntap-ex99_1.htm,0000950170-25-111700,,,,,,,,https://www.sec.gov/cgi-bin/browse-edgar?action=getcompany&CIK=1002047,,NTAP
"""generative AI""",913142,BELDEN INC.  (BDC)  (CIK 0000913142),8-K,2025-08-27,0000913142-25-000029:belden_layoutxv3xinterna.htm,0000913142-25-000029,,,,,,,,https://www.sec.gov/cgi-bin/browse-edgar?action=getcompany&CIK=913142,,BDC
"""generative AI""",769397,"Autodesk, Inc.  (ADSK)  (CIK 0000769397)",8-K,2025-08-28,0000769397-25-000114:q226pressrelease.htm,0000769397-25-000114,,,,,,,,https://www.sec.gov/cgi-bin/browse-edgar?action=getcompany&CIK=769397,,ADSK
"""generative AI""",1583708,"SentinelOne, Inc.  (S)  (CIK 0001583708)",8-K,2025-08-28,0001583708-25-000146:s-q2fy26earningspresenta.htm,0001583708-25-000146,,,,,,,,https://www.sec.gov/cgi-bin/browse-edgar?action=getcompany&CIK=1583708,,S
"""generative AI""",2042022,"WhiteFiber, Inc.  (WYFI)  (CIK 0002042022)",8-K,2025-08-28,0001213900-25-081421:ea025484401ex99-1_white.htm,0001213900-25-081421,,,,,,,,https://www.sec.gov/cgi-bin/browse-edgar?action=getcompany&CIK=2042022,,WYFI
"""generative AI""",1820953,"Affirm Holdings, Inc.  (AFRM)  (CIK 0001820953)",8-K,2025-08-28,0001820953-25-000078:affirmfq425designedshare.htm,0001820953-25-000078,,,,,,,,https://www.sec.gov/cgi-bin/browse-edgar?action=getcompany&CIK=1820953,,AFRM
"""AI acquisition""",1852889,"Investcorp AI Acquisition Corp.  (IVAUF, IVAWF, IVCAF)  (CIK 0001852889)",8-K,2025-08-29,0001829126-25-006865:investcorpalacq_ex10-1.htm,0001829126-25-006865,,,,,,,,https://www.sec.gov/cgi-bin/browse-edgar?action=getcompany&CIK=1852889,,
"""generative AI""",1793229,"Claritev Corp  (CTEV, MPLNW)  (CIK 0001793229)",8-K,2025-09-03,0001793229-25-000151:claritev_investorpresent.htm,0001793229-25-000151,,,,,,,,https://www.sec.gov/cgi-bin/browse-edgar?action=getcompany&CIK=1793229,,CTEV
"""strategic AI""",1527702,iQSTEL Inc  (IQST)  (CIK 0001527702),8-K,2025-09-03,0001663577-25-000273:ex99_1.htm,0001663577-25-000273,,,,,,,,https://www.sec.gov/cgi-bin/browse-edgar?action=getcompany&CIK=1527702,,IQST
"""strategic AI""",1868419,"Cycurion, Inc.  (CYCU, CYCUW)  (CIK 0001868419)",8-K,2025-09-03,0001641172-25-026427:ex99-2.htm,0001641172-25-026427,,,,,,,,https://www.sec.gov/cgi-bin/browse-edgar?action=getcompany&CIK=1868419,,CYCU
"""strategic AI""",1868419,"Cycurion, Inc.  (CYCU, CYCUW)  (CIK 0001868419)",8-K,2025-09-03,0001641172-25-026427:ex99-2.htm,0001641172-25-026427,,,,,,,,https://www.sec.gov/cgi-bin/browse-edgar?action=getcompany&CIK=1868419,,CYCUW
"""AI collaboration""",1653482,Gitlab Inc.  (GTLB)  (CIK 0001653482),8-K,2025-09-03,0001653482-25-000008:gitlab-ex99120250731fy26.htm,0001653482-25-000008,,,,,,,,https://www.sec.gov/cgi-bin/browse-edgar?action=getcompany&CIK=1653482,,GTLB
"""generative AI""",2042022,"WhiteFiber, Inc.  (WYFI)  (CIK 0002042022)",8-K,2025-09-03,0001213900-25-083731:ea025576301ex99-1_white.htm,0001213900-25-083731,,,,,,,,https://www.sec.gov/cgi-bin/browse-edgar?action=getcompany&CIK=2042022,,WYFI
"""AI collaboration""",1477720,"Asana, Inc.  (ASAN)  (CIK 0001477720)",8-K,2025-09-03,0001477720-25-000198:asana8-kex991q2fy26.htm,0001477720-25-000198,,,,,,,,https://www.sec.gov/cgi-bin/browse-edgar?action=getcompany&CIK=1477720,,ASAN
"""generative AI""",1108524,"Salesforce, Inc.  (CRM)  (CIK 0001108524)",8-K,2025-09-03,0001108524-25-000083:crm-q2fy26xexhibit991.htm,0001108524-25-000083,,,,,,,,https://www.sec.gov/cgi-bin/browse-edgar?action=getcompany&CIK=1108524,,CRM
"""generative AI""",1568100,"PagerDuty, Inc.  (PD)  (CIK 0001568100)",8-K,2025-09-03,0001568100-25-000098:ex991-pagerdutyq2fy26earni.htm,0001568100-25-000098,,,,,,,,https://www.sec.gov/cgi-bin/browse-edgar?action=getcompany&CIK=1568100,,PD
"""generative AI""",1577526,"C3.ai, Inc.  (AI)  (CIK 0001577526)",8-K,2025-09-03,0001577526-25-000021:ex991-fy26xq1earnings.htm,0001577526-25-000021,,,,,,,,https://www.sec.gov/cgi-bin/browse-edgar?action=getcompany&CIK=1577526,,AI
"""generative AI""",1066194,EGAIN Corp  (EGAN)  (CIK 0001066194),8-K,2025-09-04,0001066194-25-000008:egan-20250904xex99d1.htm,0001066194-25-000008,,,,,,,,https://www.sec.gov/cgi-bin/browse-edgar?action=getcompany&CIK=1066194,,EGAN
"""generative artificial intelligence""",1261333,"DOCUSIGN, INC.  (DOCU)  (CIK 0001261333)",8-K,2025-09-04,0001261333-25-000129:q226ex-991er.htm,0001261333-25-000129,,,,,,,,https://www.sec.gov/cgi-bin/browse-edgar?action=getcompany&CIK=1261333,,DOCU
"""generative artificial intelligence""",107140,"JOHN WILEY & SONS, INC.  (WLY, WLYB)  (CIK 0000107140)",8-K,2025-09-04,0000107140-25-000152:q126earningspresentation.htm,0000107140-25-000152,,,,,,,,https://www.sec.gov/cgi-bin/browse-edgar?action=getcompany&CIK=107140,,WLY
"""generative artificial intelligence""",107140,"JOHN WILEY & SONS, INC.  (WLY, WLYB)  (CIK 0000107140)",8-K,2025-09-04,0000107140-25-000152:q126earningspresentation.htm,0000107140-25-000152,,,,,,,,https://www.sec.gov/cgi-bin/browse-edgar?action=getcompany&CIK=107140,,WLYB
"""generative AI""",1412408,"Phreesia, Inc.  (PHR)  (CIK 0001412408)",8-K,2025-09-04,0001412408-25-000058:exhibit21-agreementandplan.htm,0001412408-25-000058,,,,,,,,https://www.sec.gov/cgi-bin/browse-edgar?action=getcompany&CIK=1412408,,PHR
"""generative AI""",1577526,"C3.ai, Inc.  (AI)  (CIK 0001577526)",8-K,2025-09-05,0001577526-25-000026:pressreleaseregardingappoi.htm,0001577526-25-000026,,,,,,,,https://www.sec.gov/cgi-bin/browse-edgar?action=getcompany&CIK=1577526,,AI
"""generative AI""",2007825,"Churchill Capital Corp X/Cayman  (CCCX, CCCXU, CCCXW)  (CIK 0002007825)",8-K,2025-09-08,0001193125-25-197773:d14599dex21.htm,0001193125-25-197773,,,,,,,,https://www.sec.gov/cgi-bin/browse-edgar?action=getcompany&CIK=2007825,,INFQ
"""generative AI""",2007825,"Churchill Capital Corp X/Cayman  (CCCX, CCCXU, CCCXW)  (CIK 0002007825)",8-K,2025-09-08,0001193125-25-197773:d14599dex21.htm,0001193125-25-197773,,,,,,,,https://www.sec.gov/cgi-bin/browse-edgar?action=getcompany&CIK=2007825,,INFQ-WT
"""generative AI""",1002638,OPEN TEXT CORP  (OTEX)  (CIK 0001002638),8-K,2025-09-08,0001002638-25-000073:bmotmtconferencepresenta.htm,0001002638-25-000073,,,,,,,,https://www.sec.gov/cgi-bin/browse-edgar?action=getcompany&CIK=1002638,,OTEX
"""generative AI""",1840856,"SOUNDHOUND AI, INC.  (SOUN, SOUNW)  (CIK 0001840856)",8-K,2025-09-09,0001213900-25-086243:ea025660401ex99-1_sound.htm,0001213900-25-086243,,,,,,,,https://www.sec.gov/cgi-bin/browse-edgar?action=getcompany&CIK=1840856,,SOUN
"""generative AI""",1840856,"SOUNDHOUND AI, INC.  (SOUN, SOUNW)  (CIK 0001840856)",8-K,2025-09-09,0001213900-25-086243:ea025660401ex99-1_sound.htm,0001213900-25-086243,,,,,,,,https://www.sec.gov/cgi-bin/browse-edgar?action=getcompany&CIK=1840856,,SOUNW
"""large language model""",1341439,ORACLE CORP  (ORCL)  (CIK 0001341439),8-K,2025-09-09,0001193125-25-199175:orcl-ex99_1.htm,0001193125-25-199175,,,,,,,,https://www.sec.gov/cgi-bin/browse-edgar?action=getcompany&CIK=1341439,,ORCL
"""large language model""",1341439,ORACLE CORP  (ORCL)  (CIK 0001341439),8-K,2025-09-09,0001193125-25-199175:orcl-ex99_1.htm,0001193125-25-199175,,,,,,,,https://www.sec.gov/cgi-bin/browse-edgar?action=getcompany&CIK=1341439,,ORCL-PD
"""large language model""",1758766,"STEM, INC.  (STEM)  (CIK 0001758766)",8-K,2025-09-09,0001758766-25-000045:exhibit99-ceoletter.htm,0001758766-25-000045,,,,,,,,https://www.sec.gov/cgi-bin/browse-edgar?action=getcompany&CIK=1758766,,STEM
"""generative AI""",64463,"Soluna Holdings, Inc  (SLNH, SLNHP)  (CIK 0000064463)",8-K,2025-09-09,0001493152-25-012844:ex99-1.htm,0001493152-25-012844,,,,,,,,https://www.sec.gov/cgi-bin/browse-edgar?action=getcompany&CIK=64463,,SLNH
"""generative AI""",64463,"Soluna Holdings, Inc  (SLNH, SLNHP)  (CIK 0000064463)",8-K,2025-09-09,0001493152-25-012844:ex99-1.htm,0001493152-25-012844,,,,,,,,https://www.sec.gov/cgi-bin/browse-edgar?action=getcompany&CIK=64463,,SLNHP
"""AI initiative""",1823584,"ALLIANCE ENTERTAINMENT HOLDING CORP  (AENT, AENTW)  (CIK 0001823584)",8-K,2025-09-10,0001493152-25-012991:ex99-1.htm,0001493152-25-012991,,,,,,,,https://www.sec.gov/cgi-bin/browse-edgar?action=getcompany&CIK=1823584,,AENT
"""AI initiative""",1823584,"ALLIANCE ENTERTAINMENT HOLDING CORP  (AENT, AENTW)  (CIK 0001823584)",8-K,2025-09-10,0001493152-25-012991:ex99-1.htm,0001493152-25-012991,,,,,,,,https://www.sec.gov/cgi-bin/browse-edgar?action=getcompany&CIK=1823584,,AENTW
"""generative AI""",1607939,"Udemy, Inc.  (UDMY)  (CIK 0001607939)",8-K,2025-09-10,0001607939-25-000133:udmysharerepurchase925.htm,0001607939-25-000133,,,,,,,,https://www.sec.gov/cgi-bin/browse-edgar?action=getcompany&CIK=1607939,,
"""generative AI""",64463,"Soluna Holdings, Inc  (SLNH, SLNHP)  (CIK 0000064463)",8-K,2025-09-11,0001493152-25-013038:ex99-1.htm,0001493152-25-013038,,,,,,,,https://www.sec.gov/cgi-bin/browse-edgar?action=getcompany&CIK=64463,,SLNH
"""generative AI""",64463,"Soluna Holdings, Inc  (SLNH, SLNHP)  (CIK 0000064463)",8-K,2025-09-11,0001493152-25-013038:ex99-1.htm,0001493152-25-013038,,,,,,,,https://www.sec.gov/cgi-bin/browse-edgar?action=getcompany&CIK=64463,,SLNHP
"""generative AI""",836157,LINDSAY CORP  (LNN)  (CIK 0000836157),8-K,2025-09-15,0001193125-25-203644:lnn-ex99_1.htm,0001193125-25-203644,,,,,,,,https://www.sec.gov/cgi-bin/browse-edgar?action=getcompany&CIK=836157,,LNN
"""strategic AI""",1568651,"Oscar Health, Inc.  (OSCR)  (CIK 0001568651)",8-K,2025-09-15,0001193125-25-203549:d944718dex991.htm,0001193125-25-203549,,,,,,,,https://www.sec.gov/cgi-bin/browse-edgar?action=getcompany&CIK=1568651,,OSCR
"""generative AI""",2051820,Mount Logan Capital Inc.  (MLCI)  (CIK 0002051820),8-K,2025-09-16,0002051820-25-000124:exhibit21.htm,0002051820-25-000124,,,,,,,,https://www.sec.gov/cgi-bin/browse-edgar?action=getcompany&CIK=2051820,,MLCI
"""generative AI""",2051820,Mount Logan Capital Inc.  (MLCI)  (CIK 0002051820),8-K,2025-09-16,0002051820-25-000124:exhibit21.htm,0002051820-25-000124,,,,,,,,https://www.sec.gov/cgi-bin/browse-edgar?action=getcompany&CIK=2051820,,MLCIL
"""generative AI""",64463,"Soluna Holdings, Inc  (SLNH, SLNHP)  (CIK 0000064463)",8-K,2025-09-16,0001493152-25-013614:ex99-1.htm,0001493152-25-013614,,,,,,,,https://www.sec.gov/cgi-bin/browse-edgar?action=getcompany&CIK=64463,,SLNH
"""generative AI""",64463,"Soluna Holdings, Inc  (SLNH, SLNHP)  (CIK 0000064463)",8-K,2025-09-16,0001493152-25-013614:ex99-1.htm,0001493152-25-013614,,,,,,,,https://www.sec.gov/cgi-bin/browse-edgar?action=getcompany&CIK=64463,,SLNHP
"""generative AI""",1779128,"Strata Critical Medical, Inc.  (SRTA, SRTAW)  (CIK 0001779128)",8-K,2025-09-16,0001779128-25-000114:cardio-stockpurchaseandsal.htm,0001779128-25-000114,,,,,,,,https://www.sec.gov/cgi-bin/browse-edgar?action=getcompany&CIK=1779128,,SRTA
"""strategic AI""",1568651,"Oscar Health, Inc.  (OSCR)  (CIK 0001568651)",8-K,2025-09-16,0001193125-25-204231:d944721dex991.htm,0001193125-25-204231,,,,,,,,https://www.sec.gov/cgi-bin/browse-edgar?action=getcompany&CIK=1568651,,OSCR
"""generative artificial intelligence""",2011641,Ferguson Enterprises Inc. /DE/  (FERG)  (CIK 0002011641),8-K,2025-09-16,0002011641-25-000025:exhibit991pressreleaseq4fy.htm,0002011641-25-000025,,,,,,,,https://www.sec.gov/cgi-bin/browse-edgar?action=getcompany&CIK=2011641,,FERG
"""generative AI""",1464343,"Atlanticus Holdings Corp  (ATLC, ATLCL, ATLCP, ATLCZ)  (CIK 0001464343)",8-K,2025-09-17,0001437749-25-029311:ex_862212.htm,0001437749-25-029311,,,,,,,,https://www.sec.gov/cgi-bin/browse-edgar?action=getcompany&CIK=1464343,,ATLC
"""generative AI""",1464343,"Atlanticus Holdings Corp  (ATLC, ATLCL, ATLCP, ATLCZ)  (CIK 0001464343)",8-K,2025-09-17,0001437749-25-029311:ex_862212.htm,0001437749-25-029311,,,,,,,,https://www.sec.gov/cgi-bin/browse-edgar?action=getcompany&CIK=1464343,,ATLCL
"""generative AI""",1464343,"Atlanticus Holdings Corp  (ATLC, ATLCL, ATLCP, ATLCZ)  (CIK 0001464343)",8-K,2025-09-17,0001437749-25-029311:ex_862212.htm,0001437749-25-029311,,,,,,,,https://www.sec.gov/cgi-bin/browse-edgar?action=getcompany&CIK=1464343,,ATLCP
"""generative AI""",1464343,"Atlanticus Holdings Corp  (ATLC, ATLCL, ATLCP, ATLCZ)  (CIK 0001464343)",8-K,2025-09-17,0001437749-25-029311:ex_862212.htm,0001437749-25-029311,,,,,,,,https://www.sec.gov/cgi-bin/browse-edgar?action=getcompany&CIK=1464343,,ATLCZ
"""generative AI""",1618732,"Nutanix, Inc.  (NTNX)  (CIK 0001618732)",8-K,2025-09-18,0001193125-25-207584:ntnx-ex99_1.htm,0001193125-25-207584,,,,,,,,https://www.sec.gov/cgi-bin/browse-edgar?action=getcompany&CIK=1618732,,NTNX
"""generative AI""",1898496,"Getty Images Holdings, Inc.  (GETY)  (CIK 0001898496)",8-K,2025-09-18,0001213900-25-089060:ea025750701ex99-1_getty.htm,0001213900-25-089060,,,,,,,,https://www.sec.gov/cgi-bin/browse-edgar?action=getcompany&CIK=1898496,,GETY
"""generative AI""",1576942,"Stitch Fix, Inc.  (SFIX)  (CIK 0001576942)",8-K,2025-09-24,0001628280-25-042587:exhibit991-q425.htm,0001628280-25-042587,,,,,,,,https://www.sec.gov/cgi-bin/browse-edgar?action=getcompany&CIK=1576942,,SFIX
"""generative AI""",1842718,INTEGRAL AD SCIENCE HOLDING CORP.  (IAS)  (CIK 0001842718),8-K,2025-09-24,0001193125-25-215824:d26134dex21.htm,0001193125-25-215824,,,,,,,,https://www.sec.gov/cgi-bin/browse-edgar?action=getcompany&CIK=1842718,,
"""generative artificial intelligence""",1803599,Concentrix Corp  (CNXC)  (CIK 0001803599),8-K,2025-09-25,0001803599-25-000143:exhibit991q32025.htm,0001803599-25-000143,,,,,,,,https://www.sec.gov/cgi-bin/browse-edgar?action=getcompany&CIK=1803599,,CNXC
"""generative AI""",1467373,Accenture plc  (ACN)  (CIK 0001467373),8-K,2025-09-25,0001467373-25-000213:q4fy25earnings8-kexhibit.htm,0001467373-25-000213,,,,,,,,https://www.sec.gov/cgi-bin/browse-edgar?action=getcompany&CIK=1467373,,ACN
"""generative AI""",1805521,"FARADAY FUTURE INTELLIGENT ELECTRIC INC.  (FFAI, FFAIW)  (CIK 0001805521)",8-K,2025-09-25,0001213900-25-091355:ea025855901ex99-2_faraday.htm,0001213900-25-091355,,,,,,,,https://www.sec.gov/cgi-bin/browse-edgar?action=getcompany&CIK=1805521,,FFAI
"""generative AI""",1805521,"FARADAY FUTURE INTELLIGENT ELECTRIC INC.  (FFAI, FFAIW)  (CIK 0001805521)",8-K,2025-09-25,0001213900-25-091355:ea025855901ex99-2_faraday.htm,0001213900-25-091355,,,,,,,,https://www.sec.gov/cgi-bin/browse-edgar?action=getcompany&CIK=1805521,,FFAIW
"""generative artificial intelligence""",879635,MID PENN BANCORP INC  (MPB)  (CIK 0000879635),8-K,2025-09-25,0001193125-25-217444:d59054dex21.htm,0001193125-25-217444,,,,,,,,https://www.sec.gov/cgi-bin/browse-edgar?action=getcompany&CIK=879635,,MPB
"""generative AI""",1393726,TIPTREE INC.  (TIPT)  (CIK 0001393726),8-K,2025-09-26,0001193125-25-218437:tipt-ex10_1.htm,0001193125-25-218437,,,,,,,,https://www.sec.gov/cgi-bin/browse-edgar?action=getcompany&CIK=1393726,,TIPT
"""large language model""",1289419,"Morningstar, Inc.  (MORN)  (CIK 0001289419)",8-K,2025-09-26,0001289419-25-000158:investorquestions9262025.htm,0001289419-25-000158,,,,,,,,https://www.sec.gov/cgi-bin/browse-edgar?action=getcompany&CIK=1289419,,MORN
"""generative AI""",1682149,Datavault AI Inc.  (DVLT)  (CIK 0001682149),8-K,2025-09-29,0001104659-25-094127:tm2527341d1_ex99-1.htm,0001104659-25-094127,,,,,,,,https://www.sec.gov/cgi-bin/browse-edgar?action=getcompany&CIK=1682149,,DVLT
"""generative AI""",1898496,"Getty Images Holdings, Inc.  (GETY)  (CIK 0001898496)",8-K,2025-09-29,0001213900-25-092644:ea025912301ex99-1_getty.htm,0001213900-25-092644,,,,,,,,https://www.sec.gov/cgi-bin/browse-edgar?action=getcompany&CIK=1898496,,GETY
"""AI acquisition""",1848861,Healthcare AI Acquisition Corp.  (HAIAF)  (CIK 0001848861),8-K,2025-09-29,0001477932-25-007151:haia_8k.htm,0001477932-25-007151,,,,,,,,https://www.sec.gov/cgi-bin/browse-edgar?action=getcompany&CIK=1848861,,
"""generative AI""",1710350,"Bit Digital, Inc  (BTBT)  (CIK 0001710350)",8-K,2025-09-29,0001213900-25-093092:ea025915701ex99-1_bitdigital.htm,0001213900-25-093092,,,,,,,,https://www.sec.gov/cgi-bin/browse-edgar?action=getcompany&CIK=1710350,,BTBT
"""generative AI""",64463,"Soluna Holdings, Inc  (SLNH, SLNHP)  (CIK 0000064463)",8-K,2025-09-30,0001493152-25-016179:ex99-1.htm,0001493152-25-016179,,,,,,,,https://www.sec.gov/cgi-bin/browse-edgar?action=getcompany&CIK=64463,,SLNH
"""generative AI""",64463,"Soluna Holdings, Inc  (SLNH, SLNHP)  (CIK 0000064463)",8-K,2025-09-30,0001493152-25-016179:ex99-1.htm,0001493152-25-016179,,,,,,,,https://www.sec.gov/cgi-bin/browse-edgar?action=getcompany&CIK=64463,,SLNHP
"""generative artificial intelligence""",1624794,"CSW INDUSTRIALS, INC.  (CSW)  (CIK 0001624794)",8-K,2025-10-01,0001193125-25-226016:d46003dex21.htm,0001193125-25-226016,,,,,,,,https://www.sec.gov/cgi-bin/browse-edgar?action=getcompany&CIK=1624794,,CSW
"""generative AI""",932696,INSIGHT ENTERPRISES INC  (NSIT)  (CIK 0000932696),8-K,2025-10-01,0000932696-25-000009:exhibit9911.htm,0000932696-25-000009,,,,,,,,https://www.sec.gov/cgi-bin/browse-edgar?action=getcompany&CIK=932696,,NSIT
"""large language model""",829323,"Inuvo, Inc.  (INUV)  (CIK 0000829323)",8-K,2025-10-01,0001654954-25-011298:inuvo_ex991.htm,0001654954-25-011298,,,,,,,,https://www.sec.gov/cgi-bin/browse-edgar?action=getcompany&CIK=829323,,INUV
"""generative AI""",1653558,"Priority Technology Holdings, Inc.  (PRTH, PRTHU)  (CIK 0001653558)",8-K,2025-10-02,0001628280-25-043526:a101assetpurchaseandcontri.htm,0001628280-25-043526,,,,,,,,https://www.sec.gov/cgi-bin/browse-edgar?action=getcompany&CIK=1653558,,PRTH
"""generative AI""",1653558,"Priority Technology Holdings, Inc.  (PRTH, PRTHU)  (CIK 0001653558)",8-K,2025-10-02,0001628280-25-043526:a101assetpurchaseandcontri.htm,0001628280-25-043526,,,,,,,,https://www.sec.gov/cgi-bin/browse-edgar?action=getcompany&CIK=1653558,,PRTHU
"""generative AI""",1651562,"Coursera, Inc.  (COUR)  (CIK 0001651562)",8-K,2025-10-02,0001651562-25-000052:cour-20251002xexx991.htm,0001651562-25-000052,,,,,,,,https://www.sec.gov/cgi-bin/browse-edgar?action=getcompany&CIK=1651562,,COUR
"""generative AI""",1527613,CIMG Inc.  (IMG)  (CIK 0001527613),8-K,2025-10-02,0001493152-25-016692:ex99-1.htm,0001493152-25-016692,,,,,,,,https://www.sec.gov/cgi-bin/browse-edgar?action=getcompany&CIK=1527613,,CIMG
"""generative AI""",1898496,"Getty Images Holdings, Inc.  (GETY)  (CIK 0001898496)",8-K,2025-10-06,0001213900-25-096641:ea026033401ex99-2_getty.htm,0001213900-25-096641,,,,,,,,https://www.sec.gov/cgi-bin/browse-edgar?action=getcompany&CIK=1898496,,GETY
"""generative AI""",1040470,AEHR TEST SYSTEMS  (AEHR)  (CIK 0001040470),8-K,2025-10-06,0001654954-25-011494:aehr_ex991.htm,0001654954-25-011494,,,,,,,,https://www.sec.gov/cgi-bin/browse-edgar?action=getcompany&CIK=1040470,,AEHR
"""generative AI""",2488,ADVANCED MICRO DEVICES INC  (AMD)  (CIK 0000002488),8-K,2025-10-06,0001193125-25-230895:d28189dex991.htm,0001193125-25-230895,,,,,,,,https://www.sec.gov/cgi-bin/browse-edgar?action=getcompany&CIK=2488,,AMD
"""generative AI""",64463,"Soluna Holdings, Inc  (SLNH, SLNHP)  (CIK 0000064463)",8-K,2025-10-06,0001493152-25-017009:ex99-1.htm,0001493152-25-017009,,,,,,,,https://www.sec.gov/cgi-bin/browse-edgar?action=getcompany&CIK=64463,,SLNH
"""generative AI""",64463,"Soluna Holdings, Inc  (SLNH, SLNHP)  (CIK 0000064463)",8-K,2025-10-06,0001493152-25-017009:ex99-1.htm,0001493152-25-017009,,,,,,,,https://www.sec.gov/cgi-bin/browse-edgar?action=getcompany&CIK=64463,,SLNHP
"""AI acquisition""",1604191,"Entero Therapeutics, Inc.  (ENTO)  (CIK 0001604191)",8-K,2025-10-06,0001104659-25-097138:tm2528018d1_ex99-1.htm,0001104659-25-097138,,,,,,,,https://www.sec.gov/cgi-bin/browse-edgar?action=getcompany&CIK=1604191,,GRDX
"""generative AI""",2074065,Brookfield Private Equity Fund LP  (CIK 0002074065),8-K,2025-10-06,0001104659-25-097128:tm2528079d1_8k.htm,0001104659-25-097128,,,,,,,,https://www.sec.gov/cgi-bin/browse-edgar?action=getcompany&CIK=2074065,,
"""generative artificial intelligence""",1571123,Science Applications International Corp  (SAIC)  (CIK 0001571123),8-K,2025-10-06,0001571123-25-000181:saic8-k10062025xexhibit991.htm,0001571123-25-000181,,,,,,,,https://www.sec.gov/cgi-bin/browse-edgar?action=getcompany&CIK=1571123,,SAIC
"""generative artificial intelligence""",730708,SEACOAST BANKING CORP OF FLORIDA  (SBCF)  (CIK 0000730708),8-K,2025-10-06,0000730708-25-000204:sbcfpressrelease20251001.htm,0000730708-25-000204,,,,,,,,https://www.sec.gov/cgi-bin/browse-edgar?action=getcompany&CIK=730708,,SBCF
"""generative AI""",1571996,Dell Technologies Inc.  (DELL)  (CIK 0001571996),8-K,2025-10-07,0001193125-25-232662:d55706dex991.htm,0001193125-25-232662,,,,,,,,https://www.sec.gov/cgi-bin/browse-edgar?action=getcompany&CIK=1571996,,DELL
"""large language model""",1769759,Monogram Technologies Inc.  (MGRM)  (CIK 0001769759),8-K,2025-10-07,0001104659-25-097530:tm2527971d1_ex2-1.htm,0001104659-25-097530,,,,,,,,https://www.sec.gov/cgi-bin/browse-edgar?action=getcompany&CIK=1769759,,
"""generative AI""",64463,"Soluna Holdings, Inc  (SLNH, SLNHP)  (CIK 0000064463)",8-K,2025-10-07,0001493152-25-017204:ex99-1.htm,0001493152-25-017204,,,,,,,,https://www.sec.gov/cgi-bin/browse-edgar?action=getcompany&CIK=64463,,SLNH
"""generative AI""",64463,"Soluna Holdings, Inc  (SLNH, SLNHP)  (CIK 0000064463)",8-K,2025-10-07,0001493152-25-017204:ex99-1.htm,0001493152-25-017204,,,,,,,,https://www.sec.gov/cgi-bin/browse-edgar?action=getcompany&CIK=64463,,SLNHP
"""generative AI""",1582982,"CareCloud, Inc.  (CCLD, CCLDO)  (CIK 0001582982)",8-K,2025-10-07,0001493152-25-017303:ex99-1.htm,0001493152-25-017303,,,,,,,,https://www.sec.gov/cgi-bin/browse-edgar?action=getcompany&CIK=1582982,,CCLD
"""generative AI""",1648960,"Myseum, Inc.  (MYSE, MYSEW)  (CIK 0001648960)",8-K,2025-10-08,0001213900-25-097432:ea026069601ex99-1_myseum.htm,0001213900-25-097432,,,,,,,,https://www.sec.gov/cgi-bin/browse-edgar?action=getcompany&CIK=1648960,,MYSE
"""generative AI""",1648960,"Myseum, Inc.  (MYSE, MYSEW)  (CIK 0001648960)",8-K,2025-10-08,0001213900-25-097432:ea026069601ex99-1_myseum.htm,0001213900-25-097432,,,,,,,,https://www.sec.gov/cgi-bin/browse-edgar?action=getcompany&CIK=1648960,,MYSEW
"""generative AI""",64463,"Soluna Holdings, Inc  (SLNH, SLNHP)  (CIK 0000064463)",8-K,2025-10-09,0001493152-25-017534:ex99-1.htm,0001493152-25-017534,,,,,,,,https://www.sec.gov/cgi-bin/browse-edgar?action=getcompany&CIK=64463,,SLNH
"""generative AI""",64463,"Soluna Holdings, Inc  (SLNH, SLNHP)  (CIK 0000064463)",8-K,2025-10-09,0001493152-25-017534:ex99-1.htm,0001493152-25-017534,,,,,,,,https://www.sec.gov/cgi-bin/browse-edgar?action=getcompany&CIK=64463,,SLNHP
"""generative AI""",1662684,"KULR Technology Group, Inc.  (KULR)  (CIK 0001662684)",8-K,2025-10-09,0001104659-25-098100:tm2528372d1_ex99-1.htm,0001104659-25-098100,,,,,,,,https://www.sec.gov/cgi-bin/browse-edgar?action=getcompany&CIK=1662684,,KULR
"""generative AI""",1667313,"Zedge, Inc.  (ZDGE)  (CIK 0001667313)",8-K,2025-10-14,0001213900-25-098302:ea026104501ex99-1_zedge.htm,0001213900-25-098302,,,,,,,,https://www.sec.gov/cgi-bin/browse-edgar?action=getcompany&CIK=1667313,,ZDGE
"""AI acquisition""",1848861,Healthcare AI Acquisition Corp.  (HAIAF)  (CIK 0001848861),8-K,2025-10-14,0001477932-25-007538:haia_8k.htm,0001477932-25-007538,,,,,,,,https://www.sec.gov/cgi-bin/browse-edgar?action=getcompany&CIK=1848861,,
"""generative AI""",1615165,"Veritone, Inc.  (VERI)  (CIK 0001615165)",8-K,2025-10-15,0001615165-25-000016:a2025-10x14preliminaryq3ea.htm,0001615165-25-000016,,,,,,,,https://www.sec.gov/cgi-bin/browse-edgar?action=getcompany&CIK=1615165,,VERI
"""generative AI""",1707753,Elastic N.V.  (ESTC)  (CIK 0001707753),8-K,2025-10-15,0001707753-25-000050:estc-20251013.htm,0001707753-25-000050,,,,,,,,https://www.sec.gov/cgi-bin/browse-edgar?action=getcompany&CIK=1707753,,ESTC
"""generative AI""",1356093,"CREATIVE REALITIES, INC.  (CREX)  (CIK 0001356093)",8-K,2025-10-16,0001437749-25-031111:ex_871044.htm,0001437749-25-031111,,,,,,,,https://www.sec.gov/cgi-bin/browse-edgar?action=getcompany&CIK=1356093,,CREX
"""generative artificial intelligence""",22444,COMMERCIAL METALS Co  (CMC)  (CIK 0000022444),8-K,2025-10-16,0001193125-25-240849:d225478dex21.htm,0001193125-25-240849,,,,,,,,https://www.sec.gov/cgi-bin/browse-edgar?action=getcompany&CIK=22444,,CMC
"""generative AI""",87347,SLB LIMITED/NV  (SLB)  (CIK 0000087347),8-K,2025-10-17,0001193125-25-241946:d83993dex99.htm,0001193125-25-241946,,,,,,,,https://www.sec.gov/cgi-bin/browse-edgar?action=getcompany&CIK=87347,,SLB
"""generative artificial intelligence""",1747068,"MetroCity Bankshares, Inc.  (MCBS)  (CIK 0001747068)",8-K,2025-10-17,0001747068-25-000058:mcbs-20251017xex99d1.htm,0001747068-25-000058,,,,,,,,https://www.sec.gov/cgi-bin/browse-edgar?action=getcompany&CIK=1747068,,MCBS
"""large language model""",1694028,Liberty Energy Inc.  (LBRT)  (CIK 0001694028),8-K,2025-10-17,0001694028-25-000110:lbrt_9302025.htm,0001694028-25-000110,,,,,,,,https://www.sec.gov/cgi-bin/browse-edgar?action=getcompany&CIK=1694028,,LBRT
"""generative AI""",1898496,"Getty Images Holdings, Inc.  (GETY)  (CIK 0001898496)",8-K,2025-10-20,0001213900-25-100358:ea026183701ex99-1_getty.htm,0001213900-25-100358,,,,,,,,https://www.sec.gov/cgi-bin/browse-edgar?action=getcompany&CIK=1898496,,GETY
"""generative AI""",1577916,"Premier, Inc.  (PINC)  (CIK 0001577916)",8-K,2025-10-20,0001193125-25-243773:d67128dex991.htm,0001193125-25-243773,,,,,,,,https://www.sec.gov/cgi-bin/browse-edgar?action=getcompany&CIK=1577916,,
"""generative AI""",1806837,"Vertex, Inc.  (VERX)  (CIK 0001806837)",8-K,2025-10-21,0001104659-25-101040:tm2529072d1_ex99-1.htm,0001104659-25-101040,,,,,,,,https://www.sec.gov/cgi-bin/browse-edgar?action=getcompany&CIK=1806837,,VERX
"""generative AI""",1898496,"Getty Images Holdings, Inc.  (GETY)  (CIK 0001898496)",8-K,2025-10-21,0001213900-25-100912:ea026190001ex99-2_getty.htm,0001213900-25-100912,,,,,,,,https://www.sec.gov/cgi-bin/browse-edgar?action=getcompany&CIK=1898496,,GETY
"""generative artificial intelligence""",1336706,NORTHPOINTE BANCSHARES INC  (NPB)  (CIK 0001336706),8-K,2025-10-21,0001336706-25-000006:q32025earningscallslides.htm,0001336706-25-000006,,,,,,,,https://www.sec.gov/cgi-bin/browse-edgar?action=getcompany&CIK=1336706,,NPB
"""generative AI""",1065280,NETFLIX INC  (NFLX)  (CIK 0001065280),8-K,2025-10-21,0001065280-25-000404:ex991_q325.htm,0001065280-25-000404,,,,,,,,https://www.sec.gov/cgi-bin/browse-edgar?action=getcompany&CIK=1065280,,NFLX
"""generative artificial intelligence""",1038773,SMARTFINANCIAL INC.  (SMBK)  (CIK 0001038773),8-K,2025-10-21,0001104659-25-101293:smbk-20251021xex99d1.htm,0001104659-25-101293,,,,,,,,https://www.sec.gov/cgi-bin/browse-edgar?action=getcompany&CIK=1038773,,SMBK
"""generative artificial intelligence""",1745916,"PennyMac Financial Services, Inc.  (PFSI)  (CIK 0001745916)",8-K,2025-10-21,0001104659-25-101260:tm2529157d1_ex99-2.htm,0001104659-25-101260,,,,,,,,https://www.sec.gov/cgi-bin/browse-edgar?action=getcompany&CIK=1745916,,PFSI
"""generative AI""",64463,"Soluna Holdings, Inc  (SLNH, SLNHP)  (CIK 0000064463)",8-K,2025-10-21,0001493152-25-018719:ex99-1.htm,0001493152-25-018719,,,,,,,,https://www.sec.gov/cgi-bin/browse-edgar?action=getcompany&CIK=64463,,SLNH
"""generative AI""",64463,"Soluna Holdings, Inc  (SLNH, SLNHP)  (CIK 0000064463)",8-K,2025-10-21,0001493152-25-018719:ex99-1.htm,0001493152-25-018719,,,,,,,,https://www.sec.gov/cgi-bin/browse-edgar?action=getcompany&CIK=64463,,SLNHP
"""generative AI""",1665300,"Phunware, Inc.  (PHUN)  (CIK 0001665300)",8-K,2025-10-22,0001193125-25-245840:phun-ex99_1.htm,0001193125-25-245840,,,,,,,,https://www.sec.gov/cgi-bin/browse-edgar?action=getcompany&CIK=1665300,,PHUN
"""generative artificial intelligence""",1668397,"Medpace Holdings, Inc.  (MEDP)  (CIK 0001668397)",8-K,2025-10-22,0001668397-25-000108:medp-20251022exx991.htm,0001668397-25-000108,,,,,,,,https://www.sec.gov/cgi-bin/browse-edgar?action=getcompany&CIK=1668397,,MEDP
"""generative artificial intelligence""",1516912,"Origin Bancorp, Inc.  (OBK, OBNK)  (CIK 0001516912)",8-K,2025-10-22,0001516912-25-000141:a09302025obkexhibit991er.htm,0001516912-25-000141,,,,,,,,https://www.sec.gov/cgi-bin/browse-edgar?action=getcompany&CIK=1516912,,OBK
"""generative artificial intelligence""",890564,ASGN Inc  (ASGN)  (CIK 0000890564),8-K,2025-10-22,0000890564-25-000058:earningsrelease-q325.htm,0000890564-25-000058,,,,,,,,https://www.sec.gov/cgi-bin/browse-edgar?action=getcompany&CIK=890564,,EFOR
"""generative AI""",51143,INTERNATIONAL BUSINESS MACHINES CORP  (IBM)  (CIK 0000051143),8-K,2025-10-22,0000051143-25-000061:ibm-20251022xex992.htm,0000051143-25-000061,,,,,,,,https://www.sec.gov/cgi-bin/browse-edgar?action=getcompany&CIK=51143,,IBM
"""generative artificial intelligence""",711669,COLONY BANKCORP INC  (CBAN)  (CIK 0000711669),8-K,2025-10-22,0000711669-25-000154:a3q2025er.htm,0000711669-25-000154,,,,,,,,https://www.sec.gov/cgi-bin/browse-edgar?action=getcompany&CIK=711669,,CBAN
"""generative AI""",51143,INTERNATIONAL BUSINESS MACHINES CORP  (IBM)  (CIK 0000051143),8-K,2025-10-23,0000051143-25-000063:ibm_ex992.htm,0000051143-25-000063,,,,,,,,https://www.sec.gov/cgi-bin/browse-edgar?action=getcompany&CIK=51143,,IBM
"""generative AI""",1837532,Apollo Debt Solutions BDC  (CIK 0001837532),8-K,2025-10-23,0001193125-25-247901:d63784d8k.htm,0001193125-25-247901,,,,,,,,https://www.sec.gov/cgi-bin/browse-edgar?action=getcompany&CIK=1837532,,
"""AI initiative""",1848437,"Cartica Acquisition Corp  (CRTAF, CRTUF, CRTWF)  (CIK 0001848437)",8-K,2025-10-23,0001104659-25-101590:tm2529297d1_ex99-1.htm,0001104659-25-101590,,,,,,,,https://www.sec.gov/cgi-bin/browse-edgar?action=getcompany&CIK=1848437,,
"""generative AI""",1651562,"Coursera, Inc.  (COUR)  (CIK 0001651562)",8-K,2025-10-23,0001651562-25-000056:cour-20250930xshareholde.htm,0001651562-25-000056,,,,,,,,https://www.sec.gov/cgi-bin/browse-edgar?action=getcompany&CIK=1651562,,COUR
"""generative artificial intelligence""",84246,RLI CORP  (RLI)  (CIK 0000084246),8-K,2025-10-23,0000084246-25-000017:rli-20251021xex99d1.htm,0000084246-25-000017,,,,,,,,https://www.sec.gov/cgi-bin/browse-edgar?action=getcompany&CIK=84246,,RLI
"""generative artificial intelligence""",730708,SEACOAST BANKING CORP OF FLORIDA  (SBCF)  (CIK 0000730708),8-K,2025-10-27,0000730708-25-000210:sbcf3q2025earningsrelease.htm,0000730708-25-000210,,,,,,,,https://www.sec.gov/cgi-bin/browse-edgar?action=getcompany&CIK=730708,,SBCF
"""generative AI""",1364954,"CHEGG, INC  (CHGG)  (CIK 0001364954)",8-K,2025-10-27,0001364954-25-000112:chgg-20251021.htm,0001364954-25-000112,,,,,,,,https://www.sec.gov/cgi-bin/browse-edgar?action=getcompany&CIK=1364954,,CHGG
"""generative artificial intelligence""",1278027,"B&G Foods, Inc.  (BGS)  (CIK 0001278027)",8-K,2025-10-27,0001104659-25-102342:tm2529504d1_ex99-1.htm,0001104659-25-102342,,,,,,,,https://www.sec.gov/cgi-bin/browse-edgar?action=getcompany&CIK=1278027,,BGS
"""generative AI""",106640,WHIRLPOOL CORP /DE/  (WHR)  (CIK 0000106640),8-K,2025-10-27,0000106640-25-000136:exhibit991pressrelease0930.htm,0000106640-25-000136,,,,,,,,https://www.sec.gov/cgi-bin/browse-edgar?action=getcompany&CIK=106640,,WHR
"""generative AI""",106640,WHIRLPOOL CORP /DE/  (WHR)  (CIK 0000106640),8-K,2025-10-27,0000106640-25-000136:exhibit991pressrelease0930.htm,0000106640-25-000136,,,,,,,,https://www.sec.gov/cgi-bin/browse-edgar?action=getcompany&CIK=106640,,WHR-PA
"""generative AI""",1699838,"Confluent, Inc.  (CFLT)  (CIK 0001699838)",8-K,2025-10-27,0001699838-25-000011:cflt-20250930xexx991.htm,0001699838-25-000011,,,,,,,,https://www.sec.gov/cgi-bin/browse-edgar?action=getcompany&CIK=1699838,,
"""generative AI""",1646188,Ondas Holdings Inc.  (ONDS)  (CIK 0001646188),8-K,2025-10-27,0001213900-25-102609:ea026245201ex2-1_ondas.htm,0001213900-25-102609,,,,,,,,https://www.sec.gov/cgi-bin/browse-edgar?action=getcompany&CIK=1646188,,ONDS
"""generative AI""",915913,"ALBEMARLE CORP  (ALB, ALB-PA)  (CIK 0000915913)",8-K,2025-10-27,0000915913-25-000153:a10-27x20258xkexhibit21.htm,0000915913-25-000153,,,,,,,,https://www.sec.gov/cgi-bin/browse-edgar?action=getcompany&CIK=915913,,ALB
"""generative AI""",915913,"ALBEMARLE CORP  (ALB, ALB-PA)  (CIK 0000915913)",8-K,2025-10-27,0000915913-25-000153:a10-27x20258xkexhibit21.htm,0000915913-25-000153,,,,,,,,https://www.sec.gov/cgi-bin/browse-edgar?action=getcompany&CIK=915913,,ALB-PA
"""strategic AI""",1664703,Bloom Energy Corp  (BE)  (CIK 0001664703),8-K,2025-10-28,0001628280-25-046745:ex991_q32025financialresul.htm,0001628280-25-046745,,,,,,,,https://www.sec.gov/cgi-bin/browse-edgar?action=getcompany&CIK=1664703,,BE
"""generative AI""",1086222,AKAMAI TECHNOLOGIES INC  (AKAM)  (CIK 0001086222),8-K,2025-10-28,0001086222-25-000246:ex991-prakamaiinferenceclo.htm,0001086222-25-000246,,,,,,,,https://www.sec.gov/cgi-bin/browse-edgar?action=getcompany&CIK=1086222,,AKAM
"""generative AI""",1481792,"Quad/Graphics, Inc.  (QUAD)  (CIK 0001481792)",8-K,2025-10-28,0001628280-25-046803:pressreleaseex991q32025.htm,0001628280-25-046803,,,,,,,,https://www.sec.gov/cgi-bin/browse-edgar?action=getcompany&CIK=1481792,,QUAD
"""generative AI""",1075531,Booking Holdings Inc.  (BKNG)  (CIK 0001075531),8-K,2025-10-28,0001075531-25-000050:q3-25bkngearningsrelease.htm,0001075531-25-000050,,,,,,,,https://www.sec.gov/cgi-bin/browse-edgar?action=getcompany&CIK=1075531,,BKNG
"""generative AI""",1616707,Wayfair Inc.  (W)  (CIK 0001616707),8-K,2025-10-28,0001616707-25-000125:a2025-09x30ex991.htm,0001616707-25-000125,,,,,,,,https://www.sec.gov/cgi-bin/browse-edgar?action=getcompany&CIK=1616707,,W
"""generative AI""",1667313,"Zedge, Inc.  (ZDGE)  (CIK 0001667313)",8-K,2025-10-28,0001213900-25-102776:ea026271401ex99-1_zedge.htm,0001213900-25-102776,,,,,,,,https://www.sec.gov/cgi-bin/browse-edgar?action=getcompany&CIK=1667313,,ZDGE
"""generative AI""",1262976,CIMPRESS plc  (CMPR)  (CIK 0001262976),8-K,2025-10-29,0001262976-25-000113:q1_fy26quarterlyearnings.htm,0001262976-25-000113,,,,,,,,https://www.sec.gov/cgi-bin/browse-edgar?action=getcompany&CIK=1262976,,CMPR
"""large language model""",1289419,"Morningstar, Inc.  (MORN)  (CIK 0001289419)",8-K,2025-10-29,0001289419-25-000166:morningstarq325ceoletter.htm,0001289419-25-000166,,,,,,,,https://www.sec.gov/cgi-bin/browse-edgar?action=getcompany&CIK=1289419,,MORN
"""generative artificial intelligence""",1175535,Whitestone REIT  (WSR)  (CIK 0001175535),8-K,2025-10-29,0001437749-25-032218:ex_856177.htm,0001437749-25-032218,,,,,,,,https://www.sec.gov/cgi-bin/browse-edgar?action=getcompany&CIK=1175535,,WSR
"""AI acquisition""",1848861,Healthcare AI Acquisition Corp.  (HAIAF)  (CIK 0001848861),8-K,2025-10-29,0001477932-25-007785:haia_8ka.htm,0001477932-25-007785,,,,,,,,https://www.sec.gov/cgi-bin/browse-edgar?action=getcompany&CIK=1848861,,
"""generative AI""",1116942,TTM TECHNOLOGIES INC  (TTMI)  (CIK 0001116942),8-K,2025-10-29,0001193125-25-256425:d89774dex991.htm,0001193125-25-256425,,,,,,,,https://www.sec.gov/cgi-bin/browse-edgar?action=getcompany&CIK=1116942,,TTMI
"""generative AI""",1058290,COGNIZANT TECHNOLOGY SOLUTIONS CORP  (CTSH)  (CIK 0001058290),8-K,2025-10-29,0001058290-25-000338:exhibit9939302025.htm,0001058290-25-000338,,,,,,,,https://www.sec.gov/cgi-bin/browse-edgar?action=getcompany&CIK=1058290,,CTSH
"""generative artificial intelligence""",1021635,OGE ENERGY CORP.  (OGE)  (CIK 0001021635),8-K,2025-10-29,0001193125-25-253962:oge-ex99_01.htm,0001193125-25-253962,,,,,,,,https://www.sec.gov/cgi-bin/browse-edgar?action=getcompany&CIK=1021635,,OGE
"""generative AI""",1868640,"Roadzen Inc.  (RDZN, RDZNW)  (CIK 0001868640)",8-K,2025-10-29,0001493152-25-020060:ex99-1.htm,0001493152-25-020060,,,,,,,,https://www.sec.gov/cgi-bin/browse-edgar?action=getcompany&CIK=1868640,,RDZN
"""generative AI""",1868640,"Roadzen Inc.  (RDZN, RDZNW)  (CIK 0001868640)",8-K,2025-10-29,0001493152-25-020060:ex99-1.htm,0001493152-25-020060,,,,,,,,https://www.sec.gov/cgi-bin/browse-edgar?action=getcompany&CIK=1868640,,RDZNW
"""generative AI""",1652044,"Alphabet Inc.  (GOOG, GOOGL)  (CIK 0001652044)",8-K,2025-10-29,0001652044-25-000087:googexhibit991q32025.htm,0001652044-25-000087,,,,,,,,https://www.sec.gov/cgi-bin/browse-edgar?action=getcompany&CIK=1652044,,GOOGL
"""generative AI""",1652044,"Alphabet Inc.  (GOOG, GOOGL)  (CIK 0001652044)",8-K,2025-10-29,0001652044-25-000087:googexhibit991q32025.htm,0001652044-25-000087,,,,,,,,https://www.sec.gov/cgi-bin/browse-edgar?action=getcompany&CIK=1652044,,GOOG
"""generative AI""",1652044,"Alphabet Inc.  (GOOG, GOOGL)  (CIK 0001652044)",8-K,2025-10-29,0001652044-25-000087:googexhibit991q32025.htm,0001652044-25-000087,,,,,,,,https://www.sec.gov/cgi-bin/browse-edgar?action=getcompany&CIK=1652044,,GOOGM
"""generative AI""",1652044,"Alphabet Inc.  (GOOG, GOOGL)  (CIK 0001652044)",8-K,2025-10-29,0001652044-25-000087:googexhibit991q32025.htm,0001652044-25-000087,,,,,,,,https://www.sec.gov/cgi-bin/browse-edgar?action=getcompany&CIK=1652044,,GOOGN
"""generative AI""",1660280,"Tenable Holdings, Inc.  (TENB)  (CIK 0001660280)",8-K,2025-10-29,0001660280-25-000125:q32025financialresults-ear.htm,0001660280-25-000125,,,,,,,,https://www.sec.gov/cgi-bin/browse-edgar?action=getcompany&CIK=1660280,,TENB
"""generative AI""",1868419,"Cycurion, Inc.  (CYCU, CYCUW)  (CIK 0001868419)",8-K,2025-10-29,0001493152-25-020064:ex99-1.htm,0001493152-25-020064,,,,,,,,https://www.sec.gov/cgi-bin/browse-edgar?action=getcompany&CIK=1868419,,CYCU
"""generative AI""",1868419,"Cycurion, Inc.  (CYCU, CYCUW)  (CIK 0001868419)",8-K,2025-10-29,0001493152-25-020064:ex99-1.htm,0001493152-25-020064,,,,,,,,https://www.sec.gov/cgi-bin/browse-edgar?action=getcompany&CIK=1868419,,CYCUW
"""generative AI""",1023313,"FORRESTER RESEARCH, INC.  (FORR)  (CIK 0001023313)",8-K,2025-10-30,0001193125-25-258506:forr-ex99_1.htm,0001193125-25-258506,,,,,,,,https://www.sec.gov/cgi-bin/browse-edgar?action=getcompany&CIK=1023313,,FORR
"""generative AI""",1609711,GoDaddy Inc.  (GDDY)  (CIK 0001609711),8-K,2025-10-30,0001609711-25-000206:gddyex991-20250930xq3earni.htm,0001609711-25-000206,,,,,,,,https://www.sec.gov/cgi-bin/browse-edgar?action=getcompany&CIK=1609711,,GDDY
"""strategic AI""",1650372,Atlassian Corp  (TEAM)  (CIK 0001650372),8-K,2025-10-30,0001650372-25-000064:ex991q1fy26.htm,0001650372-25-000064,,,,,,,,https://www.sec.gov/cgi-bin/browse-edgar?action=getcompany&CIK=1650372,,TEAM
"""generative artificial intelligence""",1617640,"ZILLOW GROUP, INC.  (Z, ZG)  (CIK 0001617640)",8-K,2025-10-30,0001617640-25-000149:q32025991.htm,0001617640-25-000149,,,,,,,,https://www.sec.gov/cgi-bin/browse-edgar?action=getcompany&CIK=1617640,,ZG
"""generative artificial intelligence""",1617640,"ZILLOW GROUP, INC.  (Z, ZG)  (CIK 0001617640)",8-K,2025-10-30,0001617640-25-000149:q32025991.htm,0001617640-25-000149,,,,,,,,https://www.sec.gov/cgi-bin/browse-edgar?action=getcompany&CIK=1617640,,Z
"""strategic AI""",1679688,"DigitalBridge Group, Inc.  (DBRG, DBRG-PH, DBRG-PI, DBRG-PJ)  (CIK 0001679688)",8-K,2025-10-30,0001679688-25-000096:digitalbridge-3q25xearni.htm,0001679688-25-000096,,,,,,,,https://www.sec.gov/cgi-bin/browse-edgar?action=getcompany&CIK=1679688,,DBRG
"""strategic AI""",1679688,"DigitalBridge Group, Inc.  (DBRG, DBRG-PH, DBRG-PI, DBRG-PJ)  (CIK 0001679688)",8-K,2025-10-30,0001679688-25-000096:digitalbridge-3q25xearni.htm,0001679688-25-000096,,,,,,,,https://www.sec.gov/cgi-bin/browse-edgar?action=getcompany&CIK=1679688,,DBRG-PH
"""strategic AI""",1679688,"DigitalBridge Group, Inc.  (DBRG, DBRG-PH, DBRG-PI, DBRG-PJ)  (CIK 0001679688)",8-K,2025-10-30,0001679688-25-000096:digitalbridge-3q25xearni.htm,0001679688-25-000096,,,,,,,,https://www.sec.gov/cgi-bin/browse-edgar?action=getcompany&CIK=1679688,,DBRG-PI
"""strategic AI""",1679688,"DigitalBridge Group, Inc.  (DBRG, DBRG-PH, DBRG-PI, DBRG-PJ)  (CIK 0001679688)",8-K,2025-10-30,0001679688-25-000096:digitalbridge-3q25xearni.htm,0001679688-25-000096,,,,,,,,https://www.sec.gov/cgi-bin/browse-edgar?action=getcompany&CIK=1679688,,DBRG-PJ
"""generative artificial intelligence""",932696,INSIGHT ENTERPRISES INC  (NSIT)  (CIK 0000932696),8-K,2025-10-30,0000932696-25-000015:nsit-20251030xerx8kex991.htm,0000932696-25-000015,,,,,,,,https://www.sec.gov/cgi-bin/browse-edgar?action=getcompany&CIK=932696,,NSIT
"""artificial intelligence partnership""",1501585,"HUNTINGTON INGALLS INDUSTRIES, INC.  (HII)  (CIK 0001501585)",8-K,2025-10-30,0001501585-25-000109:hiiq32025earningspresent.htm,0001501585-25-000109,,,,,,,,https://www.sec.gov/cgi-bin/browse-edgar?action=getcompany&CIK=1501585,,HII
"""generative AI""",1315098,Roblox Corp  (RBLX)  (CIK 0001315098),8-K,2025-10-30,0001315098-25-000326:ex991-q32025shareholderl.htm,0001315098-25-000326,,,,,,,,https://www.sec.gov/cgi-bin/browse-edgar?action=getcompany&CIK=1315098,,RBLX
"""generative AI""",2034269,"Cantor Equity Partners II, Inc.  (CEPT)  (CIK 0002034269)",8-K,2025-10-30,0001213900-25-104188:ea026275801ex2-1_cantor2.htm,0001213900-25-104188,,,,,,,,https://www.sec.gov/cgi-bin/browse-edgar?action=getcompany&CIK=2034269,,CEPT
"""generative artificial intelligence""",64040,S&P Global Inc.  (SPGI)  (CIK 0000064040),8-K,2025-10-30,0000064040-25-000163:spgi3q2025-earningsrelease.htm,0000064040-25-000163,,,,,,,,https://www.sec.gov/cgi-bin/browse-edgar?action=getcompany&CIK=64040,,SPGI
"""generative artificial intelligence""",1120970,Comstock Inc.  (LODE)  (CIK 0001120970),8-K,2025-10-30,0001437749-25-032430:ex_879015.htm,0001437749-25-032430,,,,,,,,https://www.sec.gov/cgi-bin/browse-edgar?action=getcompany&CIK=1120970,,LODE
"""generative AI""",1892322,"HeartCore Enterprises, Inc.  (HTCR)  (CIK 0001892322)",8-K,2025-10-31,0001493152-25-020313:ex99-1.htm,0001493152-25-020313,,,,,,,,https://www.sec.gov/cgi-bin/browse-edgar?action=getcompany&CIK=1892322,,HTCR
"""large language model""",1422892,Singularity Future Technology Ltd.  (SGLY)  (CIK 0001422892),8-K,2025-10-31,0001213900-25-104361:ea0263291-8k_singular.htm,0001213900-25-104361,,,,,,,,https://www.sec.gov/cgi-bin/browse-edgar?action=getcompany&CIK=1422892,,SGLY
"""generative artificial intelligence""",1298675,CubeSmart  (CUBE)  (CIK 0001298675),8-K,2025-10-31,0001298675-25-000041:cube-20251030xex99d1.htm,0001298675-25-000041,,,,,,,,https://www.sec.gov/cgi-bin/browse-edgar?action=getcompany&CIK=1298675,,CUBE
"""generative AI""",1627475,"UPWORK, INC  (UPWK)  (CIK 0001627475)",8-K,2025-11-03,0001627475-25-000055:upwork3q25-pressrelease.htm,0001627475-25-000055,,,,,,,,https://www.sec.gov/cgi-bin/browse-edgar?action=getcompany&CIK=1627475,,UPWK
"""generative artificial intelligence""",1800227,IAC Inc.  (IAC)  (CIK 0001800227),8-K,2025-11-03,0001628280-25-048237:ex_991q32025iac-pressrelea.htm,0001628280-25-048237,,,,,,,,https://www.sec.gov/cgi-bin/browse-edgar?action=getcompany&CIK=1800227,,PPLI
"""generative AI""",1898496,"Getty Images Holdings, Inc.  (GETY)  (CIK 0001898496)",8-K,2025-11-03,0001213900-25-105255:ea026361701ex99-1_getty.htm,0001213900-25-105255,,,,,,,,https://www.sec.gov/cgi-bin/browse-edgar?action=getcompany&CIK=1898496,,GETY
"""generative AI""",2054174,"Crane Harbor Acquisition Corp.  (CHAC, CHACR, CHACU)  (CIK 0002054174)",8-K,2025-11-03,0001213900-25-104918:ea026354401ex2-1_crane.htm,0001213900-25-104918,,,,,,,,https://www.sec.gov/cgi-bin/browse-edgar?action=getcompany&CIK=2054174,,
"""generative AI""",1717115,"Tempus AI, Inc.  (TEM)  (CIK 0001717115)",8-K,2025-11-04,0001193125-25-264616:tem-ex99_1.htm,0001193125-25-264616,,,,,,,,https://www.sec.gov/cgi-bin/browse-edgar?action=getcompany&CIK=1717115,,TEM
"""generative AI""",1868640,"Roadzen Inc.  (RDZN, RDZNW)  (CIK 0001868640)",8-K,2025-11-04,0001493152-25-020690:ex99-1.htm,0001493152-25-020690,,,,,,,,https://www.sec.gov/cgi-bin/browse-edgar?action=getcompany&CIK=1868640,,RDZN
"""generative AI""",1868640,"Roadzen Inc.  (RDZN, RDZNW)  (CIK 0001868640)",8-K,2025-11-04,0001493152-25-020690:ex99-1.htm,0001493152-25-020690,,,,,,,,https://www.sec.gov/cgi-bin/browse-edgar?action=getcompany&CIK=1868640,,RDZNW
"""generative artificial intelligence""",1057379,"HACKETT GROUP, INC.  (HCKT)  (CIK 0001057379)",8-K,2025-11-04,0001193125-25-264931:hckt-ex99_1.htm,0001193125-25-264931,,,,,,,,https://www.sec.gov/cgi-bin/browse-edgar?action=getcompany&CIK=1057379,,HCKT
"""generative AI""",1616707,Wayfair Inc.  (W)  (CIK 0001616707),8-K,2025-11-04,0001193125-25-263738:d94945dex991.htm,0001193125-25-263738,,,,,,,,https://www.sec.gov/cgi-bin/browse-edgar?action=getcompany&CIK=1616707,,W
"""generative AI""",1646188,Ondas Holdings Inc.  (ONDS)  (CIK 0001646188),8-K,2025-11-04,0001213900-25-105664:ea026367501ex2-1_ondas.htm,0001213900-25-105664,,,,,,,,https://www.sec.gov/cgi-bin/browse-edgar?action=getcompany&CIK=1646188,,ONDS
"""generative artificial intelligence""",1833197,"Latham Group, Inc.  (SWIM)  (CIK 0001833197)",8-K,2025-11-04,0001104659-25-106281:tm2530204d1_ex99.htm,0001104659-25-106281,,,,,,,,https://www.sec.gov/cgi-bin/browse-edgar?action=getcompany&CIK=1833197,,SWIM
"""generative AI""",1565687,"Intapp, Inc.  (INTA)  (CIK 0001565687)",8-K,2025-11-04,0001565687-25-000099:inta-20250930xex991.htm,0001565687-25-000099,,,,,,,,https://www.sec.gov/cgi-bin/browse-edgar?action=getcompany&CIK=1565687,,INTA
"""generative AI""",1898496,"Getty Images Holdings, Inc.  (GETY)  (CIK 0001898496)",8-K,2025-11-04,0001213900-25-106226:ea026402001ex99-1_getty.htm,0001213900-25-106226,,,,,,,,https://www.sec.gov/cgi-bin/browse-edgar?action=getcompany&CIK=1898496,,GETY
"""generative AI""",1591698,Paylocity Holding Corp  (PCTY)  (CIK 0001591698),8-K,2025-11-04,0001591698-25-000112:pcty-20251104xex991.htm,0001591698-25-000112,,,,,,,,https://www.sec.gov/cgi-bin/browse-edgar?action=getcompany&CIK=1591698,,PCTY
"""AI acquisition""",2028336,"New ERA Energy & Digital, Inc.  (NUAI, NUAIW)  (CIK 0002028336)",8-K,2025-11-04,0001213900-25-105681:ea026383501ex99-1_newera.htm,0001213900-25-105681,,,,,,,,https://www.sec.gov/cgi-bin/browse-edgar?action=getcompany&CIK=2028336,,NUAI
"""AI acquisition""",2028336,"New ERA Energy & Digital, Inc.  (NUAI, NUAIW)  (CIK 0002028336)",8-K,2025-11-04,0001213900-25-105681:ea026383501ex99-1_newera.htm,0001213900-25-105681,,,,,,,,https://www.sec.gov/cgi-bin/browse-edgar?action=getcompany&CIK=2028336,,NUAIW
"""generative AI""",1851003,Zeta Global Holdings Corp.  (ZETA)  (CIK 0001851003),8-K,2025-11-04,0001193125-25-264645:zeta-ex99_1.htm,0001193125-25-264645,,,,,,,,https://www.sec.gov/cgi-bin/browse-edgar?action=getcompany&CIK=1851003,,ZETA
"""generative AI""",1562088,"Duolingo, Inc.  (DUOL)  (CIK 0001562088)",8-K,2025-11-05,0001628280-25-049514:q3fy25duolingo9-30x25share.htm,0001628280-25-049514,,,,,,,,https://www.sec.gov/cgi-bin/browse-edgar?action=getcompany&CIK=1562088,,DUOL
"""generative AI""",1773383,"Dynatrace, Inc.  (DT)  (CIK 0001773383)",8-K,2025-11-05,0001628280-25-049224:q2fy26-earningsreleaseex991.htm,0001628280-25-049224,,,,,,,,https://www.sec.gov/cgi-bin/browse-edgar?action=getcompany&CIK=1773383,,DT
"""generative artificial intelligence""",1278027,"B&G Foods, Inc.  (BGS)  (CIK 0001278027)",8-K,2025-11-05,0001104659-25-106986:bgs-20251105xex99d1.htm,0001104659-25-106986,,,,,,,,https://www.sec.gov/cgi-bin/browse-edgar?action=getcompany&CIK=1278027,,BGS
"""AI research and development""",1846069,"Nextdoor Holdings, Inc.  (NXDR)  (CIK 0001846069)",8-K,2025-11-05,0001846069-25-000135:nxdr-20251105.htm,0001846069-25-000135,,,,,,,,https://www.sec.gov/cgi-bin/browse-edgar?action=getcompany&CIK=1846069,,NXDR
"""generative AI""",1616707,Wayfair Inc.  (W)  (CIK 0001616707),8-K,2025-11-05,0001193125-25-265169:d84392dex991.htm,0001193125-25-265169,,,,,,,,https://www.sec.gov/cgi-bin/browse-edgar?action=getcompany&CIK=1616707,,W
"""generative AI""",1564408,Snap Inc  (SNAP)  (CIK 0001564408),8-K,2025-11-05,0001564408-25-000063:snap-20251105xexx991pressr.htm,0001564408-25-000063,,,,,,,,https://www.sec.gov/cgi-bin/browse-edgar?action=getcompany&CIK=1564408,,SNAP
"""generative artificial intelligence""",1714174,Burford Capital Ltd  (BUR)  (CIK 0001714174),8-K,2025-11-05,0001714174-25-000195:bur-20251105xex992.htm,0001714174-25-000195,,,,,,,,https://www.sec.gov/cgi-bin/browse-edgar?action=getcompany&CIK=1714174,,BUR
"""generative artificial intelligence""",104918,AVISTA CORP  (AVA)  (CIK 0000104918),8-K,2025-11-05,0001193125-25-265352:ava-ex99_1.htm,0001193125-25-265352,,,,,,,,https://www.sec.gov/cgi-bin/browse-edgar?action=getcompany&CIK=104918,,AVA
"""generative AI""",1404655,HUBSPOT INC  (HUBS)  (CIK 0001404655),8-K,2025-11-05,0001193125-25-267023:hubs-ex99_2.htm,0001193125-25-267023,,,,,,,,https://www.sec.gov/cgi-bin/browse-edgar?action=getcompany&CIK=1404655,,HUBS
"""generative AI""",1617553,"ZIPRECRUITER, INC.  (ZIP)  (CIK 0001617553)",8-K,2025-11-05,0001617553-25-000105:q32025shareholderletter-.htm,0001617553-25-000105,,,,,,,,https://www.sec.gov/cgi-bin/browse-edgar?action=getcompany&CIK=1617553,,ZIP
"""generative AI""",71691,NEW YORK TIMES CO  (NYT)  (CIK 0000071691),8-K,2025-11-05,0000071691-25-000124:pressrelease09302025.htm,0000071691-25-000124,,,,,,,,https://www.sec.gov/cgi-bin/browse-edgar?action=getcompany&CIK=71691,,NYT
"""large language model""",1410384,"Q2 Holdings, Inc.  (QTWO)  (CIK 0001410384)",8-K,2025-11-05,0001410384-25-000156:a250930q3ex9918k.htm,0001410384-25-000156,,,,,,,,https://www.sec.gov/cgi-bin/browse-edgar?action=getcompany&CIK=1410384,,QTWO
"""generative AI""",1579878,"Figma, Inc.  (FIG)  (CIK 0001579878)",8-K,2025-11-05,0001628280-25-049555:q325pressrelease.htm,0001628280-25-049555,,,,,,,,https://www.sec.gov/cgi-bin/browse-edgar?action=getcompany&CIK=1579878,,FIG
"""generative AI""",1691421,"Lemonade, Inc.  (LMND, LMND-WT)  (CIK 0001691421)",8-K,2025-11-05,0001691421-25-000146:lmndshareholderletterq32.htm,0001691421-25-000146,,,,,,,,https://www.sec.gov/cgi-bin/browse-edgar?action=getcompany&CIK=1691421,,LMND
"""generative artificial intelligence""",823277,"CHS INC  (CHSCL, CHSCM, CHSCN, CHSCO, CHSCP)  (CIK 0000823277)",8-K,2025-11-05,0000823277-25-000039:a4qfy25earningrelease.htm,0000823277-25-000039,,,,,,,,https://www.sec.gov/cgi-bin/browse-edgar?action=getcompany&CIK=823277,,CHSCP
"""generative artificial intelligence""",823277,"CHS INC  (CHSCL, CHSCM, CHSCN, CHSCO, CHSCP)  (CIK 0000823277)",8-K,2025-11-05,0000823277-25-000039:a4qfy25earningrelease.htm,0000823277-25-000039,,,,,,,,https://www.sec.gov/cgi-bin/browse-edgar?action=getcompany&CIK=823277,,CHSCL
"""generative artificial intelligence""",823277,"CHS INC  (CHSCL, CHSCM, CHSCN, CHSCO, CHSCP)  (CIK 0000823277)",8-K,2025-11-05,0000823277-25-000039:a4qfy25earningrelease.htm,0000823277-25-000039,,,,,,,,https://www.sec.gov/cgi-bin/browse-edgar?action=getcompany&CIK=823277,,CHSCM
"""generative artificial intelligence""",823277,"CHS INC  (CHSCL, CHSCM, CHSCN, CHSCO, CHSCP)  (CIK 0000823277)",8-K,2025-11-05,0000823277-25-000039:a4qfy25earningrelease.htm,0000823277-25-000039,,,,,,,,https://www.sec.gov/cgi-bin/browse-edgar?action=getcompany&CIK=823277,,CHSCN
"""generative artificial intelligence""",823277,"CHS INC  (CHSCL, CHSCM, CHSCN, CHSCO, CHSCP)  (CIK 0000823277)",8-K,2025-11-05,0000823277-25-000039:a4qfy25earningrelease.htm,0000823277-25-000039,,,,,,,,https://www.sec.gov/cgi-bin/browse-edgar?action=getcompany&CIK=823277,,CHSCO
"""generative AI""",1831840,"SEMrush Holdings, Inc.  (SEMR)  (CIK 0001831840)",8-K,2025-11-05,0001628280-25-049628:semrush8-kexhibit991q32025.htm,0001628280-25-049628,,,,,,,,https://www.sec.gov/cgi-bin/browse-edgar?action=getcompany&CIK=1831840,,
"""generative AI""",64463,"Soluna Holdings, Inc  (SLNH, SLNHP)  (CIK 0000064463)",8-K,2025-11-06,0001493152-25-020985:ex99-1.htm,0001493152-25-020985,,,,,,,,https://www.sec.gov/cgi-bin/browse-edgar?action=getcompany&CIK=64463,,SLNH
"""generative AI""",64463,"Soluna Holdings, Inc  (SLNH, SLNHP)  (CIK 0000064463)",8-K,2025-11-06,0001493152-25-020985:ex99-1.htm,0001493152-25-020985,,,,,,,,https://www.sec.gov/cgi-bin/browse-edgar?action=getcompany&CIK=64463,,SLNHP
"""generative AI""",1840856,"SOUNDHOUND AI, INC.  (SOUN, SOUNW)  (CIK 0001840856)",8-K,2025-11-06,0001840856-25-000018:soun-20251006ex991earnings.htm,0001840856-25-000018,,,,,,,,https://www.sec.gov/cgi-bin/browse-edgar?action=getcompany&CIK=1840856,,SOUN
"""generative AI""",1840856,"SOUNDHOUND AI, INC.  (SOUN, SOUNW)  (CIK 0001840856)",8-K,2025-11-06,0001840856-25-000018:soun-20251006ex991earnings.htm,0001840856-25-000018,,,,,,,,https://www.sec.gov/cgi-bin/browse-edgar?action=getcompany&CIK=1840856,,SOUNW
"""generative AI""",903651,INNODATA INC  (INOD)  (CIK 0000903651),8-K,2025-11-06,0001104659-25-107811:tm2529621d1_ex99-1.htm,0001104659-25-107811,,,,,,,,https://www.sec.gov/cgi-bin/browse-edgar?action=getcompany&CIK=903651,,INOD
"""generative AI""",829323,"Inuvo, Inc.  (INUV)  (CIK 0000829323)",8-K,2025-11-06,0001654954-25-012672:inuvo_ex992.htm,0001654954-25-012672,,,,,,,,https://www.sec.gov/cgi-bin/browse-edgar?action=getcompany&CIK=829323,,INUV
"""generative AI""",1907982,"D-Wave Quantum Inc.  (QBTS, QBTS-WT)  (CIK 0001907982)",8-K,2025-11-06,0001907982-25-000248:q32025investordeck.htm,0001907982-25-000248,,,,,,,,https://www.sec.gov/cgi-bin/browse-edgar?action=getcompany&CIK=1907982,,QBTS
"""generative AI""",1398659,Genpact LTD  (G)  (CIK 0001398659),8-K,2025-11-06,0001398659-25-000107:genpactltdexhibit991q325.htm,0001398659-25-000107,,,,,,,,https://www.sec.gov/cgi-bin/browse-edgar?action=getcompany&CIK=1398659,,G
"""generative artificial intelligence""",876883,Stagwell Inc  (STGW)  (CIK 0000876883),8-K,2025-11-06,0000876883-25-000032:q325earningspresentation.htm,0000876883-25-000032,,,,,,,,https://www.sec.gov/cgi-bin/browse-edgar?action=getcompany&CIK=876883,,STGW
"""generative artificial intelligence""",1285550,"ClearPoint Neuro, Inc.  (CLPT)  (CIK 0001285550)",8-K,2025-11-06,0001193125-25-269992:clpt-ex10_1.htm,0001193125-25-269992,,,,,,,,https://www.sec.gov/cgi-bin/browse-edgar?action=getcompany&CIK=1285550,,CLPT
"""generative AI""",1582982,"CareCloud, Inc.  (CCLD, CCLDO)  (CIK 0001582982)",8-K,2025-11-06,0001493152-25-020983:ex99-1.htm,0001493152-25-020983,,,,,,,,https://www.sec.gov/cgi-bin/browse-edgar?action=getcompany&CIK=1582982,,CCLD
"""generative AI""",1820144,Grindr Inc.  (GRND)  (CIK 0001820144),8-K,2025-11-06,0001820144-25-000037:exhibit991-q32025earningsr.htm,0001820144-25-000037,,,,,,,,https://www.sec.gov/cgi-bin/browse-edgar?action=getcompany&CIK=1820144,,GRND
"""generative AI""",1665300,"Phunware, Inc.  (PHUN)  (CIK 0001665300)",8-K,2025-11-06,0001193125-25-269673:phun-ex99_1.htm,0001193125-25-269673,,,,,,,,https://www.sec.gov/cgi-bin/browse-edgar?action=getcompany&CIK=1665300,,PHUN
"""generative AI""",2034268,"Cantor Equity Partners III, Inc.  (CAEP)  (CIK 0002034268)",8-K,2025-11-07,0001213900-25-107383:ea026443401ex2-1_cantor3.htm,0001213900-25-107383,,,,,,,,https://www.sec.gov/cgi-bin/browse-edgar?action=getcompany&CIK=2034268,,
"""generative AI""",1069258,"KRATOS DEFENSE & SECURITY SOLUTIONS, INC.  (KTOS)  (CIK 0001069258)",8-K,2025-11-07,0001069258-25-000062:ex21agreementandplanofmerg.htm,0001069258-25-000062,,,,,,,,https://www.sec.gov/cgi-bin/browse-edgar?action=getcompany&CIK=1069258,,KTOS
"""generative AI""",1677703,CONDUENT Inc  (CNDT)  (CIK 0001677703),8-K,2025-11-07,0001677703-25-000151:cndtq32025ex992-slidepre.htm,0001677703-25-000151,,,,,,,,https://www.sec.gov/cgi-bin/browse-edgar?action=getcompany&CIK=1677703,,CNDT
"""generative artificial intelligence""",1084048,"ZIFF DAVIS, INC.  (ZD)  (CIK 0001084048)",8-K,2025-11-07,0001084048-25-000063:zdq32025earningspresenta.htm,0001084048-25-000063,,,,,,,,https://www.sec.gov/cgi-bin/browse-edgar?action=getcompany&CIK=1084048,,ZD
"""generative AI""",1829864,"TaskUs, Inc.  (TASK)  (CIK 0001829864)",8-K,2025-11-07,0001829864-25-000129:earningsreleaseex991q32025.htm,0001829864-25-000129,,,,,,,,https://www.sec.gov/cgi-bin/browse-edgar?action=getcompany&CIK=1829864,,TASK
"""generative artificial intelligence""",94344,STEWART INFORMATION SERVICES CORP  (STC)  (CIK 0000094344),8-K,2025-11-07,0001104659-25-108182:tm2530570d1_ex2-1.htm,0001104659-25-108182,,,,,,,,https://www.sec.gov/cgi-bin/browse-edgar?action=getcompany&CIK=94344,,STC
"""generative AI""",903651,INNODATA INC  (INOD)  (CIK 0000903651),8-K,2025-11-07,0001104659-25-108168:tm2530546d1_ex99-1.htm,0001104659-25-108168,,,,,,,,https://www.sec.gov/cgi-bin/browse-edgar?action=getcompany&CIK=903651,,INOD
"""generative AI""",790526,"RadNet, Inc.  (RDNT)  (CIK 0000790526)",8-K,2025-11-10,0001683168-25-008100:radnet_ex9901.htm,0001683168-25-008100,,,,,,,,https://www.sec.gov/cgi-bin/browse-edgar?action=getcompany&CIK=790526,,RDNT
"""AI partnership""",1853044,"Aeries Technology, Inc.  (AERT, AERTW)  (CIK 0001853044)",8-K,2025-11-10,0001829126-25-008939:aeriestech_ex99-1.htm,0001829126-25-008939,,,,,,,,https://www.sec.gov/cgi-bin/browse-edgar?action=getcompany&CIK=1853044,,AERT
"""AI partnership""",1853044,"Aeries Technology, Inc.  (AERT, AERTW)  (CIK 0001853044)",8-K,2025-11-10,0001829126-25-008939:aeriestech_ex99-1.htm,0001829126-25-008939,,,,,,,,https://www.sec.gov/cgi-bin/browse-edgar?action=getcompany&CIK=1853044,,AERTW
"""generative AI""",1898496,"Getty Images Holdings, Inc.  (GETY)  (CIK 0001898496)",8-K,2025-11-10,0001628280-25-051079:gety-20250930xex991.htm,0001628280-25-051079,,,,,,,,https://www.sec.gov/cgi-bin/browse-edgar?action=getcompany&CIK=1898496,,GETY
"""generative AI""",1573221,"TheRealReal, Inc.  (REAL)  (CIK 0001573221)",8-K,2025-11-10,0001573221-25-000076:real-20251110xex991pressre.htm,0001573221-25-000076,,,,,,,,https://www.sec.gov/cgi-bin/browse-edgar?action=getcompany&CIK=1573221,,REAL
"""generative AI""",1836981,"BigBear.ai Holdings, Inc.  (BBAI, BBAI-WT)  (CIK 0001836981)",8-K,2025-11-10,0001836981-25-000025:exhibit21projectatlas-me.htm,0001836981-25-000025,,,,,,,,https://www.sec.gov/cgi-bin/browse-edgar?action=getcompany&CIK=1836981,,BBAI
"""generative AI""",1836981,"BigBear.ai Holdings, Inc.  (BBAI, BBAI-WT)  (CIK 0001836981)",8-K,2025-11-10,0001836981-25-000025:exhibit21projectatlas-me.htm,0001836981-25-000025,,,,,,,,https://www.sec.gov/cgi-bin/browse-edgar?action=getcompany&CIK=1836981,,BBAI-WT
"""generative AI""",1364954,"CHEGG, INC  (CHGG)  (CIK 0001364954)",8-K,2025-11-10,0001364954-25-000118:a9901-financialresultsq320.htm,0001364954-25-000118,,,,,,,,https://www.sec.gov/cgi-bin/browse-edgar?action=getcompany&CIK=1364954,,CHGG
"""generative AI""",1847064,"PSQ Holdings, Inc.  (PSQH, PSQH-WT)  (CIK 0001847064)",8-K,2025-11-10,0001104659-25-108776:tm2530674d1_ex10-1.htm,0001104659-25-108776,,,,,,,,https://www.sec.gov/cgi-bin/browse-edgar?action=getcompany&CIK=1847064,,PSQH
"""generative AI""",1847064,"PSQ Holdings, Inc.  (PSQH, PSQH-WT)  (CIK 0001847064)",8-K,2025-11-10,0001104659-25-108776:tm2530674d1_ex10-1.htm,0001104659-25-108776,,,,,,,,https://www.sec.gov/cgi-bin/browse-edgar?action=getcompany&CIK=1847064,,PSQH-WT
"""generative AI""",1801170,"CLOVER HEALTH INVESTMENTS, CORP. /DE  (CLOV)  (CIK 0001801170)",8-K,2025-11-12,0001801170-25-000279:axex991x3q25supplemental.htm,0001801170-25-000279,,,,,,,,https://www.sec.gov/cgi-bin/browse-edgar?action=getcompany&CIK=1801170,,CLOV
"""generative AI""",1853138,"Kodiak AI, Inc.  (KDK, AACT, KDKRW)  (CIK 0001853138)",8-K,2025-11-12,0001853138-25-000015:kodiakai-2025930xexx991.htm,0001853138-25-000015,,,,,,,,https://www.sec.gov/cgi-bin/browse-edgar?action=getcompany&CIK=1853138,,KDK
"""generative AI""",1853138,"Kodiak AI, Inc.  (KDK, AACT, KDKRW)  (CIK 0001853138)",8-K,2025-11-12,0001853138-25-000015:kodiakai-2025930xexx991.htm,0001853138-25-000015,,,,,,,,https://www.sec.gov/cgi-bin/browse-edgar?action=getcompany&CIK=1853138,,KDKRW
"""generative AI""",1672688,Absci Corp  (ABSI)  (CIK 0001672688),8-K,2025-11-12,0001672688-25-000082:exhibit991-2025q310xqpr.htm,0001672688-25-000082,,,,,,,,https://www.sec.gov/cgi-bin/browse-edgar?action=getcompany&CIK=1672688,,ABSI
"""AI partnership""",1388658,"iRhythm Technologies, Inc.  (IRTC)  (CIK 0001388658)",8-K,2025-11-12,0001388658-25-000219:irtc2025off-seasonproxyo.htm,0001388658-25-000219,,,,,,,,https://www.sec.gov/cgi-bin/browse-edgar?action=getcompany&CIK=1388658,,IRTC
"""generative AI""",1066194,EGAIN Corp  (EGAN)  (CIK 0001066194),8-K,2025-11-12,0001066194-25-000027:egan-20251112xex99d1.htm,0001066194-25-000027,,,,,,,,https://www.sec.gov/cgi-bin/browse-edgar?action=getcompany&CIK=1066194,,EGAN
"""generative artificial intelligence""",1785424,"Katapult Holdings, Inc.  (KPLT, KPLTW)  (CIK 0001785424)",8-K,2025-11-12,0001628280-25-051329:q32025earningsrelease.htm,0001628280-25-051329,,,,,,,,https://www.sec.gov/cgi-bin/browse-edgar?action=getcompany&CIK=1785424,,KPLT
"""AI initiative""",1823584,"ALLIANCE ENTERTAINMENT HOLDING CORP  (AENT, AENTW)  (CIK 0001823584)",8-K,2025-11-12,0001493152-25-021989:ex99-1.htm,0001493152-25-021989,,,,,,,,https://www.sec.gov/cgi-bin/browse-edgar?action=getcompany&CIK=1823584,,AENT
"""AI initiative""",1823584,"ALLIANCE ENTERTAINMENT HOLDING CORP  (AENT, AENTW)  (CIK 0001823584)",8-K,2025-11-12,0001493152-25-021989:ex99-1.htm,0001493152-25-021989,,,,,,,,https://www.sec.gov/cgi-bin/browse-edgar?action=getcompany&CIK=1823584,,AENTW
"""large language model""",1224133,MARCHEX INC  (MCHX)  (CIK 0001224133),8-K,2025-11-13,0001193125-25-280233:mchx-ex99_1.htm,0001193125-25-280233,,,,,,,,https://www.sec.gov/cgi-bin/browse-edgar?action=getcompany&CIK=1224133,,MCHX
"""generative AI""",64463,"Soluna Holdings, Inc  (SLNH, SLNHP)  (CIK 0000064463)",8-K,2025-11-13,0001493152-25-022111:ex99-1.htm,0001493152-25-022111,,,,,,,,https://www.sec.gov/cgi-bin/browse-edgar?action=getcompany&CIK=64463,,SLNH
"""generative AI""",64463,"Soluna Holdings, Inc  (SLNH, SLNHP)  (CIK 0000064463)",8-K,2025-11-13,0001493152-25-022111:ex99-1.htm,0001493152-25-022111,,,,,,,,https://www.sec.gov/cgi-bin/browse-edgar?action=getcompany&CIK=64463,,SLNHP
"""generative AI""",1320760,"TSS, Inc.  (TSSI)  (CIK 0001320760)",8-K,2025-11-13,0001654954-25-012990:tssi_ex991.htm,0001654954-25-012990,,,,,,,,https://www.sec.gov/cgi-bin/browse-edgar?action=getcompany&CIK=1320760,,TSSI
"""generative AI""",2054696,NIQ Global Intelligence plc  (NIQ)  (CIK 0002054696),8-K,2025-11-13,0001628280-25-051837:niqpressrelease-q325.htm,0001628280-25-051837,,,,,,,,https://www.sec.gov/cgi-bin/browse-edgar?action=getcompany&CIK=2054696,,NIQ
"""generative AI""",1735438,MeiraGTx Holdings plc  (MGTX)  (CIK 0001735438),8-K,2025-11-13,0001104659-25-110883:mgtx-20251113xex99d1.htm,0001104659-25-110883,,,,,,,,https://www.sec.gov/cgi-bin/browse-edgar?action=getcompany&CIK=1735438,,MGTX
"""generative AI""",1577526,"C3.ai, Inc.  (AI)  (CIK 0001577526)",8-K,2025-11-13,0001577526-25-000048:pressrelease-ex991.htm,0001577526-25-000048,,,,,,,,https://www.sec.gov/cgi-bin/browse-edgar?action=getcompany&CIK=1577526,,AI
"""generative artificial intelligence""",64040,S&P Global Inc.  (SPGI)  (CIK 0000064040),8-K,2025-11-13,0000064040-25-000175:a2025investordaypressrelea.htm,0000064040-25-000175,,,,,,,,https://www.sec.gov/cgi-bin/browse-edgar?action=getcompany&CIK=64040,,SPGI
"""generative AI""",2042022,"WhiteFiber, Inc.  (WYFI)  (CIK 0002042022)",8-K,2025-11-13,0001213900-25-110125:ea026564401ex99-1_white.htm,0001213900-25-110125,,,,,,,,https://www.sec.gov/cgi-bin/browse-edgar?action=getcompany&CIK=2042022,,WYFI
"""generative AI""",1781174,"Acrivon Therapeutics, Inc.  (ACRV)  (CIK 0001781174)",8-K,2025-11-13,0001193125-25-280172:acrv-ex99_1.htm,0001193125-25-280172,,,,,,,,https://www.sec.gov/cgi-bin/browse-edgar?action=getcompany&CIK=1781174,,ACRV
"""AI initiative""",1880343,"AMAZE HOLDINGS, INC.  (AMZE)  (CIK 0001880343)",8-K,2025-11-14,0001554795-25-000245:amze1114form8kexh99_1.htm,0001554795-25-000245,,,,,,,,https://www.sec.gov/cgi-bin/browse-edgar?action=getcompany&CIK=1880343,,AMZE
"""generative AI""",1868640,"Roadzen Inc.  (RDZN, RDZNW)  (CIK 0001868640)",8-K,2025-11-14,0001493152-25-022601:ex99-1.htm,0001493152-25-022601,,,,,,,,https://www.sec.gov/cgi-bin/browse-edgar?action=getcompany&CIK=1868640,,RDZN
"""generative AI""",1868640,"Roadzen Inc.  (RDZN, RDZNW)  (CIK 0001868640)",8-K,2025-11-14,0001493152-25-022601:ex99-1.htm,0001493152-25-022601,,,,,,,,https://www.sec.gov/cgi-bin/browse-edgar?action=getcompany&CIK=1868640,,RDZNW
"""generative AI""",1651562,"Coursera, Inc.  (COUR)  (CIK 0001651562)",8-K,2025-11-17,0001140361-25-042425:ef20059091_ex99-1.htm,0001140361-25-042425,,,,,,,,https://www.sec.gov/cgi-bin/browse-edgar?action=getcompany&CIK=1651562,,COUR
"""generative AI""",1673358,"Yum China Holdings, Inc.  (YUMC)  (CIK 0001673358)",8-K,2025-11-17,0001193125-25-283928:d723391dex991.htm,0001193125-25-283928,,,,,,,,https://www.sec.gov/cgi-bin/browse-edgar?action=getcompany&CIK=1673358,,YUMC
"""generative AI""",2028707,"INFLECTION POINT ACQUISITION CORP. IV  (BACQ, BACQR, BACQU)  (CIK 0002028707)",8-K,2025-11-17,0001213900-25-111321:ea026593401ex10-2_inflec4.htm,0001213900-25-111321,,,,,,,,https://www.sec.gov/cgi-bin/browse-edgar?action=getcompany&CIK=2028707,,MRLN
"""generative AI""",64463,"Soluna Holdings, Inc  (SLNH, SLNHP)  (CIK 0000064463)",8-K,2025-11-17,0001493152-25-023755:ex99-1.htm,0001493152-25-023755,,,,,,,,https://www.sec.gov/cgi-bin/browse-edgar?action=getcompany&CIK=64463,,SLNH
"""generative AI""",64463,"Soluna Holdings, Inc  (SLNH, SLNHP)  (CIK 0000064463)",8-K,2025-11-17,0001493152-25-023755:ex99-1.htm,0001493152-25-023755,,,,,,,,https://www.sec.gov/cgi-bin/browse-edgar?action=getcompany&CIK=64463,,SLNHP
"""generative AI""",1702015,"AIS Holdings Group, Inc.  (AIDG)  (CIK 0001702015)",8-K,2025-11-18,0001702015-25-000007:ais_super8ko.htm,0001702015-25-000007,,,,,,,,https://www.sec.gov/cgi-bin/browse-edgar?action=getcompany&CIK=1702015,,
"""generative AI""",1768267,Cerence Inc.  (CRNC)  (CIK 0001768267),8-K,2025-11-19,0001628280-25-053169:cerenceaiq4fy25pressrele.htm,0001628280-25-053169,,,,,,,,https://www.sec.gov/cgi-bin/browse-edgar?action=getcompany&CIK=1768267,,CRNC
"""AI acquisition""",1848861,"Healthcare AI Acquisition Corp.  (HAIAF, HAIUF, HAIWF)  (CIK 0001848861)",8-K,2025-11-19,0001477932-25-008469:haia_8k.htm,0001477932-25-008469,,,,,,,,https://www.sec.gov/cgi-bin/browse-edgar?action=getcompany&CIK=1848861,,
"""generative AI""",1707753,Elastic N.V.  (ESTC)  (CIK 0001707753),8-K,2025-11-20,0001707753-25-000053:a26q2erex991.htm,0001707753-25-000053,,,,,,,,https://www.sec.gov/cgi-bin/browse-edgar?action=getcompany&CIK=1707753,,ESTC
"""generative AI""",896878,INTUIT INC.  (INTU)  (CIK 0000896878),8-K,2025-11-20,0000896878-25-000050:intu-20251120_d2.htm,0000896878-25-000050,,,,,,,,https://www.sec.gov/cgi-bin/browse-edgar?action=getcompany&CIK=896878,,INTU
"""generative AI""",1851003,Zeta Global Holdings Corp.  (ZETA)  (CIK 0001851003),8-K,2025-11-24,0001193125-25-293671:zeta-ex99_1.htm,0001193125-25-293671,,,,,,,,https://www.sec.gov/cgi-bin/browse-edgar?action=getcompany&CIK=1851003,,ZETA
"""generative artificial intelligence""",1021635,OGE ENERGY CORP.  (OGE)  (CIK 0001021635),8-K,2025-11-24,0001104659-25-115429:tm2530364d3_ex99-01.htm,0001104659-25-115429,,,,,,,,https://www.sec.gov/cgi-bin/browse-edgar?action=getcompany&CIK=1021635,,OGE
"""generative AI""",1646188,Ondas Holdings Inc.  (ONDS)  (CIK 0001646188),8-K,2025-11-25,0001213900-25-114433:ea026688601ex2-1_ondas.htm,0001213900-25-114433,,,,,,,,https://www.sec.gov/cgi-bin/browse-edgar?action=getcompany&CIK=1646188,,ONDS
"""generative AI""",1568100,"PagerDuty, Inc.  (PD)  (CIK 0001568100)",8-K,2025-11-25,0001568100-25-000106:ex991-pagerdutyq3fy26earni.htm,0001568100-25-000106,,,,,,,,https://www.sec.gov/cgi-bin/browse-edgar?action=getcompany&CIK=1568100,,PD
"""generative AI""",1289419,"Morningstar, Inc.  (MORN)  (CIK 0001289419)",8-K,2025-11-25,0001289419-25-000174:a112525investorquestions.htm,0001289419-25-000174,,,,,,,,https://www.sec.gov/cgi-bin/browse-edgar?action=getcompany&CIK=1289419,,MORN
"""generative artificial intelligence""",1711754,"Inmune Bio, Inc.  (INMB)  (CIK 0001711754)",8-K,2025-11-28,0001213900-25-115921:ea026754601ex10-3_inmune.htm,0001213900-25-115921,,,,,,,,https://www.sec.gov/cgi-bin/browse-edgar?action=getcompany&CIK=1711754,,INMB
"""AI collaboration""",883241,SYNOPSYS INC  (SNPS)  (CIK 0000883241),8-K,2025-12-01,0001193125-25-303209:d36680dex991.htm,0001193125-25-303209,,,,,,,,https://www.sec.gov/cgi-bin/browse-edgar?action=getcompany&CIK=883241,,SNPS
"""generative AI""",49196,"HUNTINGTON BANCSHARES INC /MD/  (HBAN, HBANL, HBANM, HBANP)  (CIK 0000049196)",8-K,2025-12-01,0001140361-25-043724:ny20057909x3_ex99-1.htm,0001140361-25-043724,,,,,,,,https://www.sec.gov/cgi-bin/browse-edgar?action=getcompany&CIK=49196,,HBAN
"""generative AI""",49196,"HUNTINGTON BANCSHARES INC /MD/  (HBAN, HBANL, HBANM, HBANP)  (CIK 0000049196)",8-K,2025-12-01,0001140361-25-043724:ny20057909x3_ex99-1.htm,0001140361-25-043724,,,,,,,,https://www.sec.gov/cgi-bin/browse-edgar?action=getcompany&CIK=49196,,HBANZ
"""generative AI""",49196,"HUNTINGTON BANCSHARES INC /MD/  (HBAN, HBANL, HBANM, HBANP)  (CIK 0000049196)",8-K,2025-12-01,0001140361-25-043724:ny20057909x3_ex99-1.htm,0001140361-25-043724,,,,,,,,https://www.sec.gov/cgi-bin/browse-edgar?action=getcompany&CIK=49196,,HBANL
"""generative AI""",49196,"HUNTINGTON BANCSHARES INC /MD/  (HBAN, HBANL, HBANM, HBANP)  (CIK 0000049196)",8-K,2025-12-01,0001140361-25-043724:ny20057909x3_ex99-1.htm,0001140361-25-043724,,,,,,,,https://www.sec.gov/cgi-bin/browse-edgar?action=getcompany&CIK=49196,,HBANM
"""generative AI""",49196,"HUNTINGTON BANCSHARES INC /MD/  (HBAN, HBANL, HBANM, HBANP)  (CIK 0000049196)",8-K,2025-12-01,0001140361-25-043724:ny20057909x3_ex99-1.htm,0001140361-25-043724,,,,,,,,https://www.sec.gov/cgi-bin/browse-edgar?action=getcompany&CIK=49196,,HBANP
"""generative artificial intelligence""",64040,S&P Global Inc.  (SPGI)  (CIK 0000064040),8-K,2025-12-01,0001193125-25-304079:d56102dex991.htm,0001193125-25-304079,,,,,,,,https://www.sec.gov/cgi-bin/browse-edgar?action=getcompany&CIK=64040,,SPGI
"""AI collaboration""",1477720,"Asana, Inc.  (ASAN)  (CIK 0001477720)",8-K,2025-12-02,0001477720-25-000235:asana8-kex991q3fy26.htm,0001477720-25-000235,,,,,,,,https://www.sec.gov/cgi-bin/browse-edgar?action=getcompany&CIK=1477720,,ASAN
"""generative AI""",1577526,"C3.ai, Inc.  (AI)  (CIK 0001577526)",8-K,2025-12-03,0001577526-25-000052:ex991-fy26xq2earnings.htm,0001577526-25-000052,,,,,,,,https://www.sec.gov/cgi-bin/browse-edgar?action=getcompany&CIK=1577526,,AI
"""generative AI""",1108524,"Salesforce, Inc.  (CRM)  (CIK 0001108524)",8-K,2025-12-03,0001108524-25-000234:crm-q3fy26xexhibit991.htm,0001108524-25-000234,,,,,,,,https://www.sec.gov/cgi-bin/browse-edgar?action=getcompany&CIK=1108524,,CRM
"""generative AI""",1498148,Artificial Intelligence Technology Solutions Inc.  (AITX)  (CIK 0001498148),8-K,2025-12-03,0001062993-25-017149:exhibit99-1.htm,0001062993-25-017149,,,,,,,,https://www.sec.gov/cgi-bin/browse-edgar?action=getcompany&CIK=1498148,,AITX
"""generative artificial intelligence""",1120970,Comstock Inc.  (LODE)  (CIK 0001120970),8-K,2025-12-03,0001437749-25-036800:ex_894535.htm,0001437749-25-036800,,,,,,,,https://www.sec.gov/cgi-bin/browse-edgar?action=getcompany&CIK=1120970,,LODE
"""generative AI""",1131554,SYNCHRONOSS TECHNOLOGIES INC  (SNCR)  (CIK 0001131554),8-K,2025-12-04,0001628280-25-055229:ex21projectskyfall-agreeme.htm,0001628280-25-055229,,,,,,,,https://www.sec.gov/cgi-bin/browse-edgar?action=getcompany&CIK=1131554,,
"""generative AI""",1679268,"MAMMOTH ENERGY SERVICES, INC.  (TUSK)  (CIK 0001679268)",8-K,2025-12-04,0001679268-25-000046:ex101equitypurchaseagree.htm,0001679268-25-000046,,,,,,,,https://www.sec.gov/cgi-bin/browse-edgar?action=getcompany&CIK=1679268,,TUSK
"""generative artificial intelligence""",107140,"JOHN WILEY & SONS, INC.  (WLY, WLYB)  (CIK 0000107140)",8-K,2025-12-04,0000107140-25-000194:ex991.htm,0000107140-25-000194,,,,,,,,https://www.sec.gov/cgi-bin/browse-edgar?action=getcompany&CIK=107140,,WLY
"""generative artificial intelligence""",107140,"JOHN WILEY & SONS, INC.  (WLY, WLYB)  (CIK 0000107140)",8-K,2025-12-04,0000107140-25-000194:ex991.htm,0000107140-25-000194,,,,,,,,https://www.sec.gov/cgi-bin/browse-edgar?action=getcompany&CIK=107140,,WLYB
"""AI acquisition""",1604191,GridAI Technologies Corp.  (ENTO)  (CIK 0001604191),8-K,2025-12-04,0001104659-25-118524:tm2532710d1_ex99-2.htm,0001104659-25-118524,,,,,,,,https://www.sec.gov/cgi-bin/browse-edgar?action=getcompany&CIK=1604191,,GRDX
"""generative AI""",1583708,"SentinelOne, Inc.  (S)  (CIK 0001583708)",8-K,2025-12-04,0001583708-25-000157:s-q3fy26earningspresenta.htm,0001583708-25-000157,,,,,,,,https://www.sec.gov/cgi-bin/browse-edgar?action=getcompany&CIK=1583708,,S
"""generative artificial intelligence""",1877184,"KESTRA MEDICAL TECHNOLOGIES, LTD.  (KMTS)  (CIK 0001877184)",8-K,2025-12-04,0001193125-25-308144:d92377dex11.htm,0001193125-25-308144,,,,,,,,https://www.sec.gov/cgi-bin/browse-edgar?action=getcompany&CIK=1877184,,KMTS
"""generative artificial intelligence""",1261333,"DOCUSIGN, INC.  (DOCU)  (CIK 0001261333)",8-K,2025-12-04,0001261333-25-000146:q326ex-991er.htm,0001261333-25-000146,,,,,,,,https://www.sec.gov/cgi-bin/browse-edgar?action=getcompany&CIK=1261333,,DOCU
"""generative artificial intelligence""",823277,"CHS INC  (CHSCL, CHSCM, CHSCN, CHSCO, CHSCP)  (CIK 0000823277)",8-K,2025-12-05,0000823277-25-000042:ex992cforeport_chsannual.htm,0000823277-25-000042,,,,,,,,https://www.sec.gov/cgi-bin/browse-edgar?action=getcompany&CIK=823277,,CHSCP
"""generative artificial intelligence""",823277,"CHS INC  (CHSCL, CHSCM, CHSCN, CHSCO, CHSCP)  (CIK 0000823277)",8-K,2025-12-05,0000823277-25-000042:ex992cforeport_chsannual.htm,0000823277-25-000042,,,,,,,,https://www.sec.gov/cgi-bin/browse-edgar?action=getcompany&CIK=823277,,CHSCL
"""generative artificial intelligence""",823277,"CHS INC  (CHSCL, CHSCM, CHSCN, CHSCO, CHSCP)  (CIK 0000823277)",8-K,2025-12-05,0000823277-25-000042:ex992cforeport_chsannual.htm,0000823277-25-000042,,,,,,,,https://www.sec.gov/cgi-bin/browse-edgar?action=getcompany&CIK=823277,,CHSCM
"""generative artificial intelligence""",823277,"CHS INC  (CHSCL, CHSCM, CHSCN, CHSCO, CHSCP)  (CIK 0000823277)",8-K,2025-12-05,0000823277-25-000042:ex992cforeport_chsannual.htm,0000823277-25-000042,,,,,,,,https://www.sec.gov/cgi-bin/browse-edgar?action=getcompany&CIK=823277,,CHSCN
"""generative artificial intelligence""",823277,"CHS INC  (CHSCL, CHSCM, CHSCN, CHSCO, CHSCP)  (CIK 0000823277)",8-K,2025-12-05,0000823277-25-000042:ex992cforeport_chsannual.htm,0000823277-25-000042,,,,,,,,https://www.sec.gov/cgi-bin/browse-edgar?action=getcompany&CIK=823277,,CHSCO
"""generative AI""",1883085,"Pagaya Technologies Ltd.  (PGY, PGYWW)  (CIK 0001883085)",8-K,2025-12-05,0001883085-25-000204:pgy-20251205_d2.htm,0001883085-25-000204,,,,,,,,https://www.sec.gov/cgi-bin/browse-edgar?action=getcompany&CIK=1883085,,PGY
"""generative AI""",1883085,"Pagaya Technologies Ltd.  (PGY, PGYWW)  (CIK 0001883085)",8-K,2025-12-05,0001883085-25-000204:pgy-20251205_d2.htm,0001883085-25-000204,,,,,,,,https://www.sec.gov/cgi-bin/browse-edgar?action=getcompany&CIK=1883085,,PGYWW
"""generative AI""",64463,"Soluna Holdings, Inc  (SLNH, SLNHP)  (CIK 0000064463)",8-K,2025-12-05,0001493152-25-026256:ex99-1.htm,0001493152-25-026256,,,,,,,,https://www.sec.gov/cgi-bin/browse-edgar?action=getcompany&CIK=64463,,SLNH
"""generative AI""",64463,"Soluna Holdings, Inc  (SLNH, SLNHP)  (CIK 0000064463)",8-K,2025-12-05,0001493152-25-026256:ex99-1.htm,0001493152-25-026256,,,,,,,,https://www.sec.gov/cgi-bin/browse-edgar?action=getcompany&CIK=64463,,SLNHP
"""generative AI""",1699838,"Confluent, Inc.  (CFLT)  (CIK 0001699838)",8-K,2025-12-08,0001104659-25-119081:tm2532777d2_ex99-1.htm,0001104659-25-119081,,,,,,,,https://www.sec.gov/cgi-bin/browse-edgar?action=getcompany&CIK=1699838,,
"""generative AI""",1325964,"Lightwave Logic, Inc.  (LWLG)  (CIK 0001325964)",8-K,2025-12-08,0001079973-25-001824:ex99x1.htm,0001079973-25-001824,,,,,,,,https://www.sec.gov/cgi-bin/browse-edgar?action=getcompany&CIK=1325964,,LWLG
"""generative artificial intelligence""",789019,MICROSOFT CORP  (MSFT)  (CIK 0000789019),8-K,2025-12-08,0001193125-25-311196:d34077d8k.htm,0001193125-25-311196,,,,,,,,https://www.sec.gov/cgi-bin/browse-edgar?action=getcompany&CIK=789019,,MSFT
"""generative artificial intelligence""",1833197,"Latham Group, Inc.  (SWIM)  (CIK 0001833197)",8-K,2025-12-08,0001104659-25-119317:tm2532973d1_ex99.htm,0001104659-25-119317,,,,,,,,https://www.sec.gov/cgi-bin/browse-edgar?action=getcompany&CIK=1833197,,SWIM
"""generative artificial intelligence""",1120970,Comstock Inc.  (LODE)  (CIK 0001120970),8-K,2025-12-08,0001437749-25-037146:ex_896514.htm,0001437749-25-037146,,,,,,,,https://www.sec.gov/cgi-bin/browse-edgar?action=getcompany&CIK=1120970,,LODE
"""generative AI""",64463,"Soluna Holdings, Inc  (SLNH, SLNHP)  (CIK 0000064463)",8-K,2025-12-08,0001493152-25-026531:ex99-1.htm,0001493152-25-026531,,,,,,,,https://www.sec.gov/cgi-bin/browse-edgar?action=getcompany&CIK=64463,,SLNH
"""generative AI""",64463,"Soluna Holdings, Inc  (SLNH, SLNHP)  (CIK 0000064463)",8-K,2025-12-08,0001493152-25-026531:ex99-1.htm,0001493152-25-026531,,,,,,,,https://www.sec.gov/cgi-bin/browse-edgar?action=getcompany&CIK=64463,,SLNHP
"""generative artificial intelligence""",2011641,Ferguson Enterprises Inc. /DE/  (FERG)  (CIK 0002011641),8-K,2025-12-09,0002011641-25-000057:exhibit991pressreleaseocto.htm,0002011641-25-000057,,,,,,,,https://www.sec.gov/cgi-bin/browse-edgar?action=getcompany&CIK=2011641,,FERG
"""generative AI""",64463,"Soluna Holdings, Inc  (SLNH, SLNHP)  (CIK 0000064463)",8-K,2025-12-09,0001493152-25-026774:ex99-1.htm,0001493152-25-026774,,,,,,,,https://www.sec.gov/cgi-bin/browse-edgar?action=getcompany&CIK=64463,,SLNH
"""generative AI""",64463,"Soluna Holdings, Inc  (SLNH, SLNHP)  (CIK 0000064463)",8-K,2025-12-09,0001493152-25-026774:ex99-1.htm,0001493152-25-026774,,,,,,,,https://www.sec.gov/cgi-bin/browse-edgar?action=getcompany&CIK=64463,,SLNHP
"""generative AI""",1839285,"Healthcare Triangle, Inc.  (HCTI)  (CIK 0001839285)",8-K,2025-12-10,0001213900-25-119878:ea026910601ex99-1_healthcare.htm,0001213900-25-119878,,,,,,,,https://www.sec.gov/cgi-bin/browse-edgar?action=getcompany&CIK=1839285,,HCTI
"""generative artificial intelligence""",107140,"JOHN WILEY & SONS, INC.  (WLY, WLYB)  (CIK 0000107140)",8-K,2025-12-10,0000107140-25-000200:exhibit991-sharerepurchase.htm,0000107140-25-000200,,,,,,,,https://www.sec.gov/cgi-bin/browse-edgar?action=getcompany&CIK=107140,,WLY
"""generative artificial intelligence""",107140,"JOHN WILEY & SONS, INC.  (WLY, WLYB)  (CIK 0000107140)",8-K,2025-12-10,0000107140-25-000200:exhibit991-sharerepurchase.htm,0000107140-25-000200,,,,,,,,https://www.sec.gov/cgi-bin/browse-edgar?action=getcompany&CIK=107140,,WLYB
"""generative AI""",2038439,"VisionWave Holdings, Inc.  (VWAV, VWAVW)  (CIK 0002038439)",8-K,2025-12-10,0001731122-25-001653:e7106_8-k.htm,0001731122-25-001653,,,,,,,,https://www.sec.gov/cgi-bin/browse-edgar?action=getcompany&CIK=2038439,,VWAV
"""generative AI""",2038439,"VisionWave Holdings, Inc.  (VWAV, VWAVW)  (CIK 0002038439)",8-K,2025-12-10,0001731122-25-001653:e7106_8-k.htm,0001731122-25-001653,,,,,,,,https://www.sec.gov/cgi-bin/browse-edgar?action=getcompany&CIK=2038439,,VWAVW
"""large language model""",883948,"Atlantic Union Bankshares Corp  (AUB, AUB-PA)  (CIK 0000883948)",8-K,2025-12-10,0000883948-25-000114:aub-20251210xex99d1.htm,0000883948-25-000114,,,,,,,,https://www.sec.gov/cgi-bin/browse-edgar?action=getcompany&CIK=883948,,AUB
"""large language model""",883948,"Atlantic Union Bankshares Corp  (AUB, AUB-PA)  (CIK 0000883948)",8-K,2025-12-10,0000883948-25-000114:aub-20251210xex99d1.htm,0000883948-25-000114,,,,,,,,https://www.sec.gov/cgi-bin/browse-edgar?action=getcompany&CIK=883948,,AUB-PA
"""generative artificial intelligence""",1667011,"Arteris, Inc.  (AIP)  (CIK 0001667011)",8-K,2025-12-11,0001193125-25-315992:d18423dex21.htm,0001193125-25-315992,,,,,,,,https://www.sec.gov/cgi-bin/browse-edgar?action=getcompany&CIK=1667011,,AIP
"""generative AI""",1667313,"Zedge, Inc.  (ZDGE)  (CIK 0001667313)",8-K,2025-12-12,0001213900-25-120916:ea026930001ex99-1_zedge.htm,0001213900-25-120916,,,,,,,,https://www.sec.gov/cgi-bin/browse-edgar?action=getcompany&CIK=1667313,,ZDGE
"""generative artificial intelligence""",1630212,Avalon GloboCare Corp.  (ALBT)  (CIK 0001630212),8-K,2025-12-15,0001213900-25-121489:ea026962401ex2-1_avalon.htm,0001213900-25-121489,,,,,,,,https://www.sec.gov/cgi-bin/browse-edgar?action=getcompany&CIK=1630212,,CHGA
"""generative artificial intelligence""",1630212,Avalon GloboCare Corp.  (ALBT)  (CIK 0001630212),8-K,2025-12-15,0001213900-25-121489:ea026962401ex2-1_avalon.htm,0001213900-25-121489,,,,,,,,https://www.sec.gov/cgi-bin/browse-edgar?action=getcompany&CIK=1630212,,ALBT
"""generative AI""",2032379,"Willow Lane Acquisition Corp.  (WLAC, WLACU, WLACW)  (CIK 0002032379)",8-K,2025-12-15,0001493152-25-027804:ex99-1.htm,0001493152-25-027804,,,,,,,,https://www.sec.gov/cgi-bin/browse-edgar?action=getcompany&CIK=2032379,,
"""generative artificial intelligence""",1800227,IAC Inc.  (IAC)  (CIK 0001800227),8-K,2025-12-16,0001104659-25-121655:tm2533613d1_8k.htm,0001104659-25-121655,,,,,,,,https://www.sec.gov/cgi-bin/browse-edgar?action=getcompany&CIK=1800227,,PPLI
"""generative AI""",1325964,"Lightwave Logic, Inc.  (LWLG)  (CIK 0001325964)",8-K,2025-12-17,0001079973-25-001867:ex99x1.htm,0001079973-25-001867,,,,,,,,https://www.sec.gov/cgi-bin/browse-edgar?action=getcompany&CIK=1325964,,LWLG
"""generative AI""",1651562,"Coursera, Inc.  (COUR)  (CIK 0001651562)",8-K,2025-12-17,0001140361-25-045770:ef20061429_ex99-1.htm,0001140361-25-045770,,,,,,,,https://www.sec.gov/cgi-bin/browse-edgar?action=getcompany&CIK=1651562,,COUR
"""generative AI""",1416090,BLUSKY AI INC.  (BSAI)  (CIK 0001416090),8-K,2025-12-17,0001493152-25-028095:ex99-1.htm,0001493152-25-028095,,,,,,,,https://www.sec.gov/cgi-bin/browse-edgar?action=getcompany&CIK=1416090,,BSAI
"""generative AI""",1607939,"Udemy, Inc.  (UDMY)  (CIK 0001607939)",8-K,2025-12-17,0001193125-25-321719:d41058dex991.htm,0001193125-25-321719,,,,,,,,https://www.sec.gov/cgi-bin/browse-edgar?action=getcompany&CIK=1607939,,
"""generative AI""",2042022,"WhiteFiber, Inc.  (WYFI)  (CIK 0002042022)",8-K,2025-12-18,0001213900-25-123321:ea026991801ex99-1_white.htm,0001213900-25-123321,,,,,,,,https://www.sec.gov/cgi-bin/browse-edgar?action=getcompany&CIK=2042022,,WYFI
"""AI initiative""",1546853,"Skkynet Cloud Systems, Inc.  (SKKY)  (CIK 0001546853)",8-K,2025-12-18,0001477932-25-009037:skky_ex991.htm,0001477932-25-009037,,,,,,,,https://www.sec.gov/cgi-bin/browse-edgar?action=getcompany&CIK=1546853,,SKKY
"""generative AI""",1620463,"Athira Pharma, Inc.  (ATHA)  (CIK 0001620463)",8-K,2025-12-18,0001193125-25-323692:atha-ex99_3.htm,0001193125-25-323692,,,,,,,,https://www.sec.gov/cgi-bin/browse-edgar?action=getcompany&CIK=1620463,,LONA
"""generative AI""",2033383,"Fusemachines Inc.  (FUSE, FUSEW)  (CIK 0002033383)",8-K,2025-12-18,0001493152-25-028378:ex99-1.htm,0001493152-25-028378,,,,,,,,https://www.sec.gov/cgi-bin/browse-edgar?action=getcompany&CIK=2033383,,FUSE
"""generative AI""",2033383,"Fusemachines Inc.  (FUSE, FUSEW)  (CIK 0002033383)",8-K,2025-12-18,0001493152-25-028378:ex99-1.htm,0001493152-25-028378,,,,,,,,https://www.sec.gov/cgi-bin/browse-edgar?action=getcompany&CIK=2033383,,FUSEW
"""generative AI""",1048477,BIOMARIN PHARMACEUTICAL INC  (BMRN)  (CIK 0001048477),8-K,2025-12-19,0001193125-25-325856:d49247dex21.htm,0001193125-25-325856,,,,,,,,https://www.sec.gov/cgi-bin/browse-edgar?action=getcompany&CIK=1048477,,BMRN
"""generative AI""",1178879,"AMICUS THERAPEUTICS, INC.  (FOLD)  (CIK 0001178879)",8-K,2025-12-19,0001140361-25-046134:ef20061157_ex2-1.htm,0001140361-25-046134,,,,,,,,https://www.sec.gov/cgi-bin/browse-edgar?action=getcompany&CIK=1178879,,
"""generative artificial intelligence""",730708,SEACOAST BANKING CORP OF FLORIDA  (SBCF)  (CIK 0000730708),8-K,2025-12-19,0000730708-25-000240:sbcfpressrelease20251219.htm,0000730708-25-000240,,,,,,,,https://www.sec.gov/cgi-bin/browse-edgar?action=getcompany&CIK=730708,,SBCF
"""generative AI""",1838163,"Brand Engagement Network Inc.  (BNAI, BNAIW)  (CIK 0001838163)",8-K,2025-12-29,0001493152-25-029157:ex99-1.htm,0001493152-25-029157,,,,,,,,https://www.sec.gov/cgi-bin/browse-edgar?action=getcompany&CIK=1838163,,BNAI
"""generative AI""",1838163,"Brand Engagement Network Inc.  (BNAI, BNAIW)  (CIK 0001838163)",8-K,2025-12-29,0001493152-25-029157:ex99-1.htm,0001493152-25-029157,,,,,,,,https://www.sec.gov/cgi-bin/browse-edgar?action=getcompany&CIK=1838163,,BNAIW
"""generative AI""",1630212,Avalon GloboCare Corp.  (ALBT)  (CIK 0001630212),8-K,2025-12-30,0001213900-25-126354:ea0271238ex99-1_avalon.htm,0001213900-25-126354,,,,,,,,https://www.sec.gov/cgi-bin/browse-edgar?action=getcompany&CIK=1630212,,CHGA
"""generative AI""",1630212,Avalon GloboCare Corp.  (ALBT)  (CIK 0001630212),8-K,2025-12-30,0001213900-25-126354:ea0271238ex99-1_avalon.htm,0001213900-25-126354,,,,,,,,https://www.sec.gov/cgi-bin/browse-edgar?action=getcompany&CIK=1630212,,ALBT
"""generative AI""",1905956,TREASURE GLOBAL INC  (TGL)  (CIK 0001905956),8-K,2026-01-02,0001213900-26-000442:ea0271520-8k_treasure.htm,0001213900-26-000442,,,,,,,,https://www.sec.gov/cgi-bin/browse-edgar?action=getcompany&CIK=1905956,,TGL
"""generative AI""",1951070,"McGraw Hill, Inc.  (MH)  (CIK 0001951070)",8-K,2026-01-06,0001193125-26-003463:d65701dex991.htm,0001193125-26-003463,,,,,,,,https://www.sec.gov/cgi-bin/browse-edgar?action=getcompany&CIK=1951070,,MH
"""generative AI""",1910139,Mobileye Global Inc.  (MBLY)  (CIK 0001910139),8-K,2026-01-06,0001104659-26-001340:tm261864d1_ex2-1.htm,0001104659-26-001340,,,,,,,,https://www.sec.gov/cgi-bin/browse-edgar?action=getcompany&CIK=1910139,,MBLY
"""generative AI""",1669162,"Kinsale Capital Group, Inc.  (KNSL)  (CIK 0001669162)",8-K,2026-01-08,0001669162-26-000004:investorday-1x8x2026.htm,0001669162-26-000004,,,,,,,,https://www.sec.gov/cgi-bin/browse-edgar?action=getcompany&CIK=1669162,,KNSL
"""generative AI""",1040470,AEHR TEST SYSTEMS  (AEHR)  (CIK 0001040470),8-K,2026-01-08,0001654954-26-000197:aehr_ex991.htm,0001654954-26-000197,,,,,,,,https://www.sec.gov/cgi-bin/browse-edgar?action=getcompany&CIK=1040470,,AEHR
"""generative AI""",1781174,"Acrivon Therapeutics, Inc.  (ACRV)  (CIK 0001781174)",8-K,2026-01-08,0001193125-26-007007:acrv-ex99_1.htm,0001193125-26-007007,,,,,,,,https://www.sec.gov/cgi-bin/browse-edgar?action=getcompany&CIK=1781174,,ACRV
"""generative AI""",64463,"Soluna Holdings, Inc  (SLNH, SLNHP)  (CIK 0000064463)",8-K,2026-01-08,0001493152-26-000891:ex99-1.htm,0001493152-26-000891,,,,,,,,https://www.sec.gov/cgi-bin/browse-edgar?action=getcompany&CIK=64463,,SLNH
"""generative AI""",64463,"Soluna Holdings, Inc  (SLNH, SLNHP)  (CIK 0000064463)",8-K,2026-01-08,0001493152-26-000891:ex99-1.htm,0001493152-26-000891,,,,,,,,https://www.sec.gov/cgi-bin/browse-edgar?action=getcompany&CIK=64463,,SLNHP
"""generative artificial intelligence""",1022408,EPLUS INC  (PLUS)  (CIK 0001022408),8-K,2026-01-08,0001022408-26-000009:99-1.htm,0001022408-26-000009,,,,,,,,https://www.sec.gov/cgi-bin/browse-edgar?action=getcompany&CIK=1022408,,PLUS
"""generative AI""",1630212,Avalon GloboCare Corp.  (ALBT)  (CIK 0001630212),8-K,2026-01-12,0001213900-26-003178:ea027252201ex99-1_avalon.htm,0001213900-26-003178,,,,,,,,https://www.sec.gov/cgi-bin/browse-edgar?action=getcompany&CIK=1630212,,CHGA
"""generative AI""",1630212,Avalon GloboCare Corp.  (ALBT)  (CIK 0001630212),8-K,2026-01-12,0001213900-26-003178:ea027252201ex99-1_avalon.htm,0001213900-26-003178,,,,,,,,https://www.sec.gov/cgi-bin/browse-edgar?action=getcompany&CIK=1630212,,ALBT
"""generative AI""",1601830,"RECURSION PHARMACEUTICALS, INC.  (RXRX)  (CIK 0001601830)",8-K,2026-01-12,0001601830-26-000002:recursionjpm2026presenta.htm,0001601830-26-000002,,,,,,,,https://www.sec.gov/cgi-bin/browse-edgar?action=getcompany&CIK=1601830,,RXRX
"""generative AI""",1854368,Digi Power X Inc.  (DGXX)  (CIK 0001854368),8-K,2026-01-12,0001213900-26-003146:ea027251801ex99-1_digi.htm,0001213900-26-003146,,,,,,,,https://www.sec.gov/cgi-bin/browse-edgar?action=getcompany&CIK=1854368,,DGXX
"""generative AI""",2065779,"D. Boral ARC Acquisition I Corp.  (BCAR, BCARU, BCARW)  (CIK 0002065779)",8-K,2026-01-13,0001829126-26-000260:dboralarcacq1_ex99-1.htm,0001829126-26-000260,,,,,,,,https://www.sec.gov/cgi-bin/browse-edgar?action=getcompany&CIK=2065779,,BCAR
"""generative AI""",2065779,"D. Boral ARC Acquisition I Corp.  (BCAR, BCARU, BCARW)  (CIK 0002065779)",8-K,2026-01-13,0001829126-26-000260:dboralarcacq1_ex99-1.htm,0001829126-26-000260,,,,,,,,https://www.sec.gov/cgi-bin/browse-edgar?action=getcompany&CIK=2065779,,BCARW
"""generative AI""",2065779,"D. Boral ARC Acquisition I Corp.  (BCAR, BCARU, BCARW)  (CIK 0002065779)",8-K,2026-01-13,0001829126-26-000260:dboralarcacq1_ex99-1.htm,0001829126-26-000260,,,,,,,,https://www.sec.gov/cgi-bin/browse-edgar?action=getcompany&CIK=2065779,,BCARU
"""generative AI""",1803599,Concentrix Corp  (CNXC)  (CIK 0001803599),8-K,2026-01-13,0001803599-26-000003:exhibit991q42025.htm,0001803599-26-000003,,,,,,,,https://www.sec.gov/cgi-bin/browse-edgar?action=getcompany&CIK=1803599,,CNXC
"""generative AI""",64463,"Soluna Holdings, Inc  (SLNH, SLNHP)  (CIK 0000064463)",8-K,2026-01-13,0001493152-26-001945:ex99-1.htm,0001493152-26-001945,,,,,,,,https://www.sec.gov/cgi-bin/browse-edgar?action=getcompany&CIK=64463,,SLNH
"""generative AI""",64463,"Soluna Holdings, Inc  (SLNH, SLNHP)  (CIK 0000064463)",8-K,2026-01-13,0001493152-26-001945:ex99-1.htm,0001493152-26-001945,,,,,,,,https://www.sec.gov/cgi-bin/browse-edgar?action=getcompany&CIK=64463,,SLNHP
"""generative AI""",1976663,"Nexscient, Inc.  (NXNT)  (CIK 0001976663)",8-K,2026-01-14,0001477932-26-000196:nexscient_ex101.htm,0001477932-26-000196,,,,,,,,https://www.sec.gov/cgi-bin/browse-edgar?action=getcompany&CIK=1976663,,NXNT
"""generative artificial intelligence""",72971,"WELLS FARGO & COMPANY/MN  (WFC, WFCNP, WFC-PA, WFC-PC, WFC-PD, WFC-PL, WFC-PY, WFC-PZ)  (CIK 0000072971)",8-K,2026-01-14,0000072971-26-000009:ex993-wellsfargo4q25pres.htm,0000072971-26-000009,,,,,,,,https://www.sec.gov/cgi-bin/browse-edgar?action=getcompany&CIK=72971,,WFC
"""generative artificial intelligence""",72971,"WELLS FARGO & COMPANY/MN  (WFC, WFCNP, WFC-PA, WFC-PC, WFC-PD, WFC-PL, WFC-PY, WFC-PZ)  (CIK 0000072971)",8-K,2026-01-14,0000072971-26-000009:ex993-wellsfargo4q25pres.htm,0000072971-26-000009,,,,,,,,https://www.sec.gov/cgi-bin/browse-edgar?action=getcompany&CIK=72971,,WFC-PY
"""generative artificial intelligence""",72971,"WELLS FARGO & COMPANY/MN  (WFC, WFCNP, WFC-PA, WFC-PC, WFC-PD, WFC-PL, WFC-PY, WFC-PZ)  (CIK 0000072971)",8-K,2026-01-14,0000072971-26-000009:ex993-wellsfargo4q25pres.htm,0000072971-26-000009,,,,,,,,https://www.sec.gov/cgi-bin/browse-edgar?action=getcompany&CIK=72971,,WFC-PL
"""generative artificial intelligence""",72971,"WELLS FARGO & COMPANY/MN  (WFC, WFCNP, WFC-PA, WFC-PC, WFC-PD, WFC-PL, WFC-PY, WFC-PZ)  (CIK 0000072971)",8-K,2026-01-14,0000072971-26-000009:ex993-wellsfargo4q25pres.htm,0000072971-26-000009,,,,,,,,https://www.sec.gov/cgi-bin/browse-edgar?action=getcompany&CIK=72971,,WFC-PC
"""generative artificial intelligence""",72971,"WELLS FARGO & COMPANY/MN  (WFC, WFCNP, WFC-PA, WFC-PC, WFC-PD, WFC-PL, WFC-PY, WFC-PZ)  (CIK 0000072971)",8-K,2026-01-14,0000072971-26-000009:ex993-wellsfargo4q25pres.htm,0000072971-26-000009,,,,,,,,https://www.sec.gov/cgi-bin/browse-edgar?action=getcompany&CIK=72971,,WFC-PD
"""generative artificial intelligence""",72971,"WELLS FARGO & COMPANY/MN  (WFC, WFCNP, WFC-PA, WFC-PC, WFC-PD, WFC-PL, WFC-PY, WFC-PZ)  (CIK 0000072971)",8-K,2026-01-14,0000072971-26-000009:ex993-wellsfargo4q25pres.htm,0000072971-26-000009,,,,,,,,https://www.sec.gov/cgi-bin/browse-edgar?action=getcompany&CIK=72971,,WFC-PZ
"""generative artificial intelligence""",72971,"WELLS FARGO & COMPANY/MN  (WFC, WFCNP, WFC-PA, WFC-PC, WFC-PD, WFC-PL, WFC-PY, WFC-PZ)  (CIK 0000072971)",8-K,2026-01-14,0000072971-26-000009:ex993-wellsfargo4q25pres.htm,0000072971-26-000009,,,,,,,,https://www.sec.gov/cgi-bin/browse-edgar?action=getcompany&CIK=72971,,WFCNP
"""generative artificial intelligence""",72971,"WELLS FARGO & COMPANY/MN  (WFC, WFCNP, WFC-PA, WFC-PC, WFC-PD, WFC-PL, WFC-PY, WFC-PZ)  (CIK 0000072971)",8-K,2026-01-14,0000072971-26-000009:ex993-wellsfargo4q25pres.htm,0000072971-26-000009,,,,,,,,https://www.sec.gov/cgi-bin/browse-edgar?action=getcompany&CIK=72971,,WFC-PA
"""generative AI""",1672688,Absci Corp  (ABSI)  (CIK 0001672688),8-K,2026-01-14,0001672688-26-000003:finalabscijpm2026present.htm,0001672688-26-000003,,,,,,,,https://www.sec.gov/cgi-bin/browse-edgar?action=getcompany&CIK=1672688,,ABSI
"""generative AI""",64463,"Soluna Holdings, Inc  (SLNH, SLNHP)  (CIK 0000064463)",8-K,2026-01-15,0001493152-26-002337:ex99-1.htm,0001493152-26-002337,,,,,,,,https://www.sec.gov/cgi-bin/browse-edgar?action=getcompany&CIK=64463,,SLNH
"""generative AI""",64463,"Soluna Holdings, Inc  (SLNH, SLNHP)  (CIK 0000064463)",8-K,2026-01-15,0001493152-26-002337:ex99-1.htm,0001493152-26-002337,,,,,,,,https://www.sec.gov/cgi-bin/browse-edgar?action=getcompany&CIK=64463,,SLNHP
"""generative AI""",885725,BOSTON SCIENTIFIC CORP  (BSX)  (CIK 0000885725),8-K,2026-01-15,0000947871-26-000037:ss5822815_ex0201.htm,0000947871-26-000037,,,,,,,,https://www.sec.gov/cgi-bin/browse-edgar?action=getcompany&CIK=885725,,BSX
"""generative AI""",1321732,Penumbra Inc  (PEN)  (CIK 0001321732),8-K,2026-01-15,0000950103-26-000523:dp240008_ex0201.htm,0000950103-26-000523,,,,,,,,https://www.sec.gov/cgi-bin/browse-edgar?action=getcompany&CIK=1321732,,PEN
"""generative artificial intelligence""",1278027,"B&G Foods, Inc.  (BGS)  (CIK 0001278027)",8-K,2026-01-16,0001104659-26-004534:tm263305d1_ex99-1.htm,0001104659-26-004534,,,,,,,,https://www.sec.gov/cgi-bin/browse-edgar?action=getcompany&CIK=1278027,,BGS
"""generative AI""",2051820,Mount Logan Capital Inc.  (MLCI)  (CIK 0002051820),8-K,2026-01-16,0001628280-26-002447:exhibit11-8xkbabybondpriced.htm,0001628280-26-002447,,,,,,,,https://www.sec.gov/cgi-bin/browse-edgar?action=getcompany&CIK=2051820,,MLCI
"""generative AI""",2051820,Mount Logan Capital Inc.  (MLCI)  (CIK 0002051820),8-K,2026-01-16,0001628280-26-002447:exhibit11-8xkbabybondpriced.htm,0001628280-26-002447,,,,,,,,https://www.sec.gov/cgi-bin/browse-edgar?action=getcompany&CIK=2051820,,MLCIL
"""AI initiative""",1819142,"SES AI Corp  (SES, SES-WT)  (CIK 0001819142)",8-K,2026-01-16,0001819142-26-000003:ses-20260116xex99d1.htm,0001819142-26-000003,,,,,,,,https://www.sec.gov/cgi-bin/browse-edgar?action=getcompany&CIK=1819142,,SES
"""AI initiative""",1819142,"SES AI Corp  (SES, SES-WT)  (CIK 0001819142)",8-K,2026-01-16,0001819142-26-000003:ses-20260116xex99d1.htm,0001819142-26-000003,,,,,,,,https://www.sec.gov/cgi-bin/browse-edgar?action=getcompany&CIK=1819142,,SES-WT
"""generative artificial intelligence""",1336706,NORTHPOINTE BANCSHARES INC  (NPB)  (CIK 0001336706),8-K,2026-01-20,0001336706-26-000003:northpointe-202512xxexx991.htm,0001336706-26-000003,,,,,,,,https://www.sec.gov/cgi-bin/browse-edgar?action=getcompany&CIK=1336706,,NPB
"""generative artificial intelligence""",1038773,SMARTFINANCIAL INC.  (SMBK)  (CIK 0001038773),8-K,2026-01-20,0001104659-26-005116:smbk-20260120xex99d2.htm,0001104659-26-005116,,,,,,,,https://www.sec.gov/cgi-bin/browse-edgar?action=getcompany&CIK=1038773,,SMBK
"""generative AI""",1582982,"CareCloud, Inc.  (CCLD, CCLDO)  (CIK 0001582982)",8-K,2026-01-20,0001493152-26-002750:ex99-1.htm,0001493152-26-002750,,,,,,,,https://www.sec.gov/cgi-bin/browse-edgar?action=getcompany&CIK=1582982,,CCLD
"""generative AI""",1568100,"PagerDuty, Inc.  (PD)  (CIK 0001568100)",8-K,2026-01-20,0001568100-26-000003:ex991-8xkxdirectorappointm.htm,0001568100-26-000003,,,,,,,,https://www.sec.gov/cgi-bin/browse-edgar?action=getcompany&CIK=1568100,,PD
"""generative AI""",1630212,Avalon GloboCare Corp.  (ALBT)  (CIK 0001630212),8-K,2026-01-20,0001213900-26-005682:ea027334501ex99-1_avalon.htm,0001213900-26-005682,,,,,,,,https://www.sec.gov/cgi-bin/browse-edgar?action=getcompany&CIK=1630212,,CHGA
"""generative AI""",1630212,Avalon GloboCare Corp.  (ALBT)  (CIK 0001630212),8-K,2026-01-20,0001213900-26-005682:ea027334501ex99-1_avalon.htm,0001213900-26-005682,,,,,,,,https://www.sec.gov/cgi-bin/browse-edgar?action=getcompany&CIK=1630212,,ALBT
"""generative AI""",64463,"Soluna Holdings, Inc  (SLNH, SLNHP)  (CIK 0000064463)",8-K,2026-01-20,0001493152-26-002738:ex99-1.htm,0001493152-26-002738,,,,,,,,https://www.sec.gov/cgi-bin/browse-edgar?action=getcompany&CIK=64463,,SLNH
"""generative AI""",64463,"Soluna Holdings, Inc  (SLNH, SLNHP)  (CIK 0000064463)",8-K,2026-01-20,0001493152-26-002738:ex99-1.htm,0001493152-26-002738,,,,,,,,https://www.sec.gov/cgi-bin/browse-edgar?action=getcompany&CIK=64463,,SLNHP
"""generative artificial intelligence""",1005229,COLUMBUS MCKINNON CORP  (CMCO)  (CIK 0001005229),8-K,2026-01-20,0001193125-26-015918:d13607dex991.htm,0001193125-26-015918,,,,,,,,https://www.sec.gov/cgi-bin/browse-edgar?action=getcompany&CIK=1005229,,CMCO
"""generative AI""",1832483,Serve Robotics Inc. /DE/  (SERV)  (CIK 0001832483),8-K,2026-01-21,0001213900-26-005920:ea027345401ex2-1_serve.htm,0001213900-26-005920,,,,,,,,https://www.sec.gov/cgi-bin/browse-edgar?action=getcompany&CIK=1832483,,SERV
"""generative artificial intelligence""",1120970,Comstock Inc.  (LODE)  (CIK 0001120970),8-K,2026-01-21,0001437749-26-001590:ex_910027.htm,0001437749-26-001590,,,,,,,,https://www.sec.gov/cgi-bin/browse-edgar?action=getcompany&CIK=1120970,,LODE
"""generative AI""",1488813,"Customers Bancorp, Inc.  (CUBB, CUBI)  (CIK 0001488813)",8-K,2026-01-22,0001488813-26-000012:q425investorpresentation.htm,0001488813-26-000012,,,,,,,,https://www.sec.gov/cgi-bin/browse-edgar?action=getcompany&CIK=1488813,,CUBI
"""generative AI""",1488813,"Customers Bancorp, Inc.  (CUBB, CUBI)  (CIK 0001488813)",8-K,2026-01-22,0001488813-26-000012:q425investorpresentation.htm,0001488813-26-000012,,,,,,,,https://www.sec.gov/cgi-bin/browse-edgar?action=getcompany&CIK=1488813,,CUBB
"""generative AI""",1630212,Avalon GloboCare Corp.  (ALBT)  (CIK 0001630212),8-K,2026-01-22,0001213900-26-006488:ea027367301ex99-1_avalon.htm,0001213900-26-006488,,,,,,,,https://www.sec.gov/cgi-bin/browse-edgar?action=getcompany&CIK=1630212,,CHGA
"""generative AI""",1630212,Avalon GloboCare Corp.  (ALBT)  (CIK 0001630212),8-K,2026-01-22,0001213900-26-006488:ea027367301ex99-1_avalon.htm,0001213900-26-006488,,,,,,,,https://www.sec.gov/cgi-bin/browse-edgar?action=getcompany&CIK=1630212,,ALBT
"""generative AI""",1880319,"Perimeter Solutions, Inc.  (PRM)  (CIK 0001880319)",8-K,2026-01-22,0001493152-26-003264:ex2-1.htm,0001493152-26-003264,,,,,,,,https://www.sec.gov/cgi-bin/browse-edgar?action=getcompany&CIK=1880319,,PRM
"""large language model""",1837532,Apollo Debt Solutions BDC  (CIK 0001837532),8-K,2026-01-23,0001193125-26-021206:d227218d8k.htm,0001193125-26-021206,,,,,,,,https://www.sec.gov/cgi-bin/browse-edgar?action=getcompany&CIK=1837532,,
"""generative AI""",2074850,"Spring Valley Acquisition Corp. III  (SVAC, SVACU, SVACW)  (CIK 0002074850)",8-K,2026-01-23,0001104659-26-006283:tm263894d1_ex10-5.htm,0001104659-26-006283,,,,,,,,https://www.sec.gov/cgi-bin/browse-edgar?action=getcompany&CIK=2074850,,GFUZ
"""generative AI""",2074850,"Spring Valley Acquisition Corp. III  (SVAC, SVACU, SVACW)  (CIK 0002074850)",8-K,2026-01-23,0001104659-26-006283:tm263894d1_ex10-5.htm,0001104659-26-006283,,,,,,,,https://www.sec.gov/cgi-bin/browse-edgar?action=getcompany&CIK=2074850,,SVAC
"""generative AI""",2074850,"Spring Valley Acquisition Corp. III  (SVAC, SVACU, SVACW)  (CIK 0002074850)",8-K,2026-01-23,0001104659-26-006283:tm263894d1_ex10-5.htm,0001104659-26-006283,,,,,,,,https://www.sec.gov/cgi-bin/browse-edgar?action=getcompany&CIK=2074850,,GFUZW
"""generative artificial intelligence""",42888,GRACO INC  (GGG)  (CIK 0000042888),8-K,2026-01-26,0000042888-26-000019:ggg01262026exhibit991q4.htm,0000042888-26-000019,,,,,,,,https://www.sec.gov/cgi-bin/browse-edgar?action=getcompany&CIK=42888,,GGG
"""generative AI""",2042022,"WhiteFiber, Inc.  (WYFI)  (CIK 0002042022)",8-K,2026-01-26,0001213900-26-007740:ea027402401ex99-3_white.htm,0001213900-26-007740,,,,,,,,https://www.sec.gov/cgi-bin/browse-edgar?action=getcompany&CIK=2042022,,WYFI
"""generative artificial intelligence""",726601,CAPITAL CITY BANK GROUP INC  (CCBG)  (CIK 0000726601),8-K,2026-01-27,0000726601-26-000002:ex991.htm,0000726601-26-000002,,,,,,,,https://www.sec.gov/cgi-bin/browse-edgar?action=getcompany&CIK=726601,,CCBG
"""generative AI""",51143,INTERNATIONAL BUSINESS MACHINES CORP  (IBM)  (CIK 0000051143),8-K,2026-01-28,0000051143-26-000004:ibm-20260128xex992.htm,0000051143-26-000004,,,,,,,,https://www.sec.gov/cgi-bin/browse-edgar?action=getcompany&CIK=51143,,IBM
"""generative AI""",1839285,"Healthcare Triangle, Inc.  (HCTI)  (CIK 0001839285)",8-K,2026-01-28,0001213900-26-008594:ea027437301ex99-1_healthcare.htm,0001213900-26-008594,,,,,,,,https://www.sec.gov/cgi-bin/browse-edgar?action=getcompany&CIK=1839285,,HCTI
"""generative artificial intelligence""",1516912,"Origin Bancorp, Inc.  (OBK)  (CIK 0001516912)",8-K,2026-01-28,0001516912-26-000008:a12312025obkexhibit991er.htm,0001516912-26-000008,,,,,,,,https://www.sec.gov/cgi-bin/browse-edgar?action=getcompany&CIK=1516912,,OBK
"""large language model""",1318605,"Tesla, Inc.  (TSLA)  (CIK 0001318605)",8-K,2026-01-28,0001628280-26-003837:exhibit991.htm,0001628280-26-003837,,,,,,,,https://www.sec.gov/cgi-bin/browse-edgar?action=getcompany&CIK=1318605,,TSLA
"""generative artificial intelligence""",711669,COLONY BANKCORP INC  (CBAN)  (CIK 0000711669),8-K,2026-01-28,0000711669-26-000004:a4q2025er.htm,0000711669-26-000004,,,,,,,,https://www.sec.gov/cgi-bin/browse-edgar?action=getcompany&CIK=711669,,CBAN
"""generative AI""",106640,WHIRLPOOL CORP /DE/  (WHR)  (CIK 0000106640),8-K,2026-01-28,0000106640-26-000004:exhibit991pressrelease1231.htm,0000106640-26-000004,,,,,,,,https://www.sec.gov/cgi-bin/browse-edgar?action=getcompany&CIK=106640,,WHR
"""generative AI""",106640,WHIRLPOOL CORP /DE/  (WHR)  (CIK 0000106640),8-K,2026-01-28,0000106640-26-000004:exhibit991pressrelease1231.htm,0000106640-26-000004,,,,,,,,https://www.sec.gov/cgi-bin/browse-edgar?action=getcompany&CIK=106640,,WHR-PA
"""AI initiative""",1050743,PEAPACK GLADSTONE FINANCIAL CORP  (PGC)  (CIK 0001050743),8-K,2026-01-29,0001193125-26-029537:pgc-ex99_2.htm,0001193125-26-029537,,,,,,,,https://www.sec.gov/cgi-bin/browse-edgar?action=getcompany&CIK=1050743,,PGC
"""generative artificial intelligence""",1745916,"PennyMac Financial Services, Inc.  (PFSI)  (CIK 0001745916)",8-K,2026-01-29,0001104659-26-008004:tm264391d1_ex99-2.htm,0001104659-26-008004,,,,,,,,https://www.sec.gov/cgi-bin/browse-edgar?action=getcompany&CIK=1745916,,PFSI
"""generative artificial intelligence""",730708,SEACOAST BANKING CORP OF FLORIDA  (SBCF)  (CIK 0000730708),8-K,2026-01-29,0001628280-26-004149:sbcf4q2025earningsrelease.htm,0001628280-26-004149,,,,,,,,https://www.sec.gov/cgi-bin/browse-edgar?action=getcompany&CIK=730708,,SBCF
"""large language model""",829323,"Inuvo, Inc.  (INUV)  (CIK 0000829323)",8-K,2026-01-29,0001654954-26-000708:inuvo_ex991.htm,0001654954-26-000708,,,,,,,,https://www.sec.gov/cgi-bin/browse-edgar?action=getcompany&CIK=829323,,INUV
"""generative artificial intelligence""",1747068,"MetroCity Bankshares, Inc.  (MCBS)  (CIK 0001747068)",8-K,2026-01-30,0001747068-26-000004:mcbs-20260130xex99d1.htm,0001747068-26-000004,,,,,,,,https://www.sec.gov/cgi-bin/browse-edgar?action=getcompany&CIK=1747068,,MCBS
"""generative artificial intelligence""",4962,AMERICAN EXPRESS CO  (AXP)  (CIK 0000004962),8-K,2026-01-30,0000004962-26-000037:axp-20260130.htm,0000004962-26-000037,,,,,,,,https://www.sec.gov/cgi-bin/browse-edgar?action=getcompany&CIK=4962,,AXP
"""generative AI""",1630212,Avalon GloboCare Corp.  (ALBT)  (CIK 0001630212),8-K,2026-02-02,0001213900-26-010568:ea027494001ex99-1_avalon.htm,0001213900-26-010568,,,,,,,,https://www.sec.gov/cgi-bin/browse-edgar?action=getcompany&CIK=1630212,,CHGA
"""generative AI""",1630212,Avalon GloboCare Corp.  (ALBT)  (CIK 0001630212),8-K,2026-02-02,0001213900-26-010568:ea027494001ex99-1_avalon.htm,0001213900-26-010568,,,,,,,,https://www.sec.gov/cgi-bin/browse-edgar?action=getcompany&CIK=1630212,,ALBT
"""generative AI""",2054696,NIQ Global Intelligence plc  (NIQ)  (CIK 0002054696),8-K,2026-02-02,0001628280-26-004464:niq-20260130.htm,0001628280-26-004464,,,,,,,,https://www.sec.gov/cgi-bin/browse-edgar?action=getcompany&CIK=2054696,,NIQ
"""generative AI""",1090012,DEVON ENERGY CORP/DE  (DVN)  (CIK 0001090012),8-K,2026-02-02,0001193125-26-032720:d75203dex992.htm,0001193125-26-032720,,,,,,,,https://www.sec.gov/cgi-bin/browse-edgar?action=getcompany&CIK=1090012,,DVN
"""generative AI""",858470,Coterra Energy Inc.  (CTRA)  (CIK 0000858470),8-K,2026-02-02,0001104659-26-008979:tm264761d1_ex99-2.htm,0001104659-26-008979,,,,,,,,https://www.sec.gov/cgi-bin/browse-edgar?action=getcompany&CIK=858470,,
"""generative artificial intelligence""",1043337,STONERIDGE INC  (SRI)  (CIK 0001043337),8-K,2026-02-02,0001043337-26-000002:sri-202622xxexx21stockpurc.htm,0001043337-26-000002,,,,,,,,https://www.sec.gov/cgi-bin/browse-edgar?action=getcompany&CIK=1043337,,SRI
"""generative AI""",64463,"Soluna Holdings, Inc  (SLNH, SLNHP)  (CIK 0000064463)",8-K,2026-02-03,0001493152-26-004831:ex99-1.htm,0001493152-26-004831,,,,,,,,https://www.sec.gov/cgi-bin/browse-edgar?action=getcompany&CIK=64463,,SLNH
"""generative AI""",64463,"Soluna Holdings, Inc  (SLNH, SLNHP)  (CIK 0000064463)",8-K,2026-02-03,0001493152-26-004831:ex99-1.htm,0001493152-26-004831,,,,,,,,https://www.sec.gov/cgi-bin/browse-edgar?action=getcompany&CIK=64463,,SLNHP
"""AI partnership""",1570585,"Liberty Global Ltd.  (LBTYA, LBTYB, LBTYK)  (CIK 0001570585)",8-K,2026-02-03,0001570585-26-000004:ex991lgandgooglecloudannou.htm,0001570585-26-000004,,,,,,,,https://www.sec.gov/cgi-bin/browse-edgar?action=getcompany&CIK=1570585,,LBTYA
"""AI partnership""",1570585,"Liberty Global Ltd.  (LBTYA, LBTYB, LBTYK)  (CIK 0001570585)",8-K,2026-02-03,0001570585-26-000004:ex991lgandgooglecloudannou.htm,0001570585-26-000004,,,,,,,,https://www.sec.gov/cgi-bin/browse-edgar?action=getcompany&CIK=1570585,,LBTYB
"""AI partnership""",1570585,"Liberty Global Ltd.  (LBTYA, LBTYB, LBTYK)  (CIK 0001570585)",8-K,2026-02-03,0001570585-26-000004:ex991lgandgooglecloudannou.htm,0001570585-26-000004,,,,,,,,https://www.sec.gov/cgi-bin/browse-edgar?action=getcompany&CIK=1570585,,LBTYK
"""generative AI""",1819989,Cipher Mining Inc.  (CIFR)  (CIK 0001819989),8-K,2026-02-03,0000950103-26-001480:dp240991_ex9901.htm,0000950103-26-001480,,,,,,,,https://www.sec.gov/cgi-bin/browse-edgar?action=getcompany&CIK=1819989,,CIFR
"""generative AI""",1066194,EGAIN Corp  (EGAN)  (CIK 0001066194),8-K,2026-02-03,0001066194-26-000007:egan-20260203xex99d1.htm,0001066194-26-000007,,,,,,,,https://www.sec.gov/cgi-bin/browse-edgar?action=getcompany&CIK=1066194,,EGAN
"""generative AI""",1768267,Cerence Inc.  (CRNC)  (CIK 0001768267),8-K,2026-02-04,0001628280-26-005491:q1fy26cerenceaipressrele.htm,0001628280-26-005491,,,,,,,,https://www.sec.gov/cgi-bin/browse-edgar?action=getcompany&CIK=1768267,,CRNC
"""AI research and development""",1652044,"Alphabet Inc.  (GOOG, GOOGL)  (CIK 0001652044)",8-K,2026-02-04,0001652044-26-000012:googexhibit991q42025.htm,0001652044-26-000012,,,,,,,,https://www.sec.gov/cgi-bin/browse-edgar?action=getcompany&CIK=1652044,,GOOGL
"""AI research and development""",1652044,"Alphabet Inc.  (GOOG, GOOGL)  (CIK 0001652044)",8-K,2026-02-04,0001652044-26-000012:googexhibit991q42025.htm,0001652044-26-000012,,,,,,,,https://www.sec.gov/cgi-bin/browse-edgar?action=getcompany&CIK=1652044,,GOOG
"""AI research and development""",1652044,"Alphabet Inc.  (GOOG, GOOGL)  (CIK 0001652044)",8-K,2026-02-04,0001652044-26-000012:googexhibit991q42025.htm,0001652044-26-000012,,,,,,,,https://www.sec.gov/cgi-bin/browse-edgar?action=getcompany&CIK=1652044,,GOOGM
"""AI research and development""",1652044,"Alphabet Inc.  (GOOG, GOOGL)  (CIK 0001652044)",8-K,2026-02-04,0001652044-26-000012:googexhibit991q42025.htm,0001652044-26-000012,,,,,,,,https://www.sec.gov/cgi-bin/browse-edgar?action=getcompany&CIK=1652044,,GOOGN
"""generative AI""",1038074,SILICON LABORATORIES INC.  (SLAB)  (CIK 0001038074),8-K,2026-02-04,0001193125-26-036712:d62897dex21.htm,0001193125-26-036712,,,,,,,,https://www.sec.gov/cgi-bin/browse-edgar?action=getcompany&CIK=1038074,,SLAB
"""generative AI""",1564408,Snap Inc  (SNAP)  (CIK 0001564408),8-K,2026-02-04,0001564408-26-000011:snapincq42025investorlet.htm,0001564408-26-000011,,,,,,,,https://www.sec.gov/cgi-bin/browse-edgar?action=getcompany&CIK=1564408,,SNAP
"""generative artificial intelligence""",890564,ASGN Inc  (ASGN)  (CIK 0000890564),8-K,2026-02-04,0000890564-26-000008:earningsrelease-q425.htm,0000890564-26-000008,,,,,,,,https://www.sec.gov/cgi-bin/browse-edgar?action=getcompany&CIK=890564,,EFOR
"""generative AI""",1058290,COGNIZANT TECHNOLOGY SOLUTIONS CORP  (CTSH)  (CIK 0001058290),8-K,2026-02-04,0001058290-26-000003:exhibit99212312025.htm,0001058290-26-000003,,,,,,,,https://www.sec.gov/cgi-bin/browse-edgar?action=getcompany&CIK=1058290,,CTSH
"""generative AI""",1116942,TTM TECHNOLOGIES INC  (TTMI)  (CIK 0001116942),8-K,2026-02-04,0001193125-26-037560:d19660dex991.htm,0001193125-26-037560,,,,,,,,https://www.sec.gov/cgi-bin/browse-edgar?action=getcompany&CIK=1116942,,TTMI
"""generative AI""",71691,NEW YORK TIMES CO  (NYT)  (CIK 0000071691),8-K,2026-02-04,0000071691-26-000008:pressrelease12312025.htm,0000071691-26-000008,,,,,,,,https://www.sec.gov/cgi-bin/browse-edgar?action=getcompany&CIK=71691,,NYT
"""strategic AI""",1664703,Bloom Energy Corp  (BE)  (CIK 0001664703),8-K,2026-02-05,0001628280-26-005798:q4-2025xsupplementalxdec.htm,0001628280-26-005798,,,,,,,,https://www.sec.gov/cgi-bin/browse-edgar?action=getcompany&CIK=1664703,,BE
"""generative artificial intelligence""",1638290,"MasterCraft Boat Holdings, Inc.  (MCFT)  (CIK 0001638290)",8-K,2026-02-05,0001193125-26-039497:d55833dex21.htm,0001193125-26-039497,,,,,,,,https://www.sec.gov/cgi-bin/browse-edgar?action=getcompany&CIK=1638290,,MCFT
"""generative AI""",1852317,Fidelity Wise Origin Bitcoin Fund  (FBTC)  (CIK 0001852317),8-K,2026-02-05,0001193125-26-039518:ck0001852317-ex10_9.htm,0001193125-26-039518,,,,,,,,https://www.sec.gov/cgi-bin/browse-edgar?action=getcompany&CIK=1852317,,FBTC
"""generative AI""",1651562,"Coursera, Inc.  (COUR)  (CIK 0001651562)",8-K,2026-02-05,0001651562-26-000006:cour-20251231xexx991.htm,0001651562-26-000006,,,,,,,,https://www.sec.gov/cgi-bin/browse-edgar?action=getcompany&CIK=1651562,,COUR
"""generative artificial intelligence""",1129155,MARINE PRODUCTS CORP  (MPX)  (CIK 0001129155),8-K,2026-02-05,0001104659-26-010931:tm265315d2_ex2-1.htm,0001104659-26-010931,,,,,,,,https://www.sec.gov/cgi-bin/browse-edgar?action=getcompany&CIK=1129155,,
"""large language model""",1107843,"QUALYS, INC.  (QLYS)  (CIK 0001107843)",8-K,2026-02-05,0001107843-26-000004:qlys-2026205xex991.htm,0001107843-26-000004,,,,,,,,https://www.sec.gov/cgi-bin/browse-edgar?action=getcompany&CIK=1107843,,QLYS
"""large language model""",1315098,Roblox Corp  (RBLX)  (CIK 0001315098),8-K,2026-02-05,0001315098-26-000009:ex991-q42025shareholder.htm,0001315098-26-000009,,,,,,,,https://www.sec.gov/cgi-bin/browse-edgar?action=getcompany&CIK=1315098,,RBLX
"""generative AI""",1398659,Genpact LTD  (G)  (CIK 0001398659),8-K,2026-02-05,0001398659-26-000002:genpactltdexhibit991q425.htm,0001398659-26-000002,,,,,,,,https://www.sec.gov/cgi-bin/browse-edgar?action=getcompany&CIK=1398659,,G
"""AI collaboration""",1650372,Atlassian Corp  (TEAM)  (CIK 0001650372),8-K,2026-02-05,0001650372-26-000008:ex991q2fy26.htm,0001650372-26-000008,,,,,,,,https://www.sec.gov/cgi-bin/browse-edgar?action=getcompany&CIK=1650372,,TEAM
"""generative AI""",1929561,"RXO, Inc.  (RXO)  (CIK 0001929561)",8-K,2026-02-06,0001929561-26-000006:earningspresentation-q42.htm,0001929561-26-000006,,,,,,,,https://www.sec.gov/cgi-bin/browse-edgar?action=getcompany&CIK=1929561,,RXO
"""generative AI""",1772921,OneWater Marine Inc.  (ONEW)  (CIK 0001772921),8-K,2026-02-06,0001772921-26-000020:onew-obcisaleproformaxexx1.htm,0001772921-26-000020,,,,,,,,https://www.sec.gov/cgi-bin/browse-edgar?action=getcompany&CIK=1772921,,ONEW
"""generative artificial intelligence""",2076163,"ProCap Financial, Inc.  (BRR, BRRWW)  (CIK 0002076163)",8-K,2026-02-09,0001493152-26-005670:ex2-1.htm,0001493152-26-005670,,,,,,,,https://www.sec.gov/cgi-bin/browse-edgar?action=getcompany&CIK=2076163,,BRR
"""generative artificial intelligence""",2076163,"ProCap Financial, Inc.  (BRR, BRRWW)  (CIK 0002076163)",8-K,2026-02-09,0001493152-26-005670:ex2-1.htm,0001493152-26-005670,,,,,,,,https://www.sec.gov/cgi-bin/browse-edgar?action=getcompany&CIK=2076163,,BRRWW
"""generative AI""",1341317,"Bridgewater Bancshares Inc  (BWB, BWBBP)  (CIK 0001341317)",8-K,2026-02-09,0001104659-26-012087:bwb-20260209xex99d1.htm,0001104659-26-012087,,,,,,,,https://www.sec.gov/cgi-bin/browse-edgar?action=getcompany&CIK=1341317,,BWB
"""generative AI""",1341317,"Bridgewater Bancshares Inc  (BWB, BWBBP)  (CIK 0001341317)",8-K,2026-02-09,0001104659-26-012087:bwb-20260209xex99d1.htm,0001104659-26-012087,,,,,,,,https://www.sec.gov/cgi-bin/browse-edgar?action=getcompany&CIK=1341317,,BWBBP
"""generative AI""",21175,CNA FINANCIAL CORP  (CNA)  (CIK 0000021175),8-K,2026-02-09,0000021175-26-000008:q42025ex994earningsremarks.htm,0000021175-26-000008,,,,,,,,https://www.sec.gov/cgi-bin/browse-edgar?action=getcompany&CIK=21175,,CNA
"""generative AI""",1563190,"Compass, Inc.  (COMP)  (CIK 0001563190)",8-K,2026-02-09,0001563190-26-000037:a123124anywherexfpageson.htm,0001563190-26-000037,,,,,,,,https://www.sec.gov/cgi-bin/browse-edgar?action=getcompany&CIK=1563190,,COMP
"""generative AI""",1364954,"CHEGG, INC  (CHGG)  (CIK 0001364954)",8-K,2026-02-09,0001364954-26-000009:a9901-financialresultsq420.htm,0001364954-26-000009,,,,,,,,https://www.sec.gov/cgi-bin/browse-edgar?action=getcompany&CIK=1364954,,CHGG
"""generative AI""",1281761,"REGIONS FINANCIAL CORP  (RF, RF-PC, RF-PE, RF-PF)  (CIK 0001281761)",8-K,2026-02-09,0001281761-26-000012:a1q26investormeetingmate.htm,0001281761-26-000012,,,,,,,,https://www.sec.gov/cgi-bin/browse-edgar?action=getcompany&CIK=1281761,,RF
"""generative AI""",1281761,"REGIONS FINANCIAL CORP  (RF, RF-PC, RF-PE, RF-PF)  (CIK 0001281761)",8-K,2026-02-09,0001281761-26-000012:a1q26investormeetingmate.htm,0001281761-26-000012,,,,,,,,https://www.sec.gov/cgi-bin/browse-edgar?action=getcompany&CIK=1281761,,RF-PC
"""generative AI""",1281761,"REGIONS FINANCIAL CORP  (RF, RF-PC, RF-PE, RF-PF)  (CIK 0001281761)",8-K,2026-02-09,0001281761-26-000012:a1q26investormeetingmate.htm,0001281761-26-000012,,,,,,,,https://www.sec.gov/cgi-bin/browse-edgar?action=getcompany&CIK=1281761,,RF-PE
"""generative AI""",1281761,"REGIONS FINANCIAL CORP  (RF, RF-PC, RF-PE, RF-PF)  (CIK 0001281761)",8-K,2026-02-09,0001281761-26-000012:a1q26investormeetingmate.htm,0001281761-26-000012,,,,,,,,https://www.sec.gov/cgi-bin/browse-edgar?action=getcompany&CIK=1281761,,RF-PF
"""generative AI""",1627475,"UPWORK, INC  (UPWK)  (CIK 0001627475)",8-K,2026-02-09,0001627475-26-000005:exhibit991-upwork4q25andfu.htm,0001627475-26-000005,,,,,,,,https://www.sec.gov/cgi-bin/browse-edgar?action=getcompany&CIK=1627475,,UPWK
"""generative artificial intelligence""",1668397,"Medpace Holdings, Inc.  (MEDP)  (CIK 0001668397)",8-K,2026-02-09,0001668397-26-000004:medp-20260209exx991.htm,0001668397-26-000004,,,,,,,,https://www.sec.gov/cgi-bin/browse-edgar?action=getcompany&CIK=1668397,,MEDP
"""generative AI""",1022079,QUEST DIAGNOSTICS INC  (DGX)  (CIK 0001022079),8-K,2026-02-10,0001022079-26-000005:dgx123120258-kexhibit991.htm,0001022079-26-000005,,,,,,,,https://www.sec.gov/cgi-bin/browse-edgar?action=getcompany&CIK=1022079,,DGX
"""generative AI""",1140859,"Cencora, Inc.  (COR)  (CIK 0001140859)",8-K,2026-02-10,0001140859-26-000012:cor-20260210_d2.htm,0001140859-26-000012,,,,,,,,https://www.sec.gov/cgi-bin/browse-edgar?action=getcompany&CIK=1140859,,COR
"""generative AI""",64463,"Soluna Holdings, Inc  (SLNH, SLNHP)  (CIK 0000064463)",8-K,2026-02-10,0001493152-26-005888:ex99-1.htm,0001493152-26-005888,,,,,,,,https://www.sec.gov/cgi-bin/browse-edgar?action=getcompany&CIK=64463,,SLNH
"""generative AI""",64463,"Soluna Holdings, Inc  (SLNH, SLNHP)  (CIK 0000064463)",8-K,2026-02-10,0001493152-26-005888:ex99-1.htm,0001493152-26-005888,,,,,,,,https://www.sec.gov/cgi-bin/browse-edgar?action=getcompany&CIK=64463,,SLNHP
"""generative AI""",1812727,"Reliance Global Group, Inc.  (EZRA, EZRAW)  (CIK 0001812727)",8-K,2026-02-10,0001493152-26-005906:ex10-1.htm,0001493152-26-005906,,,,,,,,https://www.sec.gov/cgi-bin/browse-edgar?action=getcompany&CIK=1812727,,EZRA
"""generative AI""",1617640,"ZILLOW GROUP, INC.  (Z, ZG)  (CIK 0001617640)",8-K,2026-02-10,0001617640-26-000012:exhibit993.htm,0001617640-26-000012,,,,,,,,https://www.sec.gov/cgi-bin/browse-edgar?action=getcompany&CIK=1617640,,ZG
"""generative AI""",1617640,"ZILLOW GROUP, INC.  (Z, ZG)  (CIK 0001617640)",8-K,2026-02-10,0001617640-26-000012:exhibit993.htm,0001617640-26-000012,,,,,,,,https://www.sec.gov/cgi-bin/browse-edgar?action=getcompany&CIK=1617640,,Z
"""strategic AI""",930236,"REDWOOD TRUST INC  (RWT, RWTN, RWTO, RWTP, RWTQ, RWT-PA)  (CIK 0000930236)",8-K,2026-02-11,0000930236-26-000003:q425redwoodreview.htm,0000930236-26-000003,,,,,,,,https://www.sec.gov/cgi-bin/browse-edgar?action=getcompany&CIK=930236,,RWT
"""strategic AI""",930236,"REDWOOD TRUST INC  (RWT, RWTN, RWTO, RWTP, RWTQ, RWT-PA)  (CIK 0000930236)",8-K,2026-02-11,0000930236-26-000003:q425redwoodreview.htm,0000930236-26-000003,,,,,,,,https://www.sec.gov/cgi-bin/browse-edgar?action=getcompany&CIK=930236,,RWT-PA
"""strategic AI""",930236,"REDWOOD TRUST INC  (RWT, RWTN, RWTO, RWTP, RWTQ, RWT-PA)  (CIK 0000930236)",8-K,2026-02-11,0000930236-26-000003:q425redwoodreview.htm,0000930236-26-000003,,,,,,,,https://www.sec.gov/cgi-bin/browse-edgar?action=getcompany&CIK=930236,,RWTN
"""strategic AI""",930236,"REDWOOD TRUST INC  (RWT, RWTN, RWTO, RWTP, RWTQ, RWT-PA)  (CIK 0000930236)",8-K,2026-02-11,0000930236-26-000003:q425redwoodreview.htm,0000930236-26-000003,,,,,,,,https://www.sec.gov/cgi-bin/browse-edgar?action=getcompany&CIK=930236,,RWTO
"""strategic AI""",930236,"REDWOOD TRUST INC  (RWT, RWTN, RWTO, RWTP, RWTQ, RWT-PA)  (CIK 0000930236)",8-K,2026-02-11,0000930236-26-000003:q425redwoodreview.htm,0000930236-26-000003,,,,,,,,https://www.sec.gov/cgi-bin/browse-edgar?action=getcompany&CIK=930236,,RWTP
"""strategic AI""",930236,"REDWOOD TRUST INC  (RWT, RWTN, RWTO, RWTP, RWTQ, RWT-PA)  (CIK 0000930236)",8-K,2026-02-11,0000930236-26-000003:q425redwoodreview.htm,0000930236-26-000003,,,,,,,,https://www.sec.gov/cgi-bin/browse-edgar?action=getcompany&CIK=930236,,RWTQ
"""strategic AI""",930236,"REDWOOD TRUST INC  (RWT, RWTN, RWTO, RWTP, RWTQ, RWT-PA)  (CIK 0000930236)",8-K,2026-02-11,0000930236-26-000003:q425redwoodreview.htm,0000930236-26-000003,,,,,,,,https://www.sec.gov/cgi-bin/browse-edgar?action=getcompany&CIK=930236,,RWTS
"""generative AI""",64463,"Soluna Holdings, Inc  (SLNH, SLNHP)  (CIK 0000064463)",8-K,2026-02-12,0001493152-26-006304:ex99-1.htm,0001493152-26-006304,,,,,,,,https://www.sec.gov/cgi-bin/browse-edgar?action=getcompany&CIK=64463,,SLNH
"""generative AI""",64463,"Soluna Holdings, Inc  (SLNH, SLNHP)  (CIK 0000064463)",8-K,2026-02-12,0001493152-26-006304:ex99-1.htm,0001493152-26-006304,,,,,,,,https://www.sec.gov/cgi-bin/browse-edgar?action=getcompany&CIK=64463,,SLNHP
"""generative AI""",1428439,"ROKU, INC  (ROKU)  (CIK 0001428439)",8-K,2026-02-12,0001628280-26-007670:a04exhibit991-q425form8xker.htm,0001628280-26-007670,,,,,,,,https://www.sec.gov/cgi-bin/browse-edgar?action=getcompany&CIK=1428439,,ROKU
"""generative AI""",1023313,"FORRESTER RESEARCH, INC.  (FORR)  (CIK 0001023313)",8-K,2026-02-12,0001193125-26-048685:forr-ex99_1.htm,0001193125-26-048685,,,,,,,,https://www.sec.gov/cgi-bin/browse-edgar?action=getcompany&CIK=1023313,,FORR
"""generative AI""",1289419,"Morningstar, Inc.  (MORN)  (CIK 0001289419)",8-K,2026-02-12,0001289419-26-000009:ceoletterdraftq425final.htm,0001289419-26-000009,,,,,,,,https://www.sec.gov/cgi-bin/browse-edgar?action=getcompany&CIK=1289419,,MORN
"""generative AI""",1868640,"Roadzen Inc.  (RDZN, RDZNW)  (CIK 0001868640)",8-K,2026-02-13,0001493152-26-006696:ex99-1.htm,0001493152-26-006696,,,,,,,,https://www.sec.gov/cgi-bin/browse-edgar?action=getcompany&CIK=1868640,,RDZN
"""generative AI""",1868640,"Roadzen Inc.  (RDZN, RDZNW)  (CIK 0001868640)",8-K,2026-02-13,0001493152-26-006696:ex99-1.htm,0001493152-26-006696,,,,,,,,https://www.sec.gov/cgi-bin/browse-edgar?action=getcompany&CIK=1868640,,RDZNW
"""generative AI""",1173204,Cineverse Corp.  (CNVS)  (CIK 0001173204),8-K,2026-02-17,0001193125-26-054528:cnvs-ex99_1.htm,0001193125-26-054528,,,,,,,,https://www.sec.gov/cgi-bin/browse-edgar?action=getcompany&CIK=1173204,,CNVS
"""generative AI""",2007825,"Churchill Capital Corp X/Cayman  (CCCX, CCCXU, CCCXW)  (CIK 0002007825)",8-K,2026-02-17,0001193125-26-053097:d900344dex21.htm,0001193125-26-053097,,,,,,,,https://www.sec.gov/cgi-bin/browse-edgar?action=getcompany&CIK=2007825,,INFQ
"""generative AI""",2007825,"Churchill Capital Corp X/Cayman  (CCCX, CCCXU, CCCXW)  (CIK 0002007825)",8-K,2026-02-17,0001193125-26-053097:d900344dex21.htm,0001193125-26-053097,,,,,,,,https://www.sec.gov/cgi-bin/browse-edgar?action=getcompany&CIK=2007825,,INFQ-WT
"""generative artificial intelligence""",1946573,"Nakamoto Inc.  (NAKA, NAKAW)  (CIK 0001946573)",8-K,2026-02-17,0001493152-26-006959:ex2-1.htm,0001493152-26-006959,,,,,,,,https://www.sec.gov/cgi-bin/browse-edgar?action=getcompany&CIK=1946573,,NAKA
"""generative artificial intelligence""",1946573,"Nakamoto Inc.  (NAKA, NAKAW)  (CIK 0001946573)",8-K,2026-02-17,0001493152-26-006959:ex2-1.htm,0001493152-26-006959,,,,,,,,https://www.sec.gov/cgi-bin/browse-edgar?action=getcompany&CIK=1946573,,NAKAW
"""generative AI""",64463,"Soluna Holdings, Inc  (SLNH, SLNHP)  (CIK 0000064463)",8-K,2026-02-17,0001493152-26-006929:ex99-1.htm,0001493152-26-006929,,,,,,,,https://www.sec.gov/cgi-bin/browse-edgar?action=getcompany&CIK=64463,,SLNH
"""generative AI""",64463,"Soluna Holdings, Inc  (SLNH, SLNHP)  (CIK 0000064463)",8-K,2026-02-17,0001493152-26-006929:ex99-1.htm,0001493152-26-006929,,,,,,,,https://www.sec.gov/cgi-bin/browse-edgar?action=getcompany&CIK=64463,,SLNHP
"""generative artificial intelligence""",1057379,"HACKETT GROUP, INC.  (HCKT)  (CIK 0001057379)",8-K,2026-02-17,0001193125-26-054765:hckt-ex99_1.htm,0001193125-26-054765,,,,,,,,https://www.sec.gov/cgi-bin/browse-edgar?action=getcompany&CIK=1057379,,HCKT
"""generative artificial intelligence""",1370637,ETSY INC  (ETSY)  (CIK 0001370637),8-K,2026-02-18,0001370637-26-000012:a2026218ex21.htm,0001370637-26-000012,,,,,,,,https://www.sec.gov/cgi-bin/browse-edgar?action=getcompany&CIK=1370637,,ETSY
"""generative AI""",1630212,Avalon GloboCare Corp.  (ALBT)  (CIK 0001630212),8-K,2026-02-18,0001213900-26-017682:ea027730301ex99-1_avalon.htm,0001213900-26-017682,,,,,,,,https://www.sec.gov/cgi-bin/browse-edgar?action=getcompany&CIK=1630212,,CHGA
"""generative AI""",1630212,Avalon GloboCare Corp.  (ALBT)  (CIK 0001630212),8-K,2026-02-18,0001213900-26-017682:ea027730301ex99-1_avalon.htm,0001213900-26-017682,,,,,,,,https://www.sec.gov/cgi-bin/browse-edgar?action=getcompany&CIK=1630212,,ALBT
"""generative AI""",2024306,JFB Construction Holdings  (JFB)  (CIK 0002024306),8-K,2026-02-18,0001493152-26-007359:ex2-1.htm,0001493152-26-007359,,,,,,,,https://www.sec.gov/cgi-bin/browse-edgar?action=getcompany&CIK=2024306,,JFB
"""generative artificial intelligence""",1021635,OGE ENERGY CORP.  (OGE)  (CIK 0001021635),8-K,2026-02-18,0001193125-26-055417:oge-ex99_01.htm,0001193125-26-055417,,,,,,,,https://www.sec.gov/cgi-bin/browse-edgar?action=getcompany&CIK=1021635,,OGE
"""generative AI""",1075531,Booking Holdings Inc.  (BKNG)  (CIK 0001075531),8-K,2026-02-18,0001075531-26-000008:q4-25bkngearningsrelease.htm,0001075531-26-000008,,,,,,,,https://www.sec.gov/cgi-bin/browse-edgar?action=getcompany&CIK=1075531,,BKNG
"""generative AI""",1597033,Sabre Corp  (SABR)  (CIK 0001597033),8-K,2026-02-18,0001628280-26-008796:a2025q4earningsrelease.htm,0001628280-26-008796,,,,,,,,https://www.sec.gov/cgi-bin/browse-edgar?action=getcompany&CIK=1597033,,SABR
"""generative AI""",1616707,Wayfair Inc.  (W)  (CIK 0001616707),8-K,2026-02-19,0001616707-26-000024:a2026-02x19ex991.htm,0001616707-26-000024,,,,,,,,https://www.sec.gov/cgi-bin/browse-edgar?action=getcompany&CIK=1616707,,W
"""generative AI""",1898496,"Getty Images Holdings, Inc.  (GETY)  (CIK 0001898496)",8-K,2026-02-19,0001213900-26-018176:ea027764801ex99-1_getty.htm,0001213900-26-018176,,,,,,,,https://www.sec.gov/cgi-bin/browse-edgar?action=getcompany&CIK=1898496,,GETY
"""large language model""",50471,"ReposiTrak, Inc.  (TRAK)  (CIK 0000050471)",8-K,2026-02-19,0001437749-26-004737:ex_922794.htm,0001437749-26-004737,,,,,,,,https://www.sec.gov/cgi-bin/browse-edgar?action=getcompany&CIK=50471,,TRAK
"""generative AI""",1832483,Serve Robotics Inc. /DE/  (SERV)  (CIK 0001832483),8-K,2026-02-20,0001213900-26-018806:ea027771301ex2-1_serve.htm,0001213900-26-018806,,,,,,,,https://www.sec.gov/cgi-bin/browse-edgar?action=getcompany&CIK=1832483,,SERV
"""generative artificial intelligence""",2092897,Armada Acquisition Corp. III  (AACI)  (CIK 0002092897),8-K,2026-02-23,0001193125-26-064395:d55550dex991.htm,0001193125-26-064395,,,,,,,,https://www.sec.gov/cgi-bin/browse-edgar?action=getcompany&CIK=2092897,,AACI
"""generative artificial intelligence""",2092897,Armada Acquisition Corp. III  (AACI)  (CIK 0002092897),8-K,2026-02-23,0001193125-26-064395:d55550dex991.htm,0001193125-26-064395,,,,,,,,https://www.sec.gov/cgi-bin/browse-edgar?action=getcompany&CIK=2092897,,AACIU
"""generative artificial intelligence""",2092897,Armada Acquisition Corp. III  (AACI)  (CIK 0002092897),8-K,2026-02-23,0001193125-26-064395:d55550dex991.htm,0001193125-26-064395,,,,,,,,https://www.sec.gov/cgi-bin/browse-edgar?action=getcompany&CIK=2092897,,AACIW
"""generative AI""",2052161,"Real Asset Acquisition Corp.  (RAAQ, RAAQU, RAAQW)  (CIK 0002052161)",8-K,2026-02-23,0001213900-26-019008:ea027739701ex2-1_realasset.htm,0001213900-26-019008,,,,,,,,https://www.sec.gov/cgi-bin/browse-edgar?action=getcompany&CIK=2052161,,
"""generative AI""",1549346,"Shutterstock, Inc.  (SSTK)  (CIK 0001549346)",8-K,2026-02-23,0001549346-26-000014:gettyimagesandshuttersto.htm,0001549346-26-000014,,,,,,,,https://www.sec.gov/cgi-bin/browse-edgar?action=getcompany&CIK=1549346,,SSTK
"""generative AI""",1898496,"Getty Images Holdings, Inc.  (GETY)  (CIK 0001898496)",8-K,2026-02-23,0001213900-26-019030:ea027792601ex99-1_getty.htm,0001213900-26-019030,,,,,,,,https://www.sec.gov/cgi-bin/browse-edgar?action=getcompany&CIK=1898496,,GETY
"""generative artificial intelligence""",2077709,Rank One Computing Corp  (ROC)  (CIK 0002077709),8-K,2026-02-24,0001213900-26-019981:ea027809501ex1-1_rankone.htm,0001213900-26-019981,,,,,,,,https://www.sec.gov/cgi-bin/browse-edgar?action=getcompany&CIK=2077709,,ROC
"""generative AI""",1297989,"ExlService Holdings, Inc.  (EXLS)  (CIK 0001297989)",8-K,2026-02-24,0001297989-26-000006:exlq42025pressrelease.htm,0001297989-26-000006,,,,,,,,https://www.sec.gov/cgi-bin/browse-edgar?action=getcompany&CIK=1297989,,EXLS
"""generative artificial intelligence""",1084048,"ZIFF DAVIS, INC.  (ZD)  (CIK 0001084048)",8-K,2026-02-24,0001084048-26-000003:zdq42025earningspresenta.htm,0001084048-26-000003,,,,,,,,https://www.sec.gov/cgi-bin/browse-edgar?action=getcompany&CIK=1084048,,ZD
"""generative AI""",1851003,Zeta Global Holdings Corp.  (ZETA)  (CIK 0001851003),8-K,2026-02-24,0001193125-26-066951:zeta-ex99_1.htm,0001193125-26-066951,,,,,,,,https://www.sec.gov/cgi-bin/browse-edgar?action=getcompany&CIK=1851003,,ZETA
"""strategic AI""",730464,Covista Inc.  (ATGE)  (CIK 0000730464),8-K,2026-02-24,0000730464-26-000007:cvsa-20260224xex99d2.htm,0000730464-26-000007,,,,,,,,https://www.sec.gov/cgi-bin/browse-edgar?action=getcompany&CIK=730464,,CVSA
"""generative AI""",1617553,"ZIPRECRUITER, INC.  (ZIP)  (CIK 0001617553)",8-K,2026-02-25,0001617553-26-000015:ex992-q42025shareholderl.htm,0001617553-26-000015,,,,,,,,https://www.sec.gov/cgi-bin/browse-edgar?action=getcompany&CIK=1617553,,ZIP
"""generative AI""",1829864,"TaskUs, Inc.  (TASK)  (CIK 0001829864)",8-K,2026-02-25,0001829864-26-000005:earningsreleaseex991q42025.htm,0001829864-26-000005,,,,,,,,https://www.sec.gov/cgi-bin/browse-edgar?action=getcompany&CIK=1829864,,TASK
"""large language model""",1045810,NVIDIA CORP  (NVDA)  (CIK 0001045810),8-K,2026-02-25,0001045810-26-000019:q4fy26pr.htm,0001045810-26-000019,,,,,,,,https://www.sec.gov/cgi-bin/browse-edgar?action=getcompany&CIK=1045810,,NVDA
"""generative artificial intelligence""",1175535,Whitestone REIT  (WSR)  (CIK 0001175535),8-K,2026-02-25,0001437749-26-005612:ex_895623.htm,0001437749-26-005612,,,,,,,,https://www.sec.gov/cgi-bin/browse-edgar?action=getcompany&CIK=1175535,,WSR
"""generative AI""",1879001,Verses AI Inc.  (VRSSF)  (CIK 0001879001),8-K,2026-02-25,0001493152-26-007936:ex99-1.htm,0001493152-26-007936,,,,,,,,https://www.sec.gov/cgi-bin/browse-edgar?action=getcompany&CIK=1879001,,
"""generative artificial intelligence""",104918,AVISTA CORP  (AVA)  (CIK 0000104918),8-K,2026-02-25,0001193125-26-067873:ava-ex99_2.htm,0001193125-26-067873,,,,,,,,https://www.sec.gov/cgi-bin/browse-edgar?action=getcompany&CIK=104918,,AVA
"""generative AI""",1601830,"RECURSION PHARMACEUTICALS, INC.  (RXRX)  (CIK 0001601830)",8-K,2026-02-25,0001601830-26-000038:ye25earningsdeck_final.htm,0001601830-26-000038,,,,,,,,https://www.sec.gov/cgi-bin/browse-edgar?action=getcompany&CIK=1601830,,RXRX
"""generative AI""",1108524,"Salesforce, Inc.  (CRM)  (CIK 0001108524)",8-K,2026-02-25,0001108524-26-000056:crm-q4fy26xexhibit991.htm,0001108524-26-000056,,,,,,,,https://www.sec.gov/cgi-bin/browse-edgar?action=getcompany&CIK=1108524,,CRM
"""generative AI""",1577526,"C3.ai, Inc.  (AI)  (CIK 0001577526)",8-K,2026-02-25,0001577526-26-000013:ex991-fy26xq3earnings.htm,0001577526-26-000013,,,,,,,,https://www.sec.gov/cgi-bin/browse-edgar?action=getcompany&CIK=1577526,,AI
"""generative AI""",903651,INNODATA INC  (INOD)  (CIK 0000903651),8-K,2026-02-26,0001104659-26-020514:tm265812d1_ex99-1.htm,0001104659-26-020514,,,,,,,,https://www.sec.gov/cgi-bin/browse-edgar?action=getcompany&CIK=903651,,INOD
"""generative AI""",1422930,"PubMatic, Inc.  (PUBM)  (CIK 0001422930)",8-K,2026-02-26,0001422930-26-000008:fy25pressrelease.htm,0001422930-26-000008,,,,,,,,https://www.sec.gov/cgi-bin/browse-edgar?action=getcompany&CIK=1422930,,PUBM
"""generative AI""",2093101,"Atrium Therapeutics, Inc.  (CIK 0002093101)",8-K,2026-02-26,0001193125-26-077105:d14901dex991.htm,0001193125-26-077105,,,,,,,,https://www.sec.gov/cgi-bin/browse-edgar?action=getcompany&CIK=2093101,,RNA
"""generative artificial intelligence""",1946573,"Nakamoto Inc.  (NAKA, NAKAW)  (CIK 0001946573)",8-K,2026-02-26,0001493152-26-008131:ex2-1.htm,0001493152-26-008131,,,,,,,,https://www.sec.gov/cgi-bin/browse-edgar?action=getcompany&CIK=1946573,,NAKA
"""generative artificial intelligence""",1946573,"Nakamoto Inc.  (NAKA, NAKAW)  (CIK 0001946573)",8-K,2026-02-26,0001493152-26-008131:ex2-1.htm,0001493152-26-008131,,,,,,,,https://www.sec.gov/cgi-bin/browse-edgar?action=getcompany&CIK=1946573,,NAKAW
"""generative AI""",1840856,"SOUNDHOUND AI, INC.  (SOUN, SOUNW)  (CIK 0001840856)",8-K,2026-02-26,0001840856-26-000002:soun-20260226ex991earnings.htm,0001840856-26-000002,,,,,,,,https://www.sec.gov/cgi-bin/browse-edgar?action=getcompany&CIK=1840856,,SOUN
"""generative AI""",1840856,"SOUNDHOUND AI, INC.  (SOUN, SOUNW)  (CIK 0001840856)",8-K,2026-02-26,0001840856-26-000002:soun-20260226ex991earnings.htm,0001840856-26-000002,,,,,,,,https://www.sec.gov/cgi-bin/browse-edgar?action=getcompany&CIK=1840856,,SOUNW
"""generative AI""",1512673,"Block, Inc.  (XYZ, BSQKZ)  (CIK 0001512673)",8-K,2026-02-26,0001193125-26-076557:d108590dex991.htm,0001193125-26-076557,,,,,,,,https://www.sec.gov/cgi-bin/browse-edgar?action=getcompany&CIK=1512673,,XYZ
"""generative AI""",1512673,"Block, Inc.  (XYZ, BSQKZ)  (CIK 0001512673)",8-K,2026-02-26,0001193125-26-076557:d108590dex991.htm,0001193125-26-076557,,,,,,,,https://www.sec.gov/cgi-bin/browse-edgar?action=getcompany&CIK=1512673,,BSQKZ
"""generative AI""",1820144,Grindr Inc.  (GRND)  (CIK 0001820144),8-K,2026-02-26,0001820144-26-000004:exhibit991-fy25earningsrel.htm,0001820144-26-000004,,,,,,,,https://www.sec.gov/cgi-bin/browse-edgar?action=getcompany&CIK=1820144,,GRND
"""generative artificial intelligence""",352915,UNIVERSAL HEALTH SERVICES INC  (UHS)  (CIK 0000352915),8-K,2026-02-26,0001193125-26-073545:uhs-ex99_1.htm,0001193125-26-073545,,,,,,,,https://www.sec.gov/cgi-bin/browse-edgar?action=getcompany&CIK=352915,,UHS
"""generative AI""",1907982,D-Wave Quantum Inc.  (QBTS)  (CIK 0001907982),8-K,2026-02-26,0001907982-26-000022:a2026_022626d-wavexinves.htm,0001907982-26-000022,,,,,,,,https://www.sec.gov/cgi-bin/browse-edgar?action=getcompany&CIK=1907982,,QBTS
"""generative artificial intelligence""",885978,U S PHYSICAL THERAPY INC /NV  (USPH)  (CIK 0000885978),8-K,2026-02-26,0001140361-26-006882:ef20066590_ex99-1.htm,0001140361-26-006882,,,,,,,,https://www.sec.gov/cgi-bin/browse-edgar?action=getcompany&CIK=885978,,USPH
"""generative AI""",1830214,"Ginkgo Bioworks Holdings, Inc.  (DNA, DNABW)  (CIK 0001830214)",8-K,2026-02-26,0001628280-26-012339:ex991earningspr.htm,0001628280-26-012339,,,,,,,,https://www.sec.gov/cgi-bin/browse-edgar?action=getcompany&CIK=1830214,,DNA
"""generative AI""",1830214,"Ginkgo Bioworks Holdings, Inc.  (DNA, DNABW)  (CIK 0001830214)",8-K,2026-02-26,0001628280-26-012339:ex991earningspr.htm,0001628280-26-012339,,,,,,,,https://www.sec.gov/cgi-bin/browse-edgar?action=getcompany&CIK=1830214,,DNABW
"""generative AI""",1630212,Avalon GloboCare Corp.  (ALBT)  (CIK 0001630212),8-K,2026-02-26,0001213900-26-020631:ea027823701ex99-1.htm,0001213900-26-020631,,,,,,,,https://www.sec.gov/cgi-bin/browse-edgar?action=getcompany&CIK=1630212,,CHGA
"""generative AI""",1630212,Avalon GloboCare Corp.  (ALBT)  (CIK 0001630212),8-K,2026-02-26,0001213900-26-020631:ea027823701ex99-1.htm,0001213900-26-020631,,,,,,,,https://www.sec.gov/cgi-bin/browse-edgar?action=getcompany&CIK=1630212,,ALBT
"""generative AI""",1016281,CARRIAGE SERVICES INC  (CSV)  (CIK 0001016281),8-K,2026-02-26,0001016281-26-000016:pressrelease-q42025.htm,0001016281-26-000016,,,,,,,,https://www.sec.gov/cgi-bin/browse-edgar?action=getcompany&CIK=1016281,,CSV
"""generative AI""",1769628,"CoreWeave, Inc.  (CRWV)  (CIK 0001769628)",8-K,2026-02-26,0001769628-26-000094:coreweave4q25earningspress.htm,0001769628-26-000094,,,,,,,,https://www.sec.gov/cgi-bin/browse-edgar?action=getcompany&CIK=1769628,,CRWV
"""generative AI""",1573221,"TheRealReal, Inc.  (REAL)  (CIK 0001573221)",8-K,2026-02-26,0001573221-26-000009:real-20260226xex991pressre.htm,0001573221-26-000009,,,,,,,,https://www.sec.gov/cgi-bin/browse-edgar?action=getcompany&CIK=1573221,,REAL
"""generative artificial intelligence""",1714174,Burford Capital Ltd  (BUR)  (CIK 0001714174),8-K,2026-02-26,0001714174-26-000006:bur-20260226xex992.htm,0001714174-26-000006,,,,,,,,https://www.sec.gov/cgi-bin/browse-edgar?action=getcompany&CIK=1714174,,BUR
"""generative AI""",1018724,AMAZON COM INC  (AMZN)  (CIK 0001018724),8-K,2026-02-27,0001104659-26-021050:tm267374d1_ex99-1.htm,0001104659-26-021050,,,,,,,,https://www.sec.gov/cgi-bin/browse-edgar?action=getcompany&CIK=1018724,,AMZN
"""generative AI""",2054696,NIQ Global Intelligence plc  (NIQ)  (CIK 0002054696),8-K,2026-02-27,0001628280-26-012571:niqpressrelease-q425.htm,0001628280-26-012571,,,,,,,,https://www.sec.gov/cgi-bin/browse-edgar?action=getcompany&CIK=2054696,,NIQ
"""generative AI""",1783398,UWM Holdings Corp  (UWMC)  (CIK 0001783398),8-K,2026-02-27,0001783398-26-000018:irdeck4q25andfy2025-fina.htm,0001783398-26-000018,,,,,,,,https://www.sec.gov/cgi-bin/browse-edgar?action=getcompany&CIK=1783398,,UWMC
"""generative AI""",2032528,"Roman DBDR Acquisition Corp. II  (DRDB, DRDBU, DRDBW)  (CIK 0002032528)",8-K,2026-02-27,0001104659-26-020981:tm266732d1_ex2-1.htm,0001104659-26-020981,,,,,,,,https://www.sec.gov/cgi-bin/browse-edgar?action=getcompany&CIK=2032528,,DRDB
"""generative AI""",2032528,"Roman DBDR Acquisition Corp. II  (DRDB, DRDBU, DRDBW)  (CIK 0002032528)",8-K,2026-02-27,0001104659-26-020981:tm266732d1_ex2-1.htm,0001104659-26-020981,,,,,,,,https://www.sec.gov/cgi-bin/browse-edgar?action=getcompany&CIK=2032528,,DRDBW
"""generative AI""",2032528,"Roman DBDR Acquisition Corp. II  (DRDB, DRDBU, DRDBW)  (CIK 0002032528)",8-K,2026-02-27,0001104659-26-020981:tm266732d1_ex2-1.htm,0001104659-26-020981,,,,,,,,https://www.sec.gov/cgi-bin/browse-edgar?action=getcompany&CIK=2032528,,DRDBU
"""generative artificial intelligence""",1298675,CubeSmart  (CUBE)  (CIK 0001298675),8-K,2026-02-27,0001298675-26-000008:cube-20260226xex99d1.htm,0001298675-26-000008,,,,,,,,https://www.sec.gov/cgi-bin/browse-edgar?action=getcompany&CIK=1298675,,CUBE
"""generative AI""",790526,"RadNet, Inc.  (RDNT)  (CIK 0000790526)",8-K,2026-03-02,0001683168-26-001385:radnet_ex9901.htm,0001683168-26-001385,,,,,,,,https://www.sec.gov/cgi-bin/browse-edgar?action=getcompany&CIK=790526,,RDNT
"""generative AI""",1630212,Avalon GloboCare Corp.  (ALBT)  (CIK 0001630212),8-K,2026-03-02,0001213900-26-022022:ea027912401ex99-1.htm,0001213900-26-022022,,,,,,,,https://www.sec.gov/cgi-bin/browse-edgar?action=getcompany&CIK=1630212,,CHGA
"""generative AI""",1630212,Avalon GloboCare Corp.  (ALBT)  (CIK 0001630212),8-K,2026-03-02,0001213900-26-022022:ea027912401ex99-1.htm,0001213900-26-022022,,,,,,,,https://www.sec.gov/cgi-bin/browse-edgar?action=getcompany&CIK=1630212,,ALBT
"""generative AI""",2082866,"Pinnacle Financial Partners, Inc.  (PNFP, PNFP-PA, PNFP-PB, PNFP-PC)  (CIK 0002082866)",8-K,2026-03-02,0002082866-26-000020:pnfp-20260302_d2.htm,0002082866-26-000020,,,,,,,,https://www.sec.gov/cgi-bin/browse-edgar?action=getcompany&CIK=2082866,,PNFP
"""generative AI""",2082866,"Pinnacle Financial Partners, Inc.  (PNFP, PNFP-PA, PNFP-PB, PNFP-PC)  (CIK 0002082866)",8-K,2026-03-02,0002082866-26-000020:pnfp-20260302_d2.htm,0002082866-26-000020,,,,,,,,https://www.sec.gov/cgi-bin/browse-edgar?action=getcompany&CIK=2082866,,PNFP-PC
"""generative AI""",2082866,"Pinnacle Financial Partners, Inc.  (PNFP, PNFP-PA, PNFP-PB, PNFP-PC)  (CIK 0002082866)",8-K,2026-03-02,0002082866-26-000020:pnfp-20260302_d2.htm,0002082866-26-000020,,,,,,,,https://www.sec.gov/cgi-bin/browse-edgar?action=getcompany&CIK=2082866,,PNFP-PA
"""generative AI""",2082866,"Pinnacle Financial Partners, Inc.  (PNFP, PNFP-PA, PNFP-PB, PNFP-PC)  (CIK 0002082866)",8-K,2026-03-02,0002082866-26-000020:pnfp-20260302_d2.htm,0002082866-26-000020,,,,,,,,https://www.sec.gov/cgi-bin/browse-edgar?action=getcompany&CIK=2082866,,PNFP-PB
"""generative AI""",1935979,Biohaven Ltd.  (BHVN)  (CIK 0001935979),8-K,2026-03-02,0001935979-26-000022:a2025q4bhvnearningsprex991.htm,0001935979-26-000022,,,,,,,,https://www.sec.gov/cgi-bin/browse-edgar?action=getcompany&CIK=1935979,,BHVN
"""generative AI""",1441816,"MongoDB, Inc.  (MDB)  (CIK 0001441816)",8-K,2026-03-02,0001628280-26-013199:mdb-13126xex991xrelease.htm,0001628280-26-013199,,,,,,,,https://www.sec.gov/cgi-bin/browse-edgar?action=getcompany&CIK=1441816,,MDB
"""generative AI""",1372612,BOX INC  (BOX)  (CIK 0001372612),8-K,2026-03-03,0001193125-26-088171:box-ex99_1.htm,0001193125-26-088171,,,,,,,,https://www.sec.gov/cgi-bin/browse-edgar?action=getcompany&CIK=1372612,,BOX
"""generative AI""",1372612,BOX INC  (BOX)  (CIK 0001372612),8-K,2026-03-03,0001193125-26-088171:box-ex99_1.htm,0001193125-26-088171,,,,,,,,https://www.sec.gov/cgi-bin/browse-edgar?action=getcompany&CIK=1372612,,BXCAP
"""generative AI""",1075736,"Crexendo, Inc.  (CXDO)  (CIK 0001075736)",8-K,2026-03-03,0001654954-26-001832:cxdo_ex991.htm,0001654954-26-001832,,,,,,,,https://www.sec.gov/cgi-bin/browse-edgar?action=getcompany&CIK=1075736,,CXDO
"""generative artificial intelligence""",1833197,"Latham Group, Inc.  (SWIM)  (CIK 0001833197)",8-K,2026-03-03,0001104659-26-022841:tm267795d1_ex99.htm,0001104659-26-022841,,,,,,,,https://www.sec.gov/cgi-bin/browse-edgar?action=getcompany&CIK=1833197,,SWIM
"""generative artificial intelligence""",1278027,"B&G Foods, Inc.  (BGS)  (CIK 0001278027)",8-K,2026-03-03,0001104659-26-022831:bgs-20260303xex99d1.htm,0001104659-26-022831,,,,,,,,https://www.sec.gov/cgi-bin/browse-edgar?action=getcompany&CIK=1278027,,BGS
"""generative artificial intelligence""",104918,AVISTA CORP  (AVA)  (CIK 0000104918),8-K,2026-03-04,0000104918-26-000042:ava-ex99_1.htm,0000104918-26-000042,,,,,,,,https://www.sec.gov/cgi-bin/browse-edgar?action=getcompany&CIK=104918,,AVA
"""generative AI""",1479419,"KALA BIO, Inc.  (KALA)  (CIK 0001479419)",8-K,2026-03-04,0001829126-26-001911:kalabio_ex99-1.htm,0001829126-26-001911,,,,,,,,https://www.sec.gov/cgi-bin/browse-edgar?action=getcompany&CIK=1479419,,KALA
"""generative artificial intelligence""",924822,MILLER INDUSTRIES INC /TN/  (MLR)  (CIK 0000924822),8-K,2026-03-04,0001104659-26-023483:mlr-20260304xex99d2.htm,0001104659-26-023483,,,,,,,,https://www.sec.gov/cgi-bin/browse-edgar?action=getcompany&CIK=924822,,MLR
"""generative artificial intelligence""",1833197,"Latham Group, Inc.  (SWIM)  (CIK 0001833197)",8-K,2026-03-04,0001104659-26-023572:tm268040d1_ex99.htm,0001104659-26-023572,,,,,,,,https://www.sec.gov/cgi-bin/browse-edgar?action=getcompany&CIK=1833197,,SWIM
"""generative AI""",829323,"Inuvo, Inc.  (INUV)  (CIK 0000829323)",8-K,2026-03-05,0001654954-26-001939:inuvo_ex992.htm,0001654954-26-001939,,,,,,,,https://www.sec.gov/cgi-bin/browse-edgar?action=getcompany&CIK=829323,,INUV
"""generative artificial intelligence""",107140,"JOHN WILEY & SONS, INC.  (WLY, WLYB)  (CIK 0000107140)",8-K,2026-03-05,0000107140-26-000009:exhibit992-q326earningsp.htm,0000107140-26-000009,,,,,,,,https://www.sec.gov/cgi-bin/browse-edgar?action=getcompany&CIK=107140,,WLY
"""generative artificial intelligence""",107140,"JOHN WILEY & SONS, INC.  (WLY, WLYB)  (CIK 0000107140)",8-K,2026-03-05,0000107140-26-000009:exhibit992-q326earningsp.htm,0000107140-26-000009,,,,,,,,https://www.sec.gov/cgi-bin/browse-edgar?action=getcompany&CIK=107140,,WLYB
"""generative AI""",2088295,"Bleichroeder Acquisition Corp. II  (BBCQ, BBCQU, BBCQW)  (CIK 0002088295)",8-K,2026-03-05,0001213900-26-023839:ea027921801ex2-1.htm,0001213900-26-023839,,,,,,,,https://www.sec.gov/cgi-bin/browse-edgar?action=getcompany&CIK=2088295,,BBCQ
"""generative AI""",2088295,"Bleichroeder Acquisition Corp. II  (BBCQ, BBCQU, BBCQW)  (CIK 0002088295)",8-K,2026-03-05,0001213900-26-023839:ea027921801ex2-1.htm,0001213900-26-023839,,,,,,,,https://www.sec.gov/cgi-bin/browse-edgar?action=getcompany&CIK=2088295,,BBCQU
"""generative AI""",2088295,"Bleichroeder Acquisition Corp. II  (BBCQ, BBCQU, BBCQW)  (CIK 0002088295)",8-K,2026-03-05,0001213900-26-023839:ea027921801ex2-1.htm,0001213900-26-023839,,,,,,,,https://www.sec.gov/cgi-bin/browse-edgar?action=getcompany&CIK=2088295,,BBCQW
"""generative AI""",1720116,"Red Violet, Inc.  (RDVT)  (CIK 0001720116)",8-K,2026-03-05,0001193125-26-094307:rdvt-ex99_2.htm,0001193125-26-094307,,,,,,,,https://www.sec.gov/cgi-bin/browse-edgar?action=getcompany&CIK=1720116,,RDVT
"""generative AI""",1454938,Teads Holding Co.  (TEAD)  (CIK 0001454938),8-K,2026-03-05,0001454938-26-000007:q42025er-exhibit991.htm,0001454938-26-000007,,,,,,,,https://www.sec.gov/cgi-bin/browse-edgar?action=getcompany&CIK=1454938,,TEAD
"""generative AI""",1672688,Absci Corp  (ABSI)  (CIK 0001672688),8-K,2026-03-06,0001672688-26-000047:exhibit991-26x03x03pr.htm,0001672688-26-000047,,,,,,,,https://www.sec.gov/cgi-bin/browse-edgar?action=getcompany&CIK=1672688,,ABSI
"""generative AI""",1614178,"Yext, Inc.  (YEXT)  (CIK 0001614178)",8-K,2026-03-09,0001628280-26-016005:ex992q4fy26shareholderlett.htm,0001628280-26-016005,,,,,,,,https://www.sec.gov/cgi-bin/browse-edgar?action=getcompany&CIK=1614178,,YEXT
"""generative AI""",1420720,"iBio, Inc.  (IBIO)  (CIK 0001420720)",8-K,2026-03-09,0001420720-26-000006:ibio-20260309xex99d2.htm,0001420720-26-000006,,,,,,,,https://www.sec.gov/cgi-bin/browse-edgar?action=getcompany&CIK=1420720,,IBIO
"""generative artificial intelligence""",885978,U S PHYSICAL THERAPY INC /NV  (USPH)  (CIK 0000885978),8-K,2026-03-09,0000885978-26-000011:ex99-1.htm,0000885978-26-000011,,,,,,,,https://www.sec.gov/cgi-bin/browse-edgar?action=getcompany&CIK=885978,,USPH
"""generative AI""",1808834,"PROG Holdings, Inc.  (PRG)  (CIK 0001808834)",8-K,2026-03-10,0001808834-26-000051:exhibit992-pressreleaseu.htm,0001808834-26-000051,,,,,,,,https://www.sec.gov/cgi-bin/browse-edgar?action=getcompany&CIK=1808834,,PRG
"""generative artificial intelligence""",876883,Stagwell Inc  (STGW)  (CIK 0000876883),8-K,2026-03-10,0000876883-26-000004:a4q25earningspresentatio.htm,0000876883-26-000004,,,,,,,,https://www.sec.gov/cgi-bin/browse-edgar?action=getcompany&CIK=876883,,STGW
"""generative AI""",64463,"Soluna Holdings, Inc  (SLNH, SLNHP)  (CIK 0000064463)",8-K,2026-03-10,0001493152-26-009444:ex99-1.htm,0001493152-26-009444,,,,,,,,https://www.sec.gov/cgi-bin/browse-edgar?action=getcompany&CIK=64463,,SLNH
"""generative AI""",64463,"Soluna Holdings, Inc  (SLNH, SLNHP)  (CIK 0000064463)",8-K,2026-03-10,0001493152-26-009444:ex99-1.htm,0001493152-26-009444,,,,,,,,https://www.sec.gov/cgi-bin/browse-edgar?action=getcompany&CIK=64463,,SLNHP
"""large language model""",896493,"Hyperscale Data, Inc.  (GPUS, GPUS-PD)  (CIK 0000896493)",8-K,2026-03-11,0001214659-26-003165:ex99_1.htm,0001214659-26-003165,,,,,,,,https://www.sec.gov/cgi-bin/browse-edgar?action=getcompany&CIK=896493,,GPUS
"""large language model""",896493,"Hyperscale Data, Inc.  (GPUS, GPUS-PD)  (CIK 0000896493)",8-K,2026-03-11,0001214659-26-003165:ex99_1.htm,0001214659-26-003165,,,,,,,,https://www.sec.gov/cgi-bin/browse-edgar?action=getcompany&CIK=896493,,GPUS-PD
"""generative artificial intelligence""",1785424,"Katapult Holdings, Inc.  (KPLT, KPLTW)  (CIK 0001785424)",8-K,2026-03-11,0001628280-26-016659:q42025earningsrelease1.htm,0001628280-26-016659,,,,,,,,https://www.sec.gov/cgi-bin/browse-edgar?action=getcompany&CIK=1785424,,KPLT
"""generative AI""",1320760,"TSS, Inc.  (TSSI)  (CIK 0001320760)",8-K,2026-03-11,0001654954-26-002115:tssi_ex991.htm,0001654954-26-002115,,,,,,,,https://www.sec.gov/cgi-bin/browse-edgar?action=getcompany&CIK=1320760,,TSSI
"""strategic AI""",1828791,Viant Technology Inc.  (DSP)  (CIK 0001828791),8-K,2026-03-11,0001828791-26-000018:dsp-20260311xexx991.htm,0001828791-26-000018,,,,,,,,https://www.sec.gov/cgi-bin/browse-edgar?action=getcompany&CIK=1828791,,DSP
"""generative AI""",1583708,"SentinelOne, Inc.  (S)  (CIK 0001583708)",8-K,2026-03-12,0001583708-26-000014:s-q4fy26earningspresenta.htm,0001583708-26-000014,,,,,,,,https://www.sec.gov/cgi-bin/browse-edgar?action=getcompany&CIK=1583708,,S
"""generative AI""",1667313,"Zedge, Inc.  (ZDGE)  (CIK 0001667313)",8-K,2026-03-12,0001213900-26-026946:ea028138401ex99-1.htm,0001213900-26-026946,,,,,,,,https://www.sec.gov/cgi-bin/browse-edgar?action=getcompany&CIK=1667313,,ZDGE
"""generative AI""",1568100,"PagerDuty, Inc.  (PD)  (CIK 0001568100)",8-K,2026-03-12,0001568100-26-000011:ex991-pagerdutyq4fy26earni.htm,0001568100-26-000011,,,,,,,,https://www.sec.gov/cgi-bin/browse-edgar?action=getcompany&CIK=1568100,,PD
"""generative AI""",1352010,"EPAM Systems, Inc.  (EPAM)  (CIK 0001352010)",8-K,2026-03-12,0001352010-26-000021:a2026investordaypresenta.htm,0001352010-26-000021,,,,,,,,https://www.sec.gov/cgi-bin/browse-edgar?action=getcompany&CIK=1352010,,EPAM
"""generative AI""",1854368,Digi Power X Inc.  (DGXX)  (CIK 0001854368),8-K,2026-03-13,0001213900-26-027265:ea028155101ex99-1.htm,0001213900-26-027265,,,,,,,,https://www.sec.gov/cgi-bin/browse-edgar?action=getcompany&CIK=1854368,,DGXX
"""generative AI""",1603652,Urgent.ly Inc.  (ULY)  (CIK 0001603652),8-K,2026-03-16,0001193125-26-106848:d114779dex21.htm,0001193125-26-106848,,,,,,,,https://www.sec.gov/cgi-bin/browse-edgar?action=getcompany&CIK=1603652,,
"""generative AI""",1320760,"TSS, Inc.  (TSSI)  (CIK 0001320760)",8-K,2026-03-16,0001654954-26-002255:tssi_ex991.htm,0001654954-26-002255,,,,,,,,https://www.sec.gov/cgi-bin/browse-edgar?action=getcompany&CIK=1320760,,TSSI
"""strategic AI""",1793229,Claritev Corp  (CTEV)  (CIK 0001793229),8-K,2026-03-16,0001793229-26-000021:ctevinvestordaypresentat.htm,0001793229-26-000021,,,,,,,,https://www.sec.gov/cgi-bin/browse-edgar?action=getcompany&CIK=1793229,,CTEV
"""generative AI""",1898496,"Getty Images Holdings, Inc.  (GETY)  (CIK 0001898496)",8-K,2026-03-16,0001628280-26-018164:gety-2025x12x31ex991.htm,0001628280-26-018164,,,,,,,,https://www.sec.gov/cgi-bin/browse-edgar?action=getcompany&CIK=1898496,,GETY
"""generative artificial intelligence""",2092897,"Armada Acquisition Corp. III  (AACI, AACIU)  (CIK 0002092897)",8-K,2026-03-16,0001193125-26-108609:d109662dex991.htm,0001193125-26-108609,,,,,,,,https://www.sec.gov/cgi-bin/browse-edgar?action=getcompany&CIK=2092897,,AACI
"""generative artificial intelligence""",2092897,"Armada Acquisition Corp. III  (AACI, AACIU)  (CIK 0002092897)",8-K,2026-03-16,0001193125-26-108609:d109662dex991.htm,0001193125-26-108609,,,,,,,,https://www.sec.gov/cgi-bin/browse-edgar?action=getcompany&CIK=2092897,,AACIU
"""generative artificial intelligence""",2092897,"Armada Acquisition Corp. III  (AACI, AACIU)  (CIK 0002092897)",8-K,2026-03-16,0001193125-26-108609:d109662dex991.htm,0001193125-26-108609,,,,,,,,https://www.sec.gov/cgi-bin/browse-edgar?action=getcompany&CIK=2092897,,AACIW
"""generative AI""",1646188,Ondas Inc.  (ONDS)  (CIK 0001646188),8-K,2026-03-17,0001213900-26-028724:ea028172601ex2-1.htm,0001213900-26-028724,,,,,,,,https://www.sec.gov/cgi-bin/browse-edgar?action=getcompany&CIK=1646188,,ONDS
"""generative AI""",1823466,"FiscalNote Holdings, Inc.  (NOTE, NOTE-WT)  (CIK 0001823466)",8-K,2026-03-19,0001193125-26-116009:note-ex99_1.htm,0001193125-26-116009,,,,,,,,https://www.sec.gov/cgi-bin/browse-edgar?action=getcompany&CIK=1823466,,NOTE
"""generative AI""",1823466,"FiscalNote Holdings, Inc.  (NOTE, NOTE-WT)  (CIK 0001823466)",8-K,2026-03-19,0001193125-26-116009:note-ex99_1.htm,0001193125-26-116009,,,,,,,,https://www.sec.gov/cgi-bin/browse-edgar?action=getcompany&CIK=1823466,,NOTEW
"""generative AI""",1781174,"Acrivon Therapeutics, Inc.  (ACRV)  (CIK 0001781174)",8-K,2026-03-19,0001193125-26-115139:acrv-ex99_1.htm,0001193125-26-115139,,,,,,,,https://www.sec.gov/cgi-bin/browse-edgar?action=getcompany&CIK=1781174,,ACRV
"""generative AI""",1898496,"Getty Images Holdings, Inc.  (GETY)  (CIK 0001898496)",8-K,2026-03-19,0001213900-26-031573:ea028251101ex99-1.htm,0001213900-26-031573,,,,,,,,https://www.sec.gov/cgi-bin/browse-edgar?action=getcompany&CIK=1898496,,GETY
"""generative artificial intelligence""",1278027,"B&G Foods, Inc.  (BGS)  (CIK 0001278027)",8-K,2026-03-20,0001104659-26-032468:tm269436d1_ex99-1.htm,0001104659-26-032468,,,,,,,,https://www.sec.gov/cgi-bin/browse-edgar?action=getcompany&CIK=1278027,,BGS
"""generative AI""",1665300,"Phunware, Inc.  (PHUN)  (CIK 0001665300)",8-K,2026-03-20,0001193125-26-116810:phun-ex99_1.htm,0001193125-26-116810,,,,,,,,https://www.sec.gov/cgi-bin/browse-edgar?action=getcompany&CIK=1665300,,PHUN
"""generative AI""",1621672,"Super League Enterprise, Inc.  (SLE)  (CIK 0001621672)",8-K,2026-03-20,0001437749-26-009204:ex_934180.htm,0001437749-26-009204,,,,,,,,https://www.sec.gov/cgi-bin/browse-edgar?action=getcompany&CIK=1621672,,SLE
"""generative AI""",1708599,"Serina Therapeutics, Inc.  (SER)  (CIK 0001708599)",8-K,2026-03-23,0001708599-26-000010:ex101_serina-pipesecuritie.htm,0001708599-26-000010,,,,,,,,https://www.sec.gov/cgi-bin/browse-edgar?action=getcompany&CIK=1708599,,SER
"""generative AI""",1803599,Concentrix Corp  (CNXC)  (CIK 0001803599),8-K,2026-03-24,0001803599-26-000084:exhibit991q12026.htm,0001803599-26-000084,,,,,,,,https://www.sec.gov/cgi-bin/browse-edgar?action=getcompany&CIK=1803599,,CNXC
"""generative AI""",1672688,Absci Corp  (ABSI)  (CIK 0001672688),8-K,2026-03-24,0001672688-26-000066:exhibit991-2025q410xkpr.htm,0001672688-26-000066,,,,,,,,https://www.sec.gov/cgi-bin/browse-edgar?action=getcompany&CIK=1672688,,ABSI
"""generative AI""",1667313,"Zedge, Inc.  (ZDGE)  (CIK 0001667313)",8-K,2026-03-25,0001213900-26-033824:ea028325001ex99-1.htm,0001213900-26-033824,,,,,,,,https://www.sec.gov/cgi-bin/browse-edgar?action=getcompany&CIK=1667313,,ZDGE
"""generative AI""",1615165,"Veritone, Inc.  (VERI)  (CIK 0001615165)",8-K,2026-03-26,0001628280-26-021451:veriearningsreleaseq42025e.htm,0001628280-26-021451,,,,,,,,https://www.sec.gov/cgi-bin/browse-edgar?action=getcompany&CIK=1615165,,VERI
"""generative AI""",1735438,MeiraGTx Holdings plc  (MGTX)  (CIK 0001735438),8-K,2026-03-26,0001104659-26-034904:mgtx-20260325xex99d1.htm,0001104659-26-034904,,,,,,,,https://www.sec.gov/cgi-bin/browse-edgar?action=getcompany&CIK=1735438,,MGTX
"""generative AI""",1830081,"Rumble Inc.  (RUM, RUMBW)  (CIK 0001830081)",8-K,2026-03-27,0001213900-26-034894:ea028364901ex99-1.htm,0001213900-26-034894,,,,,,,,https://www.sec.gov/cgi-bin/browse-edgar?action=getcompany&CIK=1830081,,RUM
"""generative AI""",1830081,"Rumble Inc.  (RUM, RUMBW)  (CIK 0001830081)",8-K,2026-03-27,0001213900-26-034894:ea028364901ex99-1.htm,0001213900-26-034894,,,,,,,,https://www.sec.gov/cgi-bin/browse-edgar?action=getcompany&CIK=1830081,,RUMBW
"""generative AI""",64463,"Soluna Holdings, Inc  (SLNH, SLNHP)  (CIK 0000064463)",8-K,2026-03-30,0001493152-26-013456:ex99-1.htm,0001493152-26-013456,,,,,,,,https://www.sec.gov/cgi-bin/browse-edgar?action=getcompany&CIK=64463,,SLNH
"""generative AI""",64463,"Soluna Holdings, Inc  (SLNH, SLNHP)  (CIK 0000064463)",8-K,2026-03-30,0001493152-26-013456:ex99-1.htm,0001493152-26-013456,,,,,,,,https://www.sec.gov/cgi-bin/browse-edgar?action=getcompany&CIK=64463,,SLNHP
"""AI initiative""",1169445,"TruBridge, Inc.  (TBRG)  (CIK 0001169445)",8-K,2026-03-31,0001437749-26-010657:ex_939684.htm,0001437749-26-010657,,,,,,,,https://www.sec.gov/cgi-bin/browse-edgar?action=getcompany&CIK=1169445,,
"""generative AI""",2007825,"Infleqtion, Inc.  (INFQ, INFQ-WT)  (CIK 0002007825)",8-K,2026-03-31,0001193125-26-134690:d104197dex992.htm,0001193125-26-134690,,,,,,,,https://www.sec.gov/cgi-bin/browse-edgar?action=getcompany&CIK=2007825,,INFQ
"""generative AI""",2007825,"Infleqtion, Inc.  (INFQ, INFQ-WT)  (CIK 0002007825)",8-K,2026-03-31,0001193125-26-134690:d104197dex992.htm,0001193125-26-134690,,,,,,,,https://www.sec.gov/cgi-bin/browse-edgar?action=getcompany&CIK=2007825,,INFQ-WT
"""generative AI""",748268,"Red Cat Holdings, Inc.  (RCAT)  (CIK 0000748268)",8-K,2026-03-31,0001628280-26-022154:sharepurchaseagreement.htm,0001628280-26-022154,,,,,,,,https://www.sec.gov/cgi-bin/browse-edgar?action=getcompany&CIK=748268,,RCAT
"""generative AI""",1976663,"Nexscient, Inc.  (NXNT)  (CIK 0001976663)",8-K,2026-04-01,0001477932-26-001936:nexscient_ex991.htm,0001477932-26-001936,,,,,,,,https://www.sec.gov/cgi-bin/browse-edgar?action=getcompany&CIK=1976663,,NXNT
"""generative AI""",64463,"Soluna Holdings, Inc  (SLNH, SLNHP)  (CIK 0000064463)",8-K,2026-04-02,0001493152-26-014800:ex99-1.htm,0001493152-26-014800,,,,,,,,https://www.sec.gov/cgi-bin/browse-edgar?action=getcompany&CIK=64463,,SLNH
"""generative AI""",64463,"Soluna Holdings, Inc  (SLNH, SLNHP)  (CIK 0000064463)",8-K,2026-04-02,0001493152-26-014800:ex99-1.htm,0001493152-26-014800,,,,,,,,https://www.sec.gov/cgi-bin/browse-edgar?action=getcompany&CIK=64463,,SLNHP
"""generative AI""",885550,CREDIT ACCEPTANCE CORP  (CACC)  (CIK 0000885550),8-K,2026-04-03,0000885550-26-000053:cacc_ex9920260403shl.htm,0000885550-26-000053,,,,,,,,https://www.sec.gov/cgi-bin/browse-edgar?action=getcompany&CIK=885550,,CACC
"""generative AI""",1690080,FORUM MARKETS Inc  (FRMM)  (CIK 0001690080),8-K,2026-04-08,0001213900-26-041287:ea028553701ex99-1.htm,0001213900-26-041287,,,,,,,,https://www.sec.gov/cgi-bin/browse-edgar?action=getcompany&CIK=1690080,,FRMM
"""generative artificial intelligence""",2025401,"Fifth Era Acquisition Corp I  (FERA, FERAR, FERAU)  (CIK 0002025401)",8-K,2026-04-09,0001213900-26-041771:ea028557701ex2-1.htm,0001213900-26-041771,,,,,,,,https://www.sec.gov/cgi-bin/browse-edgar?action=getcompany&CIK=2025401,,FERA
"""generative artificial intelligence""",2025401,"Fifth Era Acquisition Corp I  (FERA, FERAR, FERAU)  (CIK 0002025401)",8-K,2026-04-09,0001213900-26-041771:ea028557701ex2-1.htm,0001213900-26-041771,,,,,,,,https://www.sec.gov/cgi-bin/browse-edgar?action=getcompany&CIK=2025401,,FERAR
"""generative artificial intelligence""",2025401,"Fifth Era Acquisition Corp I  (FERA, FERAR, FERAU)  (CIK 0002025401)",8-K,2026-04-09,0001213900-26-041771:ea028557701ex2-1.htm,0001213900-26-041771,,,,,,,,https://www.sec.gov/cgi-bin/browse-edgar?action=getcompany&CIK=2025401,,FERAU
"""generative AI""",1018724,AMAZON COM INC  (AMZN)  (CIK 0001018724),8-K,2026-04-09,0001104659-26-041034:tm263815d3_ex99-1.htm,0001104659-26-041034,,,,,,,,https://www.sec.gov/cgi-bin/browse-edgar?action=getcompany&CIK=1018724,,AMZN
"""generative AI""",64463,"Soluna Holdings, Inc  (SLNH, SLNHP)  (CIK 0000064463)",8-K,2026-04-09,0001493152-26-015809:ex99-1.htm,0001493152-26-015809,,,,,,,,https://www.sec.gov/cgi-bin/browse-edgar?action=getcompany&CIK=64463,,SLNH
"""generative AI""",64463,"Soluna Holdings, Inc  (SLNH, SLNHP)  (CIK 0000064463)",8-K,2026-04-09,0001493152-26-015809:ex99-1.htm,0001493152-26-015809,,,,,,,,https://www.sec.gov/cgi-bin/browse-edgar?action=getcompany&CIK=64463,,SLNHP
"""AI acquisition""",1852889,Investcorp AI Acquisition Corp.  (CIK 0001852889),8-K,2026-04-13,0001829126-26-003449:investcorpalacq_ex2-1.htm,0001829126-26-003449,,,,,,,,https://www.sec.gov/cgi-bin/browse-edgar?action=getcompany&CIK=1852889,,
"""generative AI""",64463,"Soluna Holdings, Inc  (SLNH, SLNHP)  (CIK 0000064463)",8-K,2026-04-16,0001493152-26-016971:ex99-1.htm,0001493152-26-016971,,,,,,,,https://www.sec.gov/cgi-bin/browse-edgar?action=getcompany&CIK=64463,,SLNH
"""generative AI""",64463,"Soluna Holdings, Inc  (SLNH, SLNHP)  (CIK 0000064463)",8-K,2026-04-16,0001493152-26-016971:ex99-1.htm,0001493152-26-016971,,,,,,,,https://www.sec.gov/cgi-bin/browse-edgar?action=getcompany&CIK=64463,,SLNHP
"""generative AI""",1390777,"Bank of New York Mellon Corp  (BK, BK-PK)  (CIK 0001390777)",8-K,2026-04-16,0001390777-26-000042:ex993_quarterlyupdatepre.htm,0001390777-26-000042,,,,,,,,https://www.sec.gov/cgi-bin/browse-edgar?action=getcompany&CIK=1390777,,BNY
"""generative AI""",1390777,"Bank of New York Mellon Corp  (BK, BK-PK)  (CIK 0001390777)",8-K,2026-04-16,0001390777-26-000042:ex993_quarterlyupdatepre.htm,0001390777-26-000042,,,,,,,,https://www.sec.gov/cgi-bin/browse-edgar?action=getcompany&CIK=1390777,,BNY-PK
"""generative AI""",866706,ESCO TECHNOLOGIES INC  (ESE)  (CIK 0000866706),8-K,2026-04-16,0001104659-26-044425:tm2611835d1_ex10-1.htm,0001104659-26-044425,,,,,,,,https://www.sec.gov/cgi-bin/browse-edgar?action=getcompany&CIK=866706,,ESE
"""generative AI""",1281761,"REGIONS FINANCIAL CORP  (RF, RF-PC, RF-PE, RF-PF)  (CIK 0001281761)",8-K,2026-04-17,0001281761-26-000032:rf-2026331xexhibit993fin.htm,0001281761-26-000032,,,,,,,,https://www.sec.gov/cgi-bin/browse-edgar?action=getcompany&CIK=1281761,,RF
"""generative AI""",1281761,"REGIONS FINANCIAL CORP  (RF, RF-PC, RF-PE, RF-PF)  (CIK 0001281761)",8-K,2026-04-17,0001281761-26-000032:rf-2026331xexhibit993fin.htm,0001281761-26-000032,,,,,,,,https://www.sec.gov/cgi-bin/browse-edgar?action=getcompany&CIK=1281761,,RF-PC
"""generative AI""",1281761,"REGIONS FINANCIAL CORP  (RF, RF-PC, RF-PE, RF-PF)  (CIK 0001281761)",8-K,2026-04-17,0001281761-26-000032:rf-2026331xexhibit993fin.htm,0001281761-26-000032,,,,,,,,https://www.sec.gov/cgi-bin/browse-edgar?action=getcompany&CIK=1281761,,RF-PE
"""generative AI""",1281761,"REGIONS FINANCIAL CORP  (RF, RF-PC, RF-PE, RF-PF)  (CIK 0001281761)",8-K,2026-04-17,0001281761-26-000032:rf-2026331xexhibit993fin.htm,0001281761-26-000032,,,,,,,,https://www.sec.gov/cgi-bin/browse-edgar?action=getcompany&CIK=1281761,,RF-PF
"""strategic AI""",1895249,"ConnectM Technology Solutions, Inc.  (CNTM)  (CIK 0001895249)",8-K,2026-04-17,0001104659-26-044534:tm2612088d1_ex99-1.htm,0001104659-26-044534,,,,,,,,https://www.sec.gov/cgi-bin/browse-edgar?action=getcompany&CIK=1895249,,CNTM
"""generative artificial intelligence""",1038773,SMARTFINANCIAL INC.  (SMBK)  (CIK 0001038773),8-K,2026-04-20,0001104659-26-045196:smbk-20260420xex99d2.htm,0001104659-26-045196,,,,,,,,https://www.sec.gov/cgi-bin/browse-edgar?action=getcompany&CIK=1038773,,SMBK
"""generative artificial intelligence""",726601,CAPITAL CITY BANK GROUP INC  (CCBG)  (CIK 0000726601),8-K,2026-04-20,0000726601-26-000009:ex991.htm,0000726601-26-000009,,,,,,,,https://www.sec.gov/cgi-bin/browse-edgar?action=getcompany&CIK=726601,,CCBG
"""generative artificial intelligence""",1840856,"SOUNDHOUND AI, INC.  (SOUN, SOUNW)  (CIK 0001840856)",8-K,2026-04-21,0001213900-26-045987:ea028711701ex2-1.htm,0001213900-26-045987,,,,,,,,https://www.sec.gov/cgi-bin/browse-edgar?action=getcompany&CIK=1840856,,SOUN
"""generative artificial intelligence""",1840856,"SOUNDHOUND AI, INC.  (SOUN, SOUNW)  (CIK 0001840856)",8-K,2026-04-21,0001213900-26-045987:ea028711701ex2-1.htm,0001213900-26-045987,,,,,,,,https://www.sec.gov/cgi-bin/browse-edgar?action=getcompany&CIK=1840856,,SOUNW
"""generative AI""",1630212,Avalon GloboCare Corp.  (ALBT)  (CIK 0001630212),8-K,2026-04-21,0001213900-26-045891:ea0287102-8k_avalon.htm,0001213900-26-045891,,,,,,,,https://www.sec.gov/cgi-bin/browse-edgar?action=getcompany&CIK=1630212,,CHGA
"""generative AI""",1630212,Avalon GloboCare Corp.  (ALBT)  (CIK 0001630212),8-K,2026-04-21,0001213900-26-045891:ea0287102-8k_avalon.htm,0001213900-26-045891,,,,,,,,https://www.sec.gov/cgi-bin/browse-edgar?action=getcompany&CIK=1630212,,ALBT
"""generative AI""",64463,"Soluna Holdings, Inc  (SLNH, SLNHP)  (CIK 0000064463)",8-K,2026-04-21,0001493152-26-018192:ex99-1.htm,0001493152-26-018192,,,,,,,,https://www.sec.gov/cgi-bin/browse-edgar?action=getcompany&CIK=64463,,SLNH
"""generative AI""",64463,"Soluna Holdings, Inc  (SLNH, SLNHP)  (CIK 0000064463)",8-K,2026-04-21,0001493152-26-018192:ex99-1.htm,0001493152-26-018192,,,,,,,,https://www.sec.gov/cgi-bin/browse-edgar?action=getcompany&CIK=64463,,SLNHP
"""generative artificial intelligence""",1336706,NORTHPOINTE BANCSHARES INC  (NPB)  (CIK 0001336706),8-K,2026-04-21,0001336706-26-000035:npb-202603x8kxexx991.htm,0001336706-26-000035,,,,,,,,https://www.sec.gov/cgi-bin/browse-edgar?action=getcompany&CIK=1336706,,NPB
"""generative artificial intelligence""",1723128,"Amneal Pharmaceuticals, Inc.  (AMRX)  (CIK 0001723128)",8-K,2026-04-22,0001193125-26-168231:d126526dex21.htm,0001193125-26-168231,,,,,,,,https://www.sec.gov/cgi-bin/browse-edgar?action=getcompany&CIK=1723128,,AMRX
"""generative artificial intelligence""",1516912,"Origin Bancorp, Inc.  (OBK)  (CIK 0001516912)",8-K,2026-04-22,0001516912-26-000017:a03_31x2026obkinvestorpr.htm,0001516912-26-000017,,,,,,,,https://www.sec.gov/cgi-bin/browse-edgar?action=getcompany&CIK=1516912,,OBK
"""generative AI""",51143,INTERNATIONAL BUSINESS MACHINES CORP  (IBM)  (CIK 0000051143),8-K,2026-04-22,0000051143-26-000036:ibm-20260422xex992.htm,0000051143-26-000036,,,,,,,,https://www.sec.gov/cgi-bin/browse-edgar?action=getcompany&CIK=51143,,IBM
"""generative artificial intelligence""",711669,COLONY BANKCORP INC  (CBAN)  (CIK 0000711669),8-K,2026-04-22,0001104659-26-046828:cban-20260422xex99d1.htm,0001104659-26-046828,,,,,,,,https://www.sec.gov/cgi-bin/browse-edgar?action=getcompany&CIK=711669,,CBAN
"""generative artificial intelligence""",1668397,"Medpace Holdings, Inc.  (MEDP)  (CIK 0001668397)",8-K,2026-04-22,0001668397-26-000017:medp-20260422exx991.htm,0001668397-26-000017,,,,,,,,https://www.sec.gov/cgi-bin/browse-edgar?action=getcompany&CIK=1668397,,MEDP
"""generative artificial intelligence""",890564,ASGN Inc  (ASGN)  (CIK 0000890564),8-K,2026-04-22,0000890564-26-000020:earningsrelease-q126.htm,0000890564-26-000020,,,,,,,,https://www.sec.gov/cgi-bin/browse-edgar?action=getcompany&CIK=890564,,EFOR
"""generative AI""",4962,AMERICAN EXPRESS CO  (AXP)  (CIK 0000004962),8-K,2026-04-23,0000004962-26-000188:q126exhibit991.htm,0000004962-26-000188,,,,,,,,https://www.sec.gov/cgi-bin/browse-edgar?action=getcompany&CIK=4962,,AXP
"""generative artificial intelligence""",773840,HONEYWELL INTERNATIONAL INC  (HON)  (CIK 0000773840),8-K,2026-04-23,0000773840-26-000058:hon-20260423.htm,0000773840-26-000058,,,,,,,,https://www.sec.gov/cgi-bin/browse-edgar?action=getcompany&CIK=773840,,HON
"""generative AI""",1882198,"Athena Technology Acquisition Corp. II  (ATEK, ATEKU, ATEKW)  (CIK 0001882198)",8-K,2026-04-23,0001213900-26-047101:ea028748701ex10-1.htm,0001213900-26-047101,,,,,,,,https://www.sec.gov/cgi-bin/browse-edgar?action=getcompany&CIK=1882198,,ATEK
"""generative AI""",1882198,"Athena Technology Acquisition Corp. II  (ATEK, ATEKU, ATEKW)  (CIK 0001882198)",8-K,2026-04-23,0001213900-26-047101:ea028748701ex10-1.htm,0001213900-26-047101,,,,,,,,https://www.sec.gov/cgi-bin/browse-edgar?action=getcompany&CIK=1882198,,ATEKU
"""generative AI""",1882198,"Athena Technology Acquisition Corp. II  (ATEK, ATEKU, ATEKW)  (CIK 0001882198)",8-K,2026-04-23,0001213900-26-047101:ea028748701ex10-1.htm,0001213900-26-047101,,,,,,,,https://www.sec.gov/cgi-bin/browse-edgar?action=getcompany&CIK=1882198,,ATEKW
"""generative AI""",1651562,"Coursera, Inc.  (COUR)  (CIK 0001651562)",8-K,2026-04-23,0001651562-26-000023:cour-20260331xshareholde.htm,0001651562-26-000023,,,,,,,,https://www.sec.gov/cgi-bin/browse-edgar?action=getcompany&CIK=1651562,,COUR
"""generative AI""",714310,"VALLEY NATIONAL BANCORP  (VLY, VLYPN, VLYPO, VLYPP)  (CIK 0000714310)",8-K,2026-04-23,0000714310-26-000020:a1q26earningspresentatio.htm,0000714310-26-000020,,,,,,,,https://www.sec.gov/cgi-bin/browse-edgar?action=getcompany&CIK=714310,,VLY
"""generative AI""",714310,"VALLEY NATIONAL BANCORP  (VLY, VLYPN, VLYPO, VLYPP)  (CIK 0000714310)",8-K,2026-04-23,0000714310-26-000020:a1q26earningspresentatio.htm,0000714310-26-000020,,,,,,,,https://www.sec.gov/cgi-bin/browse-edgar?action=getcompany&CIK=714310,,VLYPP
"""generative AI""",714310,"VALLEY NATIONAL BANCORP  (VLY, VLYPN, VLYPO, VLYPP)  (CIK 0000714310)",8-K,2026-04-23,0000714310-26-000020:a1q26earningspresentatio.htm,0000714310-26-000020,,,,,,,,https://www.sec.gov/cgi-bin/browse-edgar?action=getcompany&CIK=714310,,VLYPO
"""generative AI""",714310,"VALLEY NATIONAL BANCORP  (VLY, VLYPN, VLYPO, VLYPP)  (CIK 0000714310)",8-K,2026-04-23,0000714310-26-000020:a1q26earningspresentatio.htm,0000714310-26-000020,,,,,,,,https://www.sec.gov/cgi-bin/browse-edgar?action=getcompany&CIK=714310,,VLYPN
"""generative artificial intelligence""",1747068,"MetroCity Bankshares, Inc.  (MCBS)  (CIK 0001747068)",8-K,2026-04-24,0001104659-26-048536:mcbs-20260424xex99d1.htm,0001104659-26-048536,,,,,,,,https://www.sec.gov/cgi-bin/browse-edgar?action=getcompany&CIK=1747068,,MCBS
"""generative AI""",87347,SLB LIMITED/NV  (SLB)  (CIK 0000087347),8-K,2026-04-24,0001193125-26-174940:d111579dex99.htm,0001193125-26-174940,,,,,,,,https://www.sec.gov/cgi-bin/browse-edgar?action=getcompany&CIK=87347,,SLB
"""generative artificial intelligence""",1735438,MeiraGTx Holdings plc  (MGTX)  (CIK 0001735438),8-K,2026-04-24,0001104659-26-048196:mgtx-20260420xex10d3.htm,0001104659-26-048196,,,,,,,,https://www.sec.gov/cgi-bin/browse-edgar?action=getcompany&CIK=1735438,,MGTX
"""large language model""",351789,ELECTRO SENSORS INC  (ELSE)  (CIK 0000351789),8-K,2026-04-27,0000897101-26-000148:a04242026_ex2-1.htm,0000897101-26-000148,,,,,,,,https://www.sec.gov/cgi-bin/browse-edgar?action=getcompany&CIK=351789,,ELSE
"""generative AI""",894405,ARCBEST CORP /DE/  (ARCB)  (CIK 0000894405),8-K,2026-04-28,0001104659-26-049648:arcb-20260428xex99d3.htm,0001104659-26-049648,,,,,,,,https://www.sec.gov/cgi-bin/browse-edgar?action=getcompany&CIK=894405,,ARCB
"""generative AI""",1868640,"Roadzen Inc.  (RDZN, RDZNW)  (CIK 0001868640)",8-K,2026-04-28,0001493152-26-019249:ex99-1.htm,0001493152-26-019249,,,,,,,,https://www.sec.gov/cgi-bin/browse-edgar?action=getcompany&CIK=1868640,,RDZN
"""generative AI""",1868640,"Roadzen Inc.  (RDZN, RDZNW)  (CIK 0001868640)",8-K,2026-04-28,0001493152-26-019249:ex99-1.htm,0001493152-26-019249,,,,,,,,https://www.sec.gov/cgi-bin/browse-edgar?action=getcompany&CIK=1868640,,RDZNW
"""generative AI""",64463,"Soluna Holdings, Inc  (SLNH, SLNHP)  (CIK 0000064463)",8-K,2026-04-28,0001493152-26-019241:ex99-1.htm,0001493152-26-019241,,,,,,,,https://www.sec.gov/cgi-bin/browse-edgar?action=getcompany&CIK=64463,,SLNH
"""generative AI""",64463,"Soluna Holdings, Inc  (SLNH, SLNHP)  (CIK 0000064463)",8-K,2026-04-28,0001493152-26-019241:ex99-1.htm,0001493152-26-019241,,,,,,,,https://www.sec.gov/cgi-bin/browse-edgar?action=getcompany&CIK=64463,,SLNHP
"""generative AI""",1075531,Booking Holdings Inc.  (BKNG)  (CIK 0001075531),8-K,2026-04-28,0001075531-26-000024:q1-26bkngearningsrelease.htm,0001075531-26-000024,,,,,,,,https://www.sec.gov/cgi-bin/browse-edgar?action=getcompany&CIK=1075531,,BKNG
"""generative artificial intelligence""",730708,SEACOAST BANKING CORP OF FLORIDA  (SBCF)  (CIK 0000730708),8-K,2026-04-28,0001628280-26-027918:sbcf1q2026earningsrelease.htm,0001628280-26-027918,,,,,,,,https://www.sec.gov/cgi-bin/browse-edgar?action=getcompany&CIK=730708,,SBCF
"""generative artificial intelligence""",352915,UNIVERSAL HEALTH SERVICES INC  (UHS)  (CIK 0000352915),8-K,2026-04-28,0001193125-26-183643:uhs-ex99_1.htm,0001193125-26-183643,,,,,,,,https://www.sec.gov/cgi-bin/browse-edgar?action=getcompany&CIK=352915,,UHS
"""generative AI""",1289419,"Morningstar, Inc.  (MORN)  (CIK 0001289419)",8-K,2026-04-29,0001289419-26-000026:morningstarq126ceoletter.htm,0001289419-26-000026,,,,,,,,https://www.sec.gov/cgi-bin/browse-edgar?action=getcompany&CIK=1289419,,MORN
"""generative AI""",2028707,"Merlin, Inc.  (MRLN)  (CIK 0002028707)",8-K,2026-04-29,0001213900-26-048884:ea028818001ex10-1.htm,0001213900-26-048884,,,,,,,,https://www.sec.gov/cgi-bin/browse-edgar?action=getcompany&CIK=2028707,,MRLN
"""generative AI""",1058290,COGNIZANT TECHNOLOGY SOLUTIONS CORP  (CTSH)  (CIK 0001058290),8-K,2026-04-29,0001058290-26-000015:exhibit9913312026.htm,0001058290-26-000015,,,,,,,,https://www.sec.gov/cgi-bin/browse-edgar?action=getcompany&CIK=1058290,,CTSH
"""generative AI""",1818502,"OppFi Inc.  (OPFI, OPFI-WT)  (CIK 0001818502)",8-K,2026-04-29,0001818502-26-000030:exhibit21_mergeragreemente.htm,0001818502-26-000030,,,,,,,,https://www.sec.gov/cgi-bin/browse-edgar?action=getcompany&CIK=1818502,,OPFI
"""generative artificial intelligence""",2086587,York Space Systems Inc.  (YSS)  (CIK 0002086587),8-K,2026-04-29,0001628280-26-028144:exhibit21-projectmorpheusx.htm,0001628280-26-028144,,,,,,,,https://www.sec.gov/cgi-bin/browse-edgar?action=getcompany&CIK=2086587,,YSS
"""generative artificial intelligence""",1021635,OGE ENERGY CORP.  (OGE)  (CIK 0001021635),8-K,2026-04-29,0001021635-26-000014:oge-ex99_01.htm,0001021635-26-000014,,,,,,,,https://www.sec.gov/cgi-bin/browse-edgar?action=getcompany&CIK=1021635,,OGE
"""AI research and development""",1652044,"Alphabet Inc.  (GOOG, GOOGL)  (CIK 0001652044)",8-K,2026-04-29,0001652044-26-000043:googexhibit991q12026.htm,0001652044-26-000043,,,,,,,,https://www.sec.gov/cgi-bin/browse-edgar?action=getcompany&CIK=1652044,,GOOGL
"""AI research and development""",1652044,"Alphabet Inc.  (GOOG, GOOGL)  (CIK 0001652044)",8-K,2026-04-29,0001652044-26-000043:googexhibit991q12026.htm,0001652044-26-000043,,,,,,,,https://www.sec.gov/cgi-bin/browse-edgar?action=getcompany&CIK=1652044,,GOOG
"""AI research and development""",1652044,"Alphabet Inc.  (GOOG, GOOGL)  (CIK 0001652044)",8-K,2026-04-29,0001652044-26-000043:googexhibit991q12026.htm,0001652044-26-000043,,,,,,,,https://www.sec.gov/cgi-bin/browse-edgar?action=getcompany&CIK=1652044,,GOOGM
"""AI research and development""",1652044,"Alphabet Inc.  (GOOG, GOOGL)  (CIK 0001652044)",8-K,2026-04-29,0001652044-26-000043:googexhibit991q12026.htm,0001652044-26-000043,,,,,,,,https://www.sec.gov/cgi-bin/browse-edgar?action=getcompany&CIK=1652044,,GOOGN
"""generative AI""",1018724,AMAZON COM INC  (AMZN)  (CIK 0001018724),8-K,2026-04-29,0001018724-26-000012:amzn-20260331xex991.htm,0001018724-26-000012,,,,,,,,https://www.sec.gov/cgi-bin/browse-edgar?action=getcompany&CIK=1018724,,AMZN
"""AI acquisition""",1703056,ADT Inc.  (ADT)  (CIK 0001703056),8-K,2026-04-30,0001703056-26-000052:q12026adtearningsrelease-e.htm,0001703056-26-000052,,,,,,,,https://www.sec.gov/cgi-bin/browse-edgar?action=getcompany&CIK=1703056,,ADT
"""generative artificial intelligence""",876883,Stagwell Inc  (STGW)  (CIK 0000876883),8-K,2026-04-30,0000876883-26-000014:stgw2026331pr.htm,0000876883-26-000014,,,,,,,,https://www.sec.gov/cgi-bin/browse-edgar?action=getcompany&CIK=876883,,STGW
"""generative AI""",1851003,Zeta Global Holdings Corp.  (ZETA)  (CIK 0001851003),8-K,2026-04-30,0001193125-26-197172:zeta-ex99_1.htm,0001193125-26-197172,,,,,,,,https://www.sec.gov/cgi-bin/browse-edgar?action=getcompany&CIK=1851003,,ZETA
"""generative AI""",1428439,"ROKU, INC  (ROKU)  (CIK 0001428439)",8-K,2026-04-30,0001628280-26-028851:a04fy2026q1exhibit991.htm,0001628280-26-028851,,,,,,,,https://www.sec.gov/cgi-bin/browse-edgar?action=getcompany&CIK=1428439,,ROKU
"""AI acquisition""",1852889,Investcorp AI Acquisition Corp.  (CIK 0001852889),8-K,2026-04-30,0001829126-26-004200:investcorpalacq_8ka.htm,0001829126-26-004200,,,,,,,,https://www.sec.gov/cgi-bin/browse-edgar?action=getcompany&CIK=1852889,,
"""generative AI""",1616707,Wayfair Inc.  (W)  (CIK 0001616707),8-K,2026-04-30,0001616707-26-000110:a2026-04x30ex991.htm,0001616707-26-000110,,,,,,,,https://www.sec.gov/cgi-bin/browse-edgar?action=getcompany&CIK=1616707,,W
"""generative AI""",64463,"Soluna Holdings, Inc  (SLNH, SLNHP)  (CIK 0000064463)",8-K,2026-05-01,0001493152-26-020814:ex99-1.htm,0001493152-26-020814,,,,,,,,https://www.sec.gov/cgi-bin/browse-edgar?action=getcompany&CIK=64463,,SLNH
"""generative AI""",64463,"Soluna Holdings, Inc  (SLNH, SLNHP)  (CIK 0000064463)",8-K,2026-05-01,0001493152-26-020814:ex99-1.htm,0001493152-26-020814,,,,,,,,https://www.sec.gov/cgi-bin/browse-edgar?action=getcompany&CIK=64463,,SLNHP
"""generative artificial intelligence""",1298675,CubeSmart  (CUBE)  (CIK 0001298675),8-K,2026-05-01,0001298675-26-000015:cube-20260430xex99d1.htm,0001298675-26-000015,,,,,,,,https://www.sec.gov/cgi-bin/browse-edgar?action=getcompany&CIK=1298675,,CUBE
"""large language model""",1941029,Advanced Biomed Inc.  (ADVB)  (CIK 0001941029),8-K,2026-05-01,0001213900-26-051028:ea0288766-8k_advanced.htm,0001213900-26-051028,,,,,,,,https://www.sec.gov/cgi-bin/browse-edgar?action=getcompany&CIK=1941029,,ADVB
"""AI collaboration""",855658,LATTICE SEMICONDUCTOR CORP  (LSCC)  (CIK 0000855658),8-K,2026-05-04,0001437749-26-014654:ex_943286.htm,0001437749-26-014654,,,,,,,,https://www.sec.gov/cgi-bin/browse-edgar?action=getcompany&CIK=855658,,LSCC
"""generative AI""",1462056,"Backblaze, Inc.  (BLZE)  (CIK 0001462056)",8-K,2026-05-04,0001628280-26-029795:ex991blze20260331earningsp.htm,0001628280-26-029795,,,,,,,,https://www.sec.gov/cgi-bin/browse-edgar?action=getcompany&CIK=1462056,,BLZE
"""generative AI""",1341317,"Bridgewater Bancshares Inc  (BWB, BWBBP)  (CIK 0001341317)",8-K,2026-05-04,0001104659-26-054480:bwb-20260504xex99d1.htm,0001104659-26-054480,,,,,,,,https://www.sec.gov/cgi-bin/browse-edgar?action=getcompany&CIK=1341317,,BWB
"""generative AI""",1341317,"Bridgewater Bancshares Inc  (BWB, BWBBP)  (CIK 0001341317)",8-K,2026-05-04,0001104659-26-054480:bwb-20260504xex99d1.htm,0001104659-26-054480,,,,,,,,https://www.sec.gov/cgi-bin/browse-edgar?action=getcompany&CIK=1341317,,BWBBP
"""generative artificial intelligence""",1833197,"Latham Group, Inc.  (SWIM)  (CIK 0001833197)",8-K,2026-05-05,0001833197-26-000022:exhibit99.htm,0001833197-26-000022,,,,,,,,https://www.sec.gov/cgi-bin/browse-edgar?action=getcompany&CIK=1833197,,SWIM
"""generative artificial intelligence""",1057379,"HACKETT GROUP, INC.  (HCKT)  (CIK 0001057379)",8-K,2026-05-05,0001193125-26-206496:hckt-ex99_1.htm,0001193125-26-206496,,,,,,,,https://www.sec.gov/cgi-bin/browse-edgar?action=getcompany&CIK=1057379,,HCKT
"""generative AI""",1891027,"MNTN, Inc.  (MNTN)  (CIK 0001891027)",8-K,2026-05-05,0001891027-26-000038:mntnearningsrelease2026-q1.htm,0001891027-26-000038,,,,,,,,https://www.sec.gov/cgi-bin/browse-edgar?action=getcompany&CIK=1891027,,MNTN
"""generative artificial intelligence""",104918,AVISTA CORP  (AVA)  (CIK 0000104918),8-K,2026-05-05,0001193125-26-204659:ava-ex99_1.htm,0001193125-26-204659,,,,,,,,https://www.sec.gov/cgi-bin/browse-edgar?action=getcompany&CIK=104918,,AVA
"""large language model""",1771706,Vireo Growth Inc.  (VREOF)  (CIK 0001771706),8-K,2026-05-05,0001104659-26-055624:tm2613484d1_ex2-1.htm,0001104659-26-055624,,,,,,,,https://www.sec.gov/cgi-bin/browse-edgar?action=getcompany&CIK=1771706,,VREOF
"""generative AI""",1868640,"Roadzen Inc.  (RDZN, RDZNW)  (CIK 0001868640)",8-K,2026-05-05,0001493152-26-021341:ex99-1.htm,0001493152-26-021341,,,,,,,,https://www.sec.gov/cgi-bin/browse-edgar?action=getcompany&CIK=1868640,,RDZN
"""generative AI""",1868640,"Roadzen Inc.  (RDZN, RDZNW)  (CIK 0001868640)",8-K,2026-05-05,0001493152-26-021341:ex99-1.htm,0001493152-26-021341,,,,,,,,https://www.sec.gov/cgi-bin/browse-edgar?action=getcompany&CIK=1868640,,RDZNW
"""generative AI""",1836981,"BigBear.ai Holdings, Inc.  (BBAI, BBAI-WT)  (CIK 0001836981)",8-K,2026-05-05,0001836981-26-000047:earningsrelease-1q26.htm,0001836981-26-000047,,,,,,,,https://www.sec.gov/cgi-bin/browse-edgar?action=getcompany&CIK=1836981,,BBAI
"""generative AI""",1836981,"BigBear.ai Holdings, Inc.  (BBAI, BBAI-WT)  (CIK 0001836981)",8-K,2026-05-05,0001836981-26-000047:earningsrelease-1q26.htm,0001836981-26-000047,,,,,,,,https://www.sec.gov/cgi-bin/browse-edgar?action=getcompany&CIK=1836981,,BBAI-WT
"""generative artificial intelligence""",1745916,"PennyMac Financial Services, Inc.  (PFSI)  (CIK 0001745916)",8-K,2026-05-05,0001104659-26-055670:tm2613557d1_ex99-2.htm,0001104659-26-055670,,,,,,,,https://www.sec.gov/cgi-bin/browse-edgar?action=getcompany&CIK=1745916,,PFSI
"""generative artificial intelligence""",42888,GRACO INC  (GGG)  (CIK 0000042888),8-K,2026-05-05,0001193125-26-205255:d864524dex991.htm,0001193125-26-205255,,,,,,,,https://www.sec.gov/cgi-bin/browse-edgar?action=getcompany&CIK=42888,,GGG
"""generative artificial intelligence""",924822,MILLER INDUSTRIES INC /TN/  (MLR)  (CIK 0000924822),8-K,2026-05-06,0001104659-26-056286:mlr-20260506xex99d1.htm,0001104659-26-056286,,,,,,,,https://www.sec.gov/cgi-bin/browse-edgar?action=getcompany&CIK=924822,,MLR
"""generative AI""",71691,NEW YORK TIMES CO  (NYT)  (CIK 0000071691),8-K,2026-05-06,0000071691-26-000023:pressrelease3312026.htm,0000071691-26-000023,,,,,,,,https://www.sec.gov/cgi-bin/browse-edgar?action=getcompany&CIK=71691,,NYT
"""generative artificial intelligence""",885978,U S PHYSICAL THERAPY INC /NV  (USPH)  (CIK 0000885978),8-K,2026-05-06,0000885978-26-000019:ex99-1.htm,0000885978-26-000019,,,,,,,,https://www.sec.gov/cgi-bin/browse-edgar?action=getcompany&CIK=885978,,USPH
"""generative AI""",1016281,CARRIAGE SERVICES INC  (CSV)  (CIK 0001016281),8-K,2026-05-06,0001104659-26-056265:tm2612484d4_ex99-1.htm,0001104659-26-056265,,,,,,,,https://www.sec.gov/cgi-bin/browse-edgar?action=getcompany&CIK=1016281,,CSV
"""AI initiative""",887151,Capstone Holding Corp.  (CAPS)  (CIK 0000887151),8-K,2026-05-06,0001437749-26-015014:ex_956354.htm,0001437749-26-015014,,,,,,,,https://www.sec.gov/cgi-bin/browse-edgar?action=getcompany&CIK=887151,,CAPS
"""generative AI""",1023313,"FORRESTER RESEARCH, INC.  (FORR)  (CIK 0001023313)",8-K,2026-05-06,0001193125-26-208920:forr-ex99_1.htm,0001193125-26-208920,,,,,,,,https://www.sec.gov/cgi-bin/browse-edgar?action=getcompany&CIK=1023313,,FORR
"""generative AI""",932696,INSIGHT ENTERPRISES INC  (NSIT)  (CIK 0000932696),8-K,2026-05-07,0000932696-26-000047:q12026-insightearningspr.htm,0000932696-26-000047,,,,,,,,https://www.sec.gov/cgi-bin/browse-edgar?action=getcompany&CIK=932696,,NSIT
"""generative AI""",1768267,Cerence Inc.  (CRNC)  (CIK 0001768267),8-K,2026-05-07,0001628280-26-032114:q2fy26cerenceaipressrele.htm,0001628280-26-032114,,,,,,,,https://www.sec.gov/cgi-bin/browse-edgar?action=getcompany&CIK=1768267,,CRNC
"""generative AI""",1672688,Absci Corp  (ABSI)  (CIK 0001672688),8-K,2026-05-07,0001672688-26-000086:exhibit991-2026q110xqpr.htm,0001672688-26-000086,,,,,,,,https://www.sec.gov/cgi-bin/browse-edgar?action=getcompany&CIK=1672688,,ABSI
"""generative AI""",1665300,"Phunware, Inc.  (PHUN)  (CIK 0001665300)",8-K,2026-05-07,0001193125-26-212181:phun-ex99_1.htm,0001193125-26-212181,,,,,,,,https://www.sec.gov/cgi-bin/browse-edgar?action=getcompany&CIK=1665300,,PHUN
"""generative AI""",1820144,Grindr Inc.  (GRND)  (CIK 0001820144),8-K,2026-05-07,0001820144-26-000009:exhibit991-q12026pressrele.htm,0001820144-26-000009,,,,,,,,https://www.sec.gov/cgi-bin/browse-edgar?action=getcompany&CIK=1820144,,GRND
"""generative AI""",903651,INNODATA INC  (INOD)  (CIK 0000903651),8-K,2026-05-07,0001104659-26-057150:tm2612771d1_ex99-1.htm,0001104659-26-057150,,,,,,,,https://www.sec.gov/cgi-bin/browse-edgar?action=getcompany&CIK=903651,,INOD
"""generative AI""",1398659,Genpact LTD  (G)  (CIK 0001398659),8-K,2026-05-07,0001398659-26-000008:genpactltdexhibit991q126.htm,0001398659-26-000008,,,,,,,,https://www.sec.gov/cgi-bin/browse-edgar?action=getcompany&CIK=1398659,,G
"""generative AI""",64463,"Soluna Holdings, Inc  (SLNH, SLNHP)  (CIK 0000064463)",8-K,2026-05-07,0001493152-26-021610:ex99-1.htm,0001493152-26-021610,,,,,,,,https://www.sec.gov/cgi-bin/browse-edgar?action=getcompany&CIK=64463,,SLNH
"""generative AI""",64463,"Soluna Holdings, Inc  (SLNH, SLNHP)  (CIK 0000064463)",8-K,2026-05-07,0001493152-26-021610:ex99-1.htm,0001493152-26-021610,,,,,,,,https://www.sec.gov/cgi-bin/browse-edgar?action=getcompany&CIK=64463,,SLNHP
"""generative artificial intelligence""",1785424,"Katapult Holdings, Inc.  (KPLT, KPLTW)  (CIK 0001785424)",8-K,2026-05-07,0001628280-26-031645:q12026earningsrelease.htm,0001628280-26-031645,,,,,,,,https://www.sec.gov/cgi-bin/browse-edgar?action=getcompany&CIK=1785424,,KPLT
"""generative AI""",1512673,"Block, Inc.  (XYZ, BSQKZ)  (CIK 0001512673)",8-K,2026-05-07,0001193125-26-212032:d132441dex991.htm,0001193125-26-212032,,,,,,,,https://www.sec.gov/cgi-bin/browse-edgar?action=getcompany&CIK=1512673,,XYZ
"""generative AI""",1512673,"Block, Inc.  (XYZ, BSQKZ)  (CIK 0001512673)",8-K,2026-05-07,0001193125-26-212032:d132441dex991.htm,0001193125-26-212032,,,,,,,,https://www.sec.gov/cgi-bin/browse-edgar?action=getcompany&CIK=1512673,,BSQKZ
"""generative AI""",1454938,Teads Holding Co.  (TEAD)  (CIK 0001454938),8-K,2026-05-07,0001454938-26-000034:q12026er-exhibit991.htm,0001454938-26-000034,,,,,,,,https://www.sec.gov/cgi-bin/browse-edgar?action=getcompany&CIK=1454938,,TEAD
"""generative AI""",1823466,"FiscalNote Holdings, Inc.  (NOTE, NOTEW)  (CIK 0001823466)",8-K,2026-05-07,0001193125-26-212342:note-ex99_1.htm,0001193125-26-212342,,,,,,,,https://www.sec.gov/cgi-bin/browse-edgar?action=getcompany&CIK=1823466,,NOTE
"""generative AI""",1823466,"FiscalNote Holdings, Inc.  (NOTE, NOTEW)  (CIK 0001823466)",8-K,2026-05-07,0001193125-26-212342:note-ex99_1.htm,0001193125-26-212342,,,,,,,,https://www.sec.gov/cgi-bin/browse-edgar?action=getcompany&CIK=1823466,,NOTEW
"""generative AI""",1320760,"TSS, Inc.  (TSSI)  (CIK 0001320760)",8-K,2026-05-07,0001654954-26-004536:tssi_ex991.htm,0001654954-26-004536,,,,,,,,https://www.sec.gov/cgi-bin/browse-edgar?action=getcompany&CIK=1320760,,TSSI
"""generative AI""",1617553,"ZIPRECRUITER, INC.  (ZIP)  (CIK 0001617553)",8-K,2026-05-07,0001617553-26-000030:q12026shareholderletter-.htm,0001617553-26-000030,,,,,,,,https://www.sec.gov/cgi-bin/browse-edgar?action=getcompany&CIK=1617553,,ZIP
"""generative AI""",1929561,"RXO, Inc.  (RXO)  (CIK 0001929561)",8-K,2026-05-07,0001929561-26-000023:earningspresentation-q12.htm,0001929561-26-000023,,,,,,,,https://www.sec.gov/cgi-bin/browse-edgar?action=getcompany&CIK=1929561,,RXO
"""generative AI""",1573221,"TheRealReal, Inc.  (REAL)  (CIK 0001573221)",8-K,2026-05-07,0001573221-26-000045:real-20260507xex991pressre.htm,0001573221-26-000045,,,,,,,,https://www.sec.gov/cgi-bin/browse-edgar?action=getcompany&CIK=1573221,,REAL
"""generative artificial intelligence""",1084048,"ZIFF DAVIS, INC.  (ZD)  (CIK 0001084048)",8-K,2026-05-08,0001084048-26-000024:zd20260331earningspresen.htm,0001084048-26-000024,,,,,,,,https://www.sec.gov/cgi-bin/browse-edgar?action=getcompany&CIK=1084048,,ZD
"""generative AI""",1859392,Galaxy Digital Inc.  (GLXY)  (CIK 0001859392),8-K,2026-05-08,0001628280-26-032991:exhibit11-8xkxatmlaunchxma.htm,0001628280-26-032991,,,,,,,,https://www.sec.gov/cgi-bin/browse-edgar?action=getcompany&CIK=1859392,,GLXY
"""generative AI""",1594805,SHOPIFY INC.  (SHOP)  (CIK 0001594805),8-K,2026-05-08,0001594805-26-000022:yearend2025mic.htm,0001594805-26-000022,,,,,,,,https://www.sec.gov/cgi-bin/browse-edgar?action=getcompany&CIK=1594805,,SHOP
"""generative artificial intelligence""",1714174,Burford Capital Ltd  (BUR)  (CIK 0001714174),8-K,2026-05-08,0001714174-26-000067:bur-20260508xex992.htm,0001714174-26-000067,,,,,,,,https://www.sec.gov/cgi-bin/browse-edgar?action=getcompany&CIK=1714174,,BUR
"""generative AI""",790526,"RadNet, Inc.  (RDNT)  (CIK 0000790526)",8-K,2026-05-11,0001683168-26-003624:radnet_ex9901.htm,0001683168-26-003624,,,,,,,,https://www.sec.gov/cgi-bin/browse-edgar?action=getcompany&CIK=790526,,RDNT
"""generative AI""",1898496,"Getty Images Holdings, Inc.  (GETY)  (CIK 0001898496)",8-K,2026-05-11,0001628280-26-033500:gety-20260331xex991.htm,0001628280-26-033500,,,,,,,,https://www.sec.gov/cgi-bin/browse-edgar?action=getcompany&CIK=1898496,,GETY
"""generative AI""",1651562,"Coursera, Inc.  (COUR)  (CIK 0001651562)",8-K,2026-05-11,0001140361-26-020399:ef20072971_ex99-1.htm,0001140361-26-020399,,,,,,,,https://www.sec.gov/cgi-bin/browse-edgar?action=getcompany&CIK=1651562,,COUR
"""generative artificial intelligence""",885978,U S PHYSICAL THERAPY INC /NV  (USPH)  (CIK 0000885978),8-K,2026-05-11,0000885978-26-000024:ex99-2.htm,0000885978-26-000024,,,,,,,,https://www.sec.gov/cgi-bin/browse-edgar?action=getcompany&CIK=885978,,USPH
"""generative AI""",1281761,"REGIONS FINANCIAL CORP  (RF, RF-PC, RF-PE, RF-PF)  (CIK 0001281761)",8-K,2026-05-11,0001281761-26-000042:a2q26investormeetingmate.htm,0001281761-26-000042,,,,,,,,https://www.sec.gov/cgi-bin/browse-edgar?action=getcompany&CIK=1281761,,RF
"""generative AI""",1281761,"REGIONS FINANCIAL CORP  (RF, RF-PC, RF-PE, RF-PF)  (CIK 0001281761)",8-K,2026-05-11,0001281761-26-000042:a2q26investormeetingmate.htm,0001281761-26-000042,,,,,,,,https://www.sec.gov/cgi-bin/browse-edgar?action=getcompany&CIK=1281761,,RF-PC
"""generative AI""",1281761,"REGIONS FINANCIAL CORP  (RF, RF-PC, RF-PE, RF-PF)  (CIK 0001281761)",8-K,2026-05-11,0001281761-26-000042:a2q26investormeetingmate.htm,0001281761-26-000042,,,,,,,,https://www.sec.gov/cgi-bin/browse-edgar?action=getcompany&CIK=1281761,,RF-PE
"""generative AI""",1281761,"REGIONS FINANCIAL CORP  (RF, RF-PC, RF-PE, RF-PF)  (CIK 0001281761)",8-K,2026-05-11,0001281761-26-000042:a2q26investormeetingmate.htm,0001281761-26-000042,,,,,,,,https://www.sec.gov/cgi-bin/browse-edgar?action=getcompany&CIK=1281761,,RF-PF
"""generative AI""",1615165,"Veritone, Inc.  (VERI)  (CIK 0001615165)",8-K,2026-05-12,0001628280-26-033862:veriearningsreleaseq12026e.htm,0001628280-26-033862,,,,,,,,https://www.sec.gov/cgi-bin/browse-edgar?action=getcompany&CIK=1615165,,VERI
"""AI acquisition""",1848861,Healthcare AI Acquisition Corp.  (CIK 0001848861),8-K,2026-05-12,0001477932-26-002984:haia_ex102.htm,0001477932-26-002984,,,,,,,,https://www.sec.gov/cgi-bin/browse-edgar?action=getcompany&CIK=1848861,,
"""generative AI""",2083632,Octave Intelligence plc  (OCTV)  (CIK 0002083632),8-K,2026-05-12,0001628280-26-033950:exhibit991-informationstat.htm,0001628280-26-033950,,,,,,,,https://www.sec.gov/cgi-bin/browse-edgar?action=getcompany&CIK=2083632,,OCTV
"""generative AI""",2083632,Octave Intelligence plc  (OCTV)  (CIK 0002083632),8-K,2026-05-12,0001628280-26-033950:exhibit991-informationstat.htm,0001628280-26-033950,,,,,,,,https://www.sec.gov/cgi-bin/browse-edgar?action=getcompany&CIK=2083632,,OCTLF
"""generative artificial intelligence""",1278027,"B&G Foods, Inc.  (BGS)  (CIK 0001278027)",8-K,2026-05-12,0001104659-26-059373:bgs-20260512xex99d1.htm,0001104659-26-059373,,,,,,,,https://www.sec.gov/cgi-bin/browse-edgar?action=getcompany&CIK=1278027,,BGS
"""strategic AI""",769520,MIDDLEBY Corp  (MIDD)  (CIK 0000769520),8-K,2026-05-12,0001193125-26-218313:d134942dex991.htm,0001193125-26-218313,,,,,,,,https://www.sec.gov/cgi-bin/browse-edgar?action=getcompany&CIK=769520,,MIDD
"""generative AI""",1577526,"C3.ai, Inc.  (AI)  (CIK 0001577526)",8-K,2026-05-12,0001193125-26-218253:d147244dex991.htm,0001193125-26-218253,,,,,,,,https://www.sec.gov/cgi-bin/browse-edgar?action=getcompany&CIK=1577526,,AI
"""generative AI""",1907982,D-Wave Quantum Inc.  (QBTS)  (CIK 0001907982),8-K,2026-05-12,0001907982-26-000057:a20260512d_waveq1present.htm,0001907982-26-000057,,,,,,,,https://www.sec.gov/cgi-bin/browse-edgar?action=getcompany&CIK=1907982,,QBTS
"""generative AI""",1040896,"Intellicheck, Inc.  (IDN)  (CIK 0001040896)",8-K,2026-05-12,0001040896-26-000019:idn_q12026pressrelease.htm,0001040896-26-000019,,,,,,,,https://www.sec.gov/cgi-bin/browse-edgar?action=getcompany&CIK=1040896,,IDN
"""AI acquisition""",2094076,"Starlink AI Acquisition Corp  (OTAI, OTAI-UN)  (CIK 0002094076)",8-K,2026-05-13,0001493152-26-022571:ex10-14.htm,0001493152-26-022571,,,,,,,,https://www.sec.gov/cgi-bin/browse-edgar?action=getcompany&CIK=2094076,,OTAI
"""AI acquisition""",2094076,"Starlink AI Acquisition Corp  (OTAI, OTAI-UN)  (CIK 0002094076)",8-K,2026-05-13,0001493152-26-022571:ex10-14.htm,0001493152-26-022571,,,,,,,,https://www.sec.gov/cgi-bin/browse-edgar?action=getcompany&CIK=2094076,,OTAI-UN
"""AI acquisition""",2094076,"Starlink AI Acquisition Corp  (OTAI, OTAI-UN)  (CIK 0002094076)",8-K,2026-05-13,0001493152-26-022571:ex10-14.htm,0001493152-26-022571,,,,,,,,https://www.sec.gov/cgi-bin/browse-edgar?action=getcompany&CIK=2094076,,OTAI-RI
"""generative artificial intelligence""",104918,AVISTA CORP  (AVA)  (CIK 0000104918),8-K,2026-05-13,0001193125-26-221870:ava-ex99_1.htm,0001193125-26-221870,,,,,,,,https://www.sec.gov/cgi-bin/browse-edgar?action=getcompany&CIK=104918,,AVA
"""generative AI""",1516513,"Doximity, Inc.  (DOCS)  (CIK 0001516513)",8-K,2026-05-13,0001516513-26-000017:doximity-2026331xex991.htm,0001516513-26-000017,,,,,,,,https://www.sec.gov/cgi-bin/browse-edgar?action=getcompany&CIK=1516513,,DOCS
"""generative artificial intelligence""",1616707,Wayfair Inc.  (W)  (CIK 0001616707),8-K,2026-05-13,0001193125-26-220660:d153028dex991.htm,0001193125-26-220660,,,,,,,,https://www.sec.gov/cgi-bin/browse-edgar?action=getcompany&CIK=1616707,,W
"""generative AI""",1781174,"Acrivon Therapeutics, Inc.  (ACRV)  (CIK 0001781174)",8-K,2026-05-13,0001193125-26-221626:acrv-ex99_1.htm,0001193125-26-221626,,,,,,,,https://www.sec.gov/cgi-bin/browse-edgar?action=getcompany&CIK=1781174,,ACRV
"""large language model""",829323,"Inuvo, Inc.  (INUV)  (CIK 0000829323)",8-K,2026-05-14,0001654954-26-004902:inuvo_ex992.htm,0001654954-26-004902,,,,,,,,https://www.sec.gov/cgi-bin/browse-edgar?action=getcompany&CIK=829323,,INUV
"""generative AI""",2054696,NIQ Global Intelligence plc  (NIQ)  (CIK 0002054696),8-K,2026-05-14,0001628280-26-034786:niqpressrelease-q126.htm,0001628280-26-034786,,,,,,,,https://www.sec.gov/cgi-bin/browse-edgar?action=getcompany&CIK=2054696,,NIQ
"""generative artificial intelligence""",1616707,Wayfair Inc.  (W)  (CIK 0001616707),8-K,2026-05-14,0001193125-26-222168:d155001dex991.htm,0001193125-26-222168,,,,,,,,https://www.sec.gov/cgi-bin/browse-edgar?action=getcompany&CIK=1616707,,W
"""generative AI""",1066194,EGAIN Corp  (EGAN)  (CIK 0001066194),8-K,2026-05-14,0001066194-26-000011:egan-20260514xex99d1.htm,0001066194-26-000011,,,,,,,,https://www.sec.gov/cgi-bin/browse-edgar?action=getcompany&CIK=1066194,,EGAN
"""AI acquisition""",2094076,"Starlink AI Acquisition Corp  (OTAI, OTAI-UN)  (CIK 0002094076)",8-K,2026-05-15,0001493152-26-023650:form8-k.htm,0001493152-26-023650,,,,,,,,https://www.sec.gov/cgi-bin/browse-edgar?action=getcompany&CIK=2094076,,OTAI
"""AI acquisition""",2094076,"Starlink AI Acquisition Corp  (OTAI, OTAI-UN)  (CIK 0002094076)",8-K,2026-05-15,0001493152-26-023650:form8-k.htm,0001493152-26-023650,,,,,,,,https://www.sec.gov/cgi-bin/browse-edgar?action=getcompany&CIK=2094076,,OTAI-UN
"""AI acquisition""",2094076,"Starlink AI Acquisition Corp  (OTAI, OTAI-UN)  (CIK 0002094076)",8-K,2026-05-15,0001493152-26-023650:form8-k.htm,0001493152-26-023650,,,,,,,,https://www.sec.gov/cgi-bin/browse-edgar?action=getcompany&CIK=2094076,,OTAI-RI
"""strategic AI""",1437226,"Mastech Digital, Inc.  (MHH)  (CIK 0001437226)",8-K,2026-05-15,0001193125-26-225488:mhh-ex99_1.htm,0001193125-26-225488,,,,,,,,https://www.sec.gov/cgi-bin/browse-edgar?action=getcompany&CIK=1437226,,MHH
"""generative AI""",2032528,"Roman DBDR Acquisition Corp. II  (DRDB, DRDBU, DRDBW)  (CIK 0002032528)",8-K,2026-05-15,0001104659-26-062518:tm2614743d1_8k.htm,0001104659-26-062518,,,,,,,,https://www.sec.gov/cgi-bin/browse-edgar?action=getcompany&CIK=2032528,,DRDB
"""generative AI""",2032528,"Roman DBDR Acquisition Corp. II  (DRDB, DRDBU, DRDBW)  (CIK 0002032528)",8-K,2026-05-15,0001104659-26-062518:tm2614743d1_8k.htm,0001104659-26-062518,,,,,,,,https://www.sec.gov/cgi-bin/browse-edgar?action=getcompany&CIK=2032528,,DRDBW
"""generative AI""",2032528,"Roman DBDR Acquisition Corp. II  (DRDB, DRDBU, DRDBW)  (CIK 0002032528)",8-K,2026-05-15,0001104659-26-062518:tm2614743d1_8k.htm,0001104659-26-062518,,,,,,,,https://www.sec.gov/cgi-bin/browse-edgar?action=getcompany&CIK=2032528,,DRDBU
"""AI partnership""",1837254,Functional Brands Inc.  (MEHA)  (CIK 0001837254),8-K,2026-05-18,0001213900-26-058120:ea029125801ex99-1.htm,0001213900-26-058120,,,,,,,,https://www.sec.gov/cgi-bin/browse-edgar?action=getcompany&CIK=1837254,,MEHA
"""AI partnership""",64463,"Soluna Holdings, Inc  (SLNH, SLNHP)  (CIK 0000064463)",8-K,2026-05-18,0001493152-26-024060:ex99-1.htm,0001493152-26-024060,,,,,,,,https://www.sec.gov/cgi-bin/browse-edgar?action=getcompany&CIK=64463,,SLNH
"""AI partnership""",64463,"Soluna Holdings, Inc  (SLNH, SLNHP)  (CIK 0000064463)",8-K,2026-05-18,0001493152-26-024060:ex99-1.htm,0001493152-26-024060,,,,,,,,https://www.sec.gov/cgi-bin/browse-edgar?action=getcompany&CIK=64463,,SLNHP
"""generative AI""",1646188,Ondas Inc.  (ONDS)  (CIK 0001646188),8-K,2026-05-18,0001213900-26-058161:ea029124801ex2-1.htm,0001213900-26-058161,,,,,,,,https://www.sec.gov/cgi-bin/browse-edgar?action=getcompany&CIK=1646188,,ONDS
"""generative AI""",1058290,COGNIZANT TECHNOLOGY SOLUTIONS CORP  (CTSH)  (CIK 0001058290),8-K,2026-05-18,0001058290-26-000018:exhibit99151726.htm,0001058290-26-000018,,,,,,,,https://www.sec.gov/cgi-bin/browse-edgar?action=getcompany&CIK=1058290,,CTSH
"""AI partnership""",715957,"DOMINION ENERGY, INC  (D)  (CIK 0000715957)",8-K,2026-05-18,0001193125-26-227930:d158175dex992.htm,0001193125-26-227930,,,,,,,,https://www.sec.gov/cgi-bin/browse-edgar?action=getcompany&CIK=715957,,D
"""generative AI""",1665300,"Phunware, Inc.  (PHUN)  (CIK 0001665300)",8-K,2026-05-18,0001193125-26-228281:phun-ex99_1.htm,0001193125-26-228281,,,,,,,,https://www.sec.gov/cgi-bin/browse-edgar?action=getcompany&CIK=1665300,,PHUN
"""AI partnership""",753308,"NEXTERA ENERGY INC  (NEE, NEE-PN, NEE-PS, NEE-PT, NEE-PU, NEE-PV, NEE-PW)  (CIK 0000753308)",8-K,2026-05-18,0001104659-26-063001:tm2614888d1_ex99-2.htm,0001104659-26-063001,,,,,,,,https://www.sec.gov/cgi-bin/browse-edgar?action=getcompany&CIK=753308,,NEE
"""AI partnership""",753308,"NEXTERA ENERGY INC  (NEE, NEE-PN, NEE-PS, NEE-PT, NEE-PU, NEE-PV, NEE-PW)  (CIK 0000753308)",8-K,2026-05-18,0001104659-26-063001:tm2614888d1_ex99-2.htm,0001104659-26-063001,,,,,,,,https://www.sec.gov/cgi-bin/browse-edgar?action=getcompany&CIK=753308,,NEE-PN
"""AI partnership""",753308,"NEXTERA ENERGY INC  (NEE, NEE-PN, NEE-PS, NEE-PT, NEE-PU, NEE-PV, NEE-PW)  (CIK 0000753308)",8-K,2026-05-18,0001104659-26-063001:tm2614888d1_ex99-2.htm,0001104659-26-063001,,,,,,,,https://www.sec.gov/cgi-bin/browse-edgar?action=getcompany&CIK=753308,,NEE-PW
"""AI partnership""",753308,"NEXTERA ENERGY INC  (NEE, NEE-PN, NEE-PS, NEE-PT, NEE-PU, NEE-PV, NEE-PW)  (CIK 0000753308)",8-K,2026-05-18,0001104659-26-063001:tm2614888d1_ex99-2.htm,0001104659-26-063001,,,,,,,,https://www.sec.gov/cgi-bin/browse-edgar?action=getcompany&CIK=753308,,NEE-PT
"""AI partnership""",753308,"NEXTERA ENERGY INC  (NEE, NEE-PN, NEE-PS, NEE-PT, NEE-PU, NEE-PV, NEE-PW)  (CIK 0000753308)",8-K,2026-05-18,0001104659-26-063001:tm2614888d1_ex99-2.htm,0001104659-26-063001,,,,,,,,https://www.sec.gov/cgi-bin/browse-edgar?action=getcompany&CIK=753308,,NEE-PU
"""AI partnership""",753308,"NEXTERA ENERGY INC  (NEE, NEE-PN, NEE-PS, NEE-PT, NEE-PU, NEE-PV, NEE-PW)  (CIK 0000753308)",8-K,2026-05-18,0001104659-26-063001:tm2614888d1_ex99-2.htm,0001104659-26-063001,,,,,,,,https://www.sec.gov/cgi-bin/browse-edgar?action=getcompany&CIK=753308,,NEE-PV
"""AI partnership""",753308,"NEXTERA ENERGY INC  (NEE, NEE-PN, NEE-PS, NEE-PT, NEE-PU, NEE-PV, NEE-PW)  (CIK 0000753308)",8-K,2026-05-18,0001104659-26-063001:tm2614888d1_ex99-2.htm,0001104659-26-063001,,,,,,,,https://www.sec.gov/cgi-bin/browse-edgar?action=getcompany&CIK=753308,,NEE-PS
"""generative AI""",1651562,"Coursera, Inc.  (COUR)  (CIK 0001651562)",8-K,2026-05-18,0001651562-26-000041:pressrelease_repurchasepro.htm,0001651562-26-000041,,,,,,,,https://www.sec.gov/cgi-bin/browse-edgar?action=getcompany&CIK=1651562,,COUR
"""AI acquisition""",1852889,Libity  (CIK 0001852889),8-K,2026-05-20,0001829126-26-005494:libity_8k.htm,0001829126-26-005494,,,,,,,,https://www.sec.gov/cgi-bin/browse-edgar?action=getcompany&CIK=1852889,,
"""generative AI""",1677703,CONDUENT Inc  (CNDT)  (CIK 0001677703),8-K,2026-05-20,0001677703-26-000066:exhibit991cndtnewdirectorpr.htm,0001677703-26-000066,,,,,,,,https://www.sec.gov/cgi-bin/browse-edgar?action=getcompany&CIK=1677703,,CNDT
"""generative AI""",64463,"Soluna Holdings, Inc  (SLNH, SLNHP)  (CIK 0000064463)",8-K,2026-05-20,0001493152-26-024511:ex99-1.htm,0001493152-26-024511,,,,,,,,https://www.sec.gov/cgi-bin/browse-edgar?action=getcompany&CIK=64463,,SLNH
"""generative AI""",64463,"Soluna Holdings, Inc  (SLNH, SLNHP)  (CIK 0000064463)",8-K,2026-05-20,0001493152-26-024511:ex99-1.htm,0001493152-26-024511,,,,,,,,https://www.sec.gov/cgi-bin/browse-edgar?action=getcompany&CIK=64463,,SLNHP
"""generative AI""",2042022,"WhiteFiber, Inc.  (WYFI)  (CIK 0002042022)",8-K,2026-05-21,0001213900-26-060135:ea029187601ex99-1.htm,0001213900-26-060135,,,,,,,,https://www.sec.gov/cgi-bin/browse-edgar?action=getcompany&CIK=2042022,,WYFI
"""generative AI""",1711786,"Hoth Therapeutics, Inc.  (HOTH)  (CIK 0001711786)",8-K,2026-05-21,0001213900-26-060075:ea029183701ex99-1.htm,0001213900-26-060075,,,,,,,,https://www.sec.gov/cgi-bin/browse-edgar?action=getcompany&CIK=1711786,,RKTO
"""large language model""",1289419,"Morningstar, Inc.  (MORN)  (CIK 0001289419)",8-K,2026-05-22,0001289419-26-000031:investorquestionsthrough.htm,0001289419-26-000031,,,,,,,,https://www.sec.gov/cgi-bin/browse-edgar?action=getcompany&CIK=1289419,,MORN
"""generative AI""",2022308,"Classover Holdings, Inc.  (KIDZ, KIDZW)  (CIK 0002022308)",8-K,2026-05-22,0001477932-26-003412:class_ex991.htm,0001477932-26-003412,,,,,,,,https://www.sec.gov/cgi-bin/browse-edgar?action=getcompany&CIK=2022308,,KIDZ
"""generative AI""",2022308,"Classover Holdings, Inc.  (KIDZ, KIDZW)  (CIK 0002022308)",8-K,2026-05-22,0001477932-26-003412:class_ex991.htm,0001477932-26-003412,,,,,,,,https://www.sec.gov/cgi-bin/browse-edgar?action=getcompany&CIK=2022308,,KIDZW
"""generative AI""",1868419,"Cycurion, Inc.  (CYCU, CYCUW)  (CIK 0001868419)",8-K,2026-05-26,0001868419-26-000032:exhibit_2x1xhaloxhavenxx.htm,0001868419-26-000032,,,,,,,,https://www.sec.gov/cgi-bin/browse-edgar?action=getcompany&CIK=1868419,,CYCU
"""generative AI""",1868419,"Cycurion, Inc.  (CYCU, CYCUW)  (CIK 0001868419)",8-K,2026-05-26,0001868419-26-000032:exhibit_2x1xhaloxhavenxx.htm,0001868419-26-000032,,,,,,,,https://www.sec.gov/cgi-bin/browse-edgar?action=getcompany&CIK=1868419,,CYCUW
"""generative artificial intelligence""",1874252,Quantum Cyber N.V.  (QUCY)  (CIK 0001874252),8-K,2026-05-26,0001213900-26-061021:ea0292112-8k_quantum.htm,0001213900-26-061021,,,,,,,,https://www.sec.gov/cgi-bin/browse-edgar?action=getcompany&CIK=1874252,,QUCY
"""generative AI""",1108524,"Salesforce, Inc.  (CRM)  (CIK 0001108524)",8-K,2026-05-27,0001108524-26-000125:crm-q1fy27xexhibit991.htm,0001108524-26-000125,,,,,,,,https://www.sec.gov/cgi-bin/browse-edgar?action=getcompany&CIK=1108524,,CRM
"""generative AI""",2042022,"WhiteFiber, Inc.  (WYFI)  (CIK 0002042022)",8-K,2026-05-27,0001213900-26-061575:ea029228001ex99-1.htm,0001213900-26-061575,,,,,,,,https://www.sec.gov/cgi-bin/browse-edgar?action=getcompany&CIK=2042022,,WYFI
"""generative AI""",1840856,"SOUNDHOUND AI, INC.  (SOUN, SOUNW)  (CIK 0001840856)",8-K,2026-05-27,0001213900-26-061610:ea029209501ex99-1.htm,0001213900-26-061610,,,,,,,,https://www.sec.gov/cgi-bin/browse-edgar?action=getcompany&CIK=1840856,,SOUN
"""generative AI""",1840856,"SOUNDHOUND AI, INC.  (SOUN, SOUNW)  (CIK 0001840856)",8-K,2026-05-27,0001213900-26-061610:ea029209501ex99-1.htm,0001213900-26-061610,,,,,,,,https://www.sec.gov/cgi-bin/browse-edgar?action=getcompany&CIK=1840856,,SOUNW
"""generative artificial intelligence""",72573,"MOVADO GROUP INC  (MOV, MOVAA)  (CIK 0000072573)",8-K,2026-05-27,0000950142-26-001485:eh260784585_ex9901.htm,0000950142-26-001485,,,,,,,,https://www.sec.gov/cgi-bin/browse-edgar?action=getcompany&CIK=72573,,MOV
"""generative artificial intelligence""",72573,"MOVADO GROUP INC  (MOV, MOVAA)  (CIK 0000072573)",8-K,2026-05-27,0000950142-26-001485:eh260784585_ex9901.htm,0000950142-26-001485,,,,,,,,https://www.sec.gov/cgi-bin/browse-edgar?action=getcompany&CIK=72573,,MOVAA
"""AI acquisition""",1640147,Snowflake Inc.  (SNOW)  (CIK 0001640147),8-K,2026-05-27,0001640147-26-000027:fy2027q1earnings.htm,0001640147-26-000027,,,,,,,,https://www.sec.gov/cgi-bin/browse-edgar?action=getcompany&CIK=1640147,,SNOW
"""generative AI""",1158172,"COMSCORE, INC.  (SCOR)  (CIK 0001158172)",8-K,2026-05-28,0001158172-26-000035:pressrelease20260527leader.htm,0001158172-26-000035,,,,,,,,https://www.sec.gov/cgi-bin/browse-edgar?action=getcompany&CIK=1158172,,SCOR
"""generative AI""",1590895,"Caesars Entertainment, Inc.  (CZR)  (CIK 0001590895)",8-K,2026-05-28,0001193125-26-242995:d143382dex21.htm,0001193125-26-242995,,,,,,,,https://www.sec.gov/cgi-bin/browse-edgar?action=getcompany&CIK=1590895,,CZR
"""generative AI""",1583708,"SentinelOne, Inc.  (S)  (CIK 0001583708)",8-K,2026-05-28,0001583708-26-000039:s-q1fy27earningspresenta.htm,0001583708-26-000039,,,,,,,,https://www.sec.gov/cgi-bin/browse-edgar?action=getcompany&CIK=1583708,,S
"""generative AI""",2057030,"Axiom Intelligence Acquisition Corp 1  (AXIN, AXINR, AXINU)  (CIK 0002057030)",8-K,2026-05-29,0001213900-26-062446:ea029236401ex2-1.htm,0001213900-26-062446,,,,,,,,https://www.sec.gov/cgi-bin/browse-edgar?action=getcompany&CIK=2057030,,AXIN
"""generative AI""",2057030,"Axiom Intelligence Acquisition Corp 1  (AXIN, AXINR, AXINU)  (CIK 0002057030)",8-K,2026-05-29,0001213900-26-062446:ea029236401ex2-1.htm,0001213900-26-062446,,,,,,,,https://www.sec.gov/cgi-bin/browse-edgar?action=getcompany&CIK=2057030,,AXINU
"""generative AI""",2057030,"Axiom Intelligence Acquisition Corp 1  (AXIN, AXINR, AXINU)  (CIK 0002057030)",8-K,2026-05-29,0001213900-26-062446:ea029236401ex2-1.htm,0001213900-26-062446,,,,,,,,https://www.sec.gov/cgi-bin/browse-edgar?action=getcompany&CIK=2057030,,AXINR
"""generative AI""",1326801,"Meta Platforms, Inc.  (META)  (CIK 0001326801)",8-K,2026-05-29,0001628280-26-039193:meta-20260527.htm,0001628280-26-039193,,,,,,,,https://www.sec.gov/cgi-bin/browse-edgar?action=getcompany&CIK=1326801,,META
"""generative AI""",1737995,"SkyAI, Inc.  (STSS, STSSW)  (CIK 0001737995)",8-K,2026-06-01,0001493152-26-026534:form8-k.htm,0001493152-26-026534,,,,,,,,https://www.sec.gov/cgi-bin/browse-edgar?action=getcompany&CIK=1737995,,SKYA
"""generative AI""",1737995,"SkyAI, Inc.  (STSS, STSSW)  (CIK 0001737995)",8-K,2026-06-01,0001493152-26-026534:form8-k.htm,0001493152-26-026534,,,,,,,,https://www.sec.gov/cgi-bin/browse-edgar?action=getcompany&CIK=1737995,,SKYAW
"""generative artificial intelligence""",1278027,"B&G Foods, Inc.  (BGS)  (CIK 0001278027)",8-K,2026-06-01,0001104659-26-068744:tm2616326d2_ex99-2.htm,0001104659-26-068744,,,,,,,,https://www.sec.gov/cgi-bin/browse-edgar?action=getcompany&CIK=1278027,,BGS
"""large language model""",1843165,LQR House Inc.  (YHC)  (CIK 0001843165),8-K,2026-06-02,0001213900-26-063829:ea029319101ex99-1.htm,0001213900-26-063829,,,,,,,,https://www.sec.gov/cgi-bin/browse-edgar?action=getcompany&CIK=1843165,,YHC
"""AI acquisition""",2094076,"Starlink AI Acquisition Corp  (OTAI, OTAI-UN)  (CIK 0002094076)",8-K,2026-06-02,0001493152-26-026866:ex99-1.htm,0001493152-26-026866,,,,,,,,https://www.sec.gov/cgi-bin/browse-edgar?action=getcompany&CIK=2094076,,OTAI
"""AI acquisition""",2094076,"Starlink AI Acquisition Corp  (OTAI, OTAI-UN)  (CIK 0002094076)",8-K,2026-06-02,0001493152-26-026866:ex99-1.htm,0001493152-26-026866,,,,,,,,https://www.sec.gov/cgi-bin/browse-edgar?action=getcompany&CIK=2094076,,OTAI-UN
"""AI acquisition""",2094076,"Starlink AI Acquisition Corp  (OTAI, OTAI-UN)  (CIK 0002094076)",8-K,2026-06-02,0001493152-26-026866:ex99-1.htm,0001493152-26-026866,,,,,,,,https://www.sec.gov/cgi-bin/browse-edgar?action=getcompany&CIK=2094076,,OTAI-RI
"""large language model""",1720424,HIVE Digital Technologies Ltd.  (HIVE)  (CIK 0001720424),8-K,2026-06-02,0001062993-26-002965:exhibit99-1.htm,0001062993-26-002965,,,,,,,,https://www.sec.gov/cgi-bin/browse-edgar?action=getcompany&CIK=1720424,,HIVE
"""generative AI""",107140,"JOHN WILEY & SONS, INC.  (WLY, WLYB)  (CIK 0000107140)",8-K,2026-06-02,0000107140-26-000034:exhibit21-wizardepa.htm,0000107140-26-000034,,,,,,,,https://www.sec.gov/cgi-bin/browse-edgar?action=getcompany&CIK=107140,,WLY
"""generative AI""",107140,"JOHN WILEY & SONS, INC.  (WLY, WLYB)  (CIK 0000107140)",8-K,2026-06-02,0000107140-26-000034:exhibit21-wizardepa.htm,0000107140-26-000034,,,,,,,,https://www.sec.gov/cgi-bin/browse-edgar?action=getcompany&CIK=107140,,WLYB
"""generative AI""",746838,UNISYS CORP  (UIS)  (CIK 0000746838),8-K,2026-06-02,0001104659-26-069244:tm2616122d1_ex99-1.htm,0001104659-26-069244,,,,,,,,https://www.sec.gov/cgi-bin/browse-edgar?action=getcompany&CIK=746838,,UIS
"""generative AI""",1577526,"C3.ai, Inc.  (AI)  (CIK 0001577526)",8-K,2026-06-03,0001577526-26-000056:ex991-fy26xq4earnings.htm,0001577526-26-000056,,,,,,,,https://www.sec.gov/cgi-bin/browse-edgar?action=getcompany&CIK=1577526,,AI
"""generative AI""",1746618,"Revolve Group, Inc.  (RVLV)  (CIK 0001746618)",8-K,2026-06-03,0001193125-26-254659:rvlv-ex99_1.htm,0001193125-26-254659,,,,,,,,https://www.sec.gov/cgi-bin/browse-edgar?action=getcompany&CIK=1746618,,RVLV
"""generative AI""",2063196,Netskope Inc  (NTSK)  (CIK 0002063196),8-K,2026-06-03,0001193125-26-255439:ck0002063196-ex99_1.htm,0001193125-26-255439,,,,,,,,https://www.sec.gov/cgi-bin/browse-edgar?action=getcompany&CIK=2063196,,NTSK
"""generative AI""",1617242,Kearny Financial Corp.  (KRNY)  (CIK 0001617242),8-K,2026-06-03,0001617242-26-000012:exh-991xkrnyinvestorpres.htm,0001617242-26-000012,,,,,,,,https://www.sec.gov/cgi-bin/browse-edgar?action=getcompany&CIK=1617242,,KRNY
"""generative artificial intelligence""",1278027,"B&G Foods, Inc.  (BGS)  (CIK 0001278027)",8-K,2026-06-04,0001104659-26-070572:tm2616882d1_ex99-1.htm,0001104659-26-070572,,,,,,,,https://www.sec.gov/cgi-bin/browse-edgar?action=getcompany&CIK=1278027,,BGS
"""generative AI""",1956741,"CleanCore Solutions, Inc.  (ZONE)  (CIK 0001956741)",8-K,2026-06-08,0001213900-26-066049:ea0293889-8k_cleancore.htm,0001213900-26-066049,,,,,,,,https://www.sec.gov/cgi-bin/browse-edgar?action=getcompany&CIK=1956741,,ZONE
"""generative AI""",1819989,Cipher Digital Inc.  (CIFR)  (CIK 0001819989),8-K,2026-06-08,0000950103-26-008635:dp248110_ex9901.htm,0000950103-26-008635,,,,,,,,https://www.sec.gov/cgi-bin/browse-edgar?action=getcompany&CIK=1819989,,CIFR
"""generative AI""",1162194,STANDARD BIOTOOLS INC.  (LAB)  (CIK 0001162194),8-K,2026-06-08,0001104659-26-071195:tm2617100d1_ex2-1.htm,0001104659-26-071195,,,,,,,,https://www.sec.gov/cgi-bin/browse-edgar?action=getcompany&CIK=1162194,,LAB
"""generative AI""",64463,"Soluna Holdings, Inc  (SLNH, SLNHP)  (CIK 0000064463)",8-K,2026-06-09,0001493152-26-027852:ex99-1.htm,0001493152-26-027852,,,,,,,,https://www.sec.gov/cgi-bin/browse-edgar?action=getcompany&CIK=64463,,SLNH
"""generative AI""",64463,"Soluna Holdings, Inc  (SLNH, SLNHP)  (CIK 0000064463)",8-K,2026-06-09,0001493152-26-027852:ex99-1.htm,0001493152-26-027852,,,,,,,,https://www.sec.gov/cgi-bin/browse-edgar?action=getcompany&CIK=64463,,SLNHP
"""generative artificial intelligence""",1278027,"B&G Foods, Inc.  (BGS)  (CIK 0001278027)",8-K,2026-06-10,0001104659-26-072323:tm2617391d1_ex99-1.htm,0001104659-26-072323,,,,,,,,https://www.sec.gov/cgi-bin/browse-edgar?action=getcompany&CIK=1278027,,BGS
"""generative AI""",1667313,"Zedge, Inc.  (ZDGE)  (CIK 0001667313)",8-K,2026-06-11,0001213900-26-067834:ea029448101ex99-1.htm,0001213900-26-067834,,,,,,,,https://www.sec.gov/cgi-bin/browse-edgar?action=getcompany&CIK=1667313,,ZDGE
"""generative AI""",1884046,"Spark I Acquisition Corp  (SPKL, SPKLU, SPKLW)  (CIK 0001884046)",8-K,2026-06-11,0001104659-26-072635:tm2617060d1_ex2-1.htm,0001104659-26-072635,,,,,,,,https://www.sec.gov/cgi-bin/browse-edgar?action=getcompany&CIK=1884046,,SPKL
"""generative AI""",1884046,"Spark I Acquisition Corp  (SPKL, SPKLU, SPKLW)  (CIK 0001884046)",8-K,2026-06-11,0001104659-26-072635:tm2617060d1_ex2-1.htm,0001104659-26-072635,,,,,,,,https://www.sec.gov/cgi-bin/browse-edgar?action=getcompany&CIK=1884046,,SPKLW
"""generative AI""",1884046,"Spark I Acquisition Corp  (SPKL, SPKLU, SPKLW)  (CIK 0001884046)",8-K,2026-06-11,0001104659-26-072635:tm2617060d1_ex2-1.htm,0001104659-26-072635,,,,,,,,https://www.sec.gov/cgi-bin/browse-edgar?action=getcompany&CIK=1884046,,SPKLU
"""generative AI""",827187,Sleep Number Corp  (SNBR)  (CIK 0000827187),8-K,2026-06-12,0000950103-26-008891:dp248362_ex0201.htm,0000950103-26-008891,,,,,,,,https://www.sec.gov/cgi-bin/browse-edgar?action=getcompany&CIK=827187,,SNBRQ
"""generative AI""",1526520,"TripAdvisor, Inc.  (TRIP)  (CIK 0001526520)",8-K,2026-06-15,0001193125-26-270351:d156418dex101.htm,0001193125-26-270351,,,,,,,,https://www.sec.gov/cgi-bin/browse-edgar?action=getcompany&CIK=1526520,,TRIP
"""generative artificial intelligence""",1845815,Payoneer Global Inc.  (PAYO)  (CIK 0001845815),8-K,2026-06-15,0000950103-26-008945:dp248400_ex0201.htm,0000950103-26-008945,,,,,,,,https://www.sec.gov/cgi-bin/browse-edgar?action=getcompany&CIK=1845815,,PAYO
"""strategic AI""",2068385,"SharonAI Holdings Inc.  (SHAZ, SHAZW)  (CIK 0002068385)",8-K,2026-06-15,0001493152-26-028629:ex99-1.htm,0001493152-26-028629,,,,,,,,https://www.sec.gov/cgi-bin/browse-edgar?action=getcompany&CIK=2068385,,SHAZ
"""strategic AI""",2068385,"SharonAI Holdings Inc.  (SHAZ, SHAZW)  (CIK 0002068385)",8-K,2026-06-15,0001493152-26-028629:ex99-1.htm,0001493152-26-028629,,,,,,,,https://www.sec.gov/cgi-bin/browse-edgar?action=getcompany&CIK=2068385,,SHAZW
"""generative artificial intelligence""",107140,"JOHN WILEY & SONS, INC.  (WLY, WLYB)  (CIK 0000107140)",8-K,2026-06-16,0001628280-26-043447:exhibit992-q426earningsp.htm,0001628280-26-043447,,,,,,,,https://www.sec.gov/cgi-bin/browse-edgar?action=getcompany&CIK=107140,,WLY
"""generative artificial intelligence""",107140,"JOHN WILEY & SONS, INC.  (WLY, WLYB)  (CIK 0000107140)",8-K,2026-06-16,0001628280-26-043447:exhibit992-q426earningsp.htm,0001628280-26-043447,,,,,,,,https://www.sec.gov/cgi-bin/browse-edgar?action=getcompany&CIK=107140,,WLYB
"""generative AI""",903651,INNODATA INC  (INOD)  (CIK 0000903651),8-K,2026-06-17,0001104659-26-075184:tm2617967d1_ex99-1.htm,0001104659-26-075184,,,,,,,,https://www.sec.gov/cgi-bin/browse-edgar?action=getcompany&CIK=903651,,INOD
"""large language model""",1771706,"Vireo Growth Inc.  (VREOD, VREOF)  (CIK 0001771706)",8-K,2026-06-18,0001104659-26-075721:tm2617497d3_ex2-1.htm,0001104659-26-075721,,,,,,,,https://www.sec.gov/cgi-bin/browse-edgar?action=getcompany&CIK=1771706,,VREOF
"""generative AI""",1898496,"Getty Images Holdings, Inc.  (GETY)  (CIK 0001898496)",8-K,2026-06-22,0001213900-26-070706:ea029548101ex99-1.htm,0001213900-26-070706,,,,,,,,https://www.sec.gov/cgi-bin/browse-edgar?action=getcompany&CIK=1898496,,GETY
"""generative artificial intelligence""",1443646,Booz Allen Hamilton Holding Corp  (BAH)  (CIK 0001443646),8-K,2026-06-22,0001104659-26-076094:tm2618424d1_ex2-1.htm,0001104659-26-076094,,,,,,,,https://www.sec.gov/cgi-bin/browse-edgar?action=getcompany&CIK=1443646,,BAH
"""AI research and development""",1879001,Verses AI Inc.  (VRSSF)  (CIK 0001879001),8-K,2026-06-22,0001493152-26-029568:ex99-1.htm,0001493152-26-029568,,,,,,,,https://www.sec.gov/cgi-bin/browse-edgar?action=getcompany&CIK=1879001,,
"""large language model""",1720424,HIVE Digital Technologies Ltd.  (HIVE)  (CIK 0001720424),8-K,2026-06-22,0001062993-26-003293:exhibit99-1.htm,0001062993-26-003293,,,,,,,,https://www.sec.gov/cgi-bin/browse-edgar?action=getcompany&CIK=1720424,,HIVE
"""generative AI""",1672688,Absci Corp  (ABSI)  (CIK 0001672688),8-K,2026-06-24,0001193125-26-281143:d139233dex991.htm,0001193125-26-281143,,,,,,,,https://www.sec.gov/cgi-bin/browse-edgar?action=getcompany&CIK=1672688,,ABSI
"""large language model""",2074973,"Churchill Capital Corp XI  (CCXI, CCXIU, CCXIW)  (CIK 0002074973)",8-K,2026-06-24,0001213900-26-071287:ea029548401ex99-2.htm,0001213900-26-071287,,,,,,,,https://www.sec.gov/cgi-bin/browse-edgar?action=getcompany&CIK=2074973,,CCXI
"""large language model""",2074973,"Churchill Capital Corp XI  (CCXI, CCXIU, CCXIW)  (CIK 0002074973)",8-K,2026-06-24,0001213900-26-071287:ea029548401ex99-2.htm,0001213900-26-071287,,,,,,,,https://www.sec.gov/cgi-bin/browse-edgar?action=getcompany&CIK=2074973,,CCXIU
"""large language model""",2074973,"Churchill Capital Corp XI  (CCXI, CCXIU, CCXIW)  (CIK 0002074973)",8-K,2026-06-24,0001213900-26-071287:ea029548401ex99-2.htm,0001213900-26-071287,,,,,,,,https://www.sec.gov/cgi-bin/browse-edgar?action=getcompany&CIK=2074973,,CCXIW
"""generative AI""",1895618,GAXOS.AI INC.  (GXAI)  (CIK 0001895618),8-K,2026-06-25,0001213900-26-072056:ea029589401ex99-1.htm,0001213900-26-072056,,,,,,,,https://www.sec.gov/cgi-bin/browse-edgar?action=getcompany&CIK=1895618,,GXAI
"""large language model""",1289419,"Morningstar, Inc.  (MORN)  (CIK 0001289419)",8-K,2026-06-25,0001289419-26-000035:investorquestionsthrough.htm,0001289419-26-000035,,,,,,,,https://www.sec.gov/cgi-bin/browse-edgar?action=getcompany&CIK=1289419,,MORN
"""AI initiative""",1812727,"Reliance Global Group, Inc.  (EZRA)  (CIK 0001812727)",8-K,2026-06-25,0001493152-26-030196:ex99-1.htm,0001493152-26-030196,,,,,,,,https://www.sec.gov/cgi-bin/browse-edgar?action=getcompany&CIK=1812727,,EZRA
"""generative AI""",1173204,Cineverse Corp.  (CNVS)  (CIK 0001173204),8-K,2026-06-26,0001193125-26-283983:cnvs-ex99_1.htm,0001193125-26-283983,,,,,,,,https://www.sec.gov/cgi-bin/browse-edgar?action=getcompany&CIK=1173204,,CNVS
"""generative AI""",842023,BIO-TECHNE Corp  (TECH)  (CIK 0000842023),8-K,2026-06-26,0001999371-26-013527:ex2-1.htm,0001999371-26-013527,,,,,,,,https://www.sec.gov/cgi-bin/browse-edgar?action=getcompany&CIK=842023,,TECH
"""large language model""",773840,"HONEYWELL INTERNATIONAL INC  (HON, HONIV)  (CIK 0000773840)",8-K,2026-06-29,0000773840-26-000084:exhibit21-separationanddis.htm,0000773840-26-000084,,,,,,,,https://www.sec.gov/cgi-bin/browse-edgar?action=getcompany&CIK=773840,,HON
"""large language model""",2089271,"Honeywell Aerospace Inc.  (HONA, HONAV)  (CIK 0002089271)",8-K,2026-06-29,0001628280-26-045874:exhibit21-closing8xk.htm,0001628280-26-045874,,,,,,,,https://www.sec.gov/cgi-bin/browse-edgar?action=getcompany&CIK=2089271,,HONA
"""generative AI""",56679,KORN FERRY  (KFY)  (CIK 0000056679),8-K,2026-06-29,0001193125-26-286757:d102657dex22.htm,0001193125-26-286757,,,,,,,,https://www.sec.gov/cgi-bin/browse-edgar?action=getcompany&CIK=56679,,KFY
"""generative AI""",1803599,Concentrix Corp  (CNXC)  (CIK 0001803599),8-K,2026-06-29,0001803599-26-000133:exhibit991q22026.htm,0001803599-26-000133,,,,,,,,https://www.sec.gov/cgi-bin/browse-edgar?action=getcompany&CIK=1803599,,CNXC
"""generative artificial intelligence""",76605,PATRICK INDUSTRIES INC  (PATK)  (CIK 0000076605),8-K,2026-06-30,0000076605-26-000059:marvel-8xkex21mergeragreem.htm,0000076605-26-000059,,,,,,,,https://www.sec.gov/cgi-bin/browse-edgar?action=getcompany&CIK=76605,,PATK
"""generative artificial intelligence""",763744,LCI INDUSTRIES  (LCII)  (CIK 0000763744),8-K,2026-06-30,0000763744-26-000040:lciiex21agreementandplanof.htm,0000763744-26-000040,,,,,,,,https://www.sec.gov/cgi-bin/browse-edgar?action=getcompany&CIK=763744,,LCII
"""AI partnership""",1013237,FACTSET RESEARCH SYSTEMS INC  (FDS)  (CIK 0001013237),8-K,2026-07-01,0001628280-26-046338:fdsq32026earningsrelease.htm,0001628280-26-046338,,,,,,,,https://www.sec.gov/cgi-bin/browse-edgar?action=getcompany&CIK=1013237,,FDS
"""generative AI""",829323,"Inuvo, Inc.  (INUV)  (CIK 0000829323)",8-K,2026-07-01,0001654954-26-006459:inuvo_ex101.htm,0001654954-26-006459,,,,,,,,https://www.sec.gov/cgi-bin/browse-edgar?action=getcompany&CIK=829323,,INUV
"""generative AI""",2088805,"Columbus Circle Capital Corp II  (CMII, CMIIU, CMIIW)  (CIK 0002088805)",8-K,2026-07-02,0001213900-26-074998:ea029643801ex2-1.htm,0001213900-26-074998,,,,,,,,https://www.sec.gov/cgi-bin/browse-edgar?action=getcompany&CIK=2088805,,CMII
"""generative AI""",2088805,"Columbus Circle Capital Corp II  (CMII, CMIIU, CMIIW)  (CIK 0002088805)",8-K,2026-07-02,0001213900-26-074998:ea029643801ex2-1.htm,0001213900-26-074998,,,,,,,,https://www.sec.gov/cgi-bin/browse-edgar?action=getcompany&CIK=2088805,,CMIIU
"""generative AI""",2088805,"Columbus Circle Capital Corp II  (CMII, CMIIU, CMIIW)  (CIK 0002088805)",8-K,2026-07-02,0001213900-26-074998:ea029643801ex2-1.htm,0001213900-26-074998,,,,,,,,https://www.sec.gov/cgi-bin/browse-edgar?action=getcompany&CIK=2088805,,CMIIW
"""generative AI""",1534708,"Beeline Holdings, Inc.  (BLNE)  (CIK 0001534708)",8-K,2026-07-02,0001493152-26-031971:ex10-1.htm,0001493152-26-031971,,,,,,,,https://www.sec.gov/cgi-bin/browse-edgar?action=getcompany&CIK=1534708,,BLNE
"""generative artificial intelligence""",1102993,LIVEPERSON INC  (LPSN)  (CIK 0001102993),8-K,2026-07-02,0001193125-26-294943:d319553dex21.htm,0001193125-26-294943,,,,,,,,https://www.sec.gov/cgi-bin/browse-edgar?action=getcompany&CIK=1102993,,LPSN
"""generative artificial intelligence""",1840856,"SOUNDHOUND AI, INC.  (SOUN, SOUNW)  (CIK 0001840856)",8-K,2026-07-02,0001213900-26-075086:ea029685601ex2-1.htm,0001213900-26-075086,,,,,,,,https://www.sec.gov/cgi-bin/browse-edgar?action=getcompany&CIK=1840856,,SOUN
"""generative artificial intelligence""",1840856,"SOUNDHOUND AI, INC.  (SOUN, SOUNW)  (CIK 0001840856)",8-K,2026-07-02,0001213900-26-075086:ea029685601ex2-1.htm,0001213900-26-075086,,,,,,,,https://www.sec.gov/cgi-bin/browse-edgar?action=getcompany&CIK=1840856,,SOUNW
"""generative AI""",1868640,"Roadzen Inc.  (RDZN, RDZNW)  (CIK 0001868640)",8-K,2026-07-06,0001493152-26-032180:ex99-1.htm,0001493152-26-032180,,,,,,,,https://www.sec.gov/cgi-bin/browse-edgar?action=getcompany&CIK=1868640,,RDZN
"""generative AI""",1868640,"Roadzen Inc.  (RDZN, RDZNW)  (CIK 0001868640)",8-K,2026-07-06,0001493152-26-032180:ex99-1.htm,0001493152-26-032180,,,,,,,,https://www.sec.gov/cgi-bin/browse-edgar?action=getcompany&CIK=1868640,,RDZNW
"""large language model""",1506929,"VERDE RESOURCES, INC.  (VRDR)  (CIK 0001506929)",8-K,2026-07-06,0001493152-26-032087:ex10-1.htm,0001493152-26-032087,,,,,,,,https://www.sec.gov/cgi-bin/browse-edgar?action=getcompany&CIK=1506929,,VRDR
"""large language model""",829323,"Inuvo, Inc.  (INUV)  (CIK 0000829323)",8-K,2026-07-08,0001654954-26-006551:inuvo_ex991.htm,0001654954-26-006551,,,,,,,,https://www.sec.gov/cgi-bin/browse-edgar?action=getcompany&CIK=829323,,INUV
"""large language model""",1169445,"TruBridge, Inc.  (TBRG)  (CIK 0001169445)",8-K,2026-07-09,0001193125-26-299668:d153395dex991.htm,0001193125-26-299668,,,,,,,,https://www.sec.gov/cgi-bin/browse-edgar?action=getcompany&CIK=1169445,,
"""generative AI""",1410428,"XWELL, Inc.  (XWEL)  (CIK 0001410428)",8-K,2026-07-09,0001104659-26-082254:tm2619967d1_ex2-1.htm,0001104659-26-082254,,,,,,,,https://www.sec.gov/cgi-bin/browse-edgar?action=getcompany&CIK=1410428,,XWEL
"""generative AI""",1868640,"Roadzen Inc.  (RDZN, RDZNW)  (CIK 0001868640)",8-K,2026-07-09,0001493152-26-032702:ex99-1.htm,0001493152-26-032702,,,,,,,,https://www.sec.gov/cgi-bin/browse-edgar?action=getcompany&CIK=1868640,,RDZN
"""generative AI""",1868640,"Roadzen Inc.  (RDZN, RDZNW)  (CIK 0001868640)",8-K,2026-07-09,0001493152-26-032702:ex99-1.htm,0001493152-26-032702,,,,,,,,https://www.sec.gov/cgi-bin/browse-edgar?action=getcompany&CIK=1868640,,RDZNW
"""generative AI""",70858,"BANK OF AMERICA CORP /DE/  (BAC, BAC-PB, BAC-PE, BAC-PK, BAC-PL, BAC-PM, BAC-PN, BAC-PO, BAC-PP, BAC-PQ, BAC-PS, BML-PG, BML-PL)  (CIK 0000070858)",8-K,2026-07-14,0000070858-26-000353:bac06302026ex992.htm,0000070858-26-000353,,,,,,,,https://www.sec.gov/cgi-bin/browse-edgar?action=getcompany&CIK=70858,,BAC
"""generative AI""",70858,"BANK OF AMERICA CORP /DE/  (BAC, BAC-PB, BAC-PE, BAC-PK, BAC-PL, BAC-PM, BAC-PN, BAC-PO, BAC-PP, BAC-PQ, BAC-PS, BML-PG, BML-PL)  (CIK 0000070858)",8-K,2026-07-14,0000070858-26-000353:bac06302026ex992.htm,0000070858-26-000353,,,,,,,,https://www.sec.gov/cgi-bin/browse-edgar?action=getcompany&CIK=70858,,BML-PG
"""generative AI""",70858,"BANK OF AMERICA CORP /DE/  (BAC, BAC-PB, BAC-PE, BAC-PK, BAC-PL, BAC-PM, BAC-PN, BAC-PO, BAC-PP, BAC-PQ, BAC-PS, BML-PG, BML-PL)  (CIK 0000070858)",8-K,2026-07-14,0000070858-26-000353:bac06302026ex992.htm,0000070858-26-000353,,,,,,,,https://www.sec.gov/cgi-bin/browse-edgar?action=getcompany&CIK=70858,,BML-PL
"""generative AI""",70858,"BANK OF AMERICA CORP /DE/  (BAC, BAC-PB, BAC-PE, BAC-PK, BAC-PL, BAC-PM, BAC-PN, BAC-PO, BAC-PP, BAC-PQ, BAC-PS, BML-PG, BML-PL)  (CIK 0000070858)",8-K,2026-07-14,0000070858-26-000353:bac06302026ex992.htm,0000070858-26-000353,,,,,,,,https://www.sec.gov/cgi-bin/browse-edgar?action=getcompany&CIK=70858,,BAC-PB
"""generative AI""",70858,"BANK OF AMERICA CORP /DE/  (BAC, BAC-PB, BAC-PE, BAC-PK, BAC-PL, BAC-PM, BAC-PN, BAC-PO, BAC-PP, BAC-PQ, BAC-PS, BML-PG, BML-PL)  (CIK 0000070858)",8-K,2026-07-14,0000070858-26-000353:bac06302026ex992.htm,0000070858-26-000353,,,,,,,,https://www.sec.gov/cgi-bin/browse-edgar?action=getcompany&CIK=70858,,BAC-PK
"""generative AI""",70858,"BANK OF AMERICA CORP /DE/  (BAC, BAC-PB, BAC-PE, BAC-PK, BAC-PL, BAC-PM, BAC-PN, BAC-PO, BAC-PP, BAC-PQ, BAC-PS, BML-PG, BML-PL)  (CIK 0000070858)",8-K,2026-07-14,0000070858-26-000353:bac06302026ex992.htm,0000070858-26-000353,,,,,,,,https://www.sec.gov/cgi-bin/browse-edgar?action=getcompany&CIK=70858,,BAC-PL
"""generative AI""",70858,"BANK OF AMERICA CORP /DE/  (BAC, BAC-PB, BAC-PE, BAC-PK, BAC-PL, BAC-PM, BAC-PN, BAC-PO, BAC-PP, BAC-PQ, BAC-PS, BML-PG, BML-PL)  (CIK 0000070858)",8-K,2026-07-14,0000070858-26-000353:bac06302026ex992.htm,0000070858-26-000353,,,,,,,,https://www.sec.gov/cgi-bin/browse-edgar?action=getcompany&CIK=70858,,MER-PK
"""generative AI""",70858,"BANK OF AMERICA CORP /DE/  (BAC, BAC-PB, BAC-PE, BAC-PK, BAC-PL, BAC-PM, BAC-PN, BAC-PO, BAC-PP, BAC-PQ, BAC-PS, BML-PG, BML-PL)  (CIK 0000070858)",8-K,2026-07-14,0000070858-26-000353:bac06302026ex992.htm,0000070858-26-000353,,,,,,,,https://www.sec.gov/cgi-bin/browse-edgar?action=getcompany&CIK=70858,,BACRP
"""generative AI""",70858,"BANK OF AMERICA CORP /DE/  (BAC, BAC-PB, BAC-PE, BAC-PK, BAC-PL, BAC-PM, BAC-PN, BAC-PO, BAC-PP, BAC-PQ, BAC-PS, BML-PG, BML-PL)  (CIK 0000070858)",8-K,2026-07-14,0000070858-26-000353:bac06302026ex992.htm,0000070858-26-000353,,,,,,,,https://www.sec.gov/cgi-bin/browse-edgar?action=getcompany&CIK=70858,,BAC-PM
"""generative AI""",70858,"BANK OF AMERICA CORP /DE/  (BAC, BAC-PB, BAC-PE, BAC-PK, BAC-PL, BAC-PM, BAC-PN, BAC-PO, BAC-PP, BAC-PQ, BAC-PS, BML-PG, BML-PL)  (CIK 0000070858)",8-K,2026-07-14,0000070858-26-000353:bac06302026ex992.htm,0000070858-26-000353,,,,,,,,https://www.sec.gov/cgi-bin/browse-edgar?action=getcompany&CIK=70858,,BAC-PN
"""generative AI""",70858,"BANK OF AMERICA CORP /DE/  (BAC, BAC-PB, BAC-PE, BAC-PK, BAC-PL, BAC-PM, BAC-PN, BAC-PO, BAC-PP, BAC-PQ, BAC-PS, BML-PG, BML-PL)  (CIK 0000070858)",8-K,2026-07-14,0000070858-26-000353:bac06302026ex992.htm,0000070858-26-000353,,,,,,,,https://www.sec.gov/cgi-bin/browse-edgar?action=getcompany&CIK=70858,,BAC-PO
"""generative AI""",70858,"BANK OF AMERICA CORP /DE/  (BAC, BAC-PB, BAC-PE, BAC-PK, BAC-PL, BAC-PM, BAC-PN, BAC-PO, BAC-PP, BAC-PQ, BAC-PS, BML-PG, BML-PL)  (CIK 0000070858)",8-K,2026-07-14,0000070858-26-000353:bac06302026ex992.htm,0000070858-26-000353,,,,,,,,https://www.sec.gov/cgi-bin/browse-edgar?action=getcompany&CIK=70858,,BAC-PP
"""generative AI""",70858,"BANK OF AMERICA CORP /DE/  (BAC, BAC-PB, BAC-PE, BAC-PK, BAC-PL, BAC-PM, BAC-PN, BAC-PO, BAC-PP, BAC-PQ, BAC-PS, BML-PG, BML-PL)  (CIK 0000070858)",8-K,2026-07-14,0000070858-26-000353:bac06302026ex992.htm,0000070858-26-000353,,,,,,,,https://www.sec.gov/cgi-bin/browse-edgar?action=getcompany&CIK=70858,,BAC-PQ
"""generative AI""",70858,"BANK OF AMERICA CORP /DE/  (BAC, BAC-PB, BAC-PE, BAC-PK, BAC-PL, BAC-PM, BAC-PN, BAC-PO, BAC-PP, BAC-PQ, BAC-PS, BML-PG, BML-PL)  (CIK 0000070858)",8-K,2026-07-14,0000070858-26-000353:bac06302026ex992.htm,0000070858-26-000353,,,,,,,,https://www.sec.gov/cgi-bin/browse-edgar?action=getcompany&CIK=70858,,BAC-PS
"""generative AI""",70858,"BANK OF AMERICA CORP /DE/  (BAC, BAC-PB, BAC-PE, BAC-PK, BAC-PL, BAC-PM, BAC-PN, BAC-PO, BAC-PP, BAC-PQ, BAC-PS, BML-PG, BML-PL)  (CIK 0000070858)",8-K,2026-07-14,0000070858-26-000353:bac06302026ex992.htm,0000070858-26-000353,,,,,,,,https://www.sec.gov/cgi-bin/browse-edgar?action=getcompany&CIK=70858,,BAC-PE
"""generative AI""",70858,"BANK OF AMERICA CORP /DE/  (BAC, BAC-PB, BAC-PE, BAC-PK, BAC-PL, BAC-PM, BAC-PN, BAC-PO, BAC-PP, BAC-PQ, BAC-PS, BML-PG, BML-PL)  (CIK 0000070858)",8-K,2026-07-14,0000070858-26-000353:bac06302026ex992.htm,0000070858-26-000353,,,,,,,,https://www.sec.gov/cgi-bin/browse-edgar?action=getcompany&CIK=70858,,BML-PH
"""generative AI""",70858,"BANK OF AMERICA CORP /DE/  (BAC, BAC-PB, BAC-PE, BAC-PK, BAC-PL, BAC-PM, BAC-PN, BAC-PO, BAC-PP, BAC-PQ, BAC-PS, BML-PG, BML-PL)  (CIK 0000070858)",8-K,2026-07-14,0000070858-26-000353:bac06302026ex992.htm,0000070858-26-000353,,,,,,,,https://www.sec.gov/cgi-bin/browse-edgar?action=getcompany&CIK=70858,,BML-PJ
"""generative AI""",64463,"Soluna Holdings, Inc  (SLNH, SLNHP)  (CIK 0000064463)",8-K,2026-07-14,0001493152-26-033111:ex99-1.htm,0001493152-26-033111,,,,,,,,https://www.sec.gov/cgi-bin/browse-edgar?action=getcompany&CIK=64463,,SLNH
"""generative AI""",64463,"Soluna Holdings, Inc  (SLNH, SLNHP)  (CIK 0000064463)",8-K,2026-07-14,0001493152-26-033111:ex99-1.htm,0001493152-26-033111,,,,,,,,https://www.sec.gov/cgi-bin/browse-edgar?action=getcompany&CIK=64463,,SLNHP
"""generative AI""",36377,"FIRST HAWAIIAN, INC.  (FHB)  (CIK 0000036377)",8-K,2026-07-15,0001104659-26-083898:tm2620283d5_ex2-1.htm,0001104659-26-083898,,,,,,,,https://www.sec.gov/cgi-bin/browse-edgar?action=getcompany&CIK=36377,,FHB
"""generative AI""",356171,TRICO BANCSHARES /  (TCBK)  (CIK 0000356171),8-K,2026-07-15,0001104659-26-083891:tm2620289d8_ex2-1.htm,0001104659-26-083891,,,,,,,,https://www.sec.gov/cgi-bin/browse-edgar?action=getcompany&CIK=356171,,TCBK
"""generative AI""",64463,"Soluna Holdings, Inc  (SLNH, SLNHP)  (CIK 0000064463)",8-K,2026-07-16,0001493152-26-033447:ex99-1.htm,0001493152-26-033447,,,,,,,,https://www.sec.gov/cgi-bin/browse-edgar?action=getcompany&CIK=64463,,SLNH
"""generative AI""",64463,"Soluna Holdings, Inc  (SLNH, SLNHP)  (CIK 0000064463)",8-K,2026-07-16,0001493152-26-033447:ex99-1.htm,0001493152-26-033447,,,,,,,,https://www.sec.gov/cgi-bin/browse-edgar?action=getcompany&CIK=64463,,SLNHP
"""generative AI""",1665300,"Phunware, Inc.  (PHUN)  (CIK 0001665300)",8-K,2026-07-16,0001193125-26-306095:phun-ex99_1.htm,0001193125-26-306095,,,,,,,,https://www.sec.gov/cgi-bin/browse-edgar?action=getcompany&CIK=1665300,,PHUN
"""generative artificial intelligence""",2081043,AtaiBeckley Inc.  (ATAI)  (CIK 0002081043),8-K,2026-07-16,0001140361-26-028604:ef20078103_ex2-1.htm,0001140361-26-028604,,,,,,,,https://www.sec.gov/cgi-bin/browse-edgar?action=getcompany&CIK=2081043,,ATAI
"""generative AI""",1833756,"Leonardo DRS, Inc.  (DRS)  (CIK 0001833756)",8-K,2026-07-17,0001833756-26-000031:exhibit141-codeofethicsa.htm,0001833756-26-000031,,,,,,,,https://www.sec.gov/cgi-bin/browse-edgar?action=getcompany&CIK=1833756,,DRS
"""generative artificial intelligence""",1314102,"EyePoint, Inc.  (EYPT)  (CIK 0001314102)",8-K,2026-07-17,0001193125-26-307792:eypt-ex10_2.htm,0001193125-26-307792,,,,,,,,https://www.sec.gov/cgi-bin/browse-edgar?action=getcompany&CIK=1314102,,EYPT
"""generative artificial intelligence""",1038773,SMARTFINANCIAL INC.  (SMBK)  (CIK 0001038773),8-K,2026-07-20,0001104659-26-085102:smbk-20260720xex99d2.htm,0001104659-26-085102,,,,,,,,https://www.sec.gov/cgi-bin/browse-edgar?action=getcompany&CIK=1038773,,SMBK
"""generative AI""",1325964,"Lightwave Logic, Inc.  (LWLG)  (CIK 0001325964)",8-K,2026-07-20,0001079973-26-000955:ex99x1.htm,0001079973-26-000955,,,,,,,,https://www.sec.gov/cgi-bin/browse-edgar?action=getcompany&CIK=1325964,,LWLG
"""generative artificial intelligence""",726601,CAPITAL CITY BANK GROUP INC  (CCBG)  (CIK 0000726601),8-K,2026-07-21,0000726601-26-000020:ex991.htm,0000726601-26-000020,,,,,,,,https://www.sec.gov/cgi-bin/browse-edgar?action=getcompany&CIK=726601,,CCBG
"""generative AI""",316709,"SCHWAB CHARLES CORP  (SCHW, SCHW-PD, SCHW-PJ)  (CIK 0000316709)",8-K,2026-07-21,0000316709-26-000027:a2q26exhibit991.htm,0000316709-26-000027,,,,,,,,https://www.sec.gov/cgi-bin/browse-edgar?action=getcompany&CIK=316709,,SCHW
"""generative AI""",316709,"SCHWAB CHARLES CORP  (SCHW, SCHW-PD, SCHW-PJ)  (CIK 0000316709)",8-K,2026-07-21,0000316709-26-000027:a2q26exhibit991.htm,0000316709-26-000027,,,,,,,,https://www.sec.gov/cgi-bin/browse-edgar?action=getcompany&CIK=316709,,SCHW-PD
"""generative AI""",316709,"SCHWAB CHARLES CORP  (SCHW, SCHW-PD, SCHW-PJ)  (CIK 0000316709)",8-K,2026-07-21,0000316709-26-000027:a2q26exhibit991.htm,0000316709-26-000027,,,,,,,,https://www.sec.gov/cgi-bin/browse-edgar?action=getcompany&CIK=316709,,SCHW-PJ
"""generative artificial intelligence""",1336706,NORTHPOINTE BANCSHARES INC  (NPB)  (CIK 0001336706),8-K,2026-07-21,0001336706-26-000059:npb-202606x8kxexx991.htm,0001336706-26-000059,,,,,,,,https://www.sec.gov/cgi-bin/browse-edgar?action=getcompany&CIK=1336706,,NPB
"""generative AI""",730272,REPLIGEN CORP  (RGEN)  (CIK 0000730272),8-K,2026-07-22,0001193125-26-311402:d141685dex21.htm,0001193125-26-311402,,,,,,,,https://www.sec.gov/cgi-bin/browse-edgar?action=getcompany&CIK=730272,,RGEN
"""generative AI""",876167,PROGRESS SOFTWARE CORP /MA  (PRGS)  (CIK 0000876167),8-K,2026-07-22,0001552781-26-000390:e26303_ex2-1.htm,0001552781-26-000390,,,,,,,,https://www.sec.gov/cgi-bin/browse-edgar?action=getcompany&CIK=876167,,PRGS
"""generative AI""",1505952,"DOMO, INC.  (DOMO)  (CIK 0001505952)",8-K,2026-07-22,0001104659-26-085819:tm2620768d3_ex2-1.htm,0001104659-26-085819,,,,,,,,https://www.sec.gov/cgi-bin/browse-edgar?action=getcompany&CIK=1505952,,DOMO
"""generative AI""",2102713,"Kensington Capital Acquisition Corp. VI  (KCA-UN, KCAC-UN, KCAC-WT)  (CIK 0002102713)",8-K,2026-07-22,0001193125-26-311388:d140185dex21.htm,0001193125-26-311388,,,,,,,,https://www.sec.gov/cgi-bin/browse-edgar?action=getcompany&CIK=2102713,,KCAC-UN
"""generative AI""",2102713,"Kensington Capital Acquisition Corp. VI  (KCA-UN, KCAC-UN, KCAC-WT)  (CIK 0002102713)",8-K,2026-07-22,0001193125-26-311388:d140185dex21.htm,0001193125-26-311388,,,,,,,,https://www.sec.gov/cgi-bin/browse-edgar?action=getcompany&CIK=2102713,,KCAC-WT
"""generative AI""",2102713,"Kensington Capital Acquisition Corp. VI  (KCA-UN, KCAC-UN, KCAC-WT)  (CIK 0002102713)",8-K,2026-07-22,0001193125-26-311388:d140185dex21.htm,0001193125-26-311388,,,,,,,,https://www.sec.gov/cgi-bin/browse-edgar?action=getcompany&CIK=2102713,,KCA-UN
"""generative AI""",834365,BIOLIFE SOLUTIONS INC  (BLFS)  (CIK 0000834365),8-K,2026-07-22,0001628280-26-049232:exhibit21-projectbeacona.htm,0001628280-26-049232,,,,,,,,https://www.sec.gov/cgi-bin/browse-edgar?action=getcompany&CIK=834365,,BLFS
"""generative AI""",1648960,"Myseum.AI, Inc.  (MYSE, MYSEW)  (CIK 0001648960)",8-K,2026-07-22,0001213900-26-080405:ea029894001ex99-1.htm,0001213900-26-080405,,,,,,,,https://www.sec.gov/cgi-bin/browse-edgar?action=getcompany&CIK=1648960,,MYSE
"""generative AI""",1648960,"Myseum.AI, Inc.  (MYSE, MYSEW)  (CIK 0001648960)",8-K,2026-07-22,0001213900-26-080405:ea029894001ex99-1.htm,0001213900-26-080405,,,,,,,,https://www.sec.gov/cgi-bin/browse-edgar?action=getcompany&CIK=1648960,,MYSEW
"""generative artificial intelligence""",1668397,"Medpace Holdings, Inc.  (MEDP)  (CIK 0001668397)",8-K,2026-07-22,0001668397-26-000023:medp-2026722exx991.htm,0001668397-26-000023,,,,,,,,https://www.sec.gov/cgi-bin/browse-edgar?action=getcompany&CIK=1668397,,MEDP
"""AI research and development""",1652044,"Alphabet Inc.  (GOOG, GOOGL, GOOGM, GOOGN)  (CIK 0001652044)",8-K,2026-07-22,0001652044-26-000066:googexhibit991q22026.htm,0001652044-26-000066,,,,,,,,https://www.sec.gov/cgi-bin/browse-edgar?action=getcompany&CIK=1652044,,GOOGL
"""AI research and development""",1652044,"Alphabet Inc.  (GOOG, GOOGL, GOOGM, GOOGN)  (CIK 0001652044)",8-K,2026-07-22,0001652044-26-000066:googexhibit991q22026.htm,0001652044-26-000066,,,,,,,,https://www.sec.gov/cgi-bin/browse-edgar?action=getcompany&CIK=1652044,,GOOG
"""AI research and development""",1652044,"Alphabet Inc.  (GOOG, GOOGL, GOOGM, GOOGN)  (CIK 0001652044)",8-K,2026-07-22,0001652044-26-000066:googexhibit991q22026.htm,0001652044-26-000066,,,,,,,,https://www.sec.gov/cgi-bin/browse-edgar?action=getcompany&CIK=1652044,,GOOGM
"""AI research and development""",1652044,"Alphabet Inc.  (GOOG, GOOGL, GOOGM, GOOGN)  (CIK 0001652044)",8-K,2026-07-22,0001652044-26-000066:googexhibit991q22026.htm,0001652044-26-000066,,,,,,,,https://www.sec.gov/cgi-bin/browse-edgar?action=getcompany&CIK=1652044,,GOOGN
"""generative artificial intelligence""",1862463,"ALPHA MODUS HOLDINGS, INC.  (AMOD, AMODW)  (CIK 0001862463)",8-K,2026-07-22,0001493152-26-034163:form8-k.htm,0001493152-26-034163,,,,,,,,https://www.sec.gov/cgi-bin/browse-edgar?action=getcompany&CIK=1862463,,AMOD
"""generative artificial intelligence""",1862463,"ALPHA MODUS HOLDINGS, INC.  (AMOD, AMODW)  (CIK 0001862463)",8-K,2026-07-22,0001493152-26-034163:form8-k.htm,0001493152-26-034163,,,,,,,,https://www.sec.gov/cgi-bin/browse-edgar?action=getcompany&CIK=1862463,,AMODW
"""generative artificial intelligence""",1516912,"Origin Bancorp, Inc.  (OBK)  (CIK 0001516912)",8-K,2026-07-22,0001516912-26-000042:a06302026obkexhibit991er.htm,0001516912-26-000042,,,,,,,,https://www.sec.gov/cgi-bin/browse-edgar?action=getcompany&CIK=1516912,,OBK
"""generative AI""",51143,INTERNATIONAL BUSINESS MACHINES CORP  (IBM)  (CIK 0000051143),8-K,2026-07-22,0000051143-26-000077:ibm-20260722xex992.htm,0000051143-26-000077,,,,,,,,https://www.sec.gov/cgi-bin/browse-edgar?action=getcompany&CIK=51143,,IBM
"""generative artificial intelligence""",711669,COLONY BANKCORP INC  (CBAN)  (CIK 0000711669),8-K,2026-07-22,0001104659-26-085809:cban-20260722xex99d1.htm,0001104659-26-085809,,,,,,,,https://www.sec.gov/cgi-bin/browse-edgar?action=getcompany&CIK=711669,,CBAN
"""generative AI""",1617242,Kearny Financial Corp.  (KRNY)  (CIK 0001617242),8-K,2026-07-23,0001617242-26-000017:krny-20260723xexx992xfin.htm,0001617242-26-000017,,,,,,,,https://www.sec.gov/cgi-bin/browse-edgar?action=getcompany&CIK=1617242,,KRNY
"""generative AI""",827187,Sleep Number Corp  (SNBRQ)  (CIK 0000827187),8-K,2026-07-23,0000950103-26-011104:dp250511_ex1001.htm,0000950103-26-011104,,,,,,,,https://www.sec.gov/cgi-bin/browse-edgar?action=getcompany&CIK=827187,,SNBRQ
"""generative AI""",714310,"VALLEY NATIONAL BANCORP  (VLY, VLYPN, VLYPO, VLYPP)  (CIK 0000714310)",8-K,2026-07-23,0000714310-26-000036:a2q26earningspresentatio.htm,0000714310-26-000036,,,,,,,,https://www.sec.gov/cgi-bin/browse-edgar?action=getcompany&CIK=714310,,VLY
"""generative AI""",714310,"VALLEY NATIONAL BANCORP  (VLY, VLYPN, VLYPO, VLYPP)  (CIK 0000714310)",8-K,2026-07-23,0000714310-26-000036:a2q26earningspresentatio.htm,0000714310-26-000036,,,,,,,,https://www.sec.gov/cgi-bin/browse-edgar?action=getcompany&CIK=714310,,VLYPP
"""generative AI""",714310,"VALLEY NATIONAL BANCORP  (VLY, VLYPN, VLYPO, VLYPP)  (CIK 0000714310)",8-K,2026-07-23,0000714310-26-000036:a2q26earningspresentatio.htm,0000714310-26-000036,,,,,,,,https://www.sec.gov/cgi-bin/browse-edgar?action=getcompany&CIK=714310,,VLYPO
"""generative AI""",714310,"VALLEY NATIONAL BANCORP  (VLY, VLYPN, VLYPO, VLYPP)  (CIK 0000714310)",8-K,2026-07-23,0000714310-26-000036:a2q26earningspresentatio.htm,0000714310-26-000036,,,,,,,,https://www.sec.gov/cgi-bin/browse-edgar?action=getcompany&CIK=714310,,VLYPN
"""generative AI""",87347,SLB LIMITED/NV  (SLB)  (CIK 0000087347),8-K,2026-07-24,0001193125-26-315068:d122193dex99.htm,0001193125-26-315068,,,,,,,,https://www.sec.gov/cgi-bin/browse-edgar?action=getcompany&CIK=87347,,SLB
"""generative artificial intelligence""",1747068,"MetroCity Bankshares, Inc.  (MCBS)  (CIK 0001747068)",8-K,2026-07-24,0001104659-26-086635:mcbs-20260724xex99d1.htm,0001104659-26-086635,,,,,,,,https://www.sec.gov/cgi-bin/browse-edgar?action=getcompany&CIK=1747068,,MCBS
